Date,Title,URL,Article Description,Article Text,Article Content
28 Aug 2025,"Sensex rises 450 pts from day's low, Nifty above 24,650: Three key reasons behind market recovery",https://www.moneycontrol.com/news/business/markets/sensex-rises-450-pts-from-day-s-low-nifty-above-24-650-three-key-reasons-behind-market-recovery-13495170.html,"Sensex, Nifty saw sharp recovery from morning lows as investors discounted the impact of higher US tariffs.","Sensex, Nifty rise in August 28 trade. ","The benchmark indices Sensex and Nifty staged a sharp recovery on Thursday after early losses, as investors discounted the impact of higher US tariffs and drew support from strong domestic institutional buying. Sensex fell 693.54 points or 0.85 percent to touch a low of 80,093.52 in early trade, while the broader Nifty declined 204.75 points or 0.82 percent to 24,507.20. By noon, the Sensex recovered 450 points from the day's low to trade at 80,543.74. The Nifty also rebounded nearly 150 points, moving above the 24,650 mark. Hero MotoCorp, Adani Enterprises, Titan Company, Asian Paints and Adani Ports and Special Economic Zone were among the major gainers, rising up to 2 percent intraday. Analysts cited three factors behind the rebound: 1) PM Modi’s visit to Japan, China: Prime Minister Narendra Modi’s visit to Japan and China, beginning later this week, is being seen as a positive signal for markets at a time when higher US tariffs have come into effect. Modi will attend the Shanghai Cooperation Organisation’s 25th meeting of Council of Heads of State in Tianjin on August 31 and September 1. Market participants believe such engagements could help ease global trade tensions and diversification for India's exports. Stock Market LIVE Updates 2) View that higher US tariffs are temporary: The additional 25 percent tariff imposed by US President Donald Trump on Indian imports, effective Wednesday, raised the total duty to 50 percent. While this triggered the morning sell-off, investors later took comfort from comments by US Treasury Secretary Scott Bessent, who described India-US ties as “very complicated” but expressed confidence that “at the end of the day, we will come together.” Dr. V K Vijayakumar, Chief Investment Strategist at Geojit Financial Services, said the market is treating the steep tariff hike as a “short-term aberration” likely to be resolved soon. US will come together with India at end of the day: Scott Bessent as Trump's 50% tariffs take effect 3) Strong DII buying: Exchange data showed that while Foreign Institutional Investors (FIIs) offloaded equities worth Rs 6,516.49 crore on Tuesday, Domestic Institutional Investors (DIIs) purchased stocks worth Rs 7,060.37 crore. ""The strong pillar of support to the market is the aggressive buying by DIIs flush with funds. Any selling by FIIs will be easily neutralised by DII inflows,"" Vijayakumar said."
20 Aug 2025,Accumulate Adani Ports and Special Economic Zone target of Rs 1591: Asit C Mehta,https://www.moneycontrol.com/news/business/stocks/accumulate-adani-ports-and-special-economic-zone-target-of-rs-1591-asit-c-mehta-13470937.html,Asit C Mehta recommended accumulate rating on Adani Ports and Special Economic Zone with a target price of Rs 1591 in its research report dated August 13 2025.,accumulate,"Asit C Mehta report on Adani Ports and Special Economic Zone Adani Ports & Special Economic Zone Ltd (ADANIPORTS) is India’s largest privatesector port developer and operator. With a pan-India presence spanning multiple ports on both coasts. ADANIPORTS manages a substantial cargo handling capacity of over 600 million metric tonnes. The company is expanding globally through port projects in Haifa (Israel), Tanzania, and Colombo (Sri Lanka). Beyond core port operations, they offer comprehensive logistics solutions encompassing rail and road connectivity, warehouse facilities, and end-to-end supply chain services. It leverages digital technologies, automation, and advanced analytics to optimize cargo throughput and enhance operational efficiency. They serve a diverse clientele across industries such as energy, automotive, chemicals, agriculture, engineering and capital goods, textiles, pharma, metals etc. Positioned as a key enabler of India’s economic growth, ADANIPORTS continues to invest in modern infrastructure and integrated transport utilities, ensuring seamless trade and connectivity for both domestic and international markets. Outlook Furthermore, ADANIPORTS’ diverse cargo mix and prudent capital allocation underscore its resilience in a dynamic global environment. Looking ahead, we project a revenue CAGR of 13.7% over FY25–FY27E. Accordingly, we recommend an ACCUMULATE rating with a target price of INR 1,591, based on a 16.3x FY27E EV/EBITDA multiple. This valuation reflects ADANIPORTS’ robust expansion plans, improving return metrics, and sustained leadership in India’s port and logistics sector. For all recommendations report, click here Adani Ports and Special Economic Zone - 20082025 - ac"
14 Aug 2025,Adani Ports and Special Economic Zone share price falls 2.05%,https://www.moneycontrol.com/news/business/stocks/adani-ports-and-special-economic-zone-share-price-falls-2-05-alpha-article-13456147.html,"With the stock's last traded price at Rs 1,292.50, Adani Ports and Special Economic Zone has seen a decline of 2.05% in today's session.",,"Shares of Adani Ports and Special Economic Zone declined by 2.05% to Rs 1,292.50 in Thursday's session. The stock is part of the NIFTY 50 index. Financial Performance: Consolidated Quarterly Results: The company's consolidated quarterly revenue and net profit are detailed below:HeadingJun 2024Sep 2024Dec 2024Mar 2025Jun 2025RevenueRs 7,559.59 CroreRs 7,067.02 CroreRs 7,963.55 CroreRs 8,488.44 CroreRs 9,126.14 CroreNet ProfitRs 3,184.39 CroreRs 2,414.01 CroreRs 2,467.04 CroreRs 2,854.26 CroreRs 3,153.30 CroreEPS14.4111.3211.6713.9515.34The revenue for the quarter ending June 2025 was Rs 9,126.14 Crore, up from Rs 8,488.44 Crore in the quarter ending March 2025. The net profit for the quarter ending June 2025 was Rs 3,153.30 Crore, compared to Rs 2,854.26 Crore in the previous quarter. Consolidated Yearly Results: The company's consolidated yearly revenue, net profit, and other key financial metrics are provided below:Heading20212022202320242025RevenueRs 12,549.60 CroreRs 15,934.03 CroreRs 20,851.91 CroreRs 26,710.56 CroreRs 31,078.60 CroreNet ProfitRs 5,063.01 CroreRs 4,602.39 CroreRs 5,344.97 CroreRs 8,265.68 CroreRs 10,919.70 CroreEPS24.5822.3924.5837.5551.35BVPS157.04182.15216.45251.73288.26ROE16.4012.4111.6915.3617.81Debt to Equity1.131.191.090.870.73The revenue for the year ending March 2025 increased to Rs 31,078.60 Crore compared to Rs 26,710.56 Crore in the year ending March 2024. Net profit also rose to Rs 10,919.70 Crore from Rs 8,265.68 Crore during the same period. Consolidated Yearly Income Statement:Mar 2025Mar 2024Mar 2023Mar 2022Mar 2021Sales31,07826,71020,85115,93412,549Other Income1,3041,4991,5532,1541,970Total Income32,38328,20922,40518,08814,519Total Expenditure16,68215,10814,60110,1995,958EBIT15,70013,1017,8037,8888,561Interest2,8122,8452,3622,5402,255Tax1,9681,989967451,243Net Profit10,9198,2655,3444,6025,063Consolidated Quarterly Income Statement:Jun 2025Mar 2025Dec 2024Sep 2024Jun 2024Sales9,1268,4887,9637,0677,559Other Income296281223305494Total Income9,4228,7698,1867,3728,054Total Expenditure4,8854,6914,2953,8263,869EBIT4,5364,0783,8913,5454,185Interest846714923659515Tax537508501472485Net Profit3,1532,8542,4672,4143,184Cash Flow:Mar 2025Mar 2024Mar 2023Mar 2022Mar 2021Operating Activities17,22615,01711,9339,8007,555Investing Activities-9,787-6,946-19,603-7,211-14,142Financing Activities-6,915-7,800-2,7332,0413,513Others1,3071782,664-3378Net Cash Flow1,830449-7,7394,596-2,994Balance Sheet:Mar 2025Mar 2024Mar 2023Mar 2022Mar 2021Share Capital581569557537512Reserves & Surplus61,83652,34644,98537,66130,035Current Liabilities20,98516,46212,92411,1367,235Other Liabilities51,92849,53956,43745,54237,680Total Liabilities135,332118,917114,90594,87775,463Fixed Assets94,22879,17672,68854,87847,941Current Assets18,94417,47217,44717,80112,907Other Assets22,15922,26824,76822,19714,614Total Assets135,332118,917114,90594,87775,463Contingent Liabilities9,21312,45519,82913,74517,993Financial Ratios:Mar 2025Mar 2024Mar 2023Mar 2022Mar 2021Basic EPS (Rs.)51.3537.5524.5822.3924.58Diluted Eps (Rs.)51.3537.5524.5822.3924.58Book Value /Share (Rs.)288.26251.73216.45182.15157.04Dividend/Share (Rs.)7.006.005.005.005.00Face Value22222Gross Profit Margin (%)65.4165.0059.9469.2485.01Operating Margin (%)51.3250.4443.5352.0568.22Net Profit Margin (%)35.1330.9425.6328.8840.34Return on Equity (%)17.8115.3611.6912.4116.40ROCE (%)13.9413.158.909.9012.54Return On Assets (%)8.196.824.624.986.61Current Ratio (X)0.901.061.351.601.78Quick Ratio (X)0.881.031.311.561.65Debt to Equity (x)0.730.871.091.191.13Interest Coverage Ratios (X)7.236.105.294.344.73Asset Turnover Ratio (%)0.240.230.200.060.07Inventory Turnover Ratio (X)0.000.000.000.000.003 Yr CAGR Sales (%)39.6645.8932.5220.775.283 Yr CAGR Net Profit (%)54.0327.7718.776.6717.14P/E (x)23.0435.7425.7134.5828.58P/B (x)4.105.493.014.294.69EV/EBITDA (x)14.6119.0114.6718.0216.30P/S (x)8.2210.856.5510.2611.38Corporate Actions: Adani Ports and Special Economic Zone Limited announced on August 14, 2025, regarding cash tender offers for its Senior Notes. The company also intimated an Analyst/Investor Meeting on August 12, 2025. The company announced a final dividend of Rs 7.00 per share (350%) with an effective date of June 13, 2025. Previously, a dividend of Rs 6.00 per share was announced on May 2, 2024, with an effective date of June 14, 2024. The company had a stock split on September 23, 2010, where the old face value of Rs 10 was split into a new face value of Rs 2. Moneycontrol analysis, as of August 7, 2025, indicates a very bearish sentiment on the stock. With the stock's last traded price at Rs 1,292.50, Adani Ports and Special Economic Zone has seen a decline of 2.05% in today's session."
12 Aug 2025,"Adani Ports Consolidated June 2025 Net Sales at Rs 9,126.14 crore, up 20.72% Y-o-Y",https://www.moneycontrol.com/news/business/earnings/adani-ports-consolidated-june-2025-net-sales-at-rs-9126-14-crore-up-20-72-y-o-y-13442782.html,,,"Reported Consolidated quarterly numbers for Adani Ports and Special Economic Zone are: Net Sales at Rs 9,126.14 crore in June 2025 up 20.72% from Rs. 7,559.59 crore in June 2024. Quarterly Net Profit at Rs. 3,314.59 crore in June 2025 up 6.48% from Rs. 3,112.83 crore in June 2024. EBITDA stands at Rs. 5,791.37 crore in June 2025 up 8.41% from Rs. 5,342.34 crore in June 2024. Adani Ports EPS has increased to Rs. 15.34 in June 2025 from Rs. 14.41 in June 2024. Adani Ports shares closed at 1,339.40 on August 08, 2025 (NSE) and has given 17.48% returns over the last 6 months and -10.79% over the last 12 months. "
07 Aug 2025,"Sensex falls over 700 pts, Nifty slips below 24,350: Higher tariffs by Trump among key factors behind market fall",https://www.moneycontrol.com/news/business/markets/sensex-falls-over-300-pts-nifty-slips-below-24-500-trump-s-tariff-push-among-key-factors-behind-market-fall-13411382.html,"Sensex, Nifty declined amid weak sentiment after US president announced fresh tariffs on Indian goods over purchase of Russian crude","Sensex, Nifty see profit-booking in August 7 trade. ","The benchmark equity indices extended declined for third straight day on Thursday as investor sentiment turned weak following fresh US tariff measures against Indian goods and persistent foreign fund outflows. At 1:40 pm, the Sensex was down 719.38 points or 0.89 percent at 79,824.61, and the Nifty was down 220.80 points or 0.9 percent at 24,353.40. About 915 shares advanced, 2,588 shares declined, and 99 shares were unchanged. Adani Ports, Tata Motors, Kotak Mahindra Bank, Tata Steel, NTPC and Eternal were among the major laggards. 1) Trump doubles tariffs on India: Market sentiment was hit after US President Donald Trump announced a hike in tariffs on Indian goods to 50 percent, citing India’s continued imports of Russian oil. The move, doubling the earlier duty, drew sharp criticism from New Delhi, which termed it “unfair, unjustified and unreasonable.” Sectors such as textiles, marine, and leather, which are export-oriented, are expected to be particularly impacted. If implemented, a 50 percent tariff could significantly impact trade flows, weigh on economic growth and trigger a near-term knee-jerk reaction in domestic markets, Mahesh Patil, chief investment officer at Aditya Birla Sun Life AM told Reuters. ""As such, there is no major fresh negative surprise. Moreover, a 20-day window remains for negotiations, with a U.S. trade delegation expected to visit India on August 24, which is trimming the losses in markets,"" added Santosh Meena, head of research at Swastika Investmart. ""The market's near-term texture looks fragile, weighed down by a double whammy of U.S. President Donald Trump's tariff aggression and underwhelming June-quarter earnings,"" Swastika's Meena said. 2) FII Selling: Foreign Institutional Investors (FIIs) sold equities worth Rs 4,999.10 crore on Wednesday. Persistent FII outflows lead to increased volatility and exert downward pressure on domestic markets. Stock Market LIVE Updates 3) Crude rises: Global crude oil prices also rose, with Brent crude gaining 1 percent to $67.56 per barrel. Rising oil prices widen India’s import bill and raise inflationary concerns, which in turn affect market performance. 4) India VIX Inches Up: The India VIX, which measures market volatility and is often termed as the 'fear gauge', rose nearly 2 percent to 12.16. A rise in VIX reflects heightened investor nervousness and suggests increased caution among market participants, especially amid global uncertainty. Technical View According to Anand James, Chief Market Strategist at Geojit Financial Services, while the recent lows have not been significantly lower, the continued formation of lower highs signals bearish dominance. ""Downside momentum could persist with targets around 24,080–23,560. A move above 24,590 may open up upside potential, but a decisive push above 24,670 is needed for confirmation of any recovery,"" James said."
06 Aug 2025,Buy Adani Ports and SEZ; target of Rs 1700: Motilal Oswal,https://www.moneycontrol.com/news/business/earnings/buy-adani-ports-and-sez-target-of-rs-1700-motilal-oswal-3-13402840.html,"Motilal Oswal is bullish on Adani Ports and SEZ has recommended buy rating on the stock with a target price of Rs 1700 in its research report dated August 05, 2025.",BUY,"Motilal Oswal's research report on Adani Ports and SEZ Adani Ports & SEZ (APSEZ) reported revenue growth of 31% YoY to INR91b in 1QFY26 (in-line). Cargo volumes grew 11% YoY to 121mmt. The growth was primarily led by containers. EBITDA margin came in at 60.2% in 1QFY26 vs our estimate of 60.1% (-80bp YoY, +120bp QoQ). EBITDA grew 29% YoY to INR55b (7% above our estimate), while APAT increased 28% YoY to INR34b (9% above our estimate). The all-India cargo market’s share increased to 27.8% (vs 27.2% in 1QFY25). The container market’s share stood at 45.2% (vs 45.9% in 1QFY25). Outlook We broadly maintain our estimates for FY26/27 and expect APSEZ to report a 10% growth in cargo volumes over FY25-27. This would drive a revenue/ EBITDA/PAT CAGR of 16%/16%/21% over FY25-27E. We reiterate our BUY rating with a TP of INR1,700 (premised on 16x FY27 EV/EBITDA). For all recommendations report, click here Adani Ports and SEZ_06082025_Motilal Oswal"
06 Aug 2025,Buy Adani Port and SEZ; target of Rs 1777: Prabhudas Lilladher,https://www.moneycontrol.com/news/business/stocks/buy-adani-port-and-sez-target-of-rs-1777-prabhudas-lilladher-13402293.html,"Prabhudas Lilladher is bullish on Adani Port and SEZ has recommended buy rating on the stock with a target price of Rs 1777 in its research report dated August 05, 2025.",buy,"Prabhudas Lilladher's research report on Adani Port and SEZ ADSEZ reported a strong cons operating performance in Q1FY26, driven by a healthy 11% cargo volume growth and robust growth in logistics and marine business. Domestic cargo volume growth was tad weaker at 6% due to geopolitical issues during the quarter and lower iron ore volumes at Dhamra. International volume growth was underpinned by the commencement of operations at the fully automated container terminal at Colombo Port. The logistics and marine businesses delivered exemplary performance, with revenues growing by 2x and 2.9x YoY, respectively. Over next few quarters, logistics business is expected to continue with a strong momentum as company transforms itself into an integrated transport utility company. ADSEZ has guided cumulative capex of Rs150-200bn till FY29E for logistics business and aims to achieve EBITDA of Rs35bn over the next 5 years. Outlook We expect ADSEZ to deliver revenue/EBITDA/PAT CAGR of 17%/15%/20% over FY25–28E. The stock is trading at EV of 12.6x/10.5x FY27/28E EBITDA. Maintain ‘Buy’ with TP of Rs1,777 valuing at 18x EV of Sep’27E EBITDA. For all recommendations report, click here Adani Port and SEZ - 06082025 - prabhu"
06 Aug 2025,"Adani Ports Standalone June 2025 Net Sales at Rs 1,838.85 crore, down 2.73% Y-o-Y",https://www.moneycontrol.com/news/business/earnings/adani-ports-standalone-june-2025-net-sales-at-rs-1838-85-crore-down-2-73-y-o-y-13401837.html,,,"Reported Standalone quarterly numbers for Adani Ports and Special Economic Zone are: Net Sales at Rs 1,838.85 crore in June 2025 down 2.73% from Rs. 1,890.43 crore in June 2024. Quarterly Net Profit at Rs. 504.90 crore in June 2025 down 34.93% from Rs. 775.99 crore in June 2024. EBITDA stands at Rs. 1,818.00 crore in June 2025 down 4.88% from Rs. 1,911.21 crore in June 2024. Adani Ports EPS has decreased to Rs. 2.34 in June 2025 from Rs. 3.59 in June 2024. Adani Ports shares closed at 1,358.10 on August 04, 2025 (NSE) and has given 18.68% returns over the last 6 months and -9.09% over the last 12 months. "
06 Aug 2025,"Adani Ports shares jump 2% after firm's Q1 net profit rises 7%: Should you buy, sell or hold?",https://www.moneycontrol.com/news/business/markets/adani-ports-shares-in-focus-after-firm-s-q1-net-profit-rises-7-should-you-buy-sell-or-hold-13400146.html,Adani Ports share price: Brokerages see up to 33% upside potential to the stock.,Adani Ports share price,"Adani Ports shares jumped nearly 2 percent in early trade on August 6, a day after the company released its results for the first quarter of the financial year 2026. Brokerages remain bullish on the stock, with target prices implying strong upside potential from current levels. Adani Ports and Special Economic Zone Ltd (APSEZ) on August 5 reported a net profit of Rs 3,315 crore for Q1 FY26. This marks a 6.5 percent on-year rise from the Rs 3,113 crore net profit reported in Q1 FY25. This is higher than the MC poll estimate of Rs 2,985.40 crore. The firm's revenue from operations meanwhile rose 31 percent year-on-year to Rs 9,126.14 crore, also beating MC poll estimate of Rs 8,768.10 crore. Along with the Q1 results, Adani Ports announced that its board has approved the redesignation of Gautam Adani as a Non-Executive Chairman of the company, from his current role as an Executive Chairman. He thereby ceased to be a key managerial personnel of the company effectively from August 5. Speaking about its Haifa port in Israel, the company said that it operated unhindered throughout, despite significant uncertainties during the rising tensions between Israel and Iran during the quarter under review. ""Haifa port operated unhindered throughout and reported 25% YoY growth in container volume and 38% YoY growth in other cargo volume during the quarter, leading to overall volume growth of 29% YoY. This led to the highest quarterly revenue and operating EBITDA for Haifa port since acquisition by APSEZ,"" said Adani Ports in its press release. After the release of the results, the shares of the company dropped nearly 2 percent to close at Rs 1,362 apiece on August 5. However, brokerages remain bullish on the stock. Should you buy, sell or hold? CLSA has maintained an 'Outperform' rating on the stock, with a target price of Rs 1,764 apiece. This implies an upside potential of nearly 30 percent from the stock's previous closing price. The international brokerage noted that the firm's Q1 traffic was up 11 percent on-year, and it maintained its robust FY26 guidance. The Adani Group company implied an EBITDA growth of 14-20 percent on-year, despite a hazy global trade picture, it added. CLSA said that the firm's EBITDA margin improved on the back of price hikes, a better cargo mix and rupee depreciation. Jefferies kept a 'Buy' call on the stock, with a target price of Rs 1,815 per share. This implies an upside potential of more than 33 percent from the stock’s previous closing price. The international brokerage noted that the firm’s quarterly EBITDA was above estimates, while management reiterated its focus on absolute EBITDA growth. Motilal Oswal Financial Services also kept a ‘Buy’ call on the stock, with a target price of Rs 1,700 apiece. This implies an upside potential of nearly 25 percent from the stock’s previous closing price. The domestic brokerage noted that the firm’s revenue growth was in line with its estimate, while EBITDA and APAT beat expectations. “APSEZ reported a strong performance in 1QFY26, marked by robust growth in international port operations. Its logistics business emerged as a key growth driver, with significant improvement in network scale and last-mile connectivity, further complementing port operations. The marine business also saw strong traction, reflecting operational scale-up and integration. Overall, with continued market share gains, capacity additions, and expansion in value-added segments like logistics, APSEZ is well positioned to grow faster than the broader industry,” Motilal Oswal said in its latest report. Also read: Our LIVE blog on stock market updates The shares of the company were trading at Rs 1,384.60 apiece in the early trading hours of August 6. The shares have dropped nearly 4 percent in the past one month, but gained nearly 18.5 percent in the past six months. The stock currently have a P/E ratio of around 27."
05 Aug 2025,"Adani Ports Q1 results: Net profit rises 7% to Rs 3,315 crore, beats estimates",https://www.moneycontrol.com/news/business/earnings/adani-ports-q1-results-net-profit-rises-6-to-rs-3-315-crore-beats-estimates-13392028.html,"Adani Ports Q1 results: Revenue rises 31% to Rs 9,126 crore; Gautam Adani exits key managerial role","Adani Ports Q1 results: Net profit rises 7% to Rs 3,315 crore, beats estimates","Adani Ports and Special Economic Zone Ltd (APSEZ) on August 5 reported 6% rise in consolidated net profit at Rs 3,315 crore for the quarter ended June 30, 2025, boosted by growing cargo volumes. It reported consolidated net profit of Rs 3,113 crore in the year-ago period. The Adani Group firm's consolidated revenue from operations rose 31% to Rs 9,126 crore in Q1FY26 as against Rs 6,956 crore in Q1FY25. The June quarter numbers of APSEZ have beat estimates of brokerages polled by Moneycontrol, which had, on an average, pegged the revenue at Rs 8,768 crore and net profit at Rs 2,985 crore. The company said Executive Chairman Gautam Adani will now be its non-executive chairman. Consequently, the Adani Group Chairman would cease to be key managerial personnel of the company, it said. ""Based on the recommendation of Nomination & Remuneration Committee, the Board has approved the re-designation of Gautam S. Adani from Executive Chairman to Non-Executive Chairman with effect from August 5, 2025 and consequently he would ceased to be key managerial personnel of the Company,"" said APSEZ in a stock exchange filing. Cargo volumes for the ports operator grew 11% on-year in the quarter, faster than 8% in the preceding quarter and 7.5% year-ago. Adani Ports maintained its fiscal year 2026 forecast of cargo volumes at 505 million metric tonnes to 515 million metric tonnes. At 2:05 pm on August 5, APSEZ shares were trading 1.3% lower at Rs 1,371 apiece. “This quarter’s revenue growth is anchored by extraordinary momentum in our Logistics and Marine businesses, which grew 2x and 2.9x respectively,” said Ashwani Gupta, Whole-time Director & CEO, APSEZ. “These are no longer ancillary verticals - they are reshaping the contours of our future-ready ports ecosystem. With expanding Trucking and International Freight Network services and fast growing, diversified marine fleet in the MEASA region, we are deepening our integrated transport utility approach and extending our value chain from port gate to customergate. Coupled with cargo growth and market share gains in the domestic ports business, and higher revenue and improving EBITDA in international ports, we remain firmly on track to meet our FY26 guidance”."
04 Aug 2025,Buy Adani Ports and SEZ; target of Rs 1700: Motilal Oswal,https://www.moneycontrol.com/news/business/earnings/buy-adani-ports-and-sez-target-of-rs-1700-motilal-oswal-2-13381548.html,"Motilal Oswal is bullish on Adani Ports and SEZ has recommended buy rating on the stock with a target price of Rs 1700 in its research report dated July 31, 2025.",BUY,"Motilal Oswal's research report on Adani Ports and SEZ APSEZ ended FY25 with 7% growth in total volumes to 450MMT, supported by a network of 15 ports/terminals across the country’s coastline, including India’s largest port at Mundra that handled ~200MMT of cargo in FY25. In India, APSEZ handled 431MMT cargo. In FY25, APSEZ domestic ports portfolio witnessed ~6% YoY volume growth, outpacing India’s cargo growth rate of 4%. In FY25, ~27% of all-India cargo volumes were routed through APSEZ ports. In FY26, the company is targeting cargo volumes of 505-515MMT. Outlook We expect APSEZ to report 10% growth in cargo volumes over FY25-27. This would drive a CAGR of 16%/16%/20% in revenue/EBITDA/PAT over FY25-27. We reiterate our BUY rating with a TP of INR1,700 (premised on 16x FY27E EV/EBITDA). For all recommendations report, click here Federal Bank - 04082025 - prabhu Adani Ports and SEZ_01082025_Motilal Oswal"
04 Aug 2025,Adani Ports and Special Economic Zone shares rise 2.03% in today's session,https://www.moneycontrol.com/news/business/stocks/adani-ports-and-special-economic-zone-shares-rise-2-03-in-today-s-session-alpha-article-13381929.html,"Shares of Adani Ports and Special Economic Zone were trading at Rs 1,374.50 in Monday's session.",,"Shares of Adani Ports and Special Economic Zone were trading higher, with the stock rising 2.03% to Rs 1,374.50 in Monday's session. The stock is currently trading on the Nifty 50. Recent Financial Performance: Adani Ports and Special Economic Zone has demonstrated significant financial performance, as highlighted by its consolidated quarterly and annual results. Consolidated Quarterly Performance: The company's revenue has shown consistent growth over the quarters. The revenue for the quarter-ending March 2025 stood at Rs 8,488.44 Crore, up from Rs 6,896.50 Crore in March 2024. Net profit also increased to Rs 2,854.26 Crore in March 2025 from Rs 2,049.51 Crore in March 2024. The EPS rose to Rs 13.95 in March 2025 compared to Rs 9.44 in March 2024.HeadingMar 2024Jun 2024Sep 2024Dec 2024Mar 2025RevenueRs 6,896.50 CroreRs 7,559.59 CroreRs 7,067.02 CroreRs 7,963.55 CroreRs 8,488.44 CroreNet ProfitRs 2,049.51 CroreRs 3,184.39 CroreRs 2,414.01 CroreRs 2,467.04 CroreRs 2,854.26 CroreEPS9.4414.4111.3211.6713.95 Consolidated Yearly Performance: The yearly revenue has increased steadily, reaching Rs 31,078.60 Crore for the year-ending March 2025, compared to Rs 26,710.56 Crore in March 2024. The net profit for the year-ending March 2025 was Rs 10,919.70 Crore, up from Rs 8,265.68 Crore in March 2024. EPS also saw an increase, reaching Rs 51.35 in March 2025 from Rs 37.55 in March 2024.Heading20212022202320242025RevenueRs 12,549.60 CroreRs 15,934.03 CroreRs 20,851.91 CroreRs 26,710.56 CroreRs 31,078.60 CroreNet ProfitRs 5,063.01 CroreRs 4,602.39 CroreRs 5,344.97 CroreRs 8,265.68 CroreRs 10,919.70 CroreEPS24.5822.3924.5837.5551.35BVPS157.04182.15216.45251.73288.26ROE16.4012.4111.6915.3617.81Debt to Equity1.131.191.090.870.73 Annual Income Statement: The annual income statement shows consistent growth in sales and total income. Sales increased from Rs 12,549 Crore in March 2021 to Rs 31,078 Crore in March 2025. Total income also rose from Rs 14,519 Crore in March 2021 to Rs 32,383 Crore in March 2025. The net profit for the year-ending March 2025 stood at Rs 10,919 Crore, compared to Rs 8,265 Crore in March 2024.Mar 2025Mar 2024Mar 2023Mar 2022Mar 2021SalesRs 31,078 CroreRs 26,710 CroreRs 20,851 CroreRs 15,934 CroreRs 12,549 CroreOther IncomeRs 1,304 CroreRs 1,499 CroreRs 1,553 CroreRs 2,154 CroreRs 1,970 CroreTotal IncomeRs 32,383 CroreRs 28,209 CroreRs 22,405 CroreRs 18,088 CroreRs 14,519 CroreTotal ExpenditureRs 16,682 CroreRs 15,108 CroreRs 14,601 CroreRs 10,199 CroreRs 5,958 CroreEBITRs 15,700 CroreRs 13,101 CroreRs 7,803 CroreRs 7,888 CroreRs 8,561 CroreInterestRs 2,812 CroreRs 2,845 CroreRs 2,362 CroreRs 2,540 CroreRs 2,255 CroreTaxRs 1,968 CroreRs 1,989 CroreRs 96 CroreRs 745 CroreRs 1,243 CroreNet ProfitRs 10,919 CroreRs 8,265 CroreRs 5,344 CroreRs 4,602 CroreRs 5,063 Crore Quarterly Income Statement: The quarterly income statement shows a similar trend. Sales increased from Rs 6,896 Crore in March 2024 to Rs 8,488 Crore in March 2025. Net profit also rose from Rs 2,049 Crore in March 2024 to Rs 2,854 Crore in March 2025.Mar 2025Dec 2024Sep 2024Jun 2024Mar 2024SalesRs 8,488 CroreRs 7,963 CroreRs 7,067 CroreRs 7,559 CroreRs 6,896 CroreOther IncomeRs 281 CroreRs 223 CroreRs 305 CroreRs 494 CroreRs 303 CroreTotal IncomeRs 8,769 CroreRs 8,186 CroreRs 7,372 CroreRs 8,054 CroreRs 7,199 CroreTotal ExpenditureRs 4,691 CroreRs 4,295 CroreRs 3,826 CroreRs 3,869 CroreRs 4,205 CroreEBITRs 4,078 CroreRs 3,891 CroreRs 3,545 CroreRs 4,185 CroreRs 2,994 CroreInterestRs 714 CroreRs 923 CroreRs 659 CroreRs 515 CroreRs 618 CroreTaxRs 508 CroreRs 501 CroreRs 472 CroreRs 485 CroreRs 326 CroreNet ProfitRs 2,854 CroreRs 2,467 CroreRs 2,414 CroreRs 3,184 CroreRs 2,049 Crore Balance Sheet: The balance sheet for the year-ending March 2025 shows total assets of Rs 135,332 Crore compared to Rs 118,917 Crore in March 2024. Total liabilities increased to Rs 135,332 Crore from Rs 118,917 Crore during the same period.Mar 2025Mar 2024Mar 2023Mar 2022Mar 2021Share CapitalRs 581 CroreRs 569 CroreRs 557 CroreRs 537 CroreRs 512 CroreReserves & SurplusRs 61,836 CroreRs 52,346 CroreRs 44,985 CroreRs 37,661 CroreRs 30,035 CroreCurrent LiabilitiesRs 20,985 CroreRs 16,462 CroreRs 12,924 CroreRs 11,136 CroreRs 7,235 CroreOther LiabilitiesRs 51,928 CroreRs 49,539 CroreRs 56,437 CroreRs 45,542 CroreRs 37,680 CroreTotal LiabilitiesRs 135,332 CroreRs 118,917 CroreRs 114,905 CroreRs 94,877 CroreRs 75,463 CroreFixed AssetsRs 94,228 CroreRs 79,176 CroreRs 72,688 CroreRs 54,878 CroreRs 47,941 CroreCurrent AssetsRs 18,944 CroreRs 17,472 CroreRs 17,447 CroreRs 17,801 CroreRs 12,907 CroreOther AssetsRs 22,159 CroreRs 22,268 CroreRs 24,768 CroreRs 22,197 CroreRs 14,614 CroreTotal AssetsRs 135,332 CroreRs 118,917 CroreRs 114,905 CroreRs 94,877 CroreRs 75,463 CroreContingent LiabilitiesRs 9,213 CroreRs 12,455 CroreRs 19,829 CroreRs 13,745 CroreRs 17,993 Crore Cash Flow: Cash flow from operating activities was Rs 17,226 Crore for the year-ending March 2025, compared to Rs 15,017 Crore for the year-ending March 2024.Mar 2025Mar 2024Mar 2023Mar 2022Mar 2021Operating ActivitiesRs 17,226 CroreRs 15,017 CroreRs 11,933 CroreRs 9,800 CroreRs 7,555 CroreInvesting ActivitiesRs -9,787 CroreRs -6,946 CroreRs -19,603 CroreRs -7,211 CroreRs -14,142 CroreFinancing ActivitiesRs -6,915 CroreRs -7,800 CroreRs -2,733 CroreRs 2,041 CroreRs 3,513 CroreOthersRs 1,307 CroreRs 178 CroreRs 2,664 CroreRs -33 CroreRs 78 CroreNet Cash FlowRs 1,830 CroreRs 449 CroreRs -7,739 CroreRs 4,596 CroreRs -2,994 Crore Key Financial Ratios: Key financial ratios for Adani Ports and Special Economic Zone show a P/E ratio of 23.04 and a P/B ratio of 4.10. The company reported a debt-to-equity ratio of 0.73 as of the year-ending March 2025.Mar 2025Mar 2024Mar 2023Mar 2022Mar 2021Basic EPS (Rs.)51.3537.5524.5822.3924.58Diluted Eps (Rs.)51.3537.5524.5822.3924.58Book Value [Excl. Reval Reserve]/Share (Rs.)288.26251.73216.45182.15157.04Dividend/Share (Rs.)7.006.005.005.005.00Face Value22222Gross Profit Margin (%)65.4165.0059.9469.2485.01Operating Margin (%)51.3250.4443.5352.0568.22Net Profit Margin (%)35.1330.9425.6328.8840.34Return on Networth / Equity (%)17.8115.3611.6912.4116.40ROCE (%)13.9413.158.909.9012.54Return On Assets (%)8.196.824.624.986.61Current Ratio (X)0.901.061.351.601.78Quick Ratio (X)0.881.031.311.561.65Debt to Equity (x)0.730.871.091.191.13Interest Coverage Ratios (X)7.236.105.294.344.73Asset Turnover Ratio (%)0.240.230.200.060.07Inventory Turnover Ratio (X)0.000.000.000.000.003 Yr CAGR Sales (%)39.6645.8932.5220.775.283 Yr CAGR Net Profit (%)54.0327.7718.776.6717.14P/E (x)23.0435.7425.7134.5828.58P/B (x)4.105.493.014.294.69EV/EBITDA (x)14.6119.0114.6718.0216.30P/S (x)8.2210.856.5510.2611.38 Corporate Actions: Adani Ports and Special Economic Zone Limited announced Monthly Business Updates for July 2025 on August 4, 2025. The company announced a final dividend of Rs 7.00 per share (350%) with an effective date of June 13, 2025. Shares of Adani Ports and Special Economic Zone were trading at Rs 1,374.50 in Monday's session."
26 Jun 2025,"Sensex soars 1,000 pts, Nifty tops 25,500: Positive global cues among key factors behind market rally",https://www.moneycontrol.com/news/business/markets/sensex-soars-400-pts-nifty-at-8-month-high-global-cues-among-key-factors-behind-market-rise-13180665.html,"Sensex, Nifty extended rally to 3rd straight session on easing geopolitical tensions. Additionally, Trump has hinted at the possibility of a new agreement aimed at halting Iran’s nuclear ambitions.","Sensex, Nifty surge on June 26. ","The benchmark equity indices extended their gains for the third consecutive session on Thursday, with the Sensex and Nifty rising over 1 percent, supported by positive global cues and easing geopolitical tensions. Sensex jumped 1,000.36 points or 1.21 percent to settle at 83,755.87. During the day, it surged 1,056.58 points or 1.27 percent to 83,812.09, while the Nifty rallied 304.25 points or 1.21 per cent to 25,549. Major gainers included Bharat Electronics, Tata Steel, Eternal, Bharti Airtel, Bajaj Finance and Adani Ports. Key factors driving the market rally: 1) US-Iran talks: Markets remained buoyant following signs of de-escalation in tensions between Iran and Israel. US President Donald Trump, speaking at a NATO summit in The Hague on Wednesday, said talks with Iran were likely next week and hinted at the possibility of a new agreement aimed at halting Iran’s nuclear ambitions. ""With the ceasefire between Israel and Iran, global markets are in risk-on mode. However, the unresolved reciprocal tariff issue may cap the upside. Markets will be closely watching developments around July 9, when the 90-day pause on the tariff deal ends,"" said V K Vijayakumar, Chief Investment Strategist at Geojit Financial Services. 2) Firm global cues: Asian markets were largely higher, with Japan’s Nikkei 225 and China’s Shanghai Composite trading in the green. US markets ended mixed overnight, but Futures indicated a positive opening for the US markets. Stock Market LIVE Updates 3) Strengthening rupee: The rupee appreciated by 21 paise to 85.87 against the US dollar in early trade, tracking weakness in the greenback globally. A stronger rupee is generally seen as positive for equities, as it helps ease import-related cost pressures and supports foreign investor sentiment. However, gains were limited due to rising crude oil prices and persistent FII outflows, traders said. 4) Domestic economic resilience: The Reserve Bank of India, in its June bulletin, said various high-frequency indicators suggest resilient activity across India's industrial and services sectors, despite global headwinds. ""Global economic conditions remain volatile due to trade policy uncertainty and geopolitical risks. Yet, India’s macroeconomic fundamentals continue to show strength,"" the bulletin noted. 5) Buying in heavyweights: Shares of Bharti Airtel, Reliance rose up to 2 percent. Buying in these large-cap stocks contributed to index gains and lifted overall market sentiment. 6) Nifty Bank hits record high: Nifty Bank hit the fresh record high on Thursday to hit a new 52-week high of 57,076.95, led by private sector banks doing the heavy lifting. HDFC Bank was top gainer, hitting a fresh high. Bank Nifty is up 12 percent in 2025 so far. Technical view Anand James, Chief Market Strategist at Geojit Financial Services, said while the broader outlook for Nifty remains positive, caution is warranted due to lack of strong momentum. ""If the index sees a dip, it may find support in the 25,173–25,127 region. Further downside may be seen around 25,014–24,940. On the upside, consolidation may occur near 25,330, with a potential move towards 25,460–25,550,"" he said."
24 Jun 2025,Adani Ports shares surge 5% as investors cheer possible Iran-Israel ceasefire,https://www.moneycontrol.com/news/business/markets/adani-ports-shares-surge-5-as-investors-cheer-possible-iran-israel-ceasefire-13167785.html,"'Adani Ports handled a record 450 MMT of cargo and became the beating heart of India’s trade,' said Adani Group Chairman Gautam Adani.",Haifa Port in Israel,"The shares of Adani Ports and Special Economic Zone (APEZ) strongly surged on June 24 amid buzz over possible ceasefire talks between Israel and Iran being brokered by the US. The shares of the company jumped nearly 5 percent to trade at Rs 1,418.7 apiece in the morning. The stock had seen significant downturn earlier, amid escalating war in the oil-rich Middle East. This came on the back of safety concerns over its Haifa port in Israel. Since the outbreak of hostilities in early June, Iran retaliated to Israel's strikes by launching significant number of missiles at key areas and killing several people. Adani Ports owns a majority stake in Haifa Port in Israel. The company had acquired the port for a total consideration of $1.18 billion in 2023. The port is one of Israel's major seaports, and thereby a likely target for Iranian strikes. Iran had targeted the Haifa port and a nearby oil refinery. However, Adani Group CFO clarified that Adani's port was not impacted by the conflict. Shrapnels fell in the chemical terminal at the port and some other projectiles fell at the oil refinery, two sources aware of the matter said. They claimed there were no injuries. A piece of interceptor shrapnel was also found at the Kishan West (Haifa port) but there were no injuries, they said. Cargo operations at the Adani-operated port were unhampered. While the port so far remained unhampered, the rising hostilities raised investors' concerns over the possible disruption in case Iran strikes the port. The shares of the company had declined for six consecutive sessions from June 11 to June 19, dropping as much as 9 percent during the period. However, US President Donald Trump on June 23 announced that Israel and Iran have reached a ""complete and total"" ceasefire agreement. ""Congratulations to everyone! It has been fully agreed by and between Israel and Iran that there will be a complete and total ceasefire (in approximately 6 hours from now, when Israel and Iran have wound down and completed their in progress, final missions!), for 12 hours, at which point the war will be considered, ENDED!"" he wrote in a post on Truth Social.  Iran however discredited the claim, with Iran's Supreme Leader Ayatollah Ali Khamenei saying, ""Those who know the Iranian people and their history know that the Iranian nation isn’t a nation that surrenders."" However, Iran’s Foreign Ministry Seyed Abbas Araghchi later took to X to say, “As of now, there is NO ""agreement"" on any ceasefire or cessation of military operations. However, provided that the Israeli regime stops its illegal aggression against the Iranian people no later than 4 am Tehran time, we have no intention to continue our response afterwards.” Investors took this response as a hint towards ceasefire. ""The military operations of our powerful Armed Forces to punish Israel for its aggression continued until the very last minute, at 4am. Together with all Iranians, I thank our brave Armed Forces who remain ready to defend our dear country until their last drop of blood, and who responded to any attack by the enemy until the very last minute,"" he said in another post later. The military operations of our powerful Armed Forces to punish Israel for its aggression continued until the very last minute, at 4am. Together with all Iranians, I thank our brave Armed Forces who remain ready to defend our dear country until their last drop of blood, and who… — Seyed Abbas Araghchi (@araghchi) June 24, 2025  Adani Ports shares surged on the back of easing concerns over possible disruptions at Haifa airport. Additionally, the sharp rise in the stock price was fuelled after its Annual General Meeting (AGM). ""Adani Ports handled a record 450 MMT of cargo and became the beating heart of India’s trade. With marine, trucking, warehousing, and even freight forwarding, we are creating a transport utility for the future. And in line with the Hon’ble Prime Minister's Gati Shakti Mission our logistic assets are powering MSME exports and reducing friction to increase India’s global competitiveness,"" said Adani Group Chairman Gautam Adani. Adani Ports shares gained nearly 19 percent in the past one month, and is up over 15 percent in 2025 so far. The stock currently has a P/E ratio of over 26."
24 Jun 2025,"Sensex soars 1,000 pts, Nifty near 25,300: Trump claiming Israel-Iran truce among key factors behind market rally",https://www.moneycontrol.com/news/business/markets/sensex-soars-650-pts-nifty-above-25-150-trump-claiming-israel-iran-truce-among-key-factors-behind-market-rally-13167547.html,"Sensex, Nifty jumped nearly 1% higher, mirroring sharp rally in global peers and drop in crude oil prices on hopes of de-escalation in the Middle East conflict.","Sensex, Nifty surged amid positive global cues. ","The benchmark equity indices bounced back on Tuesday on hopes of a possible de-escalation in the Middle East conflict after US President Donald Trump claimed a ceasefire agreement has been reached between Israel and Iran. The announcement led to a sharp fall in oil prices, easing concerns over geopolitical tensions. The Sensex rallied 1,013.19 points or 1.24 percent to 82,909.98, while the broader Nifty climbed 300.75 points or 1.2 percent to 25,272.65. Adani Ports and Special Economic Zone, Jio Financial Services, Shriram Finance, UltraTech Cement and Adani Enterprises were among the major gainer, climbing up to 5 percent. Among key factors that supported the rally were: 1) Israel-Iran Ceasefire: Trump, writing on his social media platform Truth Social, said a ceasefire between Israel and Iran would begin in 12 hours, signalling an end to the 12-day conflict that had roiled global markets. The development brought relief to investors worried about supply disruptions and inflationary risks. VK Vijayakumar, Chief Investment Strategist at Geojit Financial Services, said, ""The dramatic developments in West Asia culminating in President Trump’s announcement of ceasefire indicate that the worst of the conflict is over."" Stock Market LIVE Updates 2) Decline in Crude Oil Prices: Oil prices dropped sharply following Trump’s announcement. Brent crude futures fell $5.53 or 7.2 percent to $71.48 per barrel, while US WTI crude declined by the same margin to $68.51. Lower crude prices are positive for India, which imports more than 80 percent of its oil needs. ""Markets appear to be shifting towards a bullish bias, supported by a drop in WTI oil futures to $66.50, hinting at potential de-escalation in Middle East tensions,"" Prashanth Tapse, Senior VP (Research), Mehta Equities Ltd, said, in his pre-opening market commentary. IOC, BPCL, HPCL shares rally 5% as crude price tanks on cooling Middle East tensions; Oil India sinks 3% 3) S&P Raises India’s GDP Forecast: S&P Global Ratings on Tuesday revised India’s FY26 GDP growth forecast to 6.5 percent, citing expectations of a normal monsoon, easing oil prices, and a possible shift in monetary policy. The upward revision provided a further boost to investor confidence amid signs of economic resilience. 4) Positive global cues: In Asian markets, South Korea's Kospi, Japan's Nikkei 225 index, Shanghai's SSE Composite index and Hong Kong's Hang Seng were trading sharply higher. US markets ended in the positive territory on Monday. Wall Street Futures were also trading higher at around 10 AM IST. 5) Rupee rises: The rupee rose sharply by 65 paise to 86.13 against the US dollar in early trade on Tuesday as crude oil prices fell following hopes of a ceasefire between Iran and Israel. A weak greenback and a strong opening in the domestic equity markets further boosted the rupee. 6) Fed’s Bowman Hints at July Rate Cut: US Federal Reserve Governor Michelle Bowman said she could support a rate cut in July if inflation continues to ease, echoing similar remarks by Fed Governor Christopher Waller last week, according to Bloomberg. Expectations of a rate cut in the US tend to support emerging market flows, including into Indian equities, as lower US yields make risk assets more attractive. Technical View Anand James, Chief Market Strategist at Geojit Financial Services, said, “Despite the volatility and the pullback towards close, the inside bar formation yesterday leaves us with hope that the ongoing upside trajectory may persist.” He added that while momentum remains weak, the Nifty could head towards the 25,200–25,460 range, with immediate support seen around 24,940."
19 Jun 2025,"Adani Ports shares fall 2.3%, extend decline to 9% in seven sessions amid escalating Israel-Iran conflict",https://www.moneycontrol.com/news/business/markets/adani-ports-shares-fall-2-3-extend-decline-to-9-in-seven-sessions-amid-escalating-israel-iran-conflict-13145469.html,Adani Ports owns a majority stake in Haifa Port in Israel. The company had acquired the port for a total consideration of $1.18 billion in 2023. The port is one of Israel’s major seaports.,Adani Ports owns Haifa port in Israel,"The shares of Adani Ports & Special Economic Zone (APEZ) plunged nearly 2.5 percent on June 19, extending losses for the seventh consecutive session. The stock has now tumbled over 9 percent during this period, as investors remained concerned about the potential threat to its key port in Israel amid the ongoing conflict in the Middle East. The war between Israel and Iran entered its seventh day today, with severe escalations being reported. Iranian missiles targeted key locations in central and northern Israel, triggering air raid sirens across major cities. The Israel Defence Forces (IDF) has urged the public to seek shelter and remain indoors ""until further notice"" as defensive operations continue. Iranian missiles have reportedly severely damaged Israel's stock market building, hospital, state media offices and more, killing and injuring several civilians. Adani Ports owns a majority stake in Haifa Port in Israel. The company had acquired the port for a total consideration of $1.18 billion in 2023. The port is one of Israel’s major seaports. Iran had targeted the Haifa port and a nearby oil refinery during the weekend. However, Adani Group CFO clarified that Adani's port was not impacted by the conflict. Shrapnels fell in the chemical terminal at the port and some other projectiles fell at the oil refinery, two sources aware of the matter said. They claimed there were no injuries. A piece of interceptor shrapnel was also found at the Kishan West (Haifa port) but there were no injuries, they said. Cargo operations at the Adani-operated port were unhampered. While the port so far remains unhampered, the rising hostilities raise investors' concerns over the possible disruption in case Iran strikes the port. Notably, other Adani Group stocks were also facing selling pressure on June 19. Adani Total Gas and Adani Green Energy shares plunged around 4 percent each, while those of Adani Energy were down over 3 percent. Ambuja Cement, Adani Power and Adani Enterprises shares were, meanwhile, down over 2 percent each. "
18 Jun 2025,"Adani Ports shares drop 2%, extend losses for 6th session amid Israel-Iran conflict",https://www.moneycontrol.com/news/business/markets/adani-ports-shares-drop-2-extend-losses-for-6th-session-amid-israel-iran-conflict-13138294.html,Adani Ports share price: The company had acquired a majority stake in Israel's Haifa port for a total consideration of $1.18 billion in 2023. The port is one of Israel’s major seaports.,Adani Ports owns Haifa port in Israel,"The shares of Adani Ports & Special Economic Zone (APEZ) dropped around 2 percent on June 18 to trade at around Rs 1,369 apiece in the afternoon. The stock has now extended losses to the sixth consecutive session as investors remain concerned about the potential threat to its key port in Israel amid the ongoing conflict in the Middle East. The war between Israel and Iran entered its sixth day today, with multiple missiles continuing to be shot by the two nations at each other. Since the outbreak of the hostilities last week, Iran has fired more than 400 missiles and launched hundreds of drones at Israel. According to a statement from Israeli Prime Minister Benjamin Netanyahu's office, the increased attacks have killed 24 people so far, injured over 800 and forced more than 3,800 residents to evacuate from vulnerable areas. Adani Ports owns a majority stake in Haifa Port in Israel. The company had acquired the port for a total consideration of $1.18 billion in 2023. The port is one of Israel’s major seaports. Iran had targeted the Haifa port and a nearby oil refinery during the weekend. However, Adani Group CFO clarified that Adani's port was not impacted by the conflict.False. https://t.co/ZuvzY5Uvj5Jugeshinder Robbie Singh (@jugeshinder) June 15, 2025 Shrapnels fell in the chemical terminal at the port and some other projectiles fell at the oil refinery, two sources aware of the matter said. They claimed there were no injuries. A piece of interceptor shrapnel was also found at the Kishan West (Haifa port) but there were no injuries, they said. Cargo operations at the Adani-operated port were unhampered. While the port so far remains unhampered, the rising hostilities raise investors' concerns over the possible disruption in case Iran strikes the port. Adani Ports shares have declined over 6 percent in the past five days. The stock however has gained more than 13 percent in the past six months. It however fell 5 percent in the past one year. Over 14 lakh shares of the company have been involved in active trade today, according to data on NSE at 2.30 pm. The stock has a P/E ratio of 27."
18 Jun 2025,"Sensex falls 400 pts from day's high, Nifty below 24,850: 3 reasons behind market decline",https://www.moneycontrol.com/news/business/markets/sensex-slips-500-pts-from-day-s-high-nifty-below-24-800-3-reasons-behind-market-decline-13137532.html,"Sensex, Nifty erased early gains and turned lower by noon as geopolitical tensions between Israel and Iran and caution ahead of the US Fe outcome weighed on investor sentiment.","Sensex, Nifty traded under selling pressure on Wednesday.","The equity benchmark indices erased early gains and turned lower by noon on Wednesday as geopolitical tensions between Israel and Iran, weak global cues and caution ahead of the US Federal Reserve policy outcome weighed on investor sentiment. After opening on a weak note, the indices recovered in early trade before slipping again. The Sensex fell 414.31 points from the day's high to 81,444.66, while the Nifty settled below the 24,850-mark at 24,812.05, down 41.35 points or 0.17 percent. Adani Ports and Special Economic Zone, Nestle India, Hindustan Unilever and Tata Consultancy Services were among major laggards, declining up to 2 percent. Following are the key factors that dragged the market lower: 1) Israel-Iran conflict: Tensions escalated as Iran and Israel launched fresh missile strikes against each other on Wednesday, marking the sixth day of heightened conflict. US President Donald Trump reiterated calls for Iran’s unconditional surrender and warned that American patience was wearing thin. The continued hostilities raised concerns over regional stability and its impact on global oil supplies, weighing on market sentiment. 2) Weak global cues: In Asian markets, Hong Kong’s Hang Seng falling over 1 percent. Wall Street futures were also lower ahead of the US Fed announcement. The cautious mood across global markets added to pressure on domestic equities. Stock Market LIVE Updates 3) US Fed outcome awaited: The US Federal Reserve is expected to hold interest rates steady for the fourth consecutive meeting. Policymakers have indicated they are awaiting more clarity on the economic impact of recent government policies, including tariffs. Market participants remained on edge ahead of Fed Chair Jerome Powell’s post-meeting comments, due late tonight (India time). Fed to hold rates steady again as officials wait for more clarity on economy 4) Pharma stocks under pressure: Pharmaceutical shares came under heavy selling pressure after US President Trump stated that ""pharma tariffs are coming very soon"". The Nifty Pharma index extended losses in response to the announcement. 5) Weak rupee: The Indian rupee declined 30 paise to close at 86.34 against the US dollar on Tuesday. The currency was weighed down by rising global crude oil prices and the strong dollar amid the intensifying Israel-Iran conflict. Softness in domestic equities further added to the downward pressure on the rupee, according to forex dealers."
13 Jun 2025,"Adani Ports, other Adani stocks plunge up to 3%: Here are 4 reasons behind the downturn",https://www.moneycontrol.com/news/business/markets/adani-ports-others-adani-stocks-plunge-up-to-3-here-are-4-reasons-behind-the-downturn-13116904.html,"Adani stocks: 11 out of 12 stocks were trading in the red, with Adani Power being the only exception.",Adani Group stocks tumble,"Shares of Adani Group companies fell on Thursday, with 11 of 12 group stocks trading lower, weighed down by Israel’s air strikes on Iran, the fatal Air India crash near a group-operated airport, several stocks turning ex-dividend and subdued investor sentiment. Concerns over Adani's Haifa Port amid Israel-Iran war: Israeli Prime Minister Benjamin Netanyahu said the airstrikes were aimed at key parts of Iran's nuclear and military program. The airstrikes killed several top Iranian military officials, including Iran’s armed forces chief Mohammad Bagheri and IRGC commander Hossein Salami. Iran soon retaliated by launching over 100 drones toward Israel, where Adani Ports owns a majority stake in Haifa Port. The company acquired the port for a total consideration of $1.18 billion in 2023. The port is one of Israel’s major seaports. Adani Ports and SEZ (APEZ) shares dropped nearly 3 percent to trade at Rs 1,406 apiece, as the escalating war between Israel and Iran raised concerns over disruption at the port in Israel. Air India plane crash near Ahmedabad airport: In addition, a London-bound Air India flight with 242 passengers onboard crashed right after takeoff from the Sardar Vallabhbhai Patel International Airport in Ahmedabad, with only one person surviving the crash. After the tragedy took place, the Adani Group-run airport was shut temporarily for flight operations. It is currently fully operational, according to the airport’s official website. Adani Enterprises took over the operations at the airport in 2020. The shares of the company dropped nearly 2 percent to trade at Rs 2,499 apiece in the afternoon. Stocks trade ex-dividend today: The shares of several Adani stocks turned ex-dividend today, which may have led to the exit of some investors. These stocks include Adani Enterprises, Adani Ports, Adani Total Gas, ACC and Ambuja Cements. These companies had set June 13 as the record date for their respective dividend payments. Shareholders who owned the stocks before the record date can only enjoy the dividend payment. Adani Enterprises announced a dividend of Rs 1.30 per equity share, while Adani Ports declared a dividend of Rs 7 per equity share. Adani Total Gas, ACC and Ambuja Cements had announced a dividend of Rs 0.25 per share, Rs 7.50 per share and Rs 2 per share, respectively. Market downturn: The overall market downturn also continued to put pressure on the stocks. The benchmark Sensex fell 0.72 percent to 81,100. The Nifty was down over 0.73 percent. Also read: Our LIVE blog on stock market updates"
05 Jun 2025,Adani Ports and Special Economic Zone Shares Rise by 2.06% in Today's Trading,https://www.moneycontrol.com/news/business/stocks/adani-ports-and-special-economic-zone-shares-rise-by-2-06-in-today-s-trading-alpha-article-13099060.html,"With the shares of Adani Ports and Special Economic Zone currently trading at Rs 1465.80, the stock's performance reflects a positive trend and growing investor confidence.",,"During today's trading session, Adani Ports and Special Economic Zone experienced a notable increase, with its shares rising by 2.06% to reach Rs 1465.80. This movement has drawn attention from investors, reflecting the stock's activity in the current market. Index Inclusion Adani Ports and Special Economic Zone is included in both the NIFTY 50 and NIFTY 100 indices, underscoring its significance in the Indian stock market. Its presence in these key indices highlights its important role. Financial Overview Adani Ports and Special Economic Zone's financial performance shows consistent growth over the past several quarters and years. A review of both quarterly and annual results reveals key trends in revenue, net profit, and earnings per share (EPS). Quarterly Performance (Consolidated) The company's consolidated quarterly results show the following:Revenue: Increased from Rs 6,896.50 Crores in March 2024 to Rs 8,488.44 Crores in March 2025.Net Profit: Rose from Rs 2,049.51 Crores in March 2024 to Rs 2,854.26 Crores in March 2025.EPS: Increased from Rs 9.44 in March 2024 to Rs 13.95 in March 2025.Annual Performance (Consolidated) The annual consolidated results provide additional insights:Revenue: Increased from Rs 12,549.60 Crores in March 2021 to Rs 31,078.60 Crores in March 2025.Net Profit: Increased from Rs 5,063.01 Crores in March 2021 to Rs 10,919.70 Crores in March 2025.EPS: Increased from Rs 24.58 in March 2021 to Rs 51.35 in March 2025.Cash Flow and Balance Sheet The company's cash flow from operating activities has shown consistent growth, increasing from Rs 7,555 Crores in March 2021 to Rs 17,226 Crores in March 2025. Key balance sheet figures for March 2025 include a share capital of Rs 432 Crores and reserves & surplus of Rs 62,003 Crores. Key Financial Ratios A review of key financial ratios provides insights into the company's performance:Return on Equity (ROE): 17.76% as of March 2025.Debt to Equity: 0.73 as of March 2025.P/E Ratio: 23.04 as of March 2025.P/B Ratio: 4.09 as of March 2025.According to Moneycontrol's analysis, the sentiment for Adani Ports and Special Economic Zone is very bullish as of June 5, 2025. With the shares of Adani Ports and Special Economic Zone currently trading at Rs 1465.80, the stock's performance reflects a positive trend and growing investor confidence."
04 Jun 2025,Buy Adani Ports and SEZ; target of Rs 1700: Motilal Oswal,https://www.moneycontrol.com/news/business/stocks/buy-adani-ports-and-sez-target-of-rs-1700-motilal-oswal-13095234.html,"Motilal Oswal is bullish on Adani Ports and SEZ recommended buy rating on the stock with a target price of Rs 1700 in its research report dated May 31, 2025.",Buy,"Motilal Oswal's research report on Adani Ports and SEZ We attended the Adani Logistics Day event and visited the Tumb Inland Container Depot (ICD) in Gujarat. The Tumb ICD highlights the company’s strategic efforts to enhance logistics efficiency, reduce costs, and promote sustainability. In the next few years, Adani Ports & SEZ (APSEZ) is targeting a robust 50% revenue CAGR in its logistics vertical. The Tumb ICD, operated by Adani Logistics Ltd. (ALL), is strategically positioned as a critical logistics hub with robust infrastructure, connectivity, and cargo handling capabilities. With an annual capacity of 0.5m TEUs, it handled 0.3m TEUs in FY25 and is targeting 0.4m TEUs in FY26. Located near key consumption and industrial centers, Tumb ICD benefits significantly from its direct linkage to Jawaharlal Nehru Port Trust (JNPT), which enables a swift 18-hour turnaround—nearly 50% faster than traditional road transit. The facility supports a wide range of cargo types— chemicals, electrical goods, marbles, and apparel—demonstrating operational flexibility. Outlook APSEZ expects its overall logistics business to grow multifold over FY25-29, with revenue surging 5x to INR140b (INR28b in FY25) and generating an EBITDA of INR35b in FY29. The integration of the logistics business with the ports business is enhancing APSEZ’s service offerings and transforming the company into a transport utility. We reiterate our BUY rating with a revised TP of INR1,700 (implying 19% potential upside). For all recommendations report, click here Adani Ports and SEZ - 04062025 - moti"
04 Jun 2025,"Adani Ports and Special Economic Zone sees surge in traded volume, share price up",https://www.moneycontrol.com/news/business/stocks/adani-ports-and-special-economic-zone-sees-surge-in-traded-volume-share-price-up-alpha-article-13094708.html,"The surge in traded volume and the marginal increase in share price reflect positive investor interest in Adani Ports and Special Economic Zone, supported by its consistent financial performance and strong growth metrics.",,"During today's trade, Adani Ports and Special Economic Zone experienced a notable trading volume, with the share price increasing by 0.14% to Rs 1434.30. The traded volume reached 618,510 shares, drawing attention to the stock's performance within the NIFTY 50 STOCKS index. The increase in traded volume highlights heightened investor activity and interest in Adani Ports and Special Economic Zone. As a constituent of the NIFTY 50 STOCKS, the company's stock performance is closely watched by market participants. Financial Performance Overview Adani Ports and Special Economic Zone has demonstrated consistent financial performance, as evidenced by its revenue, net profit, and EPS figures over the recent quarters and years. Quarterly Performance (Consolidated)PeriodRevenue (Cr)Net Profit (Cr)EPSMar 2024Rs 6,896.50Rs 2,049.51Rs 9.44Jun 2024Rs 7,559.59Rs 3,184.39Rs 14.41Sep 2024Rs 7,067.02Rs 2,414.01Rs 11.32Dec 2024Rs 7,963.55Rs 2,467.04Rs 11.67Mar 2025Rs 8,488.44Rs 2,854.26Rs 13.95The company's revenue has steadily increased from Rs 6,896.50 Cr in March 2024 to Rs 8,488.44 Cr in March 2025. Similarly, the net profit has shown growth, with the EPS rising from Rs 9.44 in March 2024 to Rs 13.95 in March 2025. Annual Performance (Consolidated)YearRevenue (Cr)Net Profit (Cr)EPSBVPSROEDebt to Equity2021Rs 12,549.60Rs 5,063.01Rs 24.58Rs 157.0416.401.132022Rs 15,934.03Rs 4,602.39Rs 22.39Rs 182.1512.411.192023Rs 20,851.91Rs 5,344.97Rs 24.58Rs 216.4511.691.092024Rs 26,710.56Rs 8,265.68Rs 37.55Rs 251.7315.360.872025Rs 31,078.60Rs 10,919.70Rs 51.35Rs 289.0317.760.73Over the past five years, Adani Ports and Special Economic Zone has shown substantial growth in revenue and net profit. The revenue has increased from Rs 12,549.60 Cr in 2021 to Rs 31,078.60 Cr in 2025. Similarly, the net profit has risen from Rs 5,063.01 Cr to Rs 10,919.70 Cr during the same period. The EPS has also seen a significant increase, from Rs 24.58 in 2021 to Rs 51.35 in 2025. The Debt to Equity ratio has improved from 1.13 in 2021 to 0.73 in 2025, indicating better financial health. Cash Flow Performance (Consolidated)YearOperating ActivitiesInvesting ActivitiesFinancing ActivitiesOthersNet Cash FlowMar 2021Rs 7,555Rs -14,142Rs 3,513Rs 78Rs -2,994Mar 2022Rs 9,800Rs -7,211Rs 2,041Rs -33Rs 4,596Mar 2023Rs 11,933Rs -19,603Rs -2,733Rs 2,664Rs -7,739Mar 2024Rs 15,017Rs -6,946Rs -7,800Rs 178Rs 449Mar 2025Rs 17,226Rs -9,787Rs -6,915Rs 1,307Rs 1,830The cash flow from operating activities has consistently increased over the years, from Rs 7,555 in March 2021 to Rs 17,226 in March 2025, indicating improved operational efficiency. Balance Sheet (Consolidated)ParticularsMar 2021Mar 2022Mar 2023Mar 2024Mar 2025Share CapitalRs 512Rs 537Rs 557Rs 569Rs 432Reserves & SurplusRs 30,035Rs 37,661Rs 44,985Rs 52,346Rs 62,003Current LiabilitiesRs 7,235Rs 11,136Rs 12,924Rs 16,462Rs 20,985Other LiabilitiesRs 37,680Rs 45,542Rs 56,437Rs 49,539Rs 51,910Total LiabilitiesRs 75,463Rs 94,877Rs 114,905Rs 118,917Rs 135,332Fixed AssetsRs 47,941Rs 54,878Rs 72,688Rs 79,176Rs 94,228Current AssetsRs 12,907Rs 17,801Rs 17,447Rs 17,472Rs 18,944Other AssetsRs 14,614Rs 22,197Rs 24,768Rs 22,268Rs 22,159Total AssetsRs 75,463Rs 94,877Rs 114,905Rs 118,917Rs 135,332Contingent LiabilitiesRs 17,993Rs 13,745Rs 19,829Rs 12,455Rs 0Adani Ports and Special Economic Zone's assets have consistently grown over the years, with fixed assets increasing from Rs 47,941 in March 2021 to Rs 94,228 in March 2025. Valuation and Growth RatiosParticularsMar 2021Mar 2022Mar 2023Mar 2024Mar 2025P/E (x)28.5834.5825.7135.7423.04P/B (x)4.694.293.015.494.09EV/EBITDA (x)16.3018.0214.6719.0114.61P/S (x)11.3810.266.5510.858.223 Yr CAGR Sales (%)5.2820.7732.5245.8939.663 Yr CAGR Net Profit (%)17.146.6718.7727.7754.03Moneycontrol analysis indicates a Very Bullish sentiment for Adani Ports and Special Economic Zone as of June 4, 2025. The surge in traded volume and the marginal increase in share price reflect positive investor interest in Adani Ports and Special Economic Zone, supported by its consistent financial performance and strong growth metrics."
03 Jun 2025,Adani denies DOJ probe over Iranian LPG shipments: How are India’s energy relations with Tehran?,https://www.moneycontrol.com/news/business/economy/adani-denies-doj-probe-over-iranian-lpg-shipments-how-are-india-s-energy-relations-with-tehran-13092336.html,"Iran was the third-largest crude oil supplier to India till 2018-19. After the Trump administration slapped fresh sanctions on Iran in 2018, Indian oil refiners curbed oil purchases from Tehran. India currently does not source crude oil from Iran.",Representative image,"Shares of Gautam Adani’s conglomerate were in focus on June 3, after a news report by Wall Street Journal said US prosecutors were investigating the group for a possible involvement in buying liquefied petroleum gas (LPG) from sanction-hit Iran. Refuting the allegations, the Adani Group has denied any ‘deliberate engagement’ in evading US sanctions on Iran, and called the report an ‘intentional act to injure the reputation and interests’ of the group. Moneycontrol takes a closer look at the allegations against the Adani Group and energy ties of India, which was a huge market for Iranian oil until 2018, with Tehran. Why has Adani Group Come Under Fire? According to a Wall Street Journal report on June 2, the US is investigating if billionaire Gautam Adani’s companies imported Iranian liquified petroleum gas (LPG) into India through its Mundra port in Gujarat, in violation of sanctions on Iran. The tankers travelling between Mundra port and the Persian Gulf exhibited traits common to ships evading sanctions, the WSJ report said, adding that the US Justice Department is reviewing the activities of several LPG tankers used to ship cargoes to Adani Enterprises. The Adani Group, in a statement on June 2 called the report ‘baseless and mischievous’. The company denied any deliberate engagement in sanctions evasion or trade involving Iranian-origin LPG, adding that it was not aware of any investigation by US authorities on this matter. On June 3, shares of Adani Group including Adani Enterprises, Adani Ports, Adani Total Gas, Adani Power fell between 1 percent to 2.5 percent. Read More What are the US Sanctions Against Iran? US President Trump had in 2018 - during his first term - withdrawn support from the Joint Comprehensive Plan of Action (JCPOA), also known as the Iran nuclear deal. The US withdrawal meant re-imposition of sanctions on exports of Iranian crude oil and petroleum products, crucial for economy of Tehran. In 2015, several world powers including the US, under the Presidency of Barack Obama, had signed a nuclear deal with Tehran which lifted most sanctions in exchange for Iran limiting its nuclear programme. Under the agreement, Iran agreed to dismantle much of its nuclear programme and open its nuclear facilities to more extensive international inspections in exchange for relief from sanctions necessary for revival of its economy. However, Trump found the nuclear deal brokered by Obama ‘one-sided’ and claimed that it did not limit Tehran’s nuclear activity. He withdrew support from the nuclear deal in 2018, after being elected as the US President. Now, during his second term, Trump is trying to negotiate a fresh nuclear deal with Iran. Why Have Indian Entities Come Under US Scrutiny? In 2025, several Indian entities faced US scrutiny for failing to comply with sanctions against Tehran and involvement in shipping Iranian oil and petroleum products. On April 11, The US sanctioned a United Arab Emirates-based Indian national and two India-based entities operating as part of Iran's ‘shadow fleet’ and involved in shipping Iranian oil. In February this year, the US sanctioned four Indian companies for their alleged involvement in the trade and transportation of Iranian crude oil and petroleum products. The US had sanctioned more than 30 companies, vessels, and individuals worldwide at the time, as part of its intensified efforts aimed at reducing Iran’s oil exports to zero. The US Department of the Treasury's Office of Foreign Assets Control (OFAC) had said that sanctioned vessels were involved in shipping tens of millions of barrels of crude oil. How Have Been India’s Energy Ties with Iran? Prior to the US sanctions re-imposed by the Trump administration, Iran was the third-largest crude oil supplier to India, till 2018-19. According to an official statement by Dharmendra Pradhan in 2018, the then Petroleum and Natural Gas Minister, New Delhi bought 5.67 million tonnes or about 457,000 barrel per day (bpd) of oil from Iran in the first three months of 2018-19, following steep discounts on offer. After the fresh sanctions slapped by Trump, Indian oil refiners curbed oil purchases from Tehran, and India currently does not source crude oil from Iran. Current Petroleum Minister Hardeep Singh Puri had maintained a strong stance of not buying energy from any country under sanctions including nations such as Iran and Venezuela. However, India is increasingly looking at diversifying oil sources to secure energy availability, New Delhi has said it would be open to buying crude from any country, if sanctions on them are lifted. Read More According to a Reuters report published in 2021, Indian state-run oil marketing companies (OMCs) were interested in buying Iranian oil if sanctions on the country were lifted as former US President Joe Biden was trying to revive the nuclear pact with Tehran. Indian refiners including Indian Oil Corporation Limited (IOCL), Bharat Petroleum Corporation Limited (BPCL) and Hindustan Petroleum Corporation Limited (HPCL) have refineries suited to process Iranian oil. India is one of the largest crude oil importers in the world and is reliant on imports for around 90 percent of its crude oil requirements. Currently, India imports crude oil primarily from Russia, Iraq, Saudi Arabia, UAE and the US."
03 Jun 2025,Adani Ports and Special Economic Zone shares fall about 2% amid high traded volume today,https://www.moneycontrol.com/news/business/stocks/adani-ports-and-special-economic-zone-shares-fall-about-2-amid-high-traded-volume-today-alpha-article-13089842.html,"Despite the current dip, Adani Ports and Special Economic Zone's shares are trading at Rs 1,440.50 with a traded volume of 2,123,634.",,"Shares of Adani Ports and Special Economic Zone experienced a decline during today's trading session. The stock is currently trading at Rs 1,440.50, a decrease of 1.87%. This movement is coupled with a high traded volume of 2,123,634 shares. The high trading volume suggests significant investor activity in Adani Ports and Special Economic Zone during today's session. The stock is part of the NIFTY 50 STOCKS index. Financial Performance Overview A review of Adani Ports and Special Economic Zone's consolidated financial performance reveals the following trends: Revenue The company's revenue has shown consistent growth over the past five years:YearRevenue (Cr)202112,549.60202215,934.03202320,851.91202426,710.56202531,078.60Net Profit Net profit has also increased steadily:YearNet Profit (Cr)20215,063.0120224,602.3920235,344.9720248,265.68202510,919.70Earnings Per Share (EPS) The EPS has grown consistently over the years:YearEPS202124.58202222.39202324.58202437.55202551.35Quarterly Performance The recent quarterly results provide a more granular view of the company's financial health. The following table outlines key financials for the last five quarters:QuarterRevenue (Cr)Net Profit (Cr)EPSMar 20246,896.502,049.519.44Jun 20247,559.593,184.3914.41Sep 20247,067.022,414.0111.32Dec 20247,963.552,467.0411.67Mar 20258,488.442,854.2613.95Additionally, Adani Ports and Special Economic Zone’s financial data indicates consistent improvement in key financial health indicators:ParticularsMar 2021Mar 2022Mar 2023Mar 2024Mar 2025ROE (%)16.4012.4111.6915.3617.76Debt to Equity1.131.191.090.870.73Market Sentiment According to Moneycontrol analysis, the sentiment for Adani Ports and Special Economic Zone is Very Bullish as of June 3, 2025. Despite the current dip, Adani Ports and Special Economic Zone's shares are trading at Rs 1,440.50 with a traded volume of 2,123,634."
03 Jun 2025,"Trade Spotlight: How should you trade PNB, Swiggy, Bank of India, Adani Ports, CDSL, Canara Bank, NBCC, Bharti Airtel and others on June 3?",https://www.moneycontrol.com/news/business/markets/trade-spotlight-how-should-you-trade-pnb-swiggy-bank-of-india-adani-ports-cdsl-canara-bank-nbcc-bharti-airtel-and-others-on-june-3-13088313.html,The market may turn positive amid rangebound trading. Below are some short-term trading ideas to consider.,Top Buy Ideas for Short term,"The benchmark indices recouped significant intraday losses and closed moderately lower on June 2, while the VIX increased sharply, signaling caution for bulls. The market breadth was slightly positive, with a total of 1,386 shares showing buying interest compared to 1,254 shares that declined on the NSE. The market may turn positive amid rangebound trading. Below are some short-term trading ideas to consider: Jigar S Patel, Senior Manager - Equity Research at Anand Rathi Punjab National Bank | CMP: Rs 108.46  Punjab National Bank (PNB) is showing signs of a potential bullish reversal. A Bullish Harami candlestick pattern has formed on the weekly timeframe, indicating a possible trend shift. A strong base formation is visible near the S3 Camarilla yearly pivot, adding technical support to the setup. Additionally, the weekly RSI has decisively broken above the key 50 level—now hovering around 59—which further strengthens the bullish case. Traders may consider entering long positions in the Rs 107–109 zone, with an upside target of Rs 119. Strategy: Buy Target: Rs 119 Stop-Loss: Rs 102 Castrol India | CMP: Rs 216.15  Castrol India has recently broken out of a consolidation range between Rs 205–213, signaling renewed bullish momentum. Notably, this consolidation occurred between the R1 Floor Pivot and the R3 Camarilla Monthly Pivot, lending further credibility to the breakout as a technically significant move. During the entire consolidation phase, the daily RSI consistently held above the 50 mark, reflecting underlying strength, and is now comfortably above 60. Traders may consider entering long positions in the Rs 214–216 zone, with an upside target of Rs 240. Strategy: Buy Target: Rs 240 Stop-Loss: Rs 202 Swiggy | CMP: Rs 333.3  Swiggy’s price action is currently unfolding within a falling parallel channel, suggesting a phase of consolidation. However, Camarilla Pivot Analysis indicates a potential momentum shift. Over April and May, the stock formed a partial inside value setup, where each month’s pivot range is partially contained within the previous month’s. April’s pivot range remained within March’s, and May followed suit by staying largely inside April’s. This kind of compression typically precedes a high-probability breakout within 1–2 weeks. Adding weight to the setup, the RSI is showing a bullish divergence, signaling a likely reversal or upward move in the near term. Traders may consider entering long positions in the Rs 300–333 zone, with a target of Rs 380. Strategy: Buy Target: Rs 380 Stop-Loss: Rs 300 Jay Thakkar, Vice President & Head of Derivatives and Quant Research at ICICI Securities Bank of India | CMP: Rs 125.25  Bank of India has provided a breakout from a symmetrical triangle pattern on the open interest (OI) chart, indicating long buildup in the near term as both price and OI have moved up together. The price action suggests that as long as the Rs 120 level holds on a closing basis, the short-term trend is likely to remain positive. Previously, the stock experienced multiple whipsaws around the 20-day VWAP, but with this price-OI breakout confirmation, the short-term trend appears positive. Strategy: Buy Target: Rs 131, Rs 136 Stop-Loss: Rs 120 Indian Hotels Company | CMP: Rs 783.6  Indian Hotels had seen significant long unwinding during its rally since 2023. Meanwhile, FIIs continued increasing their stake, indicating a shift of positions from futures to the equity cash segment or a handover from DIIs to FIIs. The overall trend remained positive. However, over the past six months, the stock has corrected, accompanied by short buildup as futures positions reduced. Now, the price appears to have reversed, and short positions are getting covered, suggesting the start of a new upward leg. Thus, the risk-to-reward ratio looks favourable on the long side in the short term. Strategy: Buy Target: Rs 815, Rs 830 Stop-Loss: Rs 760 Adani Ports and Special Economic Zone | CMP: Rs 1,468  Adani Ports has been consistently forming higher tops and bottoms, even as OI declines. The stock initially witnessed long unwinding, followed by short buildup toward the end, which has since seen covering. Overall OI is now quite low, creating a favourable setup for bulls to initiate long positions. The stock is trading well above its 20-day VWAP, and notable Call unwinding along with Put writing at the Rs 1,400 strike makes this the immediate crucial support level. Strategy: Buy Target: Rs 1,535, Rs 1,580 Stop-Loss: Rs 1,395 Vidnyan S Sawant, Head of Research at GEPL Capital Central Depository Services | CMP: Rs 1,682.9  Central Depository Services (CDSL) is exhibiting a strong price structure on the monthly chart, forming higher bottoms that signal long-term strength. On the weekly scale, the stock found buying interest near the 61.8% Fibonacci retracement of its prior up move (Rs 466 to Rs 1,989), with the retracement low marked in March 2025. Since then, it has been trending higher, respecting its uptrend and showing consistent follow-through. The stock is trading well above its 12-week and 26-week EMAs, reinforcing the positive trend alignment and indicating continued bullish control. Strategy: Buy Target: Rs 1,968 Stop-Loss: Rs 1,560 Canara Bank | CMP: Rs 116.84  Canara Bank has shown a strong structural reversal, rebounding from the 38.2% Fibonacci retracement near the 2017 swing high, establishing a solid long-term support base. On the weekly chart, a breakout from a falling channel and a rally–base–rally pattern indicate the end of the corrective phase and a resumption of the uptrend. Rising volumes above the 20-week average and a MACD crossover above the zero line confirm bullish momentum and strong market participation. Strategy: Buy Target: Rs 131 Stop-Loss: Rs 109 NBCC (India) | CMP: Rs 124.80  NBCC has formed a classic double bottom on the monthly chart, signaling a strong bullish reversal. The recent recovery retraced a six-month decline in just three months, reflecting robust momentum. The stock rebounded from the 50% Fibonacci retracement of its 2022–2024 rally and is now forming higher highs and higher lows. Volume has risen above the 20-week average, indicating increased participation. On the daily chart, NBCC is trading above its 20, 50, and 100-day EMAs, while a rising MACD confirms sustained bullish momentum. Strategy: Buy Target: Rs 140 Stop-Loss: Rs 117 Bharti Airtel | CMP: Rs 1,854.1  Bharti Airtel is in a strong uptrend, consistently forming higher highs and higher lows across all timeframes. It recently broke out of a 7-month consolidation on the monthly chart and exhibited a bullish polarity shift on the weekly scale, closing above the prior week's high—signaling renewed buying interest. Momentum indicators such as MACD and RSI support the bullish trend, suggesting continued upside potential. Strategy: Buy Target: Rs 2,040 Stop-Loss: Rs 1,760"
02 Jun 2025,Adani Ports and Special Economic Zone shares rise 2.38% in today's session,https://www.moneycontrol.com/news/business/stocks/adani-ports-and-special-economic-zone-shares-rise-2-38-in-today-s-session-alpha-article-13086346.html,"With the stock currently priced at Rs 1466.90, Adani Ports and Special Economic Zone has demonstrated a positive trajectory, supported by strong financial metrics and favorable market sentiment.",,"Adani Ports and Special Economic Zone shares saw an increase of 2.38% in today's session, with the price reaching Rs 1466.90. The stock's performance is being closely monitored by investors. Adani Ports and Special Economic Zone is included among the NIFTY 50 STOCKS.Financial PerformanceAdani Ports and Special Economic Zone has demonstrated consistent financial performance over the past few years. Here’s an overview of the company’s consolidated financials:RevenueThe company's revenue has shown substantial growth over the past five years:Mar 2025: Rs 31,078.60 CrMar 2024: Rs 26,710.56 CrMar 2023: Rs 20,851.91 CrMar 2022: Rs 15,934.03 CrMar 2021: Rs 12,549.60 CrNet ProfitNet profit has also increased significantly:Mar 2025: Rs 10,919.70 CrMar 2024: Rs 8,265.68 CrMar 2023: Rs 5,344.97 CrMar 2022: Rs 4,602.39 CrMar 2021: Rs 5,063.01 CrEarnings Per Share (EPS)The EPS has seen a consistent rise:Mar 2025: Rs 51.35Mar 2024: Rs 37.55Mar 2023: Rs 24.58Mar 2022: Rs 22.39Mar 2021: Rs 24.58Quarterly PerformanceThe quarterly performance also reflects positive trends:Mar 2025: Revenue at Rs 8,488.44 Cr and Net Profit at Rs 2,854.26 CrDec 2024: Revenue at Rs 7,963.55 Cr and Net Profit at Rs 2,467.04 CrSep 2024: Revenue at Rs 7,067.02 Cr and Net Profit at Rs 2,414.01 CrJun 2024: Revenue at Rs 7,559.59 Cr and Net Profit at Rs 3,184.39 CrBalance SheetKey balance sheet metrics indicate a strong financial position:Share Capital: Increased from Rs 512 in Mar 2021 to Rs 432 in Mar 2025Reserves & Surplus: Grew from Rs 30,035 Cr in Mar 2021 to Rs 62,003 Cr in Mar 2025Total Assets: Increased from Rs 75,463 Cr in Mar 2021 to Rs 135,332 Cr in Mar 2025Cash FlowThe company’s cash flow from operating activities has consistently increased over the years:Mar 2025: Rs 17,226 CrMar 2024: Rs 15,017 CrMar 2023: Rs 11,933 CrMar 2022: Rs 9,800 CrMar 2021: Rs 7,555 CrKey Financial RatiosImportant financial ratios provide further insights into the company's performance:Basic EPS (Rs.): Increased from Rs 24.58 in Mar 2021 to Rs 51.35 in Mar 2025Book Value/Share (Rs.): Increased from Rs 157.04 in Mar 2021 to Rs 289.03 in Mar 2025Debt to Equity: Decreased from 1.13 in Mar 2021 to 0.73 in Mar 2025According to Moneycontrol analysis as of 2025-06-02, the sentiment for Adani Ports and Special Economic Zone is Very Bullish. With the stock currently priced at Rs 1466.90, Adani Ports and Special Economic Zone has demonstrated a positive trajectory, supported by strong financial metrics and favorable market sentiment."
28 May 2025,Adani Ports shares gain despite muted market as Motilal Oswal maintains 'buy',https://www.moneycontrol.com/news/business/markets/adani-ports-shares-gain-despite-muted-market-as-motilal-oswal-maintains-buy-13052939.html,"Motilal Oswal maintained its buy rating on Adani Ports & SEZ, with a target price of Rs 1,620 per share, indicating a 15 percent upside",Adani Ports shares have traded flat over the past year.,"Adani group firm Adani Ports & SEZ Ltd (APSEZ) shares rallied in trade on Wednesday, May 28, as domestic brokerage Motilal Oswal reiterated its bullishness on the port and logistics player. Adani Ports continues to solidify its position as a leader in the port and logistics sector through strategic acquisitions, operational enhancements, and ambitious expansion plans. The company holds a ~27 percent market share in all-India cargo and ~45 percent in container cargo handled in India as of March 25, said domestic brokerage Motilal Oswal. APSEZ expanded its domestic and global footprint with new ports, terminals, and logistics infrastructure in FY25 and guided further volume and revenue growth in FY26 backed by Rs 12,000 crore capex. Of the capex amount, Rs 6,000 crore will be for domestic ports, Rs 2,000 crore for overseas projects in Colombo and Tanzania, Rs 6,200 crore for marine services, Rs 2,000 core for logistics, and Rs 1,380 crore for tech and sustainability.  This would drive a CAGR of 16 percent/16 percent/21 percent in revenue/EBITDA/PAT over FY25- 27E. The brokerage maintained its buy rating, with a target price of Rs 1,620 per share, indicating a 15 percent upside. ""Adani Ports delivered a solid performance in FY25, aligning with market expectations. The company anticipates 1.5-2.0x higher growth than India’s cargo volume growth, driven by market share gains and capacity expansions."" At 11.20 am, shares of the firm were quoting Rs 1,418.9, higher by 1.1 percent on the NSE. Follow our market live blog to catch all the updates Further, Motilal Oswal noted that containers remain the cornerstone of APSEZ’s cargo mix, rising to 42 percent of total volume in FY25 from 37 percent in FY24. This shift highlights the company’sinvestment in container handling infrastructure, a primary driver of its projection of 505-515 MMT cargo handling in FY26. ""Dry and liquid cargo also contribute to growth, with containers leading the charge. This balanced cargo portfolio, combined with capacity expansions, positions APSEZ to meet diverse market demands,"" it added."
23 May 2025,"Stocks to Watch Today: ITC, Sun Pharma, IndusInd Bank, Honasa Consumer, MTAR Tech, Metro Brands, Power Mech, Bharat Electronics in focus on 23 May",https://www.moneycontrol.com/news/business/markets/stocks-to-watch-today-itc-sun-pharma-indusind-bank-honasa-consumer-mtar-tech-metro-brands-power-mech-bharat-electronics-in-focus-on-23-may-13041457.html,"Stocks to Watch, 23 May: Stocks like TD Power Systems, MITCON Consultancy & Engineering Services, Trent, Bharat Electronics, Nestle India, IndusInd Bank, Power Mech Projects,Metro Brands, MTAR Technologies, Honasa Consumer, Sun Pharmaceutical Industries, and ITC will be in focus on May 23.","Stocks to Watch Today, May 23","Let's catch up on the latest news from the stock market. From significant investments to major deals, quarterly earnings, and fund raising, here’s a quick look at which stocks will be in focus in today's trade: Results Today JSW Steel, Ashok Leyland, Glenmark Pharmaceuticals, Aditya Birla Fashion and Retail, Afcons Infrastructure, Apollo Micro Systems, Ashoka Buildcon, Balkrishna Industries, BEML, Cello World, Concord Drugs, Exicom Tele-Systems, Finolex Industries, Narayana Hrudayalaya, Transrail Lighting, and West Coast Paper Mills will release their quarterly earnings on May 23. Results on May 24 NTPC, Allcargo Logistics, Chambal Breweries & Distilleries, HealthCare Global Enterprises, IFGL Refractories, Indigo Paints, Jagran Prakashan, JK Cement, Kolte-Patil Developers, and Rainbow Children's Medicare will announce their March quarter earnings on May 24. Quarterly Earnings ITC Q4 (Standalone YoY) Profit from continuing operations rises 0.8% to Rs 4,874.7 crore Vs Rs 4,837.5 crore Profit (including discontinued operations) zooms to Rs 19,561.6 crore Vs Rs 5,020.2 crore Exceptional gains stand at Rs 15,179.4 crore Vs loss at Rs 12.2 crore Revenue grows 9.6% to Rs 17,248.2 crore Vs Rs 15,733.6 crore EBITDA increases 2.5% to Rs 5,986.4 crore Vs Rs 5,841.5 crore EBITDA margin drops to 34.7% Vs 37.1% Board recommends final dividend of Rs 7.85 per share Sun Pharmaceutical Industries Q4 (Consolidated YoY) Profit sinks 19% to Rs 2,153.9 crore Vs Rs 2,658.7 crore Revenue rises 8.1% to Rs 12,958.8 crore Vs Rs 11,982.9 crore Exceptional loss stands at Rs 361.7 crore Vs loss of Rs 101.64 crore Tax expenses spike 634.4% to Rs 1,093.7 crore Vs Rs 148.9 crore Board announces final dividend of Rs 5.50 per share Board approves appointment of Vidhi Shanghvi as a Whole-time Director Honasa Consumer Q4 (Consolidated YoY) Profit falls 18% to Rs 25 crore Vs Rs 30.5 crore Revenue jumps 13.3% to Rs 533.6 crore Vs Rs 471.1 crore MTAR Technologies Q4 (Consolidated YoY) Profit spikes 181.7% to Rs 13.7 crore Vs Rs 4.87 crore Revenue grows 28.1% to Rs 183.1 crore Vs Rs 143 crore Metro Brands Q4 (Consolidated YoY) Profit sinks 38.7% to Rs 95.3 crore Vs Rs 155.6 crore Revenue rises 10.3% to Rs 642.8 crore Vs Rs 583 crore Tax expenses at Rs 30.87 crore Vs tax writeback at Rs 50.8 crore Power Mech Projects Q4 (Consolidated YoY) Profit zooms 53.8% to Rs 129.8 crore Vs Rs 84.4 crore Revenue jumps 42.4% to Rs 1,853.3 crore Vs Rs 1,301.5 crore Grasim Industries Q4 (Standalone YoY) Loss narrows to Rs 288 crore Vs loss of Rs 440.9 crore Revenue surges 31.9% to Rs 8,925.8 crore Vs Rs 6,767.5 crore Board recommends dividend of Rs 10 per share Container Corporation of India Q4 (Consolidated YoY) Profit falls 1.6% to Rs 298.5 crore Vs Rs 303.3 crore Revenue declines 1.6% to Rs 2,287.8 crore Vs Rs 2,325.1 crore Board approves bonus issue of 1 share for every 4 equity shares held Gujarat State Petronet Q4 (Consolidated YoY) Profit plunges 53.6% to Rs 220.3 crore Vs Rs 475 crore Revenue drops 4.6% to Rs 4,477.5 crore Vs Rs 4,691.9 crore Ramco Cements Q4 (Standalone YoY) Profit sinks 74.5% to Rs 31 crore Vs Rs 121.4 crore Revenue slips 10.5% to Rs 2,392 crore Vs Rs 2,673.3 crore HFCL Q4 (Consolidated YoY) Loss stands at Rs 81.4 crore Vs profit of Rs 110 crore Revenue plunges 39.6% to Rs 800.7 crore Vs Rs 1,326.1 crore Udaipur Cement Works Q4 (YoY) Profit zooms 114.5% to Rs 39.6 crore Vs Rs 18.5 crore Revenue grows 39% to Rs 484.2 crore Vs Rs 348.4 crore Kirloskar Industries Q4 (Consolidated YoY) Profit falls 23.6% to Rs 46.8 crore Vs Rs 61.2 crore Revenue rises 1.1% to Rs 1,747.8 crore Vs Rs 1,728.6 crore Singer India Q4 (YoY) Profit zooms 73.8% to Rs 4.05 crore Vs Rs 2.33 crore Revenue grows 7.2% to Rs 121.7 crore Vs Rs 113.5 crore Hubtown Q4 (Consolidated YoY) Profit at Rs 3.53 crore Vs loss at Rs 88.6 crore Revenue falls 8.5% to Rs 96.8 crore Vs Rs 105.8 crore GMR Airports Q4 (Consolidated YoY) Loss widens to Rs 252.7 crore Vs Rs 167.6 crore Revenue jumps 17% to Rs 2,863.3 crore Vs Rs 2,446.8 crore Stocks to Watch Stocks to be added in BSE Sensex Asia Index has decided to add Trent, and Bharat Electronics in the BSE Sensex effective June 23. However, Nestle India, and IndusInd Bank will be dropped from the BSE Sensex. Further, IDFC First Bank will replace Canara Bank in the BSE Bankex, while in the BSE Sensex Next 50 index, Britannia Industries, Dixon Technologies, Coforge, Hero MotoCorp and Indus Towers will be replacing InterGlobe Aviation, Shriram Finance, Bharat Forge, Dabur India, and Siemens. Lumax Auto Technologies The company has completed the acquisition of the remaining 25% shareholding in IAC International Automotive India. As a result, IAC India has become a wholly owned material subsidiary of the company. Indus Towers The company has entered into an agreement to acquire a 26% stake in JSW Green Energy Eight, a special purpose vehicle, for the procurement of renewable energy from a solar PV plant. CG Power and Industrial Solutions Gaurav Makhija has been re-designated as Vice President – Switchgear & EPD Division, effective May 22. Bajaj Auto The company’s subsidiary, Bajaj Auto International Holdings BV (BAIH BV), has entered into a loan agreement with Standard Chartered Bank for a loan of 100 million euros (equivalent to Rs 971.20 crore). Ola Electric Mobility The Board has approved fundraising of up to Rs 1,700 crore through term loans, working capital facilities, and the issuance of non-convertible debentures or other eligible debt securities in one or more tranches on a private placement basis. TVS Motor Company The company has signed a Memorandum of Understanding (MoU) with OOR Cabs to supply 500 TVS King EV MAX electric three-wheelers during the financial year 2025–26 in Tamil Nadu. Tata Steel The company has inaugurated the expanded Tata Steel Kalinganagar (TSK) plant, increasing its crude steel capacity from 3 MTPA to 8 MTPA (million tonnes per annum). Hindustan Copper The Board will meet on May 27 to consider raising up to Rs 500 crore through the issuance of non-convertible debentures or bonds on a private placement basis. Mahindra Lifespace Developers Jitesh Donga has resigned from his position as Chief of Design, effective June 30. Adani Ports and Special Economic Zone The Board has approved the issuance of non-convertible debentures worth up to Rs 6,000 crore in one or more tranches on a private placement basis. The funds will be used for capital expenditure, refinancing of existing debt, and general corporate purposes. Veedol Corporation Promoter Andrew Yule & Company has decided to withdraw the offer-for-sale (OFS) issue of Veedol Corporation. The promoter had proposed to sell up to 3.48 lakh equity shares (a 2 percent stake) in Veedol Corporation on May 23 and May 26, through a designated window of the BSE and the National Stock Exchange of India (NSE). Hexaware Technologies Global IT services and solutions provider Hexaware Technologies has opened a new office in Chicago to accelerate delivery solutions. Bulk Deals MITCON Consultancy & Engineering Services Investor Mukul Mahavir Agrawal sold 1,31,193 equity shares of the company at an average price of Rs 80.52 per share. TD Power Systems Goldman Sachs Funds - Goldman Sachs India Equity Portfolio bought additional 10.93 lakh shares in the company at an average price of Rs 460 per share. Blend Fund 2 acquired 13.04 lakh shares at same price. However, promoters - Hitoshi Matsuo sold 21 lakh shares in the company at an average price of Rs 460.09 per share, Nikhil Kumar offloaded 45 lakh shares at an average price of Rs 460.95 per share, and Saphire Finman Services LLP sold 33 lakh shares at an average price of Rs 461.41 per share. Lavanya Sankaran also sold 16 lakh shares at an average price of Rs 463.28 per share. Stocks Trade Ex-Dividend LTIMindtreeCMS Info SystemsHavells IndiaHimadri Speciality ChemicalKeystone RealtorsSula Vineyards Stock Trades Ex-Date for Income Distribution (InvIT) Interise Trust Stock Trades Ex-Date for Buyback Dhampur Sugar Mills Stocks Trade Ex-Date for Rights Mahindra Lifespace DevelopersHimalaya Food InternationalPurple FinanceSEPC Stock Trades Ex-Date for Resolution Plan -Suspension Viksit Engineering Stocks in F&O ban Dixon TechnologiesManappuram FinanceRBL BankTitagarh Rail Systems"
22 May 2025,"Adani Group posted 8% EBITDA growth across listed entities, riding on strong cash balances",https://www.moneycontrol.com/news/business/adani-group-posted-8-ebitda-growth-across-listed-entities-riding-on-strong-cash-balances-13040637.html,"The Adani Group said 84 percent of group EBITDA and 88 percent of investments in core businesses is providing 'multi-decadal' visibility in terms of cash flow. Of the total EBITDA, 42 percent came from Adani Enterprises and Adani Ports and SEZ.",The Adani Group reported an 8% increase in net debt for FY25,"The Adani Group said that its listed entities have reported earnings before interest, taxes, depreciation, and amortisation (EBITDA) of Rs 89,806 crore in FY25, an increase of 8 percent on-year, led by increased cash flows across core infrastructure businesses such as Adani Enterprises, Adani Green Energy, Adani Ports and SEZ, and its cement businesses, namely Ambuja Cements and ACC. The group's gross and net debt both increased year-on-year for FY25. While the gross debt at the group level for the year was higher by 21 percent at Rs 2.90 lakh crore, Adani portfolio's net debt increased by around 30 percent to Rs 2.36 lakh crore. Despite this, the Adani Group said the levels remain comfortable, owing to continuous cash flows across businesses, synergies between group companies, strong ratings across most group entities - including ratings and outlook upgrades - as well as comfortable cash balances. The presentation said that 84 percent of group EBITDA and 88 percent of investments in core businesses is providing 'multi-decadal' visibility in terms of cash flow. Of the total EBITDA, 42 percent came from Adani Enterprises and Adani Ports and SEZ, while Adani Power was also a significant contributor to group EBITDA. Its cash balances, Adani Group said, also remains 'robust' at Rs 53,843 crore, covering 19 percent of gross debt at the group level. The average cost of debt also continued to reduce for the Adani Group from a high of 10.26 percent in FY19 to 7.92 percent at the end of FY25. The average maturity increased to 7.01 years, compared to 6.54 years at the end of both FY23 and FY24. In terms of distribution of the group's debt profile, domestic banks are exposed to around 47 percent of the Adani Group's debt, while overseas banks have a 24 percent exposure. The group also raised 21 percent of its debt from global capital markets. The Adani Group said that its debt book is 'diversified', with balanced exposure towards various entities. The increase in gross and net debt is primarily attributable to large capital expenditure by group companies, primarily Adani Enterprises and Adani Green Energy. The Adani Group spent Rs 1.26 lakh crore in FY25 by way of capital expenditure, its highest ever, and various group companies are planning to spend a total of around $100 billion in capital expenditure over the next six years, mainly in the infrastructure sector. Adani Enterprises is incubating new businesses such as solar cells and wind turbines, copper smelters, and also runs the airports business, while Adani Green Energy is implementing landmark projects such as the Khavda Renewable Energy Park in Gujarat, as well as renewable energy projects elsewhere. Other major capital expenditure programmes have been planned for the Adani Group's cement business, the transmission vertical under Adani Energy Solutions, as well as the ports and logistics business housed under Adani Ports and SEZ."
16 May 2025,"Mutual funds cut exposure to Adani Group, shares worth over Rs 1,160 crore sold in April",https://www.moneycontrol.com/news/business/markets/mutual-funds-cut-exposure-to-adani-group-shares-worth-over-rs-1-160-crore-sold-in-april-13028484.html,"The largest selling was seen in Adani Enterprises shares, with mutual funds trimming their holdings by over Rs 346 crore in April. This was followed by Adani Energy Solutions and Ambuja Cements, where funds reduced stake by Rs 302 crore and Rs 241 crore respectively.","Seven companies saw the mutual fund stake go down in April, up from four in March.","Mutual funds are gradually reducing their exposure to Adani Group companies, signalling a sustained decline in interest. In April, mutual funds collectively sold shares worth over Rs 1,160 crore across eight listed entities of the Adani Group. Seven of the listed Adani companies saw mutual fund's shareholding go down in April, up from four in March. The largest divestment was seen in Adani Enterprises, with mutual funds trimming their holdings by over Rs 346 crore. This was followed by Adani Energy Solutions and Ambuja Cements, where fund managers reduced their stakes by Rs 302 crore and Rs 241 crore respectively. Other notable selloffs included ACC (Rs 124 crore), Adani Ports & SEZ (Rs 7.7 crore), and Adani Total Gas (Rs 3.43 crore). The only stock that saw increased interest was Adani Power, where mutual funds raised their stake marginally, investing Rs 102 crore.  The trend of cautious disengagement was evident in March as well. Barring Adani Green Energy and Adani Enterprises, rest of the group’s shares witnessed net selling. In February, mutual funds divested around Rs 321 crore across eight Adani Group entities, continuing the subdued sentiment that began in January, when purchases were limited to Rs 480 crore. Experts say this ongoing reluctance is driven by a combination of governance concerns, high valuations, regulatory scrutiny, and sector-specific risks. Market experts said many mutual funds, particularly those with conservative investment mandates, continue to view Adani Group companies as high-risk, largely due to their history of volatility and ongoing skepticism around financial disclosures. Experts added that valuation concerns are a key factor behind the decision to trim holding, as shares of several Adani Group companies are trading at significantly elevated multiples compared to their respective peers. In a challenging macroeconomic environment, fund managers tend to prioritize stocks with strong earnings visibility and reasonable valuations. Separately, a Bloomberg News report revealed that representatives of Gautam Adani have held discussions with officials from the Donald Trump-led US administration, seeking to have criminal charges related to an overseas bribery probe dropped. These meetings reportedly began earlier this year and have intensified recently. Adani’s representatives have argued that the case is inconsistent with the current administration’s policy priorities and have requested for reconsideration. If talks progress at the current pace, a resolution could be reached within a month, the report had said."
12 May 2025,"Trade Spotlight: How should you trade Infosys, BHEL, Info Edge, Birlasoft, Cyient, APL Apollo Tubes, Tata Technologies, and others on May 13?",https://www.moneycontrol.com/news/business/markets/trade-spotlight-how-should-you-trade-infosys-bhel-info-edge-birlasoft-cyient-apl-apollo-tubes-tata-technologies-and-others-on-may-13-13021673.html,"Overall, the trend remains positive, though some profit booking and consolidation in the upcoming sessions can't be ruled out after the robust gains of the previous session. Below are some short-term trading ideas to consider.",Stocks to Buy for Short Term,"The benchmark indices made a strong start to the week, with the Nifty 50 recording a 3.82 percent rally on May 12—the biggest single-day gain since February 2021—accompanied by strong market breadth. A total of 2,414 shares saw buying interest compared to 239 declining shares on the NSE. Overall, the trend remains positive, though some profit booking and consolidation in the upcoming sessions can't be ruled out after the robust gains of the previous session. Below are some short-term trading ideas to consider: Vidnyan S Sawant, Head of Research at GEPL Capital Infosys | CMP: Rs 1,626.9  Infosys is showing signs of a recovery trend on the monthly chart, forming a higher bottom pattern. The long lower wick in April indicates strong buying interest, followed by a bullish candle this month that has closed above the previous month's high—signaling continued positive sentiment. On the weekly timeframe, the stock has formed a triple bottom and is now creating higher highs and higher lows, reflecting a trend reversal. The RSI (Relative Strength Index) has moved above its 9-period average after emerging from the oversold zone, indicating improving momentum. Strategy: Buy Target: Rs 1,806 Stop-Loss: Rs 1,545 Info Edge India | CMP: Rs 1,476  Info Edge India (Naukri) has shown strong price structure development on the monthly chart, with the previous resistance zone now acting as a support level. The stock has also witnessed a bullish mean reversion from the 26-month EMA. On the weekly scale, it has rebounded from the 61.80% Fibonacci retracement of the prior upmove from Rs 781 to Rs 1,817 and has recently broken above a three-week high, reinforcing the bullish outlook. Strategy: Buy Target: Rs 1,653 Stop-Loss: Rs 1,400 BHEL | CMP: Rs 232.95  Bharat Heavy Electricals (BHEL) has displayed a bullish polarity shift on the monthly timeframe, where the previous resistance zones from 2012 and 2015 have now turned into a support area. This support also aligns with a bullish mean reversion near the 34-month EMA, from which the stock has shown positive price action with a higher low formation. On the weekly scale, the Super Trend indicator has turned bullish, and the RSI is inching higher—currently at 54—indicating improving momentum. Strategy: Buy Target: Rs 272 Stop-Loss: Rs 219 APL Apollo Tubes | CMP: Rs 1,712.8  APL Apollo Tubes is maintaining a strong uptrend on the monthly chart, forming higher highs and sustaining above its 12- and 26-week EMAs—reflecting long-term strength and buyer support on dips. On the weekly timeframe, the stock has broken out of a downward-sloping channel with a bullish candlestick and a volume surge above the 10-week average, signaling renewed buying interest. Supporting indicators such as a bullish MACD (Moving Average Convergence Divergence) crossover and an RSI rising toward 60 further confirm building momentum and suggest potential for continued upside. Strategy: Buy Target: Rs 2,054 Stop-Loss: Rs 1,592 Jigar S Patel, Senior Manager - Equity Research at Anand Rathi Tata Technologies | CMP: Rs 701  Tata Technologies is approaching a significant technical juncture, supported by the alignment of critical time cycles and Fibonacci ratios. The ongoing setup fits within a 35–36-week cycle, resonating with the Fibonacci number 34—often linked with cyclical turning points. The correction from A to B was 30%, followed by a 47.45% drop from C to D, giving a ratio of 1.58—close to the Golden Ratio (1.618). In absolute terms, the price correction from C to D (Rs 539) versus A to B (Rs 416.60) yields a 1.27 ratio, again aligning with the Golden Ratio. Additionally, RSI bull divergence was observed on the daily scale, adding further confirmation. Traders may consider entering long positions in the Rs 690–705 zone, with an upside target of Rs 750. Strategy: Buy Target: Rs 750 Stop-Loss: Rs 670 Cyient | CMP: Rs 1,258.4  Cyient is nearing a crucial technical zone that signals a potential trend reversal, supported by both time cycle and Fibonacci harmony. The stock is currently aligning with a 34-week time cycle, which corresponds to the Fibonacci number 34—often associated with key turning points in harmonic analysis. From a Fibonacci percentage standpoint, the decline from A to B was 32.18%, while the C to D correction was 49.43%. Their ratio (1.536) is close to the Golden Ratio (1.618), and its inverse (0.651) aligns with 0.618. In terms of price symmetry, the A–B fall of Rs 778.75 and the C–D drop of Rs 1,059.55 yield a ratio of 1.36—again near 1.618—confirming harmonic balance and a high-probability reversal zone. Traders may consider entering long positions in the Rs 1,245–1,260 zone. Strategy: Buy Target: Rs 1,400 Stop-Loss: Rs 1,170 Birlasoft | CMP: Rs 420.45  Birlasoft appears to evolve around a 427-calendar-day cycle, which aligns closely with a Gann Square of 144 (i.e., 144 × 3 = 427). This time confluence is forming near a major support level at Rs 330, adding strength to the view that this level could potentially mark a significant bottom. The alignment of time and price makes this a critical level to monitor for a possible trend reversal. Furthermore, on the daily chart, an Inverse Head & Shoulders pattern has formed and the neckline has been breached with strong volume. Traders may consider entering long positions in the Rs 425–415 range. Strategy: Buy Target: Rs 510 Stop-Loss: Rs 375 Riyank Arora, Technical Analyst at Mehta Equities Chalet Hotels | CMP: Rs 870  Chalet Hotels has given a strong breakout from its triangular consolidation pattern, accompanied by a sharp surge in volumes. The RSI (14) on the daily timeframe is at 62, indicating strong momentum and underlying strength. The MACD has witnessed a bullish crossover, suggesting the stock can move towards Rs 925 and higher levels. A strict stop-loss at Rs 850 should be maintained to manage risk effectively. Strategy: Buy Target: Rs 925 Stop-Loss: Rs 850 Adani Ports and Special Economic Zone | CMP: Rs 1,362.1  Adani Ports has given a strong breakout above its immediate resistance level of Rs 1,300, and is showing clear signs of momentum and strength. With RSI (14) positioned at 68, the momentum appears robust, and the stock looks poised for an upside move toward Rs 1,500 and beyond. The MACD also signals strong momentum. A strict stop-loss at Rs 1,290 should be maintained for risk management. Strategy: Buy Target: Rs 1,500 Stop-Loss: Rs 1,290 Motilal Oswal Financial Services | CMP: Rs 736.1  Motilal Oswal has broken out above its immediate resistance level of Rs 704.65, supported by a sharp surge in volumes. The RSI (14) is placed at 61, indicating strong momentum, while the MACD shows a positive crossover, adding credibility to the breakout. An upside target of Rs 780 and above is expected, with a stop-loss at Rs 700 to limit downside risk. Strategy: Buy Target: Rs 780 Stop-Loss: Rs 700"
07 May 2025,Buy Adani Ports and SEZ; target of Rs 1550: Motilal Oswal,https://www.moneycontrol.com/news/business/stocks/buy-adani-ports-and-sez-target-of-rs-1550-motilal-oswal-13011479.html,"Motilal Oswal is bullish on Adani Ports and SEZ recommended buy rating on the stock with a target price of Rs 1550 in its research report dated May 01, 2025.",Buy,"Motilal Oswal's research report on Adani Ports and SEZ Adani Ports & SEZ (APSEZ) reported a revenue growth of 23% YoY to INR85b in 4QFY25 (in-line). Cargo volumes grew 8% YoY to 118mmt. The growth was primarily led by containers. In FY25, APSEZ managed ~27% of the country’s total cargo and ~45% of container cargo. EBITDA margin came in at 59% in 4QFY25 vs. our estimate of 63.6% (+30bp YoY, -130bp QoQ). EBITDA grew 24% YoY to INR50b (6% below our estimate), while APAT increased 34% YoY to INR31b (in line). During 4QFY25, port revenue grew 17% YoY to INR64.2b. Port EBITDA margin stood at 72% in 4Q (+200bp YoY). Logistics revenue grew 84% YoY to INR10.3b. EBITDA margins in the logistics business stood at 18% in 4Q FY25 (19% in 4Q FY24) During FY25, APSEZ’s revenue was INR305b (+14% YoY), EBITDA was INR184b (+16% YoY), EBITDA margin came in at 60.4%, and APAT stood at INR108b (+22% YoY). Outlook We expect APSEZ to report 11% growth in cargo volumes over FY25-27. This would drive a CAGR of 15%/16%/21% in revenue/EBITDA/PAT over FY25-27E. We reiterate our BUY rating with a TP of INR1,550 (premised on 15x on FY27E EV/EBITDA). For all recommendations report, click here Adani Ports SEZ - 02052025 - moti"
05 May 2025,"Sensex jumps 500 pts, Nifty above 24,500: Sharp fall in crude, other key factors behind market rally",https://www.moneycontrol.com/news/business/markets/sensex-jumps-450-pts-nifty-above-24-500-sharp-fall-in-crude-other-key-factors-behind-market-rally-13012792.html,Sensex and Nifty surged on Monday amid sustained foreign fund inflows and a sharp drop in crude oil prices.,"Sensex, Nifty surged on Monday amid sustained foreign fund inflows and positive global cues .","The equity benchmark indices Sensex and Nifty surged in early trade on Monday amid sustained foreign fund inflows and a sharp drop in crude oil prices. Firm trends in the US markets also led to the positive momentum in the domestic markets. The Sensex climbed 507.65 points or 0.63 percent to an intraday high of 81,009.64 in early trade, while the NSE Nifty surged 164.6 points or 0.67 percent to a high of 24,511.30. Adani Ports, Asian Paints, Bajaj Finserv, Tata Consultancy Services, Infosys, HDFC Bank, Power Grid, HCL Tech, Titan and Tata Motors were among the major gainers in Monday's trading session. Here are the key factors behind the market rise today: 1) Consistent FII buying: Foreign Institutional Investors (FIIs) bought equities worth Rs 2,769.81 crore on Friday. Foreign investors injected Rs 4,223 crore in the country's equity market in April as they turned net buyers for the first time in three months amid favourable global cues and robust domestic fundamentals. The inflow of foreign capital came last month following a back-to-back net outflow of Rs 3,973 crore in March, Rs 34,574 crore in February, and Rs 78,027 crore in January. ""The reversal in FII strategy in India from selling to buying continued for the week ending 2nd May. During the last 12 trading days FIIs have been sustained buyers in the cash market. This is a major pivot in FII strategy. And this will impart resilience to the market. The steep decline in the dollar index from 111 on 11th January to 99 recently continues to be a strong tailwind for the market,"" V K Vijayakumar, Chief Investment Strategist, Geojit Investments Ltd, said. 2) Sharp fall in crude: Oil prices tumbled on concerns of a supply overload, after OPEC+ decided to increase its output, adding to supply at a time when demand is challenged by the drag from the trade war. Global benchmark Brent tumbled by as much as 4.6 percent toward $58 a barrel as the week’s trading kicked off, while West Texas Intermediate was near $56. India, which relies on imports for 85 percent of its crude needs, stands to gain from the price drop, as do industries that use crude derivatives. Lower crude prices translate to softer input costs for paint and tyre companies like Asian Paints, boosting gross margins and profitability. Stock Market LIVE Updates 3) Positive global cues: On Friday, Wall Street extended its gains to a ninth straight day, the market’s longest winning streak since 2004. It has reclaiming much of the ground it lost after President Donald Trump escalated his trade war in early April. The rally was spurred by a better-than-expected report on the U.S. job market and revived hopes that Washington will tone down its trade tensions with China. The S&P 500 climbed 1.5% to 5,686.67. The Dow Jones Industrial Average added 1.4% to 41,317.43, and the Nasdaq composite rose 1.5% to 17,977.73. In Asian market, South Korea's Kospi index traded higher. 4) Indian Rupee Gains: The rupee gained 39 paise to 84.18 against the US dollar on Monday, as continued foreign investor interest in Indian assets lent fundamental support to the local unit. Forex traders said a sharp decline in crude oil prices and a positive trend in domestic equities enthused investors further. Brent crude oil prices slumped nearly 4 percent in the morning Asian trade after OPEC+ signalled over the weekend that they will further increase production in the coming months. 5) Buying in IT stocks: Heavy buying was seen in the IT shares ahead of the US fed meeting on Wednesday. Persistent Systems, Coforge, Tata Consultancy Services, LTIMindtree and Wipro were among the major gainers, rising up to 2 percent. What technical analysts say? Anand James, Chief Market Strategist at Geojit Investments noted ""Friday’s vicious rejection trades forced Nifty to form a gravestone doji candlestick pattern. However, the close near 24350 which is incidentally the same as that of each of the six previous days encourages us to the ignore the bearish signal from the doji for now, and stick with the 25000 views."" ""That said, any sign of slipping below 24280 would have to be taken as an indication towards weakness, though it might require a confirmation from a break below 23850, to play a 23670-23460 plunge. The odds of the same appear low at this point though, but we remain cautious."""
05 May 2025,"Stocks to Watch Today: SBI, Kotak Mahindra Bank, Marico, Indian Bank, RR Kabel, AU SFB, Azad Engineering, IRCON, Concord Biotech in focus on 5 May",https://www.moneycontrol.com/news/business/markets/stocks-to-watch-today-sbi-kotak-mahindra-bank-marico-indian-bank-rr-kabel-au-sfb-azad-engineering-ircon-concord-biotech-in-focus-on-5-may-13012519.html,"Stocks to Watch, 05 May: Stocks like Avenue Supermarts, Vardhman Textiles, Voltamp Transformers, PNB Gilts, Archean Chemical Industries, Sanofi Consumer Healthcare India, Gravita India, Sunteck Realty, City Union Bank, Aether Industries, Shilpa Medicare, BSE, GOCL Corporation, Tata Motors, Indraprastha Gas, and Tata Steel will be in focus on May 5.",Stocks to Watch Today,"Let's catch up on the latest news from the stock market. From significant investments to major deals, quarterly earnings, order wins, acquisitions, and appointments, here’s a quick look at which stocks will be in focus in today's trade: Results Today Mahindra & Mahindra, Indian Hotels Company, Coforge, Bombay Dyeing & Manufacturing Company, Computer Age Management Services, CCL Products, Capri Global Capital, Cigniti Technologies, Ethos, Jammu & Kashmir Bank, Nureca, Unicommerce Esolutions, and Zee Media Corporation will release their quarterly earnings on May 5. Quarterly Earnings State Bank of India Q4 (Standalone YoY) Profit drops 9.9% to Rs 18,642.6 crore Vs Rs 20,698.4 crore Net interest income grows 2.7% to Rs 42,774.6 crore Vs Rs 41,655.2 crore Provisions and contingencies spikes 4-fold to Rs 6,441.7 crore Vs Rs 1,609.8 crore Gross NPA falls to 1.82% Vs 2.07% (QoQ) Net NPA declines to 0.47% Vs 0.53% (QoQ) Board declares dividend of Rs 15.9 per share for FY25 Board approves fund raising up to Rs 25,000 crore in FY26 Kotak Mahindra Bank Q4 (Standalone YoY) Profit declines 14.1% to Rs 3,551.7 crore Vs Rs 4,133.3 crore Net interest income increases 5.4% to Rs 7,283.6 crore Vs Rs 6,909.4 crore Provisions and contingencies soars 244.8% to Rs 909.4 crore Vs Rs 263.7 crore Gross NPA slips to 1.42% Vs 1.50% (QoQ) Net NPA drops to 0.31% Vs 0.41% (QoQ) Avenue Supermarts Q4 (Consolidated YoY) Profit falls 2.2% to Rs 550.9 crore Vs Rs 563.3 crore Revenue grows 16.9% to Rs 14,872 crore Vs Rs 12,726.6 crore Indian Bank Q4 (Standalone YoY) Profit zooms 31.6% to Rs 2,956.1 crore Vs Rs 2,247 crore Net interest income rises 6.2% to Rs 6,389.3 crore Vs Rs 6,015.4 crore Provisions and contingencies plunge 36.3% to Rs 794.6 crore Vs Rs 1,247.8 crore Gross NPA drops to 3.09% Vs 3.26% (QoQ) Net NPA slips to 0.19% Vs 0.21% (QoQ) Vardhman Textiles Q4 (Consolidated YoY) Profit jumps 18.3% to Rs 237.3 crore Vs Rs 200.6 crore Revenue increases 2% to Rs 2,508.6 crore Vs Rs 2,459.4 crore Voltamp Transformers Q4 (YoY) Profit rises 3.5% to Rs 96.8 crore Vs Rs 93.5 crore Revenue soars 23.9% to Rs 624.8 crore Vs Rs 504.2 crore Board recommends dividend of Rs 100 per share for FY25 PNB Gilts Q4 (YoY) Profit increases 10.1% to Rs 75 crore Vs Rs 68.1 crore Revenue declines 11.6% to Rs 418.8 crore Vs Rs 473.9 crore Archean Chemical Industries Q4 (Consolidated YoY) Profit drops 6.7% to Rs 53.7 crore Vs Rs 57.6 crore Revenue grows 21.7% to Rs 345.6 crore Vs Rs 283.9 crore Sanofi Consumer Healthcare India Q1 (YoY) Profit sinks 20.3% to Rs 50 crore Vs Rs 62.7 crore Revenue tanks 22.1% to Rs 172.6 crore Vs Rs 221.6 crore Gravita India Q4 (Consolidated YoY) Profit grows 36.7% to Rs 94.9 crore Vs Rs 69.4 crore Revenue jumps 20.1% to Rs 1037.1 crore Vs Rs 863.4 crore Board declares interim dividend of Rs 6.35 per share RR Kabel Q4 (Consolidated YoY) Profit spikes 64% to Rs 129.1 crore Vs Rs 78.7 crore Revenue soars 26.4% to Rs 2,217.8 crore Vs Rs 1,754 crore Sunteck Realty Q4 (Consolidated YoY) Profit plunges 50.3% to Rs 50.4 crore Vs Rs 101.3 crore Revenue sinks 51.7% to Rs 206 crore Vs Rs 426.9 crore City Union Bank Q4 (YoY) Profit grows 13% to Rs 288 crore Vs Rs 254.8 crore Net interest income increases 9.8% to Rs 600.3 crore Vs Rs 546.6 crore Provisions and contingencies zooms 143.8% to Rs 78 crore Vs Rs 32 crore Gross NPA drops to 3.09% Vs 3.36% (QoQ) Net NPA declines to 1.25% Vs 1.42% (QoQ) Aether Industries Q4 (Consolidated YoY) Profit stands at 50.3 crore Vs loss of Rs 1.4 crore Revenue zooms 104.4% to Rs 240.2 crore Vs Rs 117.5 crore Marico Q4 (Consolidated YoY) Profit increases 7.8% to Rs 345 crore Vs Rs 320 crore Revenue grows 19.8% to Rs 2,730 crore Vs Rs 2,278 crore EBTIDA rises 3.6% to Rs 458 crore Vs Rs 442 crore Margin drops 260 bps to 16.8% Vs 19.4% Board recommends final dividend of Rs 7 per share for FY25 Stocks to Watch AU Small Finance Bank True North, Indium IV (Mauritius), and Silver Leaf Oak are likely to sell 92.3 lakh shares (1.24% equity) in the bank via block deals, reports CNBC-TV18 quoting sources. The floor price is set at Rs 650 per share. Azad Engineering The company has signed a long-term supply agreement with GE Steam Power GMBH, acting through its GE Vernova Power business based in Baden, Switzerland, for the manufacture and supply of highly engineered and complex rotating and stationary airfoils for advanced nuclear, industrial, and thermal power industries. This phase of the contract is valued at $53.5 million (Rs 452.48 crore). IRCON International The company has received a work order worth Rs 458.14 crore from North Eastern Electric Power Corporation. The order involves the construction of civil works on an item-rate basis for the Tato-I Hydro Electric Project in Arunachal Pradesh. Shilpa Medicare The company's biologics subsidiary, Shilpa Biologics, has received European GMP certification for its Dharwad plant in Karnataka for manufacturing test batches, based on a recent inspection. The inspection was conducted between February 18–20 by the competent authority of Austria. Concord Biotech The US Food and Drug Administration has issued Form 483 with four observations for the company's API facility in Dholka. The US health regulator inspected the facility between April 28 and May 2. These observations are procedural in nature and none are related to data integrity. BSE The company has executed a Share Purchase Agreement to divest its 100% stake in BSE Institute (BIL) to AV Financial Experts Network for Rs 16.9 crore, subject to the fulfilment of pre-closing obligations. GOCL Corporation The company has received approval from its Board to sell its subsidiary, IDL Explosives, to Apollo Defence Industries for Rs 107 crore. Tata Motors The Board has approved the issuance of non-convertible debentures (NCDs) worth up to Rs 500 crore. Indraprastha Gas The Board has approved the appointment of Rajkumar Dubey as Chairman of the company, effective May 1. Sukhmal Kumar Jain has ceased to be the Chairman. Tata Steel Life Insurance Corporation of India has increased its stake in Tata Steel to 7.851% from 5.836% between July 28, 2022, and April 30, 2025. NTPC The company's subsidiary, NTPC Renewable Energy, has declared commercial operation of the third and final phase of its 60 MW capacity, part of the 150 MW Gujarat Solar PV project. With this, the total installed and commercial capacity of the NTPC Group has reached 80,155 MW. JSW Steel The Revisionary Authority has set aside the demand notices and remanded the matter back to the State Government of Odisha to be disposed of after providing a proper opportunity for a hearing to the company. The Deputy Director of Mines had issued a demand notice, claiming Rs 702 crore for an alleged drop in the grade of production, violation of the mining plan, and use of a higher mesh size for screening in respect of iron ore mining at the Narayanposhi, Jajang, Nuagaon, and Gonua mines. Adani Ports and Special Economic Zone The company handled cargo volume of 37.5 MMT, a 4% YoY growth, led by containers (up 21% YoY), and liquids and gas (up 8% YoY). Its logistics rail volume stood at 57,751 TEUs, up 17% YoY, while GPWIS volume reached 1.8 MMT, up 4% YoY. Bulk Deals Resourceful Automobile Plutus Capital Management LLP bought 30,000 equity shares in the company at an average price of Rs 70.26 per share. Expo Gas Containers Aegis Investment Fund bought 2,48,991 equity shares in the company at an average price of Rs 60 per share. Gujarat Natural Resources Prime Venture Growth Fund-I sold 6.5 lakh shares in the company at an average price of Rs 46.76 per share. Block Deals PNB Housing Finance Quality Investment Holdings PCC exited PNB Housing by selling its entire 10.44% stake (2.71 crore shares) at an average price of Rs 1,000.20 per share, valued at Rs 2,712.97 crore. However, the buyers for the 10.44% stake included Edelweiss MF, Franklin Templeton MF, Aditya Birla Sun Life MF, ICICI Prudential Life Insurance Company, Nippon India MF, Bandhan MF, Kotak Mahindra MF, Daiwa House Industry Pension Fund, Employees Provident Fund Board, Nomura, Singularity Holdings, Viridian Asia Opportunities Master Fund, AL Mehwar Commercial Investments, Ask Absolute Return Fund, Aurigin Master Fund, Axis MF, Bank of India MF, Canara Robeco MF, Carmignac Portfolio, Citigroup, Cohesion MK Best Ideas Sub-Trust, Discovery Global Opportunity Mauritius, DSP MF, Edelweiss Life Insurance Company, Florida Retirement System, Ghisallo Master Fund, Goldman Sachs, HDFC Bank, ITI MF, Jupiter India Fund, Kotak Mahindra Life Insurance Company, Mahindra Manulife MF, Max Life Insurance, Morgan Stanley, Motilal Oswal MF, Neuberger Berman, Norges Bank, Nuvama Multi Asset Strategy Return Fund, Optimix Wholesale, PI Opportunities AIF V, Plutus Wealth Management, Aditya Birla Sun Life Insurance Company, SBI Life Insurance, Societe Generale, Subhkam Ventures, Sundaram MF, Tara Emerging Asia Liquid Fund, Tata AIA Life Insurance, Tata MF, Jupiter Global Fund, Saudi Second Investment Company, Theleme India Master Fund, UTI MF, and Valuequest India. Stocks Trade Ex-Dividend Oberoi RealtyPTC India Stocks in F&O ban RBL Bank"
02 May 2025,Top gainers and losers today: Stocks that moved the most on May 2,https://www.moneycontrol.com/news/business/markets/top-gainers-and-losers-today-stocks-that-moved-the-most-on-may-2-13011002.html,"In the broader market, the BSE Midcap index slipped 0.4%, while the Smallcap index ended flat. Sectorally, media, energy, IT, and oil & gas gained between 0.3% and 0.7%. ",Markets,"Indian equity benchmarks ended higher after a volatile session on May 2, with the Nifty managing to hold above the 24,300 mark. The Sensex closed 259.75 points higher at 80,501.99, while the Nifty edged up 12.50 points, or 0.05%, to settle at 24,346.70. Market breadth remained negative, with 1,672 stocks advancing, 2,122 declining, and 134 remaining unchanged on the BSE. Adani Ports Adani Ports shares surged over 5 percent following Q4FY25 results that reflected a 7.5x jump in net profit (including an one-time exceptional gain), to reach Rs 3,844.91 crore. Motilal Oswal has maintained a 'Buy' rating on the stock, signaling continued confidence in the company's performance. Bajaj Finance Bajaj Finance was amongst the top gainers on the Nifty 50 index today. The shares of the company rose nearly 3 percent intraday. Notably, the NBFC recently announced a stock spilt and bonus issue of shares. TVS Motor TVS Motor shares rose by 3 percent intraday. This comes after the company reported a sales growth of 16 percent YoY to 4.44 lakh units in April 2025. Its EV sales grew 59 percent, while exports increased 45 percent. Three-wheeler sales also grew 50 percent to 13,566 units in the month. Godrej Properties Godrej Properties shares rose 4.6 percent despite 19 percent YoY profit drop in Q4 to reach Rs 382 crore for Q4 FY24-25. However, net profit surged 135 percent QoQ from Rs 163 crore, signalling strong sequential growth. Vishal Mega Mart Vishal Mega Mart shares were up by 3 percent in today’s session. Vishal Mega Mart posted consolidated net sales of Rs 2,547.89 crore for March 2025, marking a 23.15 percent year-on-year increase, reflecting strong growth in its retail operations. Mankind Pharma Mankind Pharma shares dropped 4% after Macquarie downgraded the stock to 'Underperform'. The international brokerage also slashed the pharma company's earnings estimates for FY25, FY26, and FY27 by 17 percent, 24 percent, and 17 percent respectively, citing earnings dilution following the BSV acquisition. Star Health Insurance Star Health Insurance shares slipped over 3 percent intraday, despite a positive outlook from YES Securities. The brokerage remains bullish on the stock with a 'Buy' rating. Greenply Industries Greenply Industries shares fell by 2.3 percent in today's session after the company's consolidated quarterly numbers were released. Net Sales was up by 8.17 percent at Rs 648.77 crore. However, the firm's EPS decreased to Rs. 1.33 in March 2025 from Rs. 2.63 in March 2024. Bandhan Bank Bandhan Bank shares slipped over 2 percent today. However, domestic brokerage Anand Rathi reiterated its 'Buy' call on the stock. Despite the intraday decline, Anand Rathi remains bullish on Bandhan Bank. The bank is expected to generate a ~1.5 percent RoA in the medium term. Federal Bank Federal Bank shares dropped 4% today. However, Anand Rathi remains bullish on Federal Bank, maintaining a 'Buy' rating. The brokerage expects the bank to deliver strong growth and sustain a 1.2 percent return on assets (RoA) through FY26/27."
02 May 2025,"Adani Ports Consolidated March 2025 Net Sales at Rs 8,488.44 crore, up 23.08% Y-o-Y",https://www.moneycontrol.com/news/business/earnings/adani-ports-consolidated-march-2025-net-sales-at-rs-8-488-44-crore-up-23-08-y-o-y-13011324.html,,,"Reported Consolidated quarterly numbers for Adani Ports and Special Economic Zone are: Net Sales at Rs 8,488.44 crore in March 2025 up 23.08% from Rs. 6,896.50 crore in March 2024. Quarterly Net Profit at Rs. 3,014.22 crore in March 2025 up 47.78% from Rs. 2,039.66 crore in March 2024. EBITDA stands at Rs. 5,287.15 crore in March 2025 up 21.62% from Rs. 4,347.29 crore in March 2024. Adani Ports EPS has increased to Rs. 13.95 in March 2025 from Rs. 9.44 in March 2024. Adani Ports shares closed at 1,216.50 on April 29, 2025 (NSE) and has given -12.87% returns over the last 6 months and -8.18% over the last 12 months. "
02 May 2025,Adani Ports shares gain 5% after March quarter profit jumps 50%; brokerage sees up to 27% upside,https://www.moneycontrol.com/news/business/markets/adani-ports-shares-gain-6-after-march-quarter-profit-jumps-50-brokerage-sees-up-to-27-upside-13011058.html,Adani Ports shares emerged as the biggest gainer among the Sensex and Nifty firms.,Adani Ports & SEZ Share Price Today,"Adani Ports shares rose over 6 percent on Friday in early trade after the firm reported a 50 percent jump in its March quarter net profit. The company also issued a higher year-on-year revenue growth forecast for the current fiscal. Shares of Adani Ports and Special Economic Zone (APSEZ) rose 6.45 percent to an intraday high of Rs 1,295 per share on the NSE. Later in the day, it pared some gains to quote at Rs 1,273.6 apiece, higher by 4.69 percent. The stock emerged as the biggest gainer among the Sensex and Nifty firms. The company on Thursday reported a 50 percent jump in its March quarter net profit and issued a higher year-on-year revenue growth forecast for the current fiscal, citing a strong growth in port volumes and robust rise in logistics business. Net profit of Rs 3,025 crore in January-March - the fourth quarter of April 2024 to March 2025 fiscal year - compared with Rs 2,015 crore earnings in the same period a year back, the company said in a statement. The domestic brokerage Motilal Oswal tagged a 'Buy' rating to the stock, recommending a price target of Rs 1,550 per share, a 27 percent upside potential from its Wednesday's closing price. APSEZ’s 4QFY25/FY25 performance was broadly in line, and the company is projected to grow at 1.5-2.0x India’s cargo volume, propelled by market share gains and capacity expansion. Additionally, its logistics business will enhance last-mile connectivity, adding value to domestic port operations, the report said."
02 May 2025,"Sensex up 500 pts, Nifty above 24,400: Rupee rally, other key factors behind market rise",https://www.moneycontrol.com/news/business/markets/sensex-soars-900-pts-nifty-above-24-550-rupee-rally-other-key-factors-behind-market-rise-13010905.html,"Investor wealth rose by Rs 3.72 lakh crore on May 2; Adani Ports, Maruti Suzuki, IndusInd Bank among top Nifty gainers","Sensex, Nifty trade higher on May 2 on a rally in Indian rupee and trade talks between United States and China. ","The benchmark equity indices surged nearly 1 percent on Friday as a stronger rupee, sustained foreign inflows and global cues lifted the domestic market sentiment before profit booking capped the gains. The Sensex jumped 917.17 points or 1.14 percent to touch an intraday high of 81,159.41. The broader Nifty also advanced 254.95 points or 1.04 percent to reach a high of 24,589.15.  However, the benchmarks later pared the gains as Sensex was trading nearly 450 points higher and Nifty was trading above 24,400. At 11:06 am, the Sensex was up 439.51 points or 0.55 percent at 80,681.75, and the Nifty was up 91.10 points or 0.37 percent at 24,425.30. About 1996 shares advanced, 1199 shares declined, and 135 shares unchanged. Adani Ports and Special Economic Zone, Maruti Suzuki India, Hindalco Industries, ETERNAL, IndusInd Bank were among the top gainers in the Nifty pack today, rising up to 5 percent. Here are the main factors that supported Friday’s market rally: 1) Rupee Strengthens: The Indian rupee appreciated significantly, breaching the 84-per-dollar mark for the first time since October 1, 2024. It opened 40 paise stronger at 84.09 and later strengthened to 83.90 against the US dollar, compared to the previous close of 84.49. Currency traders attributed the rally to strong capital inflows into both equities and debt markets. Positive developments in India-US tariff discussions also supported the local unit. Rupee extends gains, below 84/$ for the first time since October 2024 2) US-China Trade Talk Hopes: China indicated that it may be open to resuming trade talks with the United States. China’s Commerce Ministry said it had received signals from Washington seeking dialogue, raising hopes of easing tensions between the world’s two largest economies, according to Bloomberg. ""The US has recently sent messages to China through relevant parties, hoping to start talks,"" the Chinese ministry said, adding that Beijing is evaluating the possibility. Stock Market LIVE Updates 3) Sustained FII Buying: Foreign institutional investors (FIIs) continued to pump money into Indian markets, buying equities worth Rs 50.57 crore on Wednesday. This marked the eleventh consecutive session of net buying by overseas investors. VK Vijayakumar, Chief Investment Strategist at Geojit Financial Services, said, ""The surprising resilience of the market has been primarily driven by sustained FII buying, totalling Rs 37,375 crore in the last eleven sessions. A weaker dollar, softening crude prices, declining interest rates in India and early signs of recovery in demand are all aiding the rally."" 4) Robust GST Collections: Goods and Services Tax (GST) collection rose 12.6 percent Y-o-Y to an all-time high of about Rs 2.37 lakh crore in April, which the government said shows the resilience of the Indian economy and the effectiveness of cooperative federalism. The record GST collection also provided a positive backdrop, pointing to strong consumption trends. 5) Optimism over India-US trade deal: Hopes of early India-US trade deal also bolstered sentiment further. US President Donald Trump said that tariff talks with India were ""going great"" and suggested there was a possibility the two nations could reach a deal. ""Talks with India on tariffs were coming along great, and he thinks the two countries will reach a deal,"" Trump was quoted as saying by Reuters. ""The high probability of India among the five ‘allies’ of the US entering into early trade deals with the US is a significant positive factor,"" said VK Vijayakumar. ""At the current juncture of high valuations (Nifty trading at above 20 times estimated FY 26 earnings) and high India-Pak tensions, the near-term risk-reward is not in favour of high reward. Therefore, investors can play it safe by increasing the cash component in the portfolio even while remaining invested,"" he added. Trump optimistic about trade deal with India, says tariff talks 'going great' 6) Positive global cues: In Asian markets, South Korea's Kospi index, Tokyo's Nikkei 225 and Hong Kong's Hang Seng were trading in the positive territory while Shanghai SSE Composite index quoted marginally lower. US markets ended in the positive zone on Thursday. 7) Drop in Crude: The global oil benchmark Brent crude dropped to USD 62.56 a barrel. ""Domestically, the market sentiment remains upbeat due to continued FII buying, strong quarterly earnings, record high GST collection during the month of April, and a drop in oil prices to a three-month low of USD 61 per barrel,"" Vikas Jain, Head of Research at Reliance Securities, said. What Technical Analysts Said? Anand James, Chief Market Strategist at Geojit Investments noted that a persistent inability to close above 24359, is a warning sign, but bargain hunters appear equally eager as is evident from the long lower wick on majority of the last six days. ""While standard deviation studies point to extension of uptrend beyond 25000, oscillators have been softening, signaling lack of strength, prompting us to keep the downside marker in the 24190-119 region. The support levels identified below are 24070-23950, and then 23670,"" he added."
02 May 2025,"Adani Ports Standalone March 2025 Net Sales at Rs 2,129.80 crore, up 8.46% Y-o-Y",https://www.moneycontrol.com/news/business/earnings/adani-ports-standalone-march-2025-net-sales-at-rs-2-129-80-crore-up-8-46-y-o-y-13010980.html,,,"Reported Standalone quarterly numbers for Adani Ports and Special Economic Zone are: Net Sales at Rs 2,129.80 crore in March 2025 up 8.46% from Rs. 1,963.59 crore in March 2024. Quarterly Net Profit at Rs. 700.13 crore in March 2025 up 12.4% from Rs. 622.90 crore in March 2024. EBITDA stands at Rs. 1,928.32 crore in March 2025 up 12.09% from Rs. 1,720.38 crore in March 2024. Adani Ports EPS has increased to Rs. 3.24 in March 2025 from Rs. 2.88 in March 2024. Adani Ports shares closed at 1,216.50 on April 29, 2025 (NSE) and has given -12.87% returns over the last 6 months and -8.18% over the last 12 months. "
02 May 2025,"Stocks to Watch Today: PNB Housing, JSW Energy, Maruti Suzuki, M&M, Paras Defence, Federal Bank, Eternal, Mobikwik, NMDC, NCC in focus on 2 May",https://www.moneycontrol.com/news/business/markets/stocks-to-watch-today-pnb-housing-jsw-energy-maruti-suzuki-m-m-paras-defence-federal-bank-eternal-mobikwik-nmdc-ncc-in-focus-on-2-may-13010670.html,"Stocks to Watch, 02 May: Stocks like Adani Enterprises, Adani Ports and Special Economic Zone, Indus Towers, Jindal Steel & Power, Nuvoco Vistas Corporation, Home First Finance Company India, Sundram Fasteners, MOIL, Phoenix Mills, Godrej Agrovet, LG Balakrishnan & Brothers, JSW Infrastructure, and Sona BLW Precision Forgings will be in focus on May 2.",Stocks to Watch Today,"Let's catch up on the latest news from the stock market. From significant investments to major deals, quarterly earnings, order wins, and appointments, here’s a quick look at which stocks will be in focus in today's trade: Results Today Marico, Godrej Properties, Archean Chemical Industries, Aether Industries, City Union Bank, Gravita India, Indian Overseas Bank, Jindal Saw, Latent View Analytics, Parag Milk Foods, PNB Gilts, R R Kabel, Sanofi Consumer Healthcare India, Subex, Sunteck Realty, Tatva Chintan Pharma Chem, and V-Mart Retail will release quarterly earnings on May 2. Results on May 3 State Bank of India, Kotak Mahindra Bank, Avenue Supermarts, Indian Bank, Utkarsh Small Finance Bank, Voltamp Transformers, and Netweb Technologies India will announce their quarterly earnings on May 3 Quarterly Earnings Adani Enterprises Q4 (Consolidated YoY) Profit zooms 8.5-fold to Rs 3,844.9 crore Vs Rs 450.6 crore Revenue declines 7.6% to Rs 26,965.9 crore Vs Rs 29,180 crore Exceptional gain stands at Rs 3,945.7 crore Vs exceptional loss of Rs 627.4 crore Board approves raising funds up to Rs 15,000 crore via QIP, preferential issue, or any other method Adani Ports and Special Economic Zone Q4 (Consolidated YoY) Profit jumps 47.8% to Rs 3,014.2 crore Vs Rs 2,039.7 crore Revenue grows 23.1% to Rs 8,488.4 crore Vs Rs 6,896.5 crore Board recommends dividend Rs 7 per share Indus Towers Q4 (Consolidated YoY) Profit drops 4% to Rs 1,779.1 crore Vs Rs 1,853.1 crore Revenue rises 7.4% to Rs 7,727.1 crore Vs Rs 7,193.2 crore Jindal Steel & Power (JSPL) Q4 (Consolidated YoY) Loss stands at Rs 303.6 crore Vs profit of Rs 933.5 crore Revenue declines 2.3% to Rs 13,183.1 crore Vs Rs 13,487 crore Exceptional loss stands at Rs 1,229.5 crore Vs Nil Eternal (formerly Zomato) Q4 (Consolidated YoY) Profit tanks 77.7% to Rs 39 crore Vs Rs 175 crore Revenue soars 63.8% to Rs 5,833 crore Vs Rs 3,562 crore Nuvoco Vistas Corporation Q4 (Consolidated YoY) Profit zooms 65% to Rs 165.5 crore Vs Rs 100.4 crore Revenue increases 3.7% to Rs 3,042.3 crore Vs Rs 2,933.4 crore Home First Finance Company India Q4 (YoY) Profit grows 25.4% to Rs 104.7 crore Vs Rs 83.5 crore Revenue jumps 26.2% to Rs 172.6 crore Vs Rs 136.8 crore Board recommends dividend of Rs 3.70 per share Sundram Fasteners Q4 (Consolidated YoY) Profit falls 6.8% to Rs 124.4 crore Vs Rs 133.6 crore Revenue rises 4.4% to Rs 1,530.6 crore Vs Rs 1,466.5 crore MOIL Q4 (YoY) Profit soars 26.9% to Rs 115.7 crore Vs Rs 91.1 crore Revenue increases 4.2% to Rs 433.4 crore Vs Rs 415.9 crore Phoenix Mills Q4 (Consolidated YoY) Profit drops 17.7% to Rs 268.8 crore Vs Rs 326.7 crore Revenue slips 22.2% to Rs 1,016.3 crore Vs Rs 1,305.9 crore Board recommends final dividend of Rs 2.50 per share Godrej Agrovet Q4 (Consolidated YoY) Profit surges 23.9% to Rs 70.8 crore Vs Rs 57.1 crore Revenue falls 0.03% to Rs 2,133.6 crore Vs Rs 2,134.3 crore Board recommends final dividend of Rs 11 per share LG Balakrishnan Q4 (Consolidated YoY) Profit grows 23.8% to Rs 84 crore Vs Rs 67.9 crore Revenue increases 10.3% to Rs 669.2 crore Vs Rs 607 crore Board recommends dividend of Rs 20 per share JSW Infrastructure Q4 (Consolidated YoY) Profit zooms 54.3% to Rs 509.4 crore Vs Rs 330 crore Revenue grows 17% to Rs 1,283.2 crore Vs Rs 1,096.4 crore Federal Bank Q4 (YoY) Profit soars 13.7% to Rs 1,030.2 crore Vs Rs 906.3 crore Net interest income increases 8.3% to Rs 2,377.4 crore Vs Rs 2,195.1 crore Gross NPA ratio falls to 1.84% Vs 1.95% (QoQ) Net NPA ratio drops to 0.44% Vs 0.49% (QoQ) Sona BLW Precision Forgings Q4 (Consolidated YoY) Profit rises 10.4% to Rs 164.1 crore Vs Rs 148.7 crore Revenue declines 2.2% to Rs 864.8 crore Vs Rs 884.1 crore Paras Defence and Space Technologies Q4 (Consolidated YoY) Profit surges 97.8% to Rs 19.7 crore Vs Rs 9.97 crore Revenue jumps 35.8% to Rs 108.2 crore Vs Rs 79.7 crore Bandhan Bank Q4 (YoY) Profit spikes nearly 6-fold to Rs 317.9 crore Vs Rs 54.6 crore Net interest income declines 3.6% to Rs 2,755.9 crore Vs Rs 2,859.5 crore Provisions and contingencies drops to Rs 1,260.2 crore Vs Rs 1,774.3 crore Gross NPA ratio rises to 4.71% Vs 4.68% (QoQ) Net NPA ratio flat at 1.28% Vs 1.28% (QoQ) Monthly Auto Sales (April) Maruti Suzuki India (YoY) Total sales jump 6.96% to Rs 1.8 lakh units Vs Rs 1.68 lakh units Domestic sales increase 4% to 1.52 lakh units Vs 1.46 lakh units Exports zoom 26% to 27,911 units Vs Rs 22,160 units Total production grows 6% to 1.8 lakh units Vs 1.7 lakh units Tata Motors (YoY) Total sales decline 6.2% to 72,753 units Vs 77,521 units Domestic sales fall 7% to Rs 70,963 units Vs 76,399 units Commercial vehicle sales drop 8% to 27,221 units Vs 29,538 units Passenger vehicle sales (including EV) slip 5% to 45,532 units Vs 47,983 units Hyundai Motor India Total sales at 60,774 units Domestic sales at 44,374 units Exports at 16,400 Units Escorts Kubota (YoY) Tractor sales drop 1.2% to 8,729 units Vs 8,839 units Domestic sales decline 4.1% to 8,148 units Vs 8,492 units Export zooms 67.4% to 581 units Vs 347 units Mahindra and Mahindra (Automotive YoY) Total sales grow 19% to 84,170 units Passenger vehicle sales increase 28% to 52,330 units Vs 41,008 units Exports jump 82% to 3,381 units Vs 1,857 units 3-wheeler sales drop 1% to 5,470 Vs 5,504 units Mahindra and Mahindra (Tractor YoY) Total sales jump 8% to 40,054 units Vs 37,039 units SML Isuzu (YoY) Total sales grow 43.2% to 1,512 units Vs 1,056 units Eicher Motors (YoY) Total VECV (including EVs) sales zoom 27.3% to 6,846 units Vs 5,377 units VECV domestic sales grow 27.7% to 6,257 units Vs 4,898 units VECV exports increase 29.2% to 460 units Vs 356 units Total Royal Enfield sales rise 6% to 86,559 units Vs 81,870 units TVS Motor Company (YoY) Total sales soar 16% to 4.44 lakh units Vs 3.84 lakh units 2-wheeler sales grow 15% to 4.30 lakh units Vs 3.75 lakh units Electric vehicle sales zoom 59% to 27,684 units Vs 17,403 units Exports increase 45% to 1.17 lakh units Vs 80,508 units 3-wheeler sales grow 50% to 13,566 units Vs 9,023 units VST Tillers Tractors (YoY) Total sales spike 94.8% to 2,320 units Vs 1,191 units Power Tillers sales soar 117% to 2,003 units Vs 923 units Tractors increase 52.4% to 317 units Vs 208 units Atul Auto (YoY) Total sales grow 2% to 1,725 units Vs 1,692 units Stocks to Watch PNB Housing Finance Quality Investment Holdings PCC is likely to exit the company by selling its entire 10.44% stake via block deals. The floor price may be set at Rs 960 per share, reports CNBC-TV18, quoting sources. JSW Energy The company's subsidiary, JSW Neo Energy, has signed a Pumped Hydro Storage Power Procurement Agreement with Uttar Pradesh Power Corporation (UPPCL) for the procurement of 1,500 MW / 12,000 MWh of pumped hydro energy storage. Infosys The digital services and consulting company has completed the acquisition of MRE Consulting, a technology and business consulting service provider. HBL Engineering The company has received letters of acceptance from Western Railway for the provision of Kavach across 48 stations, covering 428 km. The total value of the contract is Rs 145.83 crore. NBCC (India) The company has received a renovation work order worth Rs 95.66 crore from the Sushma Swaraj Institute of Foreign Service, New Delhi. GR Infraprojects The company's subsidiary, Agra Gwalior Highway, has executed the concession agreement for a project worth Rs 4,262.78 crore with the National Highways Authority of India. The project involves the construction of the Agra-Gwalior Greenfield road. One MobiKwik Systems The company's subsidiary, Zaak ePayment Services, has received the Certificate of Authorisation from the Reserve Bank of India (RBI) to operate as an Online Payment Aggregator. Zaakpay is a B2B payments company that enables online businesses to accept payments seamlessly across multiple payment modes. CMS Info Systems Pankaj Rawat has resigned as Chief Marketing Officer of the company, effective April 30, to explore career opportunities outside India. Zaggle Prepaid Ocean Services The company has signed an agreement with Aster DM Healthcare to provide Zaggle Save, an employee expense management and benefits platform. NMDC The company has increased its lump ore and fines prices by Rs 440 per tonne each, to Rs 6,440 per tonne and Rs 5,500 per tonne, respectively, effective May 1. Additionally, the Board has approved the designation of K Venkateswarlu, General Manager (Finance), as the Whole-Time Chief Financial Officer of the company. Puravankara The Board will meet on May 6 to consider the raising of funds up to Rs 300 crore in one or more tranches through private placement. State Bank of India Pravin Raghavendra has superannuated as the Deputy Managing Director and COO of the bank, effective April 30. Bank of India The Board has approved capital raising of up to Rs 5,000 crore by issuing Basel-III compliant Tier-I and Tier-II bonds of Rs 2,500 crore each during FY26. NCC The company has received orders worth Rs 1,663 crore in April. Out of these, Rs 1,082 crore relates to the building division, and Rs 581 crore to the transportation division. CESC The Maharashtra Electricity Regulatory Commission has approved the arrangement for procurement of 125 MW of power from Dhariwal Infrastructure, a wholly-owned subsidiary of CESC. Aditya Birla Fashion and Retail The Board of the company's subsidiary, Aditya Birla Lifestyle Brands, has appointed Ashish Dikshit as Managing Director and Vishak Kumar as Deputy Managing Director and Chief Executive Officer. Ashish Dikshit will also continue in his current role as Managing Director of Aditya Birla Fashion and Retail. Bharat Gears Hitendra Mishra has resigned from the post of Chief Executive Officer (CEO) of the company due to personal reasons, effective April 30. Gulshan Polyols The company has been allocated a quantity of 55,476 kilolitres of ethanol under the Ethanol Blended Petrol Programme (EBPP) by oil marketing companies (IOC, HPCL, BPCL, and MRPL), with an estimated order value of Rs 362.85 crore for the ethanol supply year (ESY) 2024–2025. Bulk Deals Alan Scott Industries Ace investor Ashish Chugh sold 14,717 equity shares in the company at an average price of Rs 209.55 per share. Stocks Trade Ex-Dividend ABB IndiaACME Solar HoldingsKSBMold-Tek PackagingForbes Precision Tools and Machine PartsGujarat Intrux Stock Trades Ex-Date for Rights Alan Scott Industries Stock Trades Ex-Date for Income Distribution RITES Embassy Office Parks REIT Stocks in F&O ban RBL Bank"
01 May 2025,"Adani Ports Q4 net profit jumps 48% to Rs 3,014 crore; revenue rises 23%, to pay Rs 7 dividend",https://www.moneycontrol.com/news/business/earnings/adani-ports-q4-net-profit-jumps-48-to-rs-3-014-crore-revenue-rises-23-to-pay-rs-7-dividend-13010025.html,"The revenue from operations rose 23 percent to Rs 8,488 crore in the March quarter of FY25, against Rs 6,897 crore recorded in the December quarter.","Adani Ports Q4 net profit jumps 48% to Rs 3,014 crore; revenue rises 23%, board announces dividend.","Adani Ports on Thursday reported a 48 percent jump in consolidated net profit at Rs 3,014 crore for March quarter of FY25, driven by higher income and revenue growth. The country’s largest integrated logistics player had clocked a profit of Rs 2,040 crore in the year-ago period. The total income of Adani Ports and Special Economic Zone (APSEZ) increased to Rs 8,769.63 crore from Rs 7,199.94 crore, a jump of about 22 percent. Total expenses rose to Rs 5,382.13 crore from Rs 4,450.52 crore. The revenue from operations rose 23 percent to Rs 8,488 crore in the March quarter of FY25, against Rs 6,897 crore recorded in the December quarter. The ebefore interest, taxes, depreciation and amortization rose 23.8 percent to Rs 5,006 crore, while the same was Rs 4,044 crore in the year ago period, while the margin was reported at 59 percent against 58.6 percent. The company has also announced to pay a dividend to shareholders. In an exchange filing, it said ""The Board has recommended a Dividend Rs. 7/- (@ 350%) per equity share of Rs. 2/- each fully paid-up for the financial year 2024-25."" The said Dividend by Adani Ports, if approved and declared by the shareholders at the ensuing Annual General Meeting, shall be paid on or after June 26, 2025, subject to deduction of tax at source as applicable. Shares of the company settled flat at Rs 1,215.8 per share on the NSE on Wednesday. The ports major also surpassed market expectation for both its topline and bottomline for the quarter that ended March 31, 2025. Brokerage estimates compiled by Moneycontrol suggest net profit may rise over 12 percent YoY, while remaining broadly flat on a sequential basis. Revenue is expected to rise by 18.5 percent YoY and 3 percent quarter-on-quarter (QoQ). EBITDA is likely to grow more than 21 percent YoY, with a modest 2 percent rise QoQ. EBITDA margin is estimated to remain steady at 60 percent, in line with the previous quarter. ""Our record-breaking performance in FY25—crossing Rs 11,000 crore in PAT and handling 450 MMT cargo—is a testament to the power of integrated thinking and flawless execution,"" said Ashwani Gupta, Whole-time Director and CEO, APSEZ. APSEZ’s logistics business saw continued momentum, with container volumes rising 8 percent to 0.64 million Twenty-foot Equivalent Units (TEUs) and bulk cargo volumes reaching 21.97 MMT, up 9 percent. The number of rakes increased to 132, while warehousing capacity grew from 2.4 million to 3.1 million sq ft. Its agri silo capacity stood at 1.2 MMT, with work underway to expand it to 4 MMT. The company also saw a 23 percent YoY jump in container volumes during the quarter, driven by robust growth in both domestic and international segments. Revenue from the logistics business nearly doubled to Rs 1,030 crore in Q4FY25 from Rs 560 crore a year earlier, backed by expansion in trucking and integrated freight services. Logistics EBITDA rose to Rs 181 crore, improving margins to 18%. Marine services, another fast-growing vertical, saw revenue increase 125% YoY to Rs 361 crore, while EBITDA surged 167 percent to Rs 259 crore. APSEZ improved its net debt-to-EBITDA ratio to 1.9x from 2.3x a year earlier. The board has recommended a dividend of Rs 7 per share, implying a total payout of about Rs 1,500 crore. During the quarter, APSEZ also expanded its international footprint, beginning operations at Colombo’s West International Terminal and progressing on the acquisition of Australia’s North Queensland Export Terminal. Additionally, new terminal operations were ramped up at Vizhinjam and Gopalpur. For FY26, the company has guided for revenue of Rs 36,000–38,000 crore and EBITDA of Rs 21,000–22,000 crore, indicating sustained momentum ahead."
25 Apr 2025,"Sensex plunges 800 pts, Nifty below 24k as Pahalgam attack fuels geopolitical jitters; small, midcap indices fall 3%",https://www.moneycontrol.com/news/business/markets/sensex-plunges-800-pts-nifty-below-24k-as-pahalgam-attack-fuels-geopolitical-jitters-small-midcap-indices-fall-3-13004339.html,"Tech Mahindra, Infosys, TCS, and IndusInd Bank were among the gainers on benhcmark indices while the broader market mood remained grim with Axis Bank, Adani Ports, Bajaj Finserv, Power Grid, and NTPC leading the slide.","Sensex plunges 800 pts, Nifty below 24k as Pahalgam attack fuels geopolitical jitters; small, midcaps fall 3%","The Indian stock market is under pressure on April 25, continuing with losses after having ended its 7-day winning streak yesterday. At 12:50 pm, Indian market indices recorded over 800-point decline in Sensex while Nifty was below 24,000-level and broader markets were down by around 3 percent. Investors turned risk-averse after an attack on tourists in J&K's Pahalgam killed 26 men and heightened geopolitical tensions. Traders are adopting a cautious stance, pulling back from equities and locking in profits ahead of the weekend. The broader risk-off sentiment has also weighed on the rupee and bond markets, highlighting the broader nervousness across asset classes. Meanwhile, India VIX rose 8.15% to reach about 17.57 at intraday. At noon, it was trading 6.23% higher to reach 17.22. Tech Mahindra, Infosys, TCS, and IndusInd Bank were among the gainers on benhcmark indices while the broader market mood remained grim with Axis Bank, Adani Ports, Bajaj Finserv, Power Grid, and NTPC leading the slide. Recent policy moves by the government and RBI are aimed at reviving growth, but global trade tensions and geopolitical risks are clouding near-term gains. A note by Incred further explains that despite the usual year-end strength, earnings growth for Q4 is pegged at just 8% year-on-year, with no signs yet of a pause in the ongoing downgrades. Meanwhile, the sharp recovery in indices from their March lows has pushed mid- and small-cap valuations back to expensive territory, warranting a cautious stance. VK Vijayakumar, Chief Investment Strategist, Geojit Investments believes that there are tailwinds and headwinds for the market at present, leading to sustained FII buying. On a cumulative basis, FII's are at Rs 29513 crores as observed in the last 7 days. ""This is a total reversal of the momentum trade to US stocks when the dollar was strengthening. Since FII buying is likely to sustain bears will restrain from shorting the market. Another tailwind is US Treasury Secretary Scot Bessent’s remark that India is expected to strike the first bilateral trade deal with the US."" ""The resilience of the India economy can continue to support the market. The potential headwind looming large on the horizon is the uncertainty regarding India’s response to the terror attack and its consequences,"", he added."
21 Apr 2025,Buy Adani Ports and SEZ; target of Rs 1560: Motilal Oswal,https://www.moneycontrol.com/news/business/stocks/buy-adani-ports-and-sez-target-of-rs-1560-motilal-oswal-12999182.html,"Motilal Oswal is bullish on Adani Ports and SEZ recommended buy rating on the stock with a target price of Rs 1560 in its research report dated April 18, 2025.",Buy,"Motilal Oswal's research report on Adani Ports and SEZ APSEZ has announced the acquisition of Abbot Point Port Holdings Pte. Ltd (APPH), Singapore, from Carmichael Rail and Port Singapore Holdings Pte. Ltd (CRPSHPL) through a non-cash share-swap transaction. CRPSHPL is a related party. APPH holds the entities that own and operate the North Queensland Export Terminal (NQXT), a dedicated export terminal with a current nameplate capacity of 50mtpa. The terminal is located at the Port of Abbot Point, ~25km north of Bowen, in North Queensland on Australia’s east coast. The acquisition of APPH is being executed at an enterprise value of AUD3.97b (AUD3.15b equity value and AUD819m net debt). APSEZ will issue 143.8m new equity shares under the preferential allotment route to CRPSHPL, which will result in a net increase of 2.13% in promoter group holding. The acquisition implies an EV/EBITDA multiple of ~17x on FY25E EBITDA (10x based on FY29E EBITDA of AUD400m). Outlook We have retained our estimates for now and would update our growth forecasts once the acquisition is completed. We expect APSEZ to report 10% growth in cargo volumes over FY24-27. This would drive a CAGR of 14%/16%/21% in revenue/EBITDA/PAT over FY24-27. We reiterate our BUY rating with a TP of INR1,560 (premised on 15x FY27 EV/EBITDA). For all recommendations report, click here Adani Ports and SEZ - 21042025 - moti"
21 Apr 2025,"Stocks to Watch Today: Infosys, ICICI Bank, HDFC Bank, HDFC Life, NIIT, ABB India, Tata Elxsi, Just Dial, TCS in focus on 21 April",https://www.moneycontrol.com/news/business/markets/stocks-to-watch-today-infosys-icici-bank-hdfc-bank-hdfc-life-niit-abb-india-tata-elxsi-just-dial-tcs-in-focus-on-21-april-12999043.html,"Stocks to Watch, 21 Apr: Stocks like Infosys, HDFC Bank, ICICI Bank, HDFC Life Insurance Company, Yes Bank, Jio Financial Services, Tata Elxsi, Just Dial, IndusInd Bank, Tata Consultancy Services, ABB India, and NIIT will be in focus on April 21.",Stocks to Watch Today,"Let's catch up on the latest news from the stock market. From significant investments to major deals, quarterly earnings, appointments and acquisitions, here’s a quick look at which stocks will be in focus in today's trade: Results Today Tata Investment Corporation, Mahindra Logistics, Alok Industries, Anant Raj, Aditya Birla Money, G N A Axles, Himadri Speciality Chemical, International Gemmological Institute India, Indag Rubber, Lotus Chocolate Company, Pitti Engineering, and Rajratan Global Wire will announce their quarterly earnings on April 21. Quarterly Earnings Infosys Q4 (Consolidated QoQ) Profit rises 3.3% to Rs 7,033 crore Vs Rs 6,806 crore Revenue falls 2% to Rs 40,925 crore Vs Rs 41,764 crore EBIT declines 3.8% to Rs 8,575 crore Vs Rs 8,912 crore EBIT margin drops to 21% Vs 21.3% Revenue in dollar terms slips 4.2% to $4,730 million Vs $4,939 million Infosys FY26 Guidance Company sees revenue growth in constant currency at 0-3% Company sees operating margin in the range of 20-22% HDFC Bank Q4 (Standalone YoY) Profit grows 6.7% to Rs 17,616 crore Vs Rs 16,511.9 crore Net interest income increases 10.3% to Rs 32,066 crore Vs Rs 29,076.8 crore Gross NPA declines to 1.33% Vs 1.42% (QoQ) Net NPA drops to 0.43% % Vs 0.46% (QoQ) Board recommends dividend of Rs 22 per share ICICI Bank Q4 (Standalone YoY) Profit zooms 18% to Rs 12,630 crore Vs Rs 10,707.5 crore Net interest income jumps 11% to Rs 21,193 crore Vs Rs 19,093 crore Board recommends dividend of Rs 11 per share Gross NPA declines to 1.67% Vs 1.96% (QoQ) Net NPA slips to 0.39% Vs 0.42% (QoQ) Net interest margin expands to 4.41% Vs 4.25% (QoQ) HDFC Life Insurance Company Q4 (YoY) Total annual premium equivalent (APE) grows 10% to Rs 5,186 crore Vs Rs 4,727 crore Value of new business increases 11.5% to Rs 1,376 crore Vs Rs 1,234 crore VNB margin expands to 26.5% Vs 26.1% Board appoints Vineet Arora as additional Whole-time Director (designated as Executive Director and Chief Business Officer) effective May 1, for 3 years Yes Bank Q4 (Standalone YoY) Profit surges 63.3% to Rs 738 crore Vs Rs 452 crore Net interest income grows 5.7% to Rs 2,276 crore Vs Rs 2,153 crore Gross NPA remains steady at 1.6% Vs 1.6% (QoQ) Net NPA drops to 0.3% Vs 0.5% (QoQ) Jio Financial Services Q4 (Consolidated YoY) Profit rises 1.76% to Rs 316.1 crore Vs Rs 310.63 crore Revenue jumps 17.97% to Rs 493.24 crore Vs Rs 418.1 crore Tata Elxsi Q4 (QoQ) Profit declines 13.4% to Rs 172.4 crore Vs Rs 199 crore Revenue drops 3.3% to Rs 908.3 crore Vs Rs 939.2 crore Board recommends dividend of Rs 75 per share for FY25 Just Dial Q4 (YoY) Profit spikes 36.2% to Rs 157.6 crore Vs Rs 115.7 crore Revenue grows 7% to Rs 289.2 crore Vs Rs 270.3 crore Stocks to Watch IndusInd Bank The Board has approved the appointment of Santosh Kumar as Deputy CFO of the bank, effective April 18. Arun Khurana has been relieved from the additional responsibility of CFO, effective April 17. Tata Consultancy Services TCS has announced a partnership with Vianai Systems—a leading provider of enterprise-grade, domain-specific generative AI applications—to empower business leaders with cutting-edge GenAI tools for decision intelligence. ABB India Parent company ABB announced plans to initiate a process to propose to its Annual General Meeting in 2026 a 100% spin-off of its Robotics Division. The intention is for the business to start trading as a separately listed company during the second quarter of 2026.. NIIT The skills and talent development corporation announced the acquisition of a 70% stake in iamneo, a leading provider of deep skilling technology training solutions through a scalable AI-powered SaaS platform. Route Mobile The Board has approved the appointment of Mark James Reid as Chairman of the company, effective April 17, 2025. Guillaume Antoine Boutin has resigned as Chairman, effective the same date, due to preoccupations and other personal commitments. LIC Housing Finance The Board has appointed Lokesh Mundhra as Chief Financial Officer of the company, effective April 17. Sudipto Sil, the former CFO, has been transferred and redesignated as the Marketing Head of the Western Region in Mumbai, effective April 17. Divis Laboratories The company has signed a confidential long-term agreement with a global pharmaceutical company for the manufacturing and supply of advanced intermediates. It is planning to invest Rs 650–700 crore in capacity expansion. Craftsman Automation The company has commenced commercial operations at its new plant located in Kothavadi, Coimbatore. Ujaas Energy The Board has approved a bonus issue of 17 equity shares for every 25 shares held by existing shareholders. Adani Ports and Special Economic Zone The company is set to acquire Abbot Point Port Holdings Pte, Singapore, from Carmichael Rail and Port Singapore Holdings Pte, for consideration other than cash. It will issue 14.38 crore equity shares on a preferential basis to Carmichael Rail and Port Singapore Holdings Pte. Zydus Lifesciences The company’s subsidiary, Zydus MedTech, has entered into a strategic partnership with Brazil-based Braile Biomedica (a cardiovascular device manufacturer) to exclusively commercialize its Transcatheter Aortic Valve Implantation (TAVI) technology across Europe, India, and other select markets. Godrej Agrovet Shareholders have approved the re-appointment of Balram S Yadav as Managing Director of the company for the period from May 1 to August 31, 2025. Eternal (Zomato) The Board has approved a cap on total foreign shareholding in the company at 49.5%. Being an Indian-Owned-and-Controlled Company (IOCC) is expected to unlock new opportunities in the quick commerce segment. The current FII shareholding stands at 44.88%. Salasar Techno Engineering The Directorate of Enforcement (ED) conducted a search operation on April 16 at the residential premises of Alok Kumar, Chairman & Managing Director, and Shashank Agarwal, Joint Managing Director. Both directors have extended full cooperation during the proceedings and provided all requested information and clarifications. The company clarified that no search operation was conducted at any of its manufacturing facilities or office premises, and there has been no disruption to operations, with all business activities continuing as normal. Stock Trades Ex-Date for Split Ranjeet Mechatronics Stocks in F&O ban Angel OneHindustan CopperIREDAManappuram FinanceNational Aluminium Company Stocks removed from F&O ban Birlasoft"
18 Apr 2025,Adani Ports to acquire Australian terminal in $2.4-bn non-cash deal,https://www.moneycontrol.com/news/business/adani-ports-to-acquire-australian-terminal-in-2-4-bn-non-cash-deal-12998170.html,"A part of the deal, Adani Port will issue 143.8 million shares to Carmichael Rail and Port Singapore Holdings to buy Abbot Point Port Holdings, which owns and operates the North Queensland Export Terminal",Adani Ports to acquire Australian terminal in $2.4-bn non-cash deal,"Adani Ports and SEZ Ltd, India's biggest private port operator, announced on Thursday a $2.4 billion non-cash acquisition of a coal export terminal in Australia from a group company to strengthen its presence in the Asia-Pacific region. The Board of APSEZ ""approved the acquisition of Abbot Point Port Holdings Pte Ltd (APPH), Singapore, from Carmichael Rail and Port Singapore Holdings Pte Ltd, Singapore (CRPSHPL)"", the company said in a statement. CRPSHPL is a related party. APPH owns the entities which own and operate the North Queensland Export Terminal, a dedicated export terminal with a current nameplate capacity of 50 million tonnes per annum (MTPA). The terminal is located at the Port of Abbot Point, approximately 25 km north of Bowen in North Queensland on Australia's east coast. APSEZ had originally, in 2011, acquired the North Queensland Export Terminal (NQXT) at Abbott Point for $2 billion. Two years later, in 2013, the Adani family purchased the asset from APSEZ for the same amount, along with the capital invested, enabling the company to concentrate on expanding its domestic operations. Now, with a strengthened balance sheet and a dominant position in India, APSEZ is re-acquiring the terminal as part of its global growth strategy. ""The transaction will be completed on a non-cash basis. APSEZ will issue 14.38 crore new equity shares to CRPSHPL in exchange for the acquisition of 100 per cent interest in APPH. This is based on an enterprise value of NQXT of Australian Dollar 3.975 billion (about $2.4 billion),"" the statement said. The acquisition is valued at almost similar levels to the transfer done in 2013. This valuation is despite capital investments, growth and inflation of the past 12 years and at slightly discounted multiples to the recent deals in the region. ""As part of the transaction, APSEZ will also assume other non-core assets and liabilities on APPH's balance sheet, which APSEZ will realise within a few months of the acquisition (zero net impact on the transaction valuation). APSEZ's leverage will remain at similar levels post the transaction,"" the statement said without giving details of the liabilities. The acquisition will accelerate the APSEZ's target of doubling its volumes to 1 billion tonnes per annum by FY30, with a potential to near quadruple its volume - from 35 million tonnes in FY25 to 120 million tonnes, including potential exports of green hydrogen from Australia, the company said. This is the fourth overseas acquisition for India's largest port developer in the past two years. With this, the company will have a portfolio of 19 ports and terminals - 15 domestic and 4 overseas. A port in Israel, terminals in Tanzania and Sri Lanka are the other three international locations where APSEZ has its operations. NQXT has a contract with Bravus Mining and Resources (formerly Adani Mining, fully owned by Adani Enterprises) for the export of 9.3 million tonnes of thermal coal from the Adani Carmichael coal mine. The move by APSEZ comes at a time when the global ports industry is gaining strong prominence amid rising trade tensions, particularly between the US and China. US investment giant BlackRock is reportedly seeking to acquire Panama Ports from Hong Kong-based conglomerate CK Hutchison for $23 billion but has faced resistance from Chinese stakeholders. Last year in January, BlackRock also acquired Global Infrastructure Partners (GIP), which holds stakes in ports globally in a $12.5 billion deal. In 2019, DP World increased its stake in its Australian port at a slightly higher valuation multiple of 18x EV/EBITDA. APSEZ is acquiring NQXT at a near 17x. ""For APSEZ, India will continue to remain an area of focus. The company is very selective in its overseas plans and will only participate in locations where Indian trade routes will play a significant role. This acquisition will bring in all group ports under one roof, allowing higher synergies,"" said a senior company official explaining APSEZ's approach to overseas expansion. Having no direct exposure to the western region, NQXT, the deep-water terminal has 90 per cent exposure to the faster-growing Asian market, with China and India accounting for nearly half of the volumes, said a senior company source. Based in Queensland, this deepwater port is near Bowen and Galilee mining basins and has a high-quality customer base, said the company. On FY25 numbers, the acquisition will add 8 per cent to APSEZ's volumes and 6.4 per cent to its EBITDA. Even though not a part of China's Belt and Road Initiative, Australia, one of the most resource-rich nations, has drawn nearly $9 billion in Chinese investment in its ports sector, second only to Tanzania. Australia also remains an important trading and strategic partner for India when it comes to natural resources. Speaking on the acquisition, APSEZ CEO Ashwani Gupta said, ""NQXT's acquisition is a pivotal step in our international strategy, opening new export markets and securing long-term contracts with valued users. Strategically located on the East-West trade corridor, NQXT is poised for robust growth as a high-performing asset, driven by increased capacity, upcoming contract renewals in the medium term, and the potential for green hydrogen exports in the long term"". ""We are targeting EBITDA growing to Australian Dollar 400 million within 4 years."" The Port of Abbot Point (within which NQXT is located) has been declared as a strategic port and a Priority Port Development Area by the Queensland Government. NQXT is under a long-term lease from the Queensland Government and is a critical infrastructure asset supporting Australia's significant resource industry. It provides strategic access to currently eight major customers under long-term 'take or pay' contracts. During FY25, NQXT had a contract capacity of 40 million tonnes and handled an all-time high cargo volume of 35 million tonnes. Cargo from NQXT was exported to 15 countries, including 88 per cent to Asia and 10 per cent to Europe. NQXT posted Australian Dollar 349 million in revenue and EBITDA of Australian Dollar 228 million in FY25."
04 Apr 2025,"Black Friday: Sensex crashes over 1,000 pts, Nifty sinks below 22,900; Trump tariffs among key factors to spook markets",https://www.moneycontrol.com/news/business/markets/black-friday-sensex-crashes-800-pts-nifty-sinks-below-23k-trump-tariffs-among-key-factors-to-spook-markets-12984510.html,"Reciprocal tariffs by the United States has stoked fears of a full-blown trade war, with China and Canada vowing countermeasures, adding to the nervousness among investors.","Sensex down 300 pts, Nifty below 23,150: Trump tariffs, among other factors rattle markets.","Equity markets witnessed a sharp sell-off on Friday, with benchmark indices falling over one percent, as global sentiment turned sour following reciprocal tariff announcements by US President Donald Trump and fears of the global trade war. BSE Sensex tumbled 930.67 points or 1.22 percent to settle at 75,364.69. During the day, it plummeted 1,054.81 points or 1.38 percent to hit an intraday low of 75,240.55. The broader NSE Nifty declined 345.65 points or 1.49 percent to close at 22,904.45. In the session, it dropped 382.2 points or 1.64 percent to 22,867.90. Markets came under heavy selling pressure, particularly in IT, pharma and metal counters, tracking global weakness after Trump unveiled reciprocal tariffs on about 60 countries, including India. Tata Motors, Tata Steel, Larsen & Toubro, Maruti Suzuki India, IndusInd Bank, Infosys, HCL Technologies, NTPC, Tech Mahindra, Sun Pharmaceutical Industries and Adani Ports were among the laggards. Here are the key factors behind the market decline today 1) Fears of global trade war: The latest reciprocal tariffs by the United States has stoked fears of a full-blown trade war, with China and Canada vowing countermeasures, adding to the nervousness among investors. ""Markets are going through heightened uncertainty which is likely to persist. A global trade war has been triggered by the US, and retaliatory tariffs from China, the EU and others are now expected. This will prolong volatility and hurt global growth,"" said V K Vijayakumar, Chief Investment Strategist at Geojit Financial Services. The US administration announced a 26 percent tariff on Indian goods, along with a 10 percent baseline duty on imports from other nations. In retaliation, Canada imposed a 25 percent tariff on a wide range of US vehicles, while China demanded immediate withdrawal of the new duties and warned of firm counter steps. According to HDFC Securities' Head of Prime Research Devarsh Vakil, Wall Street benchmarks slumped on Thursday, ending with the largest one-day percentage losses in years, as US President Donald Trump's sweeping tariffs ignited fears of an all-out trade war and a global economic recession. 2) Negative global cues: Overnight, US stocks witnessed one of the sharpest declines since 2020, with the S&P 500 sliding 4.9 percent and the Nasdaq 100 crashing 5.5 percent. Nearly $2.5 trillion in market value was wiped out. The ripple effect was visible across Asian markets, where Tokyo's Nikkei was trading more than 3 percent lower, and Seoul's KOSPI went down by nearly 2 percent. Shanghai and Hong Kong stock markets remained closed on the occasion of Qingming festival. 3) Sectoral drag: All the 13 major sectoral indices on NSE traded in the red. Pharma stocks were under pressure after President Trump hinted at potential tariffs on pharmaceutical products, saying his administration was looking at the sector “as a separate category” and could make an announcement “in the near future”. IT shares extended their losing streak, tracking the weakness in US tech stocks. The Nifty IT index fell over 2 percent, with all 10 constituents in the red. Coforge and Persistent Systems were the top losers. Metal shares also bore the brunt, amid concerns over rising trade barriers. 4) Relentless FII Selling: The continued foreign fund outflows have also dented the investor sentiment after a brief lull. FIIs offloaded equities worth Rs 2,806 crore on Thursday, while Domestic Institutional Investors (DIIs) purchased shares worth Rs 221.47 crore on a net basis. 5) Investors jittery ahead of RBI MPC, Powell Speech: Investors will be awaiting US Federal Reserve Chair Jerome Powell's speech on Friday regarding his latest assessment of the US economy and any clues on the policy outlook following Trump's fresh tariff salvo. RBI MPC will also meet next week to announce the repo rate. The Monetary Policy Committee (MPC) of the Reserve Bank of India (RBI) is likely to cut repo rate by 25 basis points (bps) in the upcoming monetary policy on April 9, according to Moneycontrol’s poll of 21 economists, treasury heads and fund managers. Technical view Shrikant Chouhan, Head of Equity Research at Kotak Securities, said the market showed signs of indecision. “After a gap-down opening, the market took support near 75,800 (Sensex) and 23,150 (Nifty), but failed to cross the key resistance zone of 77,000/23,350. This suggests a lack of clear direction in the near term. If the indices breach the support levels of 75,800 and 23,150, we may see further downside towards 75,300/23,000 or even lower,” Chouhan said. He added that any rebound above 77,000/23,350 may take the indices towards 77,800/23,600, but such a move would need strong buying support, which currently seems lacking."
02 Apr 2025,"Sensex jumps 600 pts, Nifty above 23,300: Positive global cues ahead of US tariffs among key factors behind market rally",https://www.moneycontrol.com/news/business/markets/sensex-jumps-500-pts-nifty-above-23-300-positive-global-cues-ahead-of-us-tariffs-among-key-factors-behind-market-rally-12982330.html,"Sensex and Nifty surged in trade on Wednesday, recovering from the sharp losses in the previous session, amid value buying.","Sensex and Nifty surged in trade on Wednesday, recovering from the sharp losses in the previous session, amid value buying.","Benchmark indices Sensex and Nifty surged in early trade on Wednesday, recovering from the sharp losses in the previous session, as buying in blue-chip stocks lifted investor sentiment. Positive global cues further supported the market. Sensex jumped 655.84 points or 0.86 percent to 76,680.35, while the broader NSE Nifty climbed 184.3 points or 0.79 percent to 23,350. Among the top gainers were Tech Mahindra, Infosys, HDFC Bank, Maruti Suzuki, ICICI Bank, Bharti Airtel, Zomato and Adani Ports. Key Factors Driving the Market Rally 1) Positive Global Cues: Asian markets were mixed, with Shanghai trading in the green, while Hong Kong remained in the red. On Wall Street, the S&P 500 gained 21.22 points or 0.38 percent to close at 5,633.07, while the Nasdaq Composite advanced 150.60 points or 0.87 percent to 17,449.89. The Dow Jones Industrial Average, however, dipped 11.80 points, or 0.03 percent, to 41,989.96. Markets are closely watching the US tariff announcements, which could impact investor sentiment further. ""The element of uncertainty regarding reciprocal tariffs is expected to ease with the tariff declaration today. However, considering past unpredictability in trade policies, volatility may persist,"" said V K Vijayakumar, Chief Investment Strategist, Geojit Financial Services. 2) Value Buying: After recent corrections, large-cap stocks have witnessed fresh buying interest. Heavyweights such as HDFC Bank, Maruti Suzuki, ICICI Bank and leading IT stocks were in focus today. ""We are entering the earnings season and the RBI’s monetary policy decision is also around the corner. While tariffs remain a key factor, multiple other triggers are playing out simultaneously,"" said Anita Gandhi, Founder and Head of Institutional Business at Arihant Capital Markets told Reuters. Stock Market LIVE Updates 3) Easing Volatility Index (VIX): The India VIX, a measure of market volatility, declined 0.89 percent to 13.66, suggesting reduced fears of market swings. Technical Outlook Market analysts see technical support levels holding firm. ""The five-day decline from the interim top has now reached the 38 per cent Fibonacci retracement level of the rally from March 4 to March 25. This could be an ideal setup for bulls to stage a recovery towards 24,200,"" said Anand James, Chief Market Strategist, Geojit Financial Services. He added that immediate support is seen at 23,137, with further downside limited to 23,050-22,960. ""A breach of these levels may not trigger a sharp correction to 21,800 immediately, as 22,730-22,650 remains a strong support zone."""
10 Mar 2025,"Sensex jumps 550 pts from day's low, Nifty above 22,650: Decline in oil prices among key factors behind market rally",https://www.moneycontrol.com/news/business/markets/sensex-jumps-550-pts-from-day-s-low-nifty-above-22-650-decline-in-oil-prices-among-key-factors-behind-market-rally-12960326.html,"Brent crude, the global oil benchmark, fell by 0.51 percent to USD 70 per barrel. The decline followed concerns over U.S. growth, uncertainty surrounding U.S. tariffs, and OPEC+'s decision to increase output.","Sensex jumps 550 pts from day's low, Nifty above 22,650: Decline in oil prices among key factors behind market rally","Sensex and Nifty witnessed an uptrend on Monday morning, following firm trends in Asian markets and gains in power and utilities stocks. The decline in the intensity of Foreign Institutional Investor (FII) selling also contributed to improving sentiment in the domestic market. The Sensex surged by 585.25 points or 0.78 percent from the day’s low, reaching an intraday high of 74,741.25. Similarly, the Nifty rose by 178.1 points or 0.79 percent, touching 22,676.75 during the morning session. Among the top gainers were Power Grid, Bajaj Finance, Bajaj Finserv, NTPC, Hindustan Unilever, Adani Ports, Bharti Airtel, Nestle India, HCL Technologies, and Infosys. On the other hand, IndusInd Bank, Mahindra & Mahindra, Zomato, Titan, Larsen & Toubro, and Maruti Suzuki India were among the major laggards. Stock Market LIVE Updates Key Factors Behind the Rally: 1) Decline in Crude Oil Prices: A drop in global crude oil prices gave a boost to investor confidence. Brent crude, the global oil benchmark, fell by 0.51 percent to USD 70 per barrel. The decline followed concerns over U.S. growth, uncertainty surrounding U.S. tariffs, and OPEC+'s decision to increase output. Crude price movements have a direct impact on Indian stocks, as India is a net importer of crude oil. Lower oil prices ease inflationary pressures and reduce costs for oil-dependent industries, benefiting the broader market. 2) FII Selling Declines: The intensity of FII selling has shown signs of easing. On Friday, FIIs offloaded equities worth Rs 2,035.10 crore. V K Vijayakumar, Chief Investment Strategist at Geojit Financial Services, noted, ""FII selling continued into March, but the pace has slowed in the past few days. As of March 7, FIIs had sold equities worth Rs 24,753 crore, bringing total equity sales in CY 2025 to Rs 1,37,354 crore."" 3) US Tariff Delay: The suspension of certain U.S. tariffs on Mexican and Canadian imports, along with a delay in the full imposition of tariffs, offered relief to global markets. President Trump announced that the one-month exemption would apply to goods covered under the USMCA trade agreement. Devarsh Vakil, Head of Prime Research, HDFC Securities, said, ""Market volatility persisted amid uncertainty over President Trump's announced tariffs -- 25 per cent on Canadian and Mexican imports and an additional 10 per cent on Chinese imports-- though the administration later announced various exemptions and delays."" In Asian markets, Tokyo and Seoul were trading higher, while Shanghai and Hong Kong were quoting in the red zone. Additionally, China’s consumer price index fell at the sharpest rate in 13 months in February, which, along with ongoing producer price deflation, might lead to increased activity in the Indian market. Technical Analysis Outlook: Anand James, Chief Market Strategist at Geojit Financial Services, stated, “We are nearing the highs seen in the last week of February, followed by a significant breakdown. The 20-day Simple Moving Average (SMA) is also not far off. The shooting star candlestick pattern observed on Friday signals indecision or a potential downtrend. If the market avoids slipping below 22,470, the objective of 23,000 could remain intact. Alternatively, if a downturn occurs, the support level at 22,245 will be crucial to watch.”"
06 Mar 2025,Buy Adani Ports and SEZ; target of Rs 1400: Motilal Oswal,https://www.moneycontrol.com/news/business/stocks/buy-adani-ports-and-sez-target-of-rs-1400-motilal-oswal-12957948.html,"Motilal Oswal is bullish on Adani Ports and SEZ recommended buy rating on the stock with a target price of Rs 1400 in its research report dated March 05, 2025.",Buy,"Motilal Oswal's research report on Adani Ports and SEZ Adani Ports & SEZ (APSEZ) handled 408.7mmt (+7% YoY) of cargo volumes over Ap’24-Feb’25 (11 months of FY25). During the same period, cargo volume handled at major ports in India grew ~3% YoY. Hence, APSEZ continues to grow over 2x the industry rate, driven by higher efficiency at existing ports and inorganic expansion along the eastern coastline of India. The management highlighted its focus on doubling handled volumes over the next five years. This growth will be driven by domestic ports, with volume guidance excluding any potential inorganic opportunities that may arise. The logistics business is set to drive port volume growth, as the company expands end-to-end services and adopts advanced technology to boost efficiency and reduce turnaround time. Outlook We expect APSEZ to report 10% growth in cargo volumes over FY24-27. This would drive a CAGR of 14%/15%/19% in revenue/EBITDA/PAT over FY24-27. We reiterate our BUY rating with a TP of INR1,400 (premised on 15x Sep’26E EV/EBITDA). For all recommendations report, click here Adani Ports and SEZ - 06032025 - moti"
