Date,Title,URL,Article Description,Article Text,Article Content
29 Aug 2025,"Yes Bank shares jump 4% after report says SMBC set to infuse Rs 16,000 crore",https://www.moneycontrol.com/news/business/markets/yes-bank-shares-jump-4-after-report-says-smbc-set-to-infuse-rs-16-000-crore-13499072.html,"Yes Bank share price: The proposed infusion by the Japanese financial giant is aimed at strengthening Yes Bank's balance sheet, and is seen to be a precursor to SMBC taking an ownership position, ET reported",Yes Bank shares jump,"Yes Bank shares jumped nearly 4 percent in the morning trading hours of August 29. This comes after a report by the Economic Times said that SMBC is set to invest Rs 16,000 crore ($1.83 billion) in the Indian private lender through a combination of equity and debt. The proposed infusion by the Japanese financial giant is aimed at strengthening Yes Bank's balance sheet, and is seen to be a precursor to SMBC taking an ownership position, ET reported, citing people familiar with the matter. The reported infusion will comprise Rs 7,500 crore in equity, and Rs 8,500 crore in debt. This will be in addition to the Rs 13,500 crore that SMBC has committed to pay the lender's existing shareholders, including State Bank of India (SBI) and others, for acquiring a 20 percent stake in Yes Bank, the report further said. The Rs 16,000-crore infusion will be reflected in Yes Bank's books, while the Rs 13,500 crore will be paid to the bank's shareholders to facilitate their exit, according to the report. Moneycontrol couldn't independently verify the report. As part of the debt funding, SMBC will opt for yen-dominated bonds equivalent to Rs 8,500 crore, priced below 2 percent, to ensure low-cost, long-term funding, ET cited a source as saying. The equity infusion of Rs 7,500 crore will be done through a foreign currency convertible bonds (FCCBs), in order to boost its capital, the source added. Last week, Yes Bank said that the RBI has accorded approval to Japan-based Sumitomo Mitsui Banking Corporation (SMBC) to acquire up to 24.99 percent stake in the lender. This came after Yes Bank in May disclosed that SMBC proposed to acquire 20 percent holding in the lender through a secondary stake purchase of 13.19 percent stake from the State Bank of India (SBI) and 6.81 percent share from seven other shareholders. Other shareholders are Axis Bank, Bandhan Bank, Federal Bank, HDFC Bank, ICICI Bank, IDFC First Bank and Kotak Mahindra Bank. Yes Bank shares were trading at around Rs 19.41 apiece in the morning. The shares have gained nearly 16 percent in the past six months, and have a P/E ratio of over 21. Also read: Our LIVE blog on stock market updates"
20 Aug 2025,"Trade Spotlight: How should you trade Lodha Developers, Marico, Axis Bank, KIMS, Tube Investments of India, L&T Finance, and others on August 20?",https://www.moneycontrol.com/news/business/markets/trade-spotlight-how-should-you-trade-lodha-developers-marico-axis-bank-kims-tube-investments-of-india-l-t-finance-and-others-on-august-20-13469345.html,The trend is expected to remain favourable for bulls despite a possible immediate consolidation following the recent rally. Below are some short-term trading ideas to consider.,Top Buy Ideas for August 20,"Bulls retained their dominance, helping the benchmark indices post over 0.4 percent gains on August 19. The market breadth remained positive, with about 1,862 shares advancing compared to 862 declining shares on the NSE. The trend is expected to remain favourable for bulls despite a possible immediate consolidation following the recent rally. Below are some short-term trading ideas to consider: Amol Athawale, VP Technical Research at Kotak Securities Lodha Developers | CMP: Rs 1,257.8  After a short-term correction from higher levels, the downward momentum in Lodha Developers has halted, and the stock has consolidated over the past few sessions. On the daily charts, the counter has formed a rounding bottom chart formation and reversed its trend from an important demand zone. The structure suggests a revival of the uptrend from the current levels in the near future. For traders, Rs 1,210 would be the key support level to watch. Sustaining above this level, the uptrend structure could continue toward Rs 1,350. Strategy: Buy Target: Rs 1,350 Stop-Loss: Rs 1,210 Marico | CMP: Rs 728  Marico has shown a robust rally from lower levels in recent sessions. Additionally, it is continuously trading in an ascending triangle chart formation. This overall structure indicates a likely breakout for a new leg of an up move from current levels. For positional traders, Rs 695 would be the decisive level. Trading above this level, the uptrend could continue toward Rs 775. However, if it closes below Rs 695, traders may prefer to exit long positions. Strategy: Buy Target: Rs 775 Stop-Loss: Rs 695 Axis Bank | CMP: Rs 1,083.2  Following a decline from higher levels, Axis Bank has rebounded from its retracement zone and witnessed a steady recovery. Additionally, on the daily charts, the counter has given a breakout from its rangebound formation. The recent up move suggests a new leg of bullish trend. For the next few trading sessions, Rs 1,040 could act as the trend-decider level. If it sustains above this, a further uptrend toward Rs 1,160 can be expected. Strategy: Buy Target: Rs 1,160 Stop-Loss: Rs 1,040 Ashish Kyal, CMT, Founder and CEO of Waves Strategy Advisors Krishna Institute of Medical Sciences | CMP: Rs 769.15  The stock has been moving up, forming higher highs and higher lows, which keeps the daily trend bullish as per Dow Theory. On August 11, prices found support at the upward-sloping trendline and saw an exponential rise of over 11%. Since then, not a single candle has closed below the prior day’s low, keeping the daily bias positive. Despite the sharp rally, the daily RSI is at a comfortable 60 level, giving enough room for further upside. Follow-up buying can potentially lift prices toward the swing high near Rs 800. Strategy: Buy Target: Rs 800, Rs 835 Stop-Loss: Rs 750 L&T Finance | CMP: Rs 217  In the previous session, L&T Finance made a lifetime high at Rs 217.65, outperforming its peers. Prices also broke above the previous swing high near Rs 215 with a gain of over 3%, indicating growing bullish momentum. The stock has broken out of the upper Bollinger Band with rising volumes over the past two sessions, confirming strength. Additionally, the MACD has recently given a bullish crossover, offering double confirmation. Given the sharp nature of the rise, dips should be used as buying opportunities rather than trying to catch the top. Targets are seen at Rs 222, followed by Rs 230. Strategy: Buy Target: Rs 222, Rs 230 Stop-Loss: Rs 208 Tube Investments of India | CMP: Rs 3,152.4  The stock has been forming a classic rounding bottom pattern on the daily chart since July 2025. In the previous session, it surged over 3% and closed above the neckline near Rs 3,140, signaling a breakout. For upward momentum to sustain, acceptance above Rs 3,175 is required.Furthermore, the 15-period EMA and 30-period EMA have recently shown a bullish crossover, reinforcing a positive outlook. Over the past six trading sessions, prices have consistently protected the previous candle’s low on a closing basis, showing strength. A breakout above Rs 3,175 could trigger a fresh rally. Strategy: Buy Target: Rs 3,300, Rs 3,420 Stop-Loss: Rs 3,050 Vinay Rajani, Senior Technical and Derivative Analyst at HDFC Securities Nippon India ETF Nifty Infrastructure BeES | CMP: Rs 945.65  After six weeks of decline, the Infra index appears to have resumed its primary uptrend. The ETF has reclaimed levels above the 50 DEMA and broken out from a bullish “Flag” pattern on the weekly chart, indicating a continuation of the long-term bullish trend. Strategy: Buy Target: Rs 1,000 Stop-Loss: Rs 910 Groww Nifty India Railways PSU ETF | CMP: Rs 35.01  Most railway stocks seem to have bottomed out, as oscillators have exited the oversold zone. The ETF has formed a strong base near Rs 34 over the past five trading sessions. Strategy: Buy Target: Rs 37.50 Stop-Loss: Rs 33.5 Edelweiss BSE Capital Markets & Insurance ETF | CMP: Rs 23.68  Capital Markets, AMC, and insurance themes appear to have gathered bullish momentum on the charts, which could benefit the Ecapinsure ETF. The price has broken out of a consolidation zone and is sustaining above key moving averages, further supporting the bullish outlook. Strategy: Buy Target: Rs 26 Stop-Loss: Rs 22"
18 Aug 2025,"Street conservative on private banks amid margin squeeze, weak loan growth in Q1; time to relook?",https://www.moneycontrol.com/news/business/markets/street-conservative-on-private-banks-amid-margin-squeeze-weak-loan-growth-in-q1-time-to-relook-13460927.html,Analysts cautioned that the coming quarters may stay subdued as the full impact of repo rate cuts is yet to play out on profitability,Analysts warn of tough quarters ahead for private banks,"Shares of three major private lenders: Axis Bank, IndusInd Bank, and Kotak Mahindra Bank have declined sharply by as much as 10 percent in the past month as muted June quarter (Q1FY26) performance weighed on investor sentiment. Sluggish credit growth and margin contraction dragged earnings, forcing the Street to trim its bets on these banks. In contrast, heavyweights HDFC Bank and ICICI Bank managed to hold steady, reporting relatively resilient numbers that helped them trade flat to positive. Looking ahead, analysts expect the near-term outlook for private banks to stay subdued. The full impact of the 50 basis points repo rate cut is still to play out, while credit growth is yet to show meaningful acceleration. Mahesh Patil, CIO of Aditya Birla Sun Life AMC, said, “Margin compression is yet to show its full impact. Earlier, deposit growth was the sector’s challenge, but now the spotlight has shifted to credit growth, which is still not showing meaningful acceleration. Once this normalises, private lenders can stage a stronger performance as the year progresses.” ALSO READ: Finance Ministry to meet CEOs of state-owned banks to review Q1 performance on August 20 Private banks reported muted performance in Q1 as net interest margins (NIMs) came under pressure from repo rate cuts. This trend is expected to persist into Q2, before improving in the third quarter as deposit repricing begins to stabilise margins. Business growth in Q1 also remained modest, with deposit growth outpacing advances across most large private banks. While loan demand has improved after the rate cuts, margin pressure and elevated provisioning continue to act as drags. Manoj Bahety, founder and fund manager at Carnelian Asset Management, added, “Margins are expected to remain soft over the next few quarters as repo cuts pass through and liabilities get repriced. For those looking to play private banks, credit growth will be the key factor to watch. In a benign liquidity environment, we expect loan growth to return to the system and fee-based income to provide additional support to profitability.” Mutual fund houses have also turned cautious, staying underweight on private banks after a muted earnings season. Data from JM Financial showed that as private lenders account for 28 percent of the Nifty’s index weight and contribute nearly 37 percent of its profits, June quarter performance was weak, with net profit growth in low single digits. Among individual lenders, HDFC Bank reported advances of Rs 26.53 lakh crore in Q1FY26, up 7 percent year-on-year. While growth was slower than anticipated, management reiterated that credit expansion would remain in line with industry trends this fiscal. Meanwhile, PSU banks outshone private peers—Bank of Baroda reported a 13 percent rise in advances, with Bank of India and Bank of Maharashtra also delivering healthy growth supported by decent CD ratios and excess statutory liquidity ratio (SLR). For now, investors remain wary of the sector. With earnings pressure visible and credit growth still to pick up, the Street is keeping a close eye on whether the second half of the year brings relief for private banks. "
18 Aug 2025,"Bajaj Finance, Axis Bank, HDFC Bank shares rise up to 6% on S&P upgrade, GST reform cheer",https://www.moneycontrol.com/news/business/markets/bajaj-finance-axis-bank-hdfc-bank-shares-rise-up-to-6-on-s-p-upgrade-gst-reform-cheer-13461688.html,"The Nifty Bank index was up more than 1.3 percent to hover around 56,035, while the Nifty Financial Services index rose nearly 2 percent to stand at 26,810, as seen at 10.10 am.","Bajaj Finance, Axis Bank, HDFC Bank shares jump up to 6%: S&P upgrade among key factors","The shares of banks and non-banking financial institutions saw strong rise in the morning trading hours of August 18. The sharp rise in the share prices pushed the Nifty Bank and Nifty Financial Services indices higher in the deep green. The Nifty Bank index was up more than 1.3 percent to hover around 56,035, while the Nifty Financial Services index rose nearly 2 percent to stand at 26,810, as seen at 10.10 am. Here are some of the key reasons leading to the uptrend in the financial pocket of the stock market: S&P upgrade: International credit ratings agency S&P Global on August 15 upgraded ratings of top 10 financial institutions, saying that India's financial institutions will continue to ride the country's good economic growth momentum. S&P has raised long-term issuer credit ratings on seven Indian banks - State Bank of India (SBI), ICICI Bank, HDFC Bank, Axis Bank, Kotak Mahindra Bank, Union Bank of India, and Indian Bank, and three finance companies - Bajaj Finance, Tata Capital, and L&T Finance. ""We expect India's banks to maintain adequate asset quality, good profitability, and enhanced capitalization over the next 12-24 months. This is despite some pockets of stress,"" S&P said, adding, credit risk in the system has reduced. This boosted investor sentiment for the stocks, as well as the broader sector, a day after US-based agency raised India's sovereign credit rating. ""S&P upgrade...is a significant macro and structural positive for the overall Indian market, likely supporting incremental valuation expansion driven by lower bond yields and decreased risk perception. Moreover, a higher sovereign rating will drive better FPI debt flows and lead to better USDINR and GOI bond yields. Foreign currency-heavy borrowers can benefit from lower interest costs. Indian financial companies, such as Bajaj Finance, accessing the ECB market could see a 15-20bp reduction on their coupon payments,"" said Motilal Oswal Financial Services. GST reforms: While delivering his Independence Day speech, Prime Minister Narendra Modi hinted at the next generation of Goods and Services Tax (GST) reforms to be announced as a Diwali gift for consumers. The Centre has proposed to move towards ""simple tax"" with 2 slabs—""standard and merit"", with special rates applicable for only for select few items. According to reports, this will significantly reduce tax burden on consumers aiming to buy several items, like electronics and other consumer durables. More demand for consumer durables may in turn boost stocks like Bajaj Finance who offer affordable EMIs to consumers to purchase several goods. Broader market uptrend: The sharp rise in the share prices also comes amid broader optimism in the stock market today. Sensex jumped over 1,000 points to hover around 81,629, while Nifty crossed the key 25,000-mark level. HDFC AMC and several other stocks will likely be strongly benefitted from the optimism in the stock markets. Bajaj Finance shares jumped more than 6 percent, while Chola Finance, ICICI Prudential Life Insurance Company, Bajaj Finsev and SBI Life shares were up more than 4 percent, leading the strong gains on the Nifty Financial Services index. IndusInd Bank shares rose nearly 3 percent, while AU Small Finance Bank, IDFC First Bank and Kotak Mahindra Bank shares were up nearly 2 percent each. Heavyweights ICICI Bank, HDFC Bank and Axis Bank shares were up more than 1 percent each, while SBI and PNB shares were hovering in the green with marginal gains. Also read: Our LIVE blog on stock market updates"
06 Aug 2025,"RBI MPC meet: Experts pick these top 10 rate-sensitive stocks after central bank holds rates, lowers inflation forecast",https://www.moneycontrol.com/news/business/markets/rbi-mpc-meet-experts-pick-these-top-10-rate-sensitive-stocks-after-central-bank-holds-rates-lowers-inflation-forecast-13400864.html,"Moneycontrol collated a list of the top 10 rate-sensitive stocks, curated by experts with a 3–4-week perspective, following the Reserve Bank of India's decision to maintain the status quo on rates.",Top 10 Stocks to Buy Post RBI Policy,"The Reserve Bank of India Monetary Policy Committee (RBI MPC) on August 6 has decided unanimously to keep the repo rate unchanged at 5.5 percent, and retained the policy stance as 'neutral', citing benign inflation, robust growth, and evolving tariffs uncertainties. This decision follows a cumulative 100 bps rate cut earlier this year and a 25 percent tariff threat on Indian exports by US President Donald Trump. The impact of the 100 bps rate cuts since February 2025 on the economy is still unfolding in the credit markets and the broader economy, hence, the MPC resolved to maintain a close vigil on the incoming data and the evolving domestic growth-inflation dynamics to chart out the appropriate monetary policy path, the central bank said. ""Market participants are likely to view this as a positive signal. A dovish inflation outlook, resilient growth, and policy continuity—without surprise—create a supportive backdrop for equities, especially domestic cyclical sectors,"" Anirudh Garg, Partner and Fund Manager, at INVasset PMS said. According to him, this policy reflects balance—not complacency, suggesting India is entering a phase of monetary stability with an eye on strategic flexibility, rather than immediate intervention. The central bank has lowered its full year inflation outlook further to 3.1 percent from 3.7 percent earlier, and also for Q2 and Q3FY26, driven mainly by lower food inflation that entered deflationary territory in June. However, it believes the CPI inflation is likely to edge up above the 4 percent target from Q4 onwards. ""Core inflation has been rising steadily from the recent low of 3.6 percent recorded during December-January FY25 and averaged 4.3 percent in Q1FY26,"" the RBI said. Meanwhile, the central bank retained its full year economic growth forecast at 6.5 percent given the above normal southwest monsoon, lower inflation, rising capacity utilization and congenial financial conditions, though prospects of external demand remain uncertain amidst ongoing tariff announcements and trade negotiations. The growth is expected to see some pick-up in the coming festive season, it believes. According to Sonam Srivastava, Founder and Fund Manager at Wright Research PMS, the markets are starting to price in a pivot later this year, especially if food inflation eases and global financial conditions soften. She believes rate cuts may materialize in late Q4 FY26, not before. On the equity front, this stance reinforces a case for being selective, with a tilt towards domestic cyclical themes such as financials, industrials, and consumption, which stand to benefit from eventual monetary easing and potential fiscal stimuli ahead of the 2026 elections, she said. After the policy decision, the Nifty 50 was quoting at 24,608, down 41.5 points while nicely defending its previous week's low. The BSE Sensex declined just 20 points to 80,690 at 12:50 hours IST. Click Here to Catch All Live Updates on RBI Policy Moneycontrol collated a list of the top 10 rate-sensitive stocks, curated by experts with a 3–4-week perspective, following the Reserve Bank of India's decision to maintain the status quo on rates. Rajesh Bhosale, Technical Analyst at Angel One Mahindra and Mahindra | CMP: Rs 3,212  Since September, M&M's price had been consolidating within a broad range. However, a recent breakout has seen the stock sustain above those levels. Notably, while the broader markets have been under pressure in recent weeks, this counter has displayed relative strength and even outperformed its major peers, with prices comfortably trading above all key moving averages. On the indicator front, the RSI (smoothed) is holding above the 60 mark across all major time frames, signaling strong momentum across the board. Hence, we recommend buying M&M around Rs 3,212 - Rs 3,200. Strategy: Buy Target: Rs 3,550 Stop-Loss: Rs 3,040 L&T Finance | CMP: Rs 204  L&T Finance had a stellar run in June, triggering a long-awaited long-term breakout after more than 8 years. July turned out to be a breather with a consolidation phase. However, with the start of the new month, prices appear to be back in action, hinting at the beginning of a fresh leg of the upmove. Volume analysis supports this view: the rally was backed by strong volumes, while the recent pullback occurred on relatively lower volumes, with prices retracing to short-term moving averages — indicating healthy accumulation. Momentum oscillators also remain in the positive zone, reinforcing the bullish outlook. Hence, we recommend buying L&T Finance around Rs 204 - Rs 200. Strategy: Buy Target: Rs 229 Stop-Loss: Rs 193 Indian Bank | CMP: Rs 635  While the broader banking space has struggled over the past couple of months, Indian Bank has shown relative strength by consistently holding above its multi-month bullish breakout levels. In recent sessions, prices have rebounded sharply after testing key support zones, signaling a potential resumption of the primary uptrend. A multi-timeframe analysis reveals that the Monthly and Weekly RSI remain firmly above 80, while a dip in the Daily RSI towards 40 presents a buying opportunity within the prevailing uptrend. Hence, we recommend buying Indian Bank around Rs 635 - Rs 630. Strategy: Buy Target: Rs 700 Stop-Loss: Rs 597 Om Mehra, Technical Research Analyst at Samco Securities Axis Bank | CMP: Rs 1,070.80  Axis Bank continued to remain under pressure after slipping from its late-June peak of Rs 1,247. The decline has extended, with the stock slipping below key short- and medium-term averages, including the 20-day, 50-day, and 200-day SMAs. Recent candles reflect attempts to stabilize near Rs 1,050–1,070, but the recovery lacks decisive strength. The Supertrend resistance stands overhead near Rs 1,107, and price action remains capped below it. The daily RSI has climbed slightly to 31 from sub-25 levels seen last week, but still reflects weak underlying momentum. The MACD remains in negative territory; the signal and MACD lines have not crossed, and the histogram continues to print red bars — suggesting a lack of reversal strength. Price action over the last few sessions has been marked by small-bodied candles, narrow ranges, and lower volumes compared to the late-July breakdown phase — indicating that sellers are pausing, but buyers are not yet in control. The last significant volume uptick came during the breakdown on July 18, and follow-through activity has been muted since then. Sustaining above Rs 1,050 is crucial to prevent further weakness. A breakdown below this level could expose the stock to a slide toward Rs 1,020 or even Rs 1,000, which aligns with prior swing support levels and psychological round figures. On the upside, any sustained move above Rs 1,115–1,125 with volume confirmation would be the first sign of a potential rebound. Only then can one anticipate a gradual retracement toward the Rs 1,150–1,200 zone in the coming weeks. Strategy: Buy Target: Rs 1,150, Rs 1,200 Stop-Loss: Rs 1,050 Godrej Properties | CMP: Rs 2,114.80  Godrej Properties is currently trading near a crucial demand zone, which also coincides with the 0.382 Fibonacci retracement level drawn from the major swing low of Rs 1,005 to the peak of Rs 3,999 on the weekly chart — adding strong confluence to this area. Notably, the stock is also hovering near its 200-week exponential moving average (WEMA) — a level that has historically acted as a springboard for price rebounds. Structurally, the stock continues to move within an upward-sloping channel, suggesting sustained accumulation and a potential base-building scenario at current levels. From a momentum perspective, the RSI on both weekly and monthly timeframes remains above the 40 mark, indicating that the stock is not in a bearish trend but rather maintaining a sideways-to-slightly bullish bias. Investors may consider accumulating Godrej Properties around the current market price, with a stop-loss of Rs 1,890, targeting Rs 2,400 in the medium term. Strategy: Buy Target: Rs 2,400 Stop-Loss: Rs 1,890 Bajaj Finance | CMP: Rs 891.90  Bajaj Finance is currently in a consolidation phase after undergoing a mild corrective move from the Rs 970 zone. The stock has been hovering just above its recent swing low of Rs 870, where it has managed to hold ground for the last few sessions, hinting at an early-stage base formation. However, the short-term outlook remains tentative until it reclaims its key moving averages. The stock is trading below the 20-day and 50-day SMAs, placed at Rs 916 and Rs 922, respectively. Price action is compressed below these levels, forming narrow-bodied candles. The RSI has rebounded to 41 from oversold territory but remains below its signal line (46), suggesting that momentum is attempting to stabilize but hasn’t reversed yet. The MACD remains in negative territory, with a slight narrowing in the histogram, indicating a possible shift in trend — but no confirmation so far. Volume participation remains moderate, with no significant spike to confirm strong accumulation. The Bollinger Bands have started to contract, signaling reduced volatility and potential for a directional breakout ahead. Holding above Rs 870 will be important to preserve the emerging support. A sustained close above Rs 920 would mark a reclaim of the 20-day SMA and potentially trigger fresh upside toward the Rs 950–970 zone. On the downside, a breach below Rs 865 could extend the corrective leg toward Rs 840, the next visible horizontal support from the March–April price action.The broader trend remains intact as long as the stock holds above key medium-term support levels. Strategy: Buy Target: Rs 950, Rs 970 Stop-Loss: Rs 865 Vidnyan Sawant, Head of Research at GEPL Capital TVS Motor Company | CMP: Rs 2,983.2  TVS Motor has exhibited robust outperformance on the weekly chart, breaking out of a base formation and a 16-week consolidation zone, signaling a strong continuation of its uptrend. On the daily timeframe, the stock remains firmly above its key 12-, 26-, and 50-day EMAs, indicating sustained strength. The MACD has shown a bullish crossover. The stock recently registered a new all-time high, further reinforcing the prevailing bullish momentum. Strategy: Buy Target: Rs 3,342 Stop-Loss: Rs 2,834 SBI Life Insurance Company | CMP: Rs 1,857  SBI Life Insurance has been displaying relative strength for the past three consecutive months. A long lower wick candlestick near its 5-month EMA indicates renewed buying interest at support. On the weekly chart, the stock has remained rangebound for six weeks, suggesting consolidation. On the daily timeframe, a bullish mean reversion from the 50-day EMA highlights positive price development and the potential for a breakout. Strategy: Buy Target: Rs 1,990 Stop-Loss: Rs 1,785 RBL Bank | CMP: Rs 265.70  RBL Bank has been in a rising trend since January 2025, consistently forming higher highs and higher lows, highlighting a strong bullish structure. The stock is trading well above its 5-, 12-, and 26-week EMAs, reinforcing the trend. On the daily chart, it has shown a bullish mean reversion from the 26-day EMA, indicating renewed buying interest. The MACD remains in buy mode, suggesting sustained momentum and strengthening the case for further upside. Strategy: Buy Target: Rs 287 Stop-Loss: Rs 255 Bharat K Gala President, Technical Head at Ventura Jindal Steel & Power | CMP: Rs 1,000  The primary downtrend in Jindal Steel & Power began at Rs 1,095 (June 2024) and reached a low of Rs 724 in February 2025. The stock later rebounded to a high of Rs 986 in May 2025. It traded in the range of Rs 720–985 from February to July 2025. Recently, the stock formed a positive price candle, trading above key averages and is on the verge of giving a triangle breakout, making a high of Rs 1,002.85. Indicators like Aroon Up/Down, Demand Index, and MACD are positive, suggesting high probability of a further up move. Strategy: Buy Target: Rs 1,350 Stop-Loss: Rs 880 Tata Investment Corporation | CMP: Rs 7,138  The primary move in Tata Investment started at Rs 1,751 in April 2023. It touched a high of Rs 9,744.40 in March 2024, followed by profit booking, forming a higher bottom at Rs 1,873 in April 2024. This was followed by a valid correction, which brought the stock down to a low of Rs 5,180 in February 2025. Since then, the stock traded in a range of Rs 5,180 to Rs 8,100 for a prolonged period, frequently taking support at key moving averages. Recently, the stock has given a range breakout, making a high of Rs 7,625, supported by strong volumes after a phase of consolidation and continuous average support. Hence, the probability of a further upmove is high, with positive indications from the Aroon Up/Down, Demand Index, and MACD. Strategy: Buy Target: Rs 11,000 Stop-Loss: Rs 5,650"
31 Jul 2025,"Nifty Bank jumps 1.4% from day's low as markets shrug off Trump tariff jitters; ICICI, Kotak Mahindra Bank lead recovery",https://www.moneycontrol.com/news/business/markets/nifty-bank-jumps-1-4-from-day-s-low-as-markets-shrug-off-trump-tariff-jitters-icici-kotak-mahindra-lead-recovery-13357223.html,"'The broader price structure continues to reflect a bullish bias, making dips a buying opportunity for positional traders,' said Hardik Matalia from Choice Equity Broking.",Bank Nifty recovers all losses,"The Nifty Bank index sharply rebounded from day’s low, amid a broad-based recovery in the stock market. This comes as the impact of Trump tariffs gradually faded away from the market. After US President Donald Trump announced 25 percent tariff and a penalty on India, Indian benchmark indices opened in the red with significant losses. However, Sensex and Nifty sharply recovered all losses later. Nifty Bank, which had declined more than 600 points in the morning to hit a low of 55,547, regained more than 750 points (1.4 percent) from that level to swing into the green territory. It is currently up nearly 150 points (0.27 percent) to stand at 56,300. The recovery was led by private banks, with Kotak Mahindra Bank and ICICI Bank leading gains, rising nearly 1 percent each. Axis Bank and Bank of Baroda shares gained more than 0.5 percent each. IDFC First Bank, HDFC Bank, AU Small Finance Bank and State Bank of India were hovering in the green with marginal gains. Punjab National Bank (PNB) shares dropped 2 percent, after weak Q1 results. Federal Bank, IndusInd Bank and Canara Bank shares were hovering in the red with marginal losses. On the technical front, the index has broken key resistance levels suggested by analysts. This may imply strong upside potential for the bank index. ""A sustained move above 56,275 could lead to a rally toward 57,000 and 57,630,"" said Hardik Matalia, Derivative Analyst - Research at Choice Equity Broking Private Limited. ""The broader price structure continues to reflect a bullish bias, making dips a buying opportunity for positional traders,"" he said. Motilal Oswal Wealth Management in its report stated that Bank Nifty's support is at 55,750, and then at 55,500. Resistance was quoted at 56,350, and then at 56,500. ""Now it has to hold above 56,000 zone for a bounce towards 56,350 then 56,500 levels while a hold below the same could see decline towards 55,750 then 55,500 zones,"" it said. US President Donald Trump on July 30 announced 25 percent tariffs and an additional penalty against India ahead of the August 1 deadline. In a post on Truth Social, Trump described India as America's ""friend"" but added that it will face 25 percent tariffs plus a penalty for buying Russian military equipment and oil. The US President reiterated that India has among the ""highest tariffs in the world"". ""Seasoned investors know markets rarely reprice on the headline alone. Beneath the volatility lies a set of divergent sectoral narratives that deserve attention,"" said Bhavik Joshi, Business Head at INVasset PMS."
24 Jul 2025,Axis Bank Revises Vesting Period for Employee Stock Options,https://www.moneycontrol.com/news/business/markets/axis-bank-revises-vesting-period-for-employee-stock-options-alpha-article-13321426.html,Axis Bank Revises Vesting Period for Employee Stock Options,Axis Bank Revises Vesting Period for Employee Stock Options,"Axis Bank's board of directors has revised the vesting schedule for 185,537 stock options granted under the Axis Bank Employees Stock Option Scheme – 2000-01. The decision, based on directions from the Reserve Bank of India and recommendations from the Nomination and Remuneration Committee, was made on July 24, 2025.Revised Vesting ScheduleVesting YearPercentage of OptionsYear 1 (from grant date)25%Year 225%Year 325%Year 425%Details of the RevisionThe revised vesting schedule will allocate 25% of the options each year over a four-year period, commencing after one year from the grant date. This replaces the previous vesting schedule of 30%, 30%, and 40% at the end of the first, second, and third years, respectively. All other terms and conditions of the grants, including the exercise price, remain unchanged.Background and RationaleThe revision was prompted by directions received from the Reserve Bank of India and was further supported by the recommendations of the Nomination and Remuneration Committee. The board approved the changes on July 24, 2025.Impact on EmployeesThe revised vesting schedule will affect the distribution of stock options for the specified grant, providing a more evenly distributed vesting over four years. This change aims to align with regulatory guidance and ensure a balanced approach to employee stock option vesting."
22 Jul 2025,Axis and Kotak Mahindra Bank report easing employee churn in FY25 even as absolute attrition stays high,https://www.moneycontrol.com/news/business/banks/axis-and-kotak-mahindra-bank-report-easing-employee-churn-in-fy25-even-as-absolute-attrition-stays-high-13307088.html,"Junior-level churn falls across lenders and private banks saw some breather in pace of attrition in FY25, lowest since FY22",Axis and Kotak Mahindra Bank report easing employee churn in FY25 even as absolute attrition stays high,"India’s leading private sector banks are beginning to show signs of workforce stabilisation in FY25, following the volatility triggered by the pandemic, as Kotak Mahindra Bank and Axis Bank reported a noteworthy easing in employee attrition. Kotak Mahindra Bank posted the sharpest drop in overall attrition among peers, bringing it down by 6.6 percentage points to 33 percent in FY25 from 39.6 percent a year ago, and Axis Bank followed with a 3.3 pp drop to 25.5 percent. To put things in perspective, the employee base of Axis Bank rose 9.3 percent year-on-year in FY25 to 1.04 lakh employees across senior, mid-, and junior-level roles, while Kotak Mahindra Bank’s headcount stood at 79,925, up 3.3 percent from the previous year. IDFC FIRST Bank saw overall attrition decline by 4.5 percentage points to 31.5 percent in FY25, while HDFC Bank reported the smallest improvement, a 2.2 pp dip to 24.7 percent, albeit from a lower base. IDFC FIRST’s total employee base stood at 40,354, up 3.8 percent year-on-year, while HDFC Bank had a workforce of 2,14,521 at the end of FY25. Easing attrition at the junior levels The improvement is particularly visible at the junior level, historically the most volatile segment, where absolute attrition was over 50 percent in FY22 and FY23. In FY25, Kotak Mahindra Bank brought junior-level attrition down to 34.3 percent from 42 percent in FY24. IDFC FIRST Bank followed, reducing junior level churns by 5.5 pp to 38.5 percent, still the highest in this cohort. HDFC Bank, starting from a lower base, brought junior attrition down by 2.4 pp to 33.4 percent, making it the lowest among the three that disclosed this data. These reductions reflect “internal mobility programs, enhanced employee engagement initiatives, and performance-linked retention schemes,” according to disclosures by banks in their annual reports. Axis Bank, while showing an overall decline in attrition, did not provide segment-wise data. Room for improvement in mid- and senior management levels In contrast, there was less relief at the senior management level, where attrition remained relatively high. Kotak Mahindra Bank saw senior-level attrition ease slightly to 14.6 percent in FY25, down from 16 percent a year earlier. IDFC FIRST Bank, which continued to report elevated churn in this category, brought senior attrition down to 7.8 percent, a sharp improvement from 10.5 percent in FY24. HDFC Bank maintained the most stable senior workforce, reducing attrition from 5.9 percent to 4.5 percent. The movement in the mid-management segment, on the other hand, appeared more contained in FY25. While there were signs of a gradual slowdown in exits in this category, though the moderation was far less pronounced. Kotak once again led the improvement at the mid-management level, reducing attrition by 4.9 percentage points to 13.4 percent in FY25, compared to 18.3 percent in FY24. IDFC FIRST Bank also saw some easing, with churn dropping 0.9 pp to 16.3 percent, down from 17.2 percent a year earlier. Despite the moderation, IDFC FIRST continued to report higher mid-level exits than its larger peers. HDFC Bank maintained the lowest attrition in this category, improving from 10.4 percent in FY24 to 9.7 percent in FY25."
22 Jul 2025,Accumulate Axis BANK; target of Rs 1186: Deven Choksey,https://www.moneycontrol.com/news/business/stocks/accumulate-axis-bank-target-of-rs-1186-deven-choksey-13306998.html,"Deven Choksey recommended accumulate rating on Axis BANK with a target price of Rs 1186 in its research report dated July 21, 2025.",Accumulate,"Deven Choksey's research report on Axis BANK In Q1FY26, Axis Bank’s Net Interest Income (NII) grew by 0.8% YoY (-1.8% QoQ) to INR 135,598 Mn., in-line with our estimates. The NIM declined by 17bps sequentially to 3.80%, (-25bps YoY). PPOP (Pre-Provisioning Operating Profit) grew by 13.9% YoY (+7.1% QoQ) to INR 115,152 Mn., above our estimates by 8.5% led by higher non-interest income and lower other operating expenses. The non-interest income for the quarter grew by 25.5% YoY (+7.1% QoQ) to INR 72,581 Mn. Trading profits and other income, grew by 161.0% YoY to INR 15,120 Mn., primarily led by higher realized gains on government securities and bonds, reflecting effective portfolio management amid favorable rate movements. Net profit declined by 3.8% YoY (-18.4% QoQ) to INR 58,061 Mn., below our estimate by 9.2% driven by sharp increase in provisions. Outlook We value Axis Bank at 1.6x Mar’27 ABVPS, implying a target price of INR 1,186. We reiterate our “ACCUMULATE” rating on the stock, as we believe the franchise continues to exhibit structural resilience across asset quality, profitability, and deposit traction. For all recommendations report, click here Axis Bank - 22072025 - deven"
18 Jul 2025,Buy Axis Bank; target of Rs 1370: ICICI Securities,https://www.moneycontrol.com/news/business/stocks/buy-axis-bank-target-of-rs-1370-icici-securities-13294764.html,"ICICI Securities is bullish on Axis Bank recommended buy rating on the stock with a target price of Rs 1370 in its research report dated July 18, 2025.",buy,"ICICI Securities research report on Axis Bank Axis Bank (Axis) reported disappointing Q1FY26 with a massive rise in gross/net slippages and credit costs. Axis, in its Q4FY25 call, without quantifying, had mentioned that it has tightened the upgrade and classification criteria (technical impact), which could adversely impact asset quality outcomes. The technical impact on gross slippages (INR 27.1bn), net slippages (INR 18.6bn) and credit costs (INR 8bn) is: 1) higher than our estimates; and more importantly 2) difficult to comprehend, in our view. Gross/net slippages jumped to ~3.1%/2.3% annualised, while credit costs spiked to 1.5%. RoA moderated to 1.5%, cushioned by treasury/fee and muted opex. NIM declined ~17bps QoQ to 3.8% and the bank retains its ‘through the cycle’ guidance of 3.8%. Axis now aims for outpacing the industry on loan growth in FY26 and continued muted opex in the near term. Retain BUY on valuations. Outlook We cut our target multiple to ~1.65x (~1.8x earlier); TP revised to INR 1,370 (INR 1,470 earlier). Maintain BUY on valuations, though we believe that the stock’s returns are likely to be back-ended. Axis has seen higher churn at the senior level and we hope the bank addresses this before it starts impacting execution. For all recommendations report, click here Axis Bank - 18072025 - icici"
18 Jul 2025,Buy Axis Bank; target of Rs 1400: Emkay Global Financial,https://www.moneycontrol.com/news/business/stocks/buy-axis-bank-target-of-rs-1400-emkay-global-financial-4-13294271.html,"Emkay Global Financial is bullish on Axis Bank has recommended buy rating on the stock with a target price of Rs 1400 in its research report dated Jun 18, 2025.",Buy,"Emkay Global Financial' research report on Axis Bank The in-line NII and higher treasury income notwithstanding, Axis Bank reported a 10% miss on PAT (at Rs58bn) and 1.5% RoA, primarily due to significantly higher provisions as it tweaked its stress recognition policy on cash credit/overdraft (CC/OD) facility and owing to one-time settlement accounts. Adjusted for this technical impact, 1Q PAT is likely log at ~Rs64bn. Though the management had earlier given guidance for this policy change to ensure industry-best prudency, the extent of NPA formation is higher than expected. The management indicated that 1Q bore the impact of the stock plus flow, and so slippages during 9MFY26 should be relatively moderate (albeit elevated), as also the credit cost. Factoring this in, we cut FY26E/FY27E/FY28E earnings by 7%/3%/1%; we expect the RoA to dip to 1.6% in FY26E and gradually recover to 1.7%. The stock has already corrected recently and is trading at cheap valuations of 1.4x FY27E ABV/1.2x FY28E ABV. Outlook Hence, we retain BUY on Axis while maintaining our TP at Rs1,400, rolling forward the standalone bank valuation on 1.6x Jun-27E ABV and subs at Rs125/sh. For all recommendations report, click here Axis Bank - 18072025 - emkay"
18 Jul 2025,"Bank Nifty plunges 1% on weak Axis Bank Q1 numbers; insurance, NBFC stocks also see selling pressure",https://www.moneycontrol.com/news/business/markets/bank-nifty-plunges-1pc-on-weak-axis-bank-q1-numbers-insurance-nbfc-stocks-also-see-selling-pressure-13294139.html,"Nifty Financial Services index was down nearly 1%, while the Nifty Private Bank index slipped 1.23%, with 8 of its 10 constituents trading in the red.",Axis Bank earning results bring Nifty Bank lower. ,"Bank Nifty declined over 1 percent in intraday trade on Friday, dragged by a sharp fall in Axis Bank shares after the lender's June quarter results missed market expectations. Broader selling was also seen across insurance and NBFC stocks. Shares of Axis Bank slipped as much as 6.36 percent to Rs 1,086 on the NSE after the private lender reported a 3 percent year-on-year drop in its consolidated net profit to Rs 6,243.72 crore for the first quarter of FY26. The decline was attributed to changes in norms related to non-performing assets and loan upgrade policies. Sensex slips 600 pts, Nifty below 24,950: Weak Axis Bank Q1 earnings among key factors behind market decline The stock, which opened lower by 6.02 percent, pared some losses by midday to trade at Rs 1,114.20, down 3.93 percent. Axis Bank shares have now fallen for two straight sessions. ""Axis Bank’s results came below market expectations, leading to pressure on the stock. Its GDR also dropped 4.8 percent to USD 64.30 on Thursday, reflecting concerns over asset quality,"" said Devarsh Vakil, Head of Prime Research, HDFC Securities. Axis Bank Q1 results: Net profit declines 4% to Rs 5,806 crore, NII marginally up The weak earnings triggered broader selling in the banking sector, pulling the Nifty Bank index down over 1 percent in intraday trade—its second consecutive session of losses. Eleven out of the twelve Nifty Bank constituents were in the red, with only IndusInd Bank trading higher, up 1 percent. Among other laggards in the banking space were Kotak Mahindra Bank, State Bank of India, HDFC Bank, ICICI Bank, and IDFC First Bank, which declined up to 1.5 percent. The weakness also extended to insurance and NBFC stocks. Bajaj Finserv, LIC Housing Finance, ICICI Prudential Life Insurance, HDFC Life, Shriram Finance, and SBI Life fell up to 2 percent. The Nifty Financial Services index was down nearly 1 percent, while the Nifty Private Bank index slipped 1.23 percent, with 8 of its 10 constituents trading in the red."
18 Jul 2025,Buy Axis Bank; target of Rs 1375: Prabhudas Lilladher,https://www.moneycontrol.com/news/business/stocks/buy-axis-bank-target-of-rs-1375-prabhudas-lilladher-13294073.html,"Prabhudas Lilladher is bullish on Axis Bank has recommended buy rating on the stock with a target price of Rs 1375 in its research report dated July 18, 2025.",Buy,"Prabhudas Lilladher's research report on Axis Bank AXSB saw a weak quarter yet again as core PAT missed PLe by 26.6% due to asset quality related technical impact of Rs6.14bn. Adjusting for the same, core PAT missed PLe by 17% owing to lower NIM and fees. Owing to more stringent recognition criteria, gross slippages were more by Rs27.1bn (one-time impact). In our view, this may also reflect the underlying stress. As bank does not intend to further change the recognition policy, upcoming quarters of FY26 and FY27 would see lower credit costs since stress is moderating in PL/CC. Outlook We raise provisions for FY26 by 8bps but reduce it for FY27E by 3bps. For FY26/27E, we cut NIM by 6bps and trim fees by avg. ~2.0%; core PAT is lower by 5.1%/2.6%. Due to 7bps reduction in core RoA for FY26 to 1.4%, we tweak multiple to 1.8x from 1.9x and cut TP to Rs1,375 from Rs1,500. Retain ‘BUY’. For all recommendations report, click here Axis Bank - 18072025 - prabhu"
18 Jul 2025,"Sensex sheds 500 pts, Nifty below 25,000: Weak Axis Bank Q1 earnings among key factors behind market decline",https://www.moneycontrol.com/news/business/markets/sensex-slips-nearly-600-pts-nifty-below-24-950-weak-axis-bank-q1-earnings-among-key-factors-behind-market-decline-13293567.html,"Sensex, Nifty declined as the investor mood turned cautious after Axis Bank posted disappointing June quarter results, with selling pressure seen across financials. ","Sensex, Nifty declined as the investor mood turned cautious after Axis Bank posted disappointing June quarter results, with selling pressure seen across financials. ","The benchmark equity indices declined sharply on Friday, dragged by weak earnings from Axis Bank, continued foreign fund outflows and negative global cues. Sensex tanked 501.51 points or 0.61 percent to settle at 81,757.73. During the day, it shed 651.11 points or 0.79 percent to hit a low of 81,608.13. The Nifty dropped 143.05 points or 0.57 percent to close at 24,968.40. Axis Bank, SBI Life Insurance Company, Shriram Finance , HDFC Life Insurance Company and Kotak Mahindra Bank were among the major laggards, declining up to 6 percent intraday. 1) Axis Bank Earnings Disappoint: Shares of Axis Bank plunged over 6 percent after the lender reported a 3 percent drop in consolidated net profit at Rs 6,243.72 crore in the June quarter. The results were impacted by a change in its classification of non-performing assets and loan upgrade policy. ""Axis Bank’s numbers missed expectations. Its GDR fell 4.8 percent to USD 64.30 on Thursday, reflecting deterioration in asset quality,"" said Devarsh Vakil, Head of Prime Research, HDFC Securities. The weak performance dragged down the Nifty Bank index by over 1 percent, with 11 of its 12 constituents trading in the red. Disappointing earnings from large-cap IT firms such as TCS and HCLTech also dampened market sentiment. ""The initial set of earnings has largely been muted and that is showing in the market reaction,"" Arun Malhotra, fund manager at CapGrow Capital told Reuters. 2) FII Selling Continues: Foreign Institutional Investors (FIIs) offloaded shares worth Rs 3,694.31 crore on Thursday, extending the selling trend seen through July. ""India has underperformed global peers so far this month. The selling by FIIs is a major factor. They were sellers in the first quarter, turned buyers in the next, but have resumed selling in July,"" said VK Vijayakumar, Chief Investment Strategist, Geojit Financial Services. Stock Market LIVE Updates 3) Global Cues: Weak trends in Asian equities also weighed on Indian markets. Key indices in Japan and South Korea were trading in the red. 4) Rise in Volatility Index: India VIX, a measure of market volatility, rose nearly 4 percent to 11.62, indicating rising nervousness among investors. Technical View Anand James, Chief Market Strategist at Geojit Financial Services, said the Nifty's slide extended to the 25,120–25,090 region, a key support zone. “A direct fall below 24,920 could open the door for further downsides. On the upside, the index may face resistance around 25,150–25,265,” James noted."
18 Jul 2025,"Stocks to Watch Today: Wipro, Axis Bank, LTIMindtree, Indian Hotels, Lupin, Tracxn Tech, Capital SFB, Veranda Learning, IndoStar in focus on 18 July",https://www.moneycontrol.com/news/business/markets/stocks-to-watch-today-wipro-axis-bank-ltimindtree-indian-hotels-lupin-tracxn-tech-capital-sfb-veranda-learning-indostar-in-focus-on-18-july-13292078.html,"Stocks to Watch, 18 July: Stocks like Wipro, Axis Bank, LTIMindtree, Indian Hotels, Lupin, Tracxn Technologies, Capital Small Finance Bank, Veranda Learning Solutions, IndoStar Capital Finance, and Sunteck Realty will be in focus on July 18.","Stocks to Watch Today, 18 July","Let's catch up on the latest news from the stock market. From significant investments to major deals, quarterly earnings, fund raising and acquisitions, here’s a quick look at which stocks will be in focus in today's trade: Results Today Reliance Industries, JSW Steel, Bandhan Bank, Aarti Drugs, Atul, Hindustan Zinc, IndiaMART InterMESH, Indian Overseas Bank, L&T Finance, Mahindra EPC Irrigation, Mastek, Mangalore Refinery and Petrochemicals, and Indosolar will release their quarterly earnings on July 18. Results on July 19 HDFC Bank, ICICI Bank, Union Bank of India, RBL Bank, Yes Bank, AU Small Finance Bank, Can Fin Homes, Central Bank of India, EPACK Durable, India Cements, JK Cement, Punjab & Sind Bank, Rossari Biotech, Reliance Power, and Seshasayee Paper and Boards will announce their quarterly results on July 19. Quarterly Earnings Wipro Q1 (Consolidated YoY) Profit grows 9.9% to Rs 3,336.5 crore Vs Rs 3,036.6 crore Revenue rises 0.8% to Rs 22,134.6 crore Vs Rs 21,963.8 crore IT Services revenue increases 0.8% to Rs 22,080 crore Vs Rs 21,896.3 crore IT Services EBIT soars 5.8% to Rs 3,813.4 crore Vs Rs 3,605.7 crore IT Services EBIT margin expands to 17.27% Vs 16.47% IT Services revenue in dollar terms advances 1.5% to $2,587.4 million Wipro expects Q2 revenue from IT Services business to be in $2,560-2,612 million Axis Bank Q1 (Standalone YoY) Profit declines 3.8% to Rs 5,806.1 crore Vs Rs 6,034.6 crore Net interest income rises 0.8% to Rs 13,559.8 crore Vs Rs 13,448.2 crore Provisions and contingencies zoom 93.6% to Rs 3,947.7 crore Vs Rs 2,039.3 crore Gross NPA increases to 1.57% Vs 1.28% (QoQ) Net NPA jumps to 0.45% Vs 0.33% (QoQ) Jio Financial Services Q1 (Consolidated YoY) Profit grows 3.8% to Rs 324.7 crore Vs Rs 312.6 crore Revenue soars 46.6% to Rs 612.5 crore Vs Rs 417.8 crore LTIMindtree Q1 (Consolidated YoY) Profit jumps 10.6% to Rs 1,254 crore Vs Rs 1,133.8 crore Revenue grows 7.6% to Rs 9,840.6 crore Vs Rs 9,142.6 crore EBIT increases 2.6% to Rs 1,406.5 crore Vs Rs 1,370.9 crore EBIT margin drops to 14.3% Vs 15% Other income zooms 72.7% to Rs 392.1 crore Vs Rs 227.1 crore 360 ONE WAM Q1 (Consolidated YoY) Profit jumps 16.8% to Rs 284.7 crore Vs Rs 243.7 crore Revenue soars 7.3% to Rs 911.5 crore Vs Rs 849.34 crore Clean Science and Technology Q1 (Consolidated YoY) Profit rises 6.3% to Rs 70 crore Vs Rs 65.9 crore Revenue grows 8.4% to Rs 242.9 crore Vs Rs 224 crore Tata Communications Q1 (Consolidated YoY) Profit tanks 42.9% to Rs 190.1 crore Vs Rs 332.9 crore Revenue rises 6.6% to Rs 5,960 crore Vs Rs 5,592.3 crore Board approves proposal to raise funds through issuance of NCDs worth upto Rs 1,000 crore CEAT Q1 (Consolidated YoY) Profit plunges 27% to Rs 112.5 crore Vs Rs 154.2 crore Revenue grows 10.5% to Rs 3,529.4 crore Vs Rs 3,192.8 crore Board re-appoints Arnab Banerjee as Managing Director & Chief Executive Officer Board approves capital expenditure of Rs 450 crore for Chennai plant Nuvoco Vistas Corporation Q1 (Consolidated YoY) Profit spikes to Rs 133.2 crore Vs Rs 2.84 crore Revenue grows 9% to Rs 2,872.7 crore Vs Rs 2,636.5 crore Sunteck Realty Q1 (Consolidated YoY) Profit zooms 46.7% to Rs 33.4 crore Vs Rs 22.8 crore Revenue falls 40.5% to Rs 188.3 crore Vs Rs 316.3 crore Shoppers Stop Q1 (Consolidated YoY) Loss narrows to Rs 15.74 crore Vs loss of Rs 22.72 crore Revenue grows 8.6% to Rs 1,161.1 crore Vs Rs 1,069.3 crore Indian Hotels Company Q1 (Consolidated YoY) Profit jumps 19.3% to Rs 296.4 crore Vs Rs 248.4 crore Revenue soars 31.7% to Rs 2,041.1 crore Vs Rs 1,550.2 crore Route Mobile Q1 (Consolidated YoY) Profit sinks 27.6% to Rs 58.8 crore Vs Rs 81.2 crore Revenue declines 4.8% to Rs 1,050.8 crore Vs Rs 1,103.4 crore Gautam Badalia resigns as Chief Executive Officer of the company, effective July 17 Board approves redesignation of Rajdipkumar Gupta as the Managing Director and Chief Executive Officer, effective July 18 Board approves re-designation of Sammy Mamdani as Chief Operating Officer, from Executive Vice President – Group Head – Global Operations Stocks to Watch Lupin The US Food and Drug Administration (US FDA) inspected Lupin’s Pithampur Unit-3 manufacturing facility during July 7–17. The inspection concluded with the issuance of a Form 483 containing three observations. Additionally, the US FDA inspected the Pithampur Unit-2 manufacturing facility during July 8–17 and closed the inspection with the issuance of a Form 483 containing four observations. Bajaj Auto The company’s subsidiary, Bajaj Auto Credit, has received approval from its board of directors for a fresh issuance limit of non-convertible debentures (NCDs) up to Rs 5,000 crore, an enhanced limit for the issuance of commercial papers up to Rs 3,000 crore, and a subordinated debt (Tier-2) issuance limit up to Rs 750 crore. Mahindra and Mahindra The company has approved the subscription to equity shares of Mahindra Logistics to the extent of its rights entitlement. It will also subscribe to additional shares as well as any unsubscribed portion of the rights issue at Rs 277 per share. Mahindra Logistics had earlier approved a rights issue of equity shares worth up to Rs 749 crore at an issue price of Rs 277 per share. Tracxn Technologies The share buyback price has been increased from Rs 70 per share to Rs 75 per share. Further, the maximum number of equity shares proposed to be bought back by the company has been reduced from 11.43 lakh shares to 10.67 lakh shares, equivalent to 0.99% of the total number of equity shares. IndoStar Capital Finance IndoStar has completed the transaction to sell its wholly owned subsidiary, Niwas Housing Finance, to Witkopeend B.V., an affiliate of BPEA EQT Mid-Market Growth Partnership (EQT), a global private equity investor, for Rs 1,705.95 crore. IndoStar will use the funds to accelerate growth and value creation in its core verticals of vehicle finance and small business loans. Veranda Learning Solutions The company has launched its Qualified Institutions Placement (QIP) issue on July 17, with a floor price of Rs 236.92 per share. Bulk Deals Capital Small Finance Bank Tikri Partners LLP, owned by Prashant Jain and his wife Seema Jain, bought 10 lakh shares (2.21% stake) at Rs 280 per share. Stocks Trade Ex-Dividend Kotak Mahindra BankHCL TechnologiesBharti AirtelCummins IndiaDabur IndiaJubilant FoodWorksAegis LogisticsAfcons InfrastructureASK AutomotiveAstraZeneca PharmaBajaj ElectricalsBlue StarBirlasoftCitadel Realty and DevelopersDhanuka AgritechDollar IndustriesElgi EquipmentsExide IndustriesGIC Housing FinanceGoodyear IndiaGRPHappiest Minds TechnologiesHitech CorporationIndia Motor Parts & AccessoriesIndian Hume Pipe CompanyIndian Hume Pipe CompanyIntellect Design ArenaIntellect Design ArenaLaxmi Organic IndustriesMagadh Sugar & EnergyMahindra Lifespace DevelopersCE Info SystemsMangalam Global EnterpriseMRFNeuland LaboratoriesNewgen Software TechnologiesOrient ElectricPix TransmissionsPlatinumOne Business ServicesPrudent Corporate Advisory ServicesPunjab Chemicals & Crop ProtectionSafari Industries IndiaSasken TechnologiesShanthi GearsSundaram Brake LiningsSwelect Energy SystemsSymphonyTTK HealthcareWalchand PeoplefirstWelspun CorpXpro India Stocks Trade Ex-Bonus Samvardhana Motherson InternationalMotherson Sumi Wiring IndiaBright Outdoor MediaIFGL Refractories Stock Trades Ex-Date for Spin Off Valor Estate Stock Trades Ex-Date for Split Indo Thai Securities Stock Trades Ex-Date for Buyback Tracxn Technologies Stock Trades Ex-Date for Rights Valiant LaboratoriesZodiac Ventures Stock in F&O ban Angel OneHindustan CopperRBL Bank Disclosure: Moneycontrol is a part of the Network18 group. Network18 is controlled by Independent Media Trust, of which Reliance Industries is the sole beneficiary."
17 Jul 2025,"Axis Bank Q1 results: Net profit declines 4% to Rs 5,806 crore, NII marginally up",https://www.moneycontrol.com/news/business/earnings/axis-bank-q1-results-net-profit-declines-4-percent-nii-marginally-up-13290016.html,"Net interest income (NII) grew marginally by 0.8 percent to Rs 13,560 crore in the quarter under review against Rs 13,448 reported in the year ago period.","Q1 Results Live: Axis Bank net profit falls 4% to Rs 5,806 crore, NII rises marginally to Rs 13,560 crore","Axis Bank on Thursday reported a 3.8 percent decline in June quarter net profit to Rs 5,806.14 crore from Rs 6,034.64 crore in the year-ago period. On a sequential basis, net profit fell 18 percent. The bank’s operating profit for the quarter grew 14 percent year-on-year to Rs 11,515 crore. Core operating profit grew 5 percent on-year to Rs 10,095 crore, as per press release. Operating cost grew 2 percent on-year in Q1FY26. The net interest income (NII) grew marginally by 0.8 percent to Rs 13,560 crore in the quarter under review against Rs 13,448 reported in the year ago period. On a sequential basis, net interest income fell by 2 percent. In April June quarter, Net Interest Margin (NIM) of the bank stood at 3.80 percent, as compared to 3.97 percent in a quarter ago period and 4.05 percent in a year ago period. Asset quality The asset quality of the bank has deteriorated in the reporting quarter with gross non-performing asset (NPA) ratio rising to 1.57 percent as on June 30, 2025, from 1.28 percent as on March 31, 2025, and 1.54 percent as on June 30, 2024. Similarly, net NPA ratio of the bank increased to 0.45 percent in Q1FY26, from 0.33 percent in Q4FY25, and 0.34 percent in Q1FY25, according to the investor presentation. In absolute terms, gross NPA of the bank stood at Rs 17,765 crore in April-June quarter, as compared to Rs 14,490 crore in a quarter ago period, and Rs 16,211 crore in a year ago period. Net NPA stood at Rs 5,066 crore in reporting quarter, as compared to Rs 3,685 crore in a quarter ago period, and Rs 3,553 crore in a year ago period. The country's third largest private sector lender reported provisions at Rs 3,948 crore in the June quarter of the fiscal year 2026, against Rs 1,359 crore in the March quarter. Deposit and advances The total deposits grew 9 percent on-year to 11.61 lakh crore, of which current account deposits grew 9 percent, saving account deposits grew 3 percent and term deposits grew 12 percent on-year, respectively. The share of CASA deposits in total deposits stood at 40 percent at the end of Q1FY26. On Quarterly Average Balance basis, total deposits grew 8 percent on-year, within which savings account deposits grew 1 percent on-year, current account deposits grew 4 percent and term deposits grew 12 percent on-year basis, respectively. The Bank’s advances grew 8 percent on-year and 2 percent on-quarter to Rs 10.59 lakh crore as on June 30, 2025. Retail loans grew 6 percent on-year to Rs 6.23 lakh crore crore and accounted for 59 percent of the net advances of the Bank. The share of secured retail loans was 72 percent with home loans comprising 27 percent of the retail book. Small Business Banking (SBB) grew 15 percent on-year, Loan against property grew 21 percent on-year, Personal loans grew 5 percent on-year, Credit card advances grew 2 percent on-year and Rural loan portfolio grew 5 percent on-year. Shares of Axis Bank settled nearly 1 percent lower at Rs 1,161 per share on the NSE in July 17 trading session, down 0.63 percent."
16 Jul 2025,"Axis Bank Grants 1,37,575 Stock Options to Employees",https://www.moneycontrol.com/news/business/markets/axis-bank-grants-1-37-575-stock-options-to-employees-alpha-article-13284962.html,The options were granted at the latest available current price prevailing on NSE,"Axis Bank Grants 1,37,575 Stock Options to Employees","The Nomination and Remuneration Committee of Axis Bank, in its meeting held on July 16, 2025, approved the grant of 1,37,575 stock options to eligible employees under the Axis Bank Employees Stock Option Scheme 2000-01. The exercise price for these options is ₹1,165.90 per option.Details of Stock Options GrantedParticularsDetailsOptions Granted1,37,575Exercise Price per Option₹1,165.90SchemeAxis Bank Employees Stock Option Scheme 2000-01Vesting Period1 year from the date of grant: 30%2 years from the date of grant: 30%3 years from the date of grant: 40%Exercise PeriodWithin 5 years from the date of respective vestingStock Option Scheme DetailsThe grant is in accordance with the SEBI (Share Based Employee Benefits and Sweat Equity) Regulations, 2021. These options represent 1,37,575 equity shares of ₹2 each.Pricing FormulaThe options were granted at the latest available current price prevailing on NSE, which recorded the highest trading volume in the equity shares of the Bank on July 15, 2025, the trading day immediately preceding the grant approval date.Vesting ScheduleThe granted options will vest as follows:30% of the granted options will vest at the end of 1 year from the date of grant.30% of the granted options will vest at the end of 2 years from the date of grant.40% of the granted options will vest at the end of 3 years from the date of grant.Exercise PeriodThe options can be exercised within a period of 5 years from the date of their respective vesting. "
15 Jul 2025,"Axis Bank Q1 Net Profit seen up 11.7% YoY to Rs. 6,743.1 cr: Prabhudas Lilladher",https://www.moneycontrol.com/news/business/axis-bank-q1-net-profit-seen-up-11-7-yoy-to-rs-6-743-1-cr-prabhudas-lilladher-13280526.html,"Net Interest Income (NII) is expected to increase by 2.8 percent Y-o-Y (up 0.1 percent Q-o-Q) to Rs. 13,829.8 crore, according to Prabhudas Lilladher.",Axis Bank,"Prabhudas Lilladher has come out with its first quarter (April - June’ 26) earnings estimates for the Banking sector. The brokerage house expects Axis Bank to report net profitat Rs. 6,743.1 crore up 11.7% year-on-year (down 5.3% quarter-on-quarter). Net Interest Income (NII) is expected to increase by 2.8 percent Y-o-Y (up 0.1 percent Q-o-Q) to Rs. 13,829.8 crore, according to Prabhudas Lilladher. Pre Provision Operating Profit (PPOP) is likely to rise by 10.1% Y-o-Y (up 3.5 percent Q-o-Q) to Rs. 11,124.9 crore. Prabhudas_Banking"
15 Jul 2025,Neutral Axis Bank; target of Rs 1300: Motilal Oswal,https://www.moneycontrol.com/news/business/stocks/neutral-axis-bank-target-of-rs-1300-motilal-oswal-2-13279356.html,"Motilal Oswal recommended Neutral rating on Axis Bank with a target price of Rs 1300 in its research report dated July 14, 2025.",Neutral,"Motilal Oswal's research report on Axis Bank Axis Bank’s (AXSB) stock has significantly underperformed key private peers, led by concerns on muted growth, elevated credit cost, and a decline in RoE. The bank is strategically shifting toward secured, better yielding segments amid a cautious stance on unsecured retail and aims to outpace system growth by ~3% CAGR over the coming years. AXSB continues to focus on strengthening its liability franchise and is witnessing strong traction in the NTB (new to bank) segment. With digital initiatives, branch expansion, and a supportive LCR framework, we estimate deposits to post a 13% CAGR over FY25-27. Margins are likely to remain under pressure in the near term, driven by the transmission of repo rate cuts and slower unsecured loan growth. However, a wellmatched ALM duration will help make the impact more manageable. The bank continues to guide for through-cycle NIMs of 3.8%. Cost ratios remain higher compared to peers. While AXSB remains focused on building a stronger and more sustainable franchise—and will continue making necessary business investments—we expect positive operating jaws to emerge from FY27. Outlook While the stock trades at reasonable valuations and the risk-reward appears favorable, clarity on the trajectory of credit costs, margins, and growth remains key for a sustained performance. We estimate AXSB to deliver FY27 RoA/RoE of 1.74%/15.3%. Reiterate Neutral with a TP of INR1,300 (1.6x FY27E ABV + INR127 for subs). For all recommendations report, click here Axis Bank - 15072025 - moti"
01 Jul 2025,"PSU bank stocks snap 5-day gaining streak amid profit booking; Union Bank of India, BoB among top losers",https://www.moneycontrol.com/news/business/markets/psu-bank-stocks-snap-5-day-gaining-streak-amid-profit-booking-union-bank-of-india-bob-among-top-losers-13210374.html,"Bank stocks have been in focus recently, with private and PSU bank stocks seeing significant surge and pushing the broader Nifty Bank index to fresh lifetime highs.",Nifty PSU Bank index,"PSU bank stocks fell prey to profit booking on July 1, pushing the Nifty PSU index down in the red to snap a five-day gaining streak. Bank stocks have been in focus recently, with private and PSU bank stocks seeing significant surge to push the broader Nifty Bank index to fresh lifetime highs. While private players saw a downturn in stock prices yesterday, PSU bank stocks continued to rally. However, investors may have now resorted to profit booking, leading to a fall in the share prices. Bank of Baroda shares tumbled nearly 2 percent to emerge as the top loser on the Nifty PSU Bank index. Union Bank of India and Punjab & Sind Bank (PSB) followed, dropping nearly 1.5 percent each. UCO Bank, Canara Bank and Bank of Maharashtra fell up to 1 percent each, while Bank of India, Indian Bank, State Bank of India (SBI) and Central Bank of India trading in the red with marginal losses. Indian Overseas Bank (IOB) shares however bucked the trend to trade in the green with marginal gains. The Nifty PSU Bank Index had jumped 2.6 percent on Monday after the finance ministry urged these lenders to offer more credit and monetise subsidiaries through IPOs and stake sales. According to reports, approximately 15 subsidiaries or joint ventures under public sector banks are currently being considered for initial public offerings (IPOs) or strategic divestments in the medium to long term. The most anticipated IPOs among these include those of SBI General Insurance and SBI Payment Services, the report added. In FY25, the collective net profit of 12 public sector banks reached a record Rs 1.78 lakh crore, up 26 percent from the previous year. In absolute terms, the profit increase amounted to nearly Rs 37,100 crore year-on-year. Private bank stocks also dropped on July 1, with heavyweight Axis Bank leading the losses. The shares of the private lender tumbled nearly 3 percent. The sharp fall in the share prices pushed the Nifty Bank index down in the red to hover around 57,164. Also read: Our LIVE blog on stock market updates"
30 Jun 2025,"Taking Stock: Market snaps 4-day gain; Nifty manages to close above 25,500",https://www.moneycontrol.com/news/business/markets/taking-stock-market-snaps-4-day-gain-nifty-manages-to-close-above-25-500-13203049.html,"The outperformance from the broader indices continued on seventh day, with BSE Midcap index rising 0.6 percent and smallcap index adding 0.8 percent.",Market Today,"Indian equity indices started the week on a weak footing as the benchmarks snapped a four-day gaining streak, dragging Nifty below 25,500 intraday, on June 30. Strong selling was seen in the metal, auto, realty, FMCG names. However, buying in PSU Bank, IT, media helped Nifty to close above 25,500. At close, the Sensex was down 452.44 points or 0.54 percent at 83,606.46, and the Nifty was down 120.75 points or 0.47 percent at 25,517.05. The outperformance from the broader indices continued on seventh day, with BSE Midcap index rising 0.6 percent and smallcap index adding 0.8 percent. The Nifty Bank index also hit fresh record high of 57,614.50 in today's session, but ended 0.2 percent lower at 57,312.75. Read More: India-US likely to finalise trade deal before July 8 deadline: Report Stocks & Sectors in Action Tata Consumer, Axis Bank, Kotak Mahindra Bank, Hero MotoCorp, Maruti Suzuki were among major losers on the Nifty, while gainers were Trent, SBI, IndusInd Bank, Bharat Electronics and Jio Financial. On the sectoral front, PSU Bank index rose 2.6 percent, pharma index gained 0.5 percent, while realty, FMCG, auto, metal ended in the red. Also Read: Hope cannot sustain valuations, says Kotak's Sanjeev Prasad on consumer stocks In stock specific, Sigachi Industries shares declined 11% amid reactor explosion in Telangana. Alembic Pharma shares jumped nearly 5% on USFDA approval for Doxorubicin Hydrochloride Injection. IDBI Bank shares climbed 1% as government nears financial bid phase. JB Chemicals shares fell 6% as Torrent Pharma acquired controlling stake worth Rs 25,689 crore. Waaree Energies shares jumped 7% after US arm won 540-MW solar module order. Karnataka Bank shares fell 5 percent on MD and CEO's resignation. More than 150 stocks on the BSE touched their 52-week highs, including Deepak Fertilisers, City Union Bank, EID Parry, Laurus Labs, Aditya Birla Capital, Lloyds Metals, Interglobe Aviation, SRF, Poonawalla Fincorp, Abbott India, Ramco Cements, LT Finance, Redington, Gillette India, Hyundai Motor, HDFC Life, Max Financial, Solar Industries, among others. Click to View More Global Markets Wall Street extended its rally on Friday, sending S&P 500 and Nasdaq to all-time closing highs as trade deal hopes fueled investor risk appetite and economic data helped solidify expectations for rate cuts from the U.S. Federal Reserve. Asia shares ended mostly higher on Monday, while European markets were trading marginally lower. Outlook for July 1 Aditya Gaggar Director of Progressive Shares Following a tepid opening, the Index extended its losses throughout the session and ultimately closed lower at 25,517.05 with a loss of 120.75 points. Sectoral performance was mixed, with PSU Banks and Pharma emerging as the top gainers, while Realty and Auto lagged. The broader markets relatively showed strength, with both Midcap and Smallcap indices rising over 0.50%, outperforming the Frontline Index. Technically, the Index has formed a bearish engulfing candlestick pattern near the lower end of the bearish gap zone around the 25,650 mark, which now stands as immediate resistance. On the downside, 25,400 will serve as a key support level. Rupak De, Senior Technical Analyst at LKP Securities The Nifty witnessed some profit-taking as the index closed 152 points off the day’s high. Additionally, it has formed a bearish engulfing pattern on the daily timeframe, indicating fatigue in the ongoing market rally. In the near term, the index may enter a phase of consolidation. The short-term trend is likely to remain sideways before any decisive directional move. On the downside, a decisive fall below 25,500 could trigger a correction. On the upside, resistance is placed at 25,600 and 25,800."
27 Jun 2025,IndusInd Bank shares surge on report that Axis Bank's Rajiv Anand likely strong candidate for CEO role,https://www.moneycontrol.com/news/business/markets/indusind-bank-shares-surge-on-report-that-axis-bank-s-rajiv-anand-likely-strong-candidate-for-ceo-role-13190302.html,"HDFC Bank's Rahul Shukla and Bajaj Finance's Anup Saha are also likely to be running for the role, CNBC-TV18 reported.",Axis Bank Deputy CEO Rajiv Anand,"The shares of IndusInd Bank sharply surged nearly 4 percent on June 27 after CNBC-TV18 reported that Axis Bank's Rajiv Anand is a strong candidate for its CEO position. HDFC Bank's Rahul Shukla and Bajaj Finance's Anup Saha are also likely to be running for the role, the report added, citing sources. IndusInd Bank shares hit a day's high of Rs 876 apiece. Axis Bank Deputy CEO Rajiv Anand is likely a strong candidate for the bank's CEO position, CNBC-TV18 reported. If appointed, Anand will replace IndusInd Bank's former CEO Sumant Kathpalia, who resigned in late April, taking moral responsibility for the discrepancies found in the bank’s derivatives portfolio. HDFC Bank's Group Head of Commercial and Rural Banking Rahul Shukla is also likely to be running for the role, the report added citing people familiar with the matter. According to the bank's website, Shukla is currently on a sabbatical leave. Anup Saha, Managing Director of Bajaj Finance, is also reported to be in the race. IndusInd Bank's board is set to send the names of these three candidates to RBI for approval, the report added. Moneycontrol couldn't independently verify the report. Axis Bank on April 25 had announced that its Deputy Managing Director Rajiv Anand will retire from his services on August 3 with the completion of his third term as a Director on the lender's board. After his retirement, Anand will continue to be associated with the Axis Group as a Non-Executive Chairperson of Axis Max Life Insurance Limited, the bank had said. IndusInd Bank on April 29 had announced that its CEO and Managing Director Sumant Kathpalia has resigned from his role. ""I undertake moral responsibility, given the various acts of commission/ omission that have been brought to my notice,"" Kathpalia said in his resignation letter. This comes after RBI granted only a one-year extension to Kathpalia's tenure as the bank's CEO, despite the lender asking for a three-year term. The bank had sought RBI's approval to constitute a committee of executives to discharge the duties, roles and responsibilities of the Chief Executive Officer (CEO) of the Bank, for an interim period until a permanent CEO is appointed by the bank. RBI later formally approved the establishment of a ""Committee of Executives"" to oversee operations during the leadership transition period. As per an exchange filing released by the bank, the newly formed committee will comprise two senior leaders — Soumitra Sen, who currently heads the Consumer Banking division, and Anil Rao, the bank's Chief Administrative Officer. In March, IndusInd Bank had announced that there were certain accounting lapses in the derivative portfolio which could have a negative impact of 2.35 percent of the bank’s net worth, as of December 2024. This sent the shares of the lender to a tail spin, with the stock falling 26 percent in a single day and wiping off major sums of investors' wealth. However, external auditor PwC later estimated the discrepancies to have a negative impact of Rs 1,979 crore on the bank’s net worth. The bank accordingly assessed an adverse impact of 2.27 per cent to its net worth as of December 2024. The bank also engaged Grant Thorton to conduct a forensic review into the accounting lapses. The report submitted on April 26, 2025, said that ""incorrect accounting of internal derivative trades, especially in case of early termination, which resulted in recording of notional profits, as the principal root cause for accounting discrepancy"". Notably, the bank's deputy CEO Arun Khurana has also resigned. Khurana, in his resignation letter, wrote, ""Considering the recent unfortunate developments, wherein the Bank determined an adverse accounting impact on P&L, on account of incorrect accounting for internal derivative trades, I having oversight of the Treasury Front office function, as the Whole Time Director, Deputy CEO and a part of senior management of the bank, hereby resign, effective immediately."" IndusInd Bank shares have gained nearly 7 percent in the past one month, but are still down nearly 10 percent in 2025 so far."
26 Jun 2025,"Bank Nifty hits record high of 57,263; HDFC Bank, Axis Bank shares jump up to 2%",https://www.moneycontrol.com/news/business/markets/bank-nifty-hits-fresh-record-high-of-57-070-hdfc-bank-axis-bank-shares-jump-over-1-13181574.html,"HDFC Bank share price:  Chandan Taparia from Motilal Oswal expects Bank Nifty cross 58,000 over next 2-3 weeks.",Bank Nifty at record high,"Bank stocks recorded significant gains on June 26, pushing the Nifty Bank index higher up in the green to hit a fresh all-time high of 57,263.45. The surge in the segment was led by heavy buying in private bank stocks. Heavyweight HDFC Bank shares jumped nearly 2 percent to hit a fresh all-time high of Rs 2,027 apiece, closing as one of the top gainers and biggest contributors to the uptrend in benchmark indices Sensex and Nifty. HDFC Bank shares have now extended gains for the third consecutive session. This comes as its subsidiary HDB Financial Services sees decent investor interest for its Rs 12,500 IPO. Notably, HDFC Bank had set tomorrow (June 27) as the record date to determine the eligibility of the shareholders set to receive its dividend payment. The rise in the share price comes ahead of the record date. AU Small Finance Bank shares rose over 1.7 percent to close at Rs 821 apiece, while Axis Bank shares gained 1.5 percent to end the session at Rs 1,231 apiece. ICICI Bank shares were trading nearly 1 percent higher, while IndusInd Bank, Punjab National Bank (PNB), Canara Bank, Bank of Baroda and Kotak Mahindra Bank shares were trading in the green with marginal gains. Dodging the uptrend in the segment, the shares of State Bank of India (SBI), Federal Bank, and IDFC First Bank were trading in the red with marginal losses. Will Bank Nifty cross 58,000 soon? Analysts however expect the bullish rally to continue, with Bank Nifty hitting further highs. ""Overall, I expect Bank Nifty to cross 58,000 over next 2-3 weeks. If it holds above 56,250, looks for an upside target of 57,050 today. I am expecting momentum in both Nifty and Bank Nifty post this expiry,"" said Chandan Taparia, Senior Vice President, Head - Derivatives & Technical Research, Motilal Oswal. What led to the rally? Ajay Bagga, Independent Analyst, meanwhile held India's macroeconomic indicators as key to the index's growth. ""Given the manifold actions by RBI, which has cut rates, injected ample liquidity into the money markets, has been pragmatic in undertaking macro prudential easing and has been providing regulatory relief, banks are poised to benefit in the next few quarters. India's robust macro, tailwinds from a good monsoon, income tax relief injecting some purchasing power in the pockets of the middle class and falling inflation all have created a good backdrop for credit growth,"" he said. Bhavik Joshi, Business Head at INVasset PMS, cited the liquidity-driven shift in the Indian financial ecosystem as a key factor behind the surge in Bank Nifty. ""The Reserve Bank of India has been at the forefront, executing a series of bold monetary actions to stimulate the economy. These include a total of 100 bps in repo rate cuts this year (25 bps each in February and April, followed by 50 bps in June), alongside a 100 bps CRR reduction. Most notably, the RBI recently conducted a $10 billion (₹87,000 crore) 3-year USD/INR swap, injecting long-term liquidity into the system,"" he said. ""Bank Nifty's leadership in 2025 is a reflection of this macro transformation. It’s not just a stock index hitting highs—it’s the financial heartbeat of a growing economy, powered by a central bank committed to supporting India’s next phase of expansion,"" he added. Sunny Agrawal of SBI Securities highlighted the surge in HDFC Bank and ICICI Bank's shares as a significant driver of the surge in the bank index. ""HDFC Bank and ICICI Bank account for approximately 50% of the Bank Nifty weight and today we have seen HDFC Bank hitting life high thereby pulling the entire index up. Moreover, ICICI Bank is also trading very close to its life highs. Overall, banks are well placed to enjoy better credit growth, on the back of recent drop in repo rate, albeit, NIMs may come under pressure during 1QFY26 and then gradually improving during FY26, with strong exit in 4QFY26,"" he said. Bank Nifty has been outperforming the Nifty 50 index since the beginning of 2025, posting gains of nearly 12 percent compared to the benchmark's 8 percent gain, said Ravi Singh, SVP - Retail Research, Religare Broking. Speaking about today's rise Singh said that the uptrend was helped by RBI's recent steps like cutting interest rates and reducing CRR, which made investors more confident about the profits of banks. ""On the technical charts, Bank Nifty is likely to move towards the 57,800–58,200 zone in the near term, provided it sustains firmly above the 56,800-breakout level. For the July expiry, the highest open interest build-up is observed at the 56,000 strike, indicating strong support. Overall, sentiment remains positive, with 56,500–56,200 acting as a key support zone and 57,200 as the immediate hurdle for further upside. Traders can look to deploy a “Buy on Dips” strategy in the banking index,"" Singh said. Nifty Financial Services also recorded significant rise today. The index jumped nearly 1 percent to hit a fresh record high of 27,144. ICICI Prudential Life Insurance Company, Jio Financial Services, Shriram Finance and Bajaj Finance surged over 2 percent each to emerge as the top gainers on the index. Also read: Our LIVE blog on stock market updates"
24 Jun 2025,Buy Axis Bank; target of Rs 1470: ICICI Securities,https://www.moneycontrol.com/news/business/stocks/buy-axis-bank-target-of-rs-1470-icici-securities-13168815.html,"ICICI Securities is bullish on Axis Bank recommended buy rating on the stock with a target price of Rs 1470 in its research report dated June 23, 2025.",Buy,"ICICI Securities research report on Axis Bank We met Mr Subrat Mohanty, Executive Director and Mr Puneet Sharma, CFO of Axis Bank (Axis). The bank did not provide any guidance, though it acknowledges the healthy systemic liquidity; this, in conjunction with the hefty cumulative cut, should aid systemic loan growth, albeit with a lag. Credit card stress appears to be levelling off; PLs though, may exhibit some latency – potentially stabilising in the next two quarters. We highlight that relative to peers, the bank has delivered soft deposits/loan growth, though NII growth outcomes (FY25 growth of ~9% YoY) have been similar. We reckon, Axis is a key beneficiary of the easing liquidity and peaking unsecured stress. We see a soft H1FY26, restrained by sluggish NIM (more so in Q2FY26) and elevated credit costs (further internal tightening, seasonality and absence of SR reversals). However, we believe H2FY26 shall offer a better picture on growth and RoA. Maintain BUY given attractive valuations of ~1.45x FY27 core banking book. Outlook Overall, Axis is likely to be a key beneficiary of easing liquidity and peaking systemic stress in unsecured retail. Our estimates are broadly unchanged. We see a soft H1FY26 due to pressure in NIM and frontloaded credit costs, but a potentially healthy improvement in H2FY26. As against the muted EPS growth in FY26, we see strong double-digits growth for FY27E led by a NIM uptick and easing credit costs. Maintain BUY with an unchanged TP of INR 1,470, valuing the stock at ~1.8x core banking ABV. For all recommendations report, click here Axis Bank - 24062025 - icici"
19 Jun 2025,Buy Axis Bank; target of Rs 1400: Emkay Global Financial,https://www.moneycontrol.com/news/business/stocks/buy-axis-bank-target-of-rs-1400-emkay-global-financial-3-13145094.html,"Emkay Global Financial is bullish on Axis Bank has recommended buy rating on the stock with a target price of Rs 1400 in its research report dated June 18, 2025.",Buy,"Emkay Global Financial' research report on Axis Bank We met Axis Bank’s ED Subrata Mohanty and CFO Puneet Sharma, to understand the business/profitability outlook, more so in view of the recent monetary policy. The management believes RBI’s policy stance is credit-positive, though it is too early to upgrade system growth estimates; also, the mgmt resisted giving guidance for FY26. For the medium-to-long term, it expects growth to be 300-400bps above the system growth. The bank managed its margins aptly in FY25. The recent sharp rate-cut could exert pressure on margins of most banks in 1HFY26 (more so in 2Q), as also for Axis Bank, although liability re-pricing should help partly recoup margins in 2H. The bank expects reported NIM to settle at ~3.8% (vs 4% in FY25) in the medium term. Stress in the credit card portfolio has eased; however, the strain would take some time to allay in MFI/PL which, along with the bank’s prudent recognition/provisioning policy on unsecured loans, could keep LLP elevated in the near term. Outlook We fine tune our earnings estimate (1% snip), while retaining BUY on Axis, given attractive valuations; our TP is unchanged at Rs1,400 (we value the SA bank at 1.7x FY27E ABV and subs at Rs125/sh). We believe the bank’s next level of re-rating will be contingent on further growth acceleration/management stability. For all recommendations report, click here Axis Bank - 19062025 - emkay"
06 Jun 2025,"Experts pitch 14 rate-sensitive stocks after RBI surprises with larger repo cut, CRR action",https://www.moneycontrol.com/news/business/markets/experts-pitch-14-rate-sensitive-stocks-after-rbi-surprises-with-larger-repo-cut-crr-action-13101403.html,"After the RBI's Monetary Policy Committee reduced the repo rate by 50 bps to 5.5 percent, Moneycontrol collated a list of top 14 rate-sensitive stocks from experts with a shorter term investment perspective.",Rate Sensitive Stocks to Buy post RBI Policy,"The RBI’s Monetary Policy Committee (MPC) surprised the street with a front-loaded 50 basis points repo rate cut to support economic growth, while changing the policy stance from ‘accommodative’ to ‘neutral’ on June 6, along with a cut in the cash reserve ratio (CRR). Five of the six RBI MPC members voted for the 50 bps cut, which was above analysts’ expectations. Some market experts believe the neutral stance marks the end of the official easing cycle, but keeps the door open to future rate cuts if required, depending on data. ""It is imperative to continue to stimulate domestic private consumption and investment through policy levers to step up the growth momentum. This changed growth-inflation dynamics calls for not only continuing with the policy easing but also frontloading the rate cuts to support growth,"" the RBI said in its release. Read More The central bank also slashed the cash reserve ratio by 100 bps to 3 percent to further provide durable liquidity, potentially unlocking nearly Rs 2.5 lakh crore in liquidity for the banking system. ""The cumulative 100 basis point rate cut since February underscores the RBI’s urgency to support demand, while the shift to a neutral stance signals a more cautious, data-driven approach to balancing growth and inflation risks going forward,"" Anil Rego Founder & Fund Manager at Right Horizons PMS said. Apurva Sheth, Head of Market Perspectives & Research at Samco Securities said the policy shift is more than a rate cut but a strong signal that the RBI has done its part and it is now up to corporates, consumers, and investors to seize the moment. The stock market, which already delivered strong returns from the lows of April, has reacted positively to the RBI move. The Nifty 50 index reclaimed 25,000 level with a one percent rise, forming a long bullish candle with falling resistance trendline breakout. Sectors like housing, autos, banking, and infrastructure are likely to see improved momentum as transmission picks up, Sonam Srivastava, Founder and Fund Manager at Wright Research PMS said, adding that it’s also a positive signal for rural and small business credit, where growth had been lagging. Moneycontrol has collated a list of top 14 rate sensitive stocks from experts with short term perspective. The stock price of June 5 is considered for the calculation of returns: Ashish Kyal, CMT, Founder and CEO of Waves Strategy Advisors HDFC Bank | CMP: Rs 1,949.60  For the past two months, HDFC Bank has taken a breather and has been undergoing a symmetrical triangle formation at the upper end. In the previous session, prices made a failed attempt to break out of the said pattern. For now, a decisive breakout on the upside is much-awaited for the next leg of the rally to resume. Additionally, the Bollinger Bands have been contracting, which is usually followed by a significant trending move. A break above Rs 1,970 followed by Rs 1,980 could trigger fresh buying in this stock. In summary, HDFC Bank is trading at an important juncture. A decisive break above Rs 1,980 is a must, which could open the doors for targets of Rs 2,055 followed by Rs 2,150. On the downside, Rs 1,900 is the nearest support level to watch. Strategy: Buy Target: Rs 2,055, Rs 2,150 Stop-Loss: Rs 1,900 PB Fintech | CMP: Rs 1,886.7  PB Fintech is one of the top gainers in the financial sector, which is a strong bullish sign. On the daily chart, the stock, after two weeks of consolidation, has managed to close above the narrow range of Rs 1,723 to Rs 1,810. Prices also managed to break above the previous swing high of Rs 1,854, highlighting that bulls are gearing up for a fresh rally. The current rise has retraced up to 61.8 percent of the prior fall that started in January 2025, and with follow-up buying, prices could retrace up to the 78.6 percent level, i.e., near Rs 2,050. Additionally, the MACD has recently given a bullish crossover, further reinforcing the positive outlook. In summary, the trend for PB Fintech has shifted in favour of the bulls. A break above Rs 1,895 could lead to a trending move towards Rs 1,970 followed by Rs 2,050. On the downside, Rs 1,820 is the nearest support level. Strategy: Buy Target: Rs 1,970, Rs 2,050 Stop-Loss: Rs 1,820 Prestige Estates Projects | CMP: Rs 1,626.1  The realty sector is one of the key beneficiaries of a rate cut, and within the sector, Prestige Estates is outperforming. On the daily chart, the stock is forming higher highs and higher lows, indicating bullishness. After reversing from the mid-Bollinger Band, prices are now trading near the upper Bollinger Band, with rising volumes highlighting strength in the ongoing trend. Additionally, the ADX (Average Directional Index) is showing a reading of 33, which is well above the 25 level, suggesting strong momentum. Given the steep rally, buying on dips seems a prudent strategy. In summary, the trend remains positive. Use dips as buying opportunities, with targets of Rs 1,720 followed by Rs 1,800. On the downside, Rs 1,555 is the nearest support. Strategy: Buy Target: Rs 1,720, Rs 1,800 Stop-Loss: Rs 1,555 Vinay Rajani, CMT, Senior Technical and Derivative Analyst at HDFC Securities Macrotech Developers | CMP: Rs 1,461.70  Lodha has broken out from a descending triangle pattern on the weekly chart. The stock is placed above key moving averages, indicating a bullish trend across all time frames. The realty sector index has been outperforming over the past couple of weeks. The monthly RSI has given a bullish crossover, indicating strength in the stock. Volumes have risen alongside the recent price rise. The stock has been forming higher tops and higher bottoms on both the daily and weekly charts. Strategy: Buy Target: Rs 1,680 Stop-Loss: Rs 1,300 Indian Bank | CMP: Rs 629.70  After breaking out from the bullish Flag pattern on the monthly chart, Indian Bank has experienced a running correction over the last three trading sessions. Considering the primary uptrend and the stock’s relative strength, it appears that the stock could resume its bullish trend with momentum at any time. Strategy: Buy Target: Rs 680 Stop-Loss: Rs 600 Mahindra and Mahindra | CMP: Rs 3,041.60  M&M is currently in a short-term consolidation phase, while the primary trend remains bullish. The stock is positioned above key moving averages and has been forming higher tops and higher bottoms on the weekly charts. The auto sector has seen sufficient consolidation and is on the verge of resuming its primary uptrend. Indicators and oscillators are showing strength on both the weekly and monthly charts. Strategy: Buy Target: Rs 3,200 Stop-Loss: Rs 2,950 Vidnyan Sawant, Head - Research Desk at GEPL Capital SBI Cards and Payment Services | CMP: Rs 944.35  SBI Card is demonstrating strong relative strength across all timeframes. On the monthly scale, the stock has broken out above its June 2023 swing high, signaling a structural shift. The weekly chart reflects a consistent uptrend, marked by higher highs and sustained price action above the 12-, 26-, and 50-week EMAs. Momentum remains firmly positive, with the MACD in buy mode across multiple timeframes, reinforcing the stock’s bullish undertone. Strategy: Buy Target: Rs 1,048 Stop-Loss: Rs 895 Angel One | CMP: Rs 3,271.7  Angel One has formed a double bottom pattern on the monthly timeframe, indicating a potential long-term reversal. On the weekly chart, the stock is showing signs of trend continuation, staying well above the 26-, 50-, and 100-week EMAs. Furthermore, the MACD is rising above the zero line with expanding positive histograms, signaling accelerating momentum and strengthening the bullish outlook. Strategy: Buy Target: Rs 3,730 Stop-Loss: Rs 3,070 Anshul Jain, Head of Research at Lakshmishree Investments Tata Motors | CMP: Rs 710.15  Tata Motors has rallied 38% in five weeks, forming a pole, followed by four weeks of tight closing, developing a bullish flag pattern on the weekly chart. This setup is supported by strong accumulative volumes, indicating institutional participation. Both daily and weekly moving averages are below current prices, acting as propellers for further upside. A breakout above Rs 730 will trigger the next bullish leg, targeting the weekly swing high of Rs 810 in the coming sessions. Strategy: Buy Target: Rs 810 Stop-Loss: Rs 690 Axis Bank | CMP: Rs 1,159  Axis Bank is in the seventh week of forming a weekly flag pattern, with low volumes indicating a healthy timewise correction. This consolidation is allowing the weekly moving averages to catch up, setting the stage for a strong breakout. A sustained move above Rs 1,225 will confirm bullish continuation and likely propel the stock towards Rs 1,500. The structure remains positive, with current sideways action building energy for a fresh upmove. Strategy: Buy Target: Rs 1,500 Stop-Loss: Rs 1,140 IndusInd Bank | CMP: Rs 803.2  IndusInd Bank has formed a bear trap and is currently trading above the trap level of Rs 800 while consolidating. A follow-through breakout above Rs 812 will neutralize the overhead weekly moving averages and trigger fresh bullish momentum. Volumes in the base have remained accumulative, indicating institutional interest. A breakout above Rs 812 is likely to flush out trapped traders, opening room for a swift rally towards Rs 926 in the coming weeks. Strategy: Buy Target: Rs 926 Stop-Loss: Rs 790 Mahesh M Ojha, AVP Research and Business development at Hensex Securities DLF | CMP: Rs 825.7  DLF remains in a strong bullish trajectory, supported by sustained volume and a solid breakout structure. The RSI indicates healthy strength without overbought signals, while the MACD supports ongoing upside momentum. The stock shows potential for continued outperformance in the short term. Strategy: Buy Target: Rs 860, Rs 900 Stop-Loss: Rs 794 Godrej Properties | CMP: Rs 2,312  Godrej Properties is showing strength, with the RSI trending positively and a MACD bullish crossover confirming upward momentum. The stock is breaking out of a consolidation phase with rising volumes. Technicals favour sustained upside in the coming sessions. Strategy: Buy Target: Rs 2,650, Rs 2,700 Stop-Loss: Rs 2,180 Larsen & Toubro | CMP: Rs 3,642.6  L&T remains in a strong uptrend, consolidating above key breakout zones. The RSI is stable, and the MACD remains in buy territory, indicating continued momentum. Sustained volumes support a bullish continuation in the near to medium term. Strategy: Buy Target: Rs 3,690, Rs 3,750, Rs 3,800 Stop-Loss: Rs 3,530"
15 May 2025,"Bank Nifty over a percent higher, snaps two-day losing streak on rate cut hopes and tariff updates",https://www.moneycontrol.com/news/business/markets/bank-nifty-over-a-percent-higher-snaps-two-day-losing-streak-on-rate-cut-hopes-and-tariff-updates-13027353.html,"Banking shares rallied in-line with the sentiment in the broader market, after latest inflation data raised optimism for potential RBI rate cuts, and easing US-China trade tensions offered respite from global recession fears.",Bank stocks,"The Nifty Bank index jumped nearly 700 points to hover around 55,460 in afternoon trade on May 15, snapping a two-day losing streak, in-line with an overall uptrend in the market. Benchmark Sensex has rallied over 1,300 points at over 82,600, and Nifty is above 25,000 in continued investor interest. ICICI Bank was the top gainer on the index, jumping over 2 percent, followed by Axis Bank which is higher by 1.7 percent. Shares of HDFC Bank were up around 1.5 percent. Kotak Mahindra Bank, State Bank of India (SBI), Bank of Baroda, Federal Bank and Punjab National Bank (PNB) shares too were higher in the trading session. Few stocks bucked the trend, with IndusInd Bank, AU Small Finance Bank, Canara Bank and IDFC First Bank shares trading with marginal losses. Axis Securities remained bullish on the bank index and said easing global slowdown fears could imply greater credit offtake. ""Domestic inflation data raised optimism for potential rate cuts by the Reserve Bank of India, while positive US inflation figures and easing US-China trade tensions eased global recession concerns."" The increased possibility of a rate cut by the central bank may also be seen as a positive for the banking stocks. India's annual retail inflation fell to 3.16 percent in April, down from 3.34 percent in March, data released on May 13 showed. This is the third month in a row that inflation remained below the Reserve Bank of India's target of 4 percent. Additionally, stocks moved after reports said that US President Trump has claimed India offered a 'no tariffs' trade deal to America. Speaking at a meeting with business leaders in Doha, Trump said, ""It is very hard to sell in India, and they are offering us a deal where basically they are willing to literally charge us no tariffs."""
14 May 2025,"Bank Nifty plunges 550 pts from day's high; AU SFB, Kotak Mahindra Bank among top losers: What lies ahead?",https://www.moneycontrol.com/news/business/markets/bank-nifty-plunges-550-pts-from-day-s-high-au-sfb-kotak-mahindra-bank-among-top-losers-what-lies-ahead-13024897.html,"Among top losers of the index are AU Small Finance Bank, which fell 1.44% while Kotak Mahindra Bank fell 1%.","Bank Nifty plunges 574 pts from day's high; AU SFB, Kotak Mahindra Bank among top losers: What lies ahead?","Bank Nifty index fell 574 points from day's high on May 14 and was trading in mild red. This extends the index's losses to second day, after a massive 3.3% rally on May 12. Bank Nifty fell 0.8% on May 13. At 2:15 pm on May 14, Bank Nifty was trading 298 points lower at 54,642.50. Its day's high was 55,208, but profit booking reigned and the index fell 574 points from that level. The 52-week high of the index is 56,098 and 52-week low is 46,077. Among top losers of the index are AU Small Finance Bank, which fell 1.44% while Kotak Mahindra Bank fell 1%. Heavyweights HDFC Bank and ICICI Bank shares meanwhile fell 0.8%, contributing to the downturn in the index. State Bank of India (SBI), Bank of Baroda and Punjab National Bank (PNB) shares were meanwhile trading with marginal losses, less than 0.5%. Few stocks however bucked the trend to trade in the green. Canara Bank, IDFC First Bank, Axis Bank and IndusInd Bank shares were trading with marginal gains. A technical report said Bank Nifty could correct up to 54,100 if it trades below the 55,110 level.""The daily chart shows a bearish candle with an upper shadow, reflecting resistance at higher levels. The trend-deciding level for the day is 55110. If Bank Nifty trades above this level, it may rally up to 55,331-55,721-55,942 levels. However, if it trades below 55,110 levels, we may witness profit booking in the market, and the index may correct up to 54,720-54,499-54,109 levels,"" said Axis Securities in its Daily Technical Outlook. ""For the Bank-Nifty, we may see some buying interest between 54700 and 54500. A close above 54500 would be negative,"" said Shrikant Chouhan, Head of Equity Research at Kotak Securities. Also read: IndusInd Bank’s ex-MD and ex-Dy CEO may face board penalty for insider trading, say sources"
12 May 2025,"Sensex zooms 2,975 pts, Nifty above 24,900: India-Pak ceasefire among key factors behind massive market rally",https://www.moneycontrol.com/news/business/markets/sensex-zooms-2-200-pts-nifty-above-24-700-india-pak-ceasefire-among-key-factors-behind-massive-market-rally-13020602.html,"Sensex, Nifty jumped over 3 percent after India and Pakistan announced a ceasefire with a total market cap gain of Rs 14 lakh crore. ","Sensex, Nifty edge over 2 percent higher on hopes of US-China trade deal. (Image Source: PTI)","The domestic equity benchmarks rebounded sharply on Monday, with the Sensex rallying 2,975 points and the Nifty climbing past the 24,900-mark, as easing geopolitical tensions between India and Pakistan and positive US-China trade talks lifted investor mood. This is the biggest single-day rise (in percentage terms) in last four years. After opening on a high note, the Sensex soared by 2,975.43 points or 3.74 percent to settle at a more than seven-month high of 82,429.90. During the day, it rallied 3,041.5 points or 3.82 percent to a high of 82,495.97. The Nifty skyrocketed 916.70 points or 3.82 percent to close at 24,924.70. In intra-day trade, the barometer zoomed 936.8 points or 3.90 percent to 24,944.80. Adani Enterprises, Jio Financial Services, Trent, Shriram Finance, Axis Bank were among the top gainers in today's trading session. Here are key factors behind stock market rally today 1) India-Pak ceasefire: India and Pakistan on Saturday announced reaching an understanding to stop all firings and military actions on land, air and sea, with effect from 5 pm that day. This came after India launched 'Operation Sindoor' on early May 7 to destroy nine terror infrastructures in Pakistan and Pakistan-Occupied-Kashmir in retaliation to the Pahalgam terror attack. ""The de-escalation between India and Pakistan removes a key overhang on investor sentiment and is likely to be seen as a major positive development by financial markets. Historically, markets have responded positively to such geopolitical cooling,"" said Prashanth Tapse, Senior VP (Research), Mehta Equities Ltd. 2) US-China Trade Talks: The conclusion of high-level trade talks between the US and China in Switzerland further buoyed the investor sentiment. Both countries signalled progress, with US officials pointing to a possible deal aimed at narrowing the American trade deficit, while Chinese authorities spoke of an ""important consensus"". China’s Vice Premier He Lifeng said a joint statement would be issued in Geneva on Monday, and Vice Commerce Minister Li Chenggang hinted at “good news for the world.” Stock Market LIVE Updates 3) Strong global cues: In Asian markets, South Korea's Kospi, Shanghai's SSE Composite index and Hong Kong's Hang Seng were quoting higher while Japan's Nikkei 225 index traded marginally lower. Ahead of the expected joint statement from Geneva, US Futures were up over 2 percent, signalling global optimism over a resolution to the trade dispute between the world’s two largest economies. 4) Nifty IT zooms: IT stocks gained on Monday on hopes of US-China trade deal after positive talks in Switzerland. Oracle Financial Services Software, Persistent Systems, Coforge, Mphasis and Infosys gained up to 6 percent intraday. 5) India Vix eases: The fear gauge volatility index or India Vix eased off, after India and Pakistan announced a ceasefire, leading to the India VIX sinking nearly 20 percent intraday. What technical analysts said? Anand James, Chief Market Strategist at Geojit Investments, said ""Though we certainly did not expect a vertical bounce back, we did go in last Friday expecting a consolidation rather than outright break down, given the support offered by the 200 day SMA near 24050, as well as fibo support near 23950-870."" ""Even as Nifty closed in the red on Friday, with weekend uncertainty looming, 62% of its constituents bounced atleast 196 from their respective lows, suggesting that most of the damage was limited to the downside gapped opening. This is contrary to usual bear moves, where a dead cat bounce is usually followed by a powerful plunge. That another wave of downside did not unfold on Friday, is an indication towards resilience, or that good deal of certainty has been priced in already. This sets up for a bounce with least objective of 24260 and an optimistic objective of 24770-850. However, should we fail to see past 24590, or if 24150 fail to hold after an upswing, expect resumption of downtrend aiming 23670-460,"" he added."
09 May 2025,"Yes Bank shares rise 8% to three-month high as lender, SBI board hold meetings on stake sale",https://www.moneycontrol.com/news/business/markets/yes-bank-shares-rise-8-to-three-month-high-as-lender-sbi-board-hold-meetings-on-stake-sale-13018839.html,"The Japanese financial conglomerate had begun talks to buy some stake in the company back in 2024, Moneycontrol had earlier reported. It is now back in fray to acquire controlling stake in the bank.",Yes Bank,"Shares of Yes Bank surged over 8 percent to hit a three-month high on May 9, after The Economic Times reported citing people familiar with the developments that the lender's board as well that of State Bank of India (SBI) will meet today separately to finalise the sale of stake in Yes Bank to Japan's Sumitomo Mitsui Banking Corporation (SMBC). The Japanese financial conglomerate had begun talks to buy some stake in the company back in 2024, Moneycontrol had earlier reported, and it is now back in fray to acquire controlling stake in the bank. PSU lender SBI holds a 23.97 percent stake in Yes Bank, and may sell up to 20 percent of its holding to SMBC. Moneycontrol has also learnt that SMBC may infuse fresh capital of 6–7 percent, and may make an open offer to take its stake up to 51 percent. Axis Bank, Kotak Mahindra Bank, ICICI Bank and HDFC Bank are the other investors in Yes Bank, who collectively hold a 7.36 percent stake in the private lender. Private equity majors Advent International and Carlyle hold 9.2 percent and 6.84 percent stake in the bank, respectively. Life Insurance Corporation of India (LIC) too holds a 3.98 percent stake in Yes Bank. ""Once SMBC reverts on the proposed terms, the deal will be taken to the regulator for further consideration,"" one senior official familiar with the developments had told Moneycontrol, adding that an agreement may be reached this fiscal if the Japanese firm is agreeable to shareholding and voting rights' laws. Yes Bank shares have so far surged nearly 14 percent in the past one month. The stock however has fallen marginally in 2025 so far."
02 May 2025,IndusInd Bank may ask Axis Bank's Rajiv Anand to takeover as CEO: Report,https://www.moneycontrol.com/news/business/banks/indusind-bank-may-ask-axis-bank-s-rajiv-anand-to-takeover-as-ceo-report-13011095.html,"IndusInd Bank's former CEO Sumant Kathpalia resigned in late April, taking moral responsibility for the discrepancies found in the lender’s derivatives portfolio.",Axis Bank Deputy CEO Rajiv ,"Axis Bank Deputy CEO Rajiv Anand is likely to be the frontrunner for the position of IndusInd Bank's Managing Director and CEO, The Hindu Business Line reported citing people familiar with the matter. This comes after the lender's former CEO Sumant Kathpalia resigned in late April, taking moral responsibility for the discrepancies found in the bank’s derivatives portfolio. According to a source cited by the publication, Anand is one of the obvious choices for the vacant CEO position at IndusInd Bank. Moneycontrol couldn't independently verify the report. Axis Bank on April 25 had announced that its Deputy Managing Director Rajiv Anand will retire from his services on August 3 with the completion of his third term as a Director on the lender's board. After his retirement, Anand will continue to be associated with the Axis Group as a Non-Executive Chairperson of Axis Max Life Insurance Limited, the bank had said. After the announcement, the Axis Bank executive took to X to say, ""What an amazing run it’s been! Am ever grateful for the opportunities I got over the years! Now let’s see what the future holds!"" IndusInd Bank on April 29 had announced that its CEO and Managing Director Sumant Kathpalia has resigned from his role. ""I undertake moral responsibility, given the various acts of commission/ omission that have been brought to my notice,"" Kathpalia said in his resignation letter. This comes after RBI granted only a one-year extension to Kathpalia's tenure as the bank's CEO, despite the lender asking for a three-year term. The bank had sought RBI's approval to constitute a committee of executives to discharge the duties, roles and responsibilities of the Chief Executive Officer (CEO) of the Bank, for an interim period until a permanent CEO is appointed by the bank. RBI later formally approved the establishment of a ""Committee of Executives"" to oversee operations during the leadership transition period. As per an exchange filing released by the bank, the newly formed committee will comprise two senior leaders — Soumitra Sen, who currently heads the Consumer Banking division, and Anil Rao, the bank's Chief Administrative Officer. In March, IndusInd Bank had announced that there were certain accounting lapses in the derivative portfolio which could have a negative impact of 2.35 percent of the bank’s net worth, as of December 2024. This sent the shares of the lender to a tail spin, with the stock falling 26 percent in a single day and wiping off major sums of investors' wealth. However, external auditor PwC later estimated the discrepancies to have a negative impact of Rs 1,979 crore on the bank’s net worth. The bank accordingly assessed an adverse impact of 2.27 per cent to its net worth as of December 2024. The bank also engaged Grant Thorton to conduct a forensic review into the accounting lapses. The report submitted on April 26, 2025, said that ""incorrect accounting of internal derivative trades, especially in case of early termination, which resulted in recording of notional profits, as the principal root cause for accounting discrepancy"". Notably, the bank's deputy CEO Arun Khurana has also resigned. Khurana, in his resignation letter, wrote, ""Considering the recent unfortunate developments, wherein the Bank determined an adverse accounting impact on P&L, on account of incorrect accounting for internal derivative trades, I having oversight of the Treasury Front office function, as the Whole Time Director, Deputy CEO and a part of senior management of the bank, hereby resign, effective immediately."""
28 Apr 2025,"Nifty Bank snaps three-day losing streak: PNB, SBI, Axis shares rise over 2%",https://www.moneycontrol.com/news/business/markets/nifty-bank-snaps-three-day-losing-streak-pnb-sbi-axis-shares-rise-over-2-13006942.html,"Axis Bank shares surged 2 percent after lender’s Q4 results beat estimates. It had reported a net profit of Rs 7,118 crore in Q4FY25, marginally lower than Rs 7,130 crore in the corresponding quarter last year. ",Bank stocks,"A strong rally in banking stocks pushed the Nifty Bank higher over 1.5 percent to around 55,500 level on April 28, snapping a three-day losing streak to emerge as one of the top sectoral indices, on a day of broadbased gains. The shares of Punjab National Bank (PNB) were the top gainer on the Nifty Bank index, rising over 3 percent to trade at Rs 103 apiece. State Bank of India (SBI) shares followed, jumping over 2.8 percent to trade at Rs 821 apiece. Bank of Baroda and Canara Bank shares were trading over 2.2 percent higher, while those of heavyweights Axis Bank and ICICI Bank were trading nearly 2 percent higher. Notably, the surge in the share price of Axis Bank comes after lender's Q4 results beat estimates. It had reported a net profit of Rs 7,118 crore in Q4FY25, marginally lower than Rs 7,130 crore in the corresponding quarter last year. According to Moneycontrol's poll, Axis Bank's profit-after-tax (PAT) was pegged 6 percent year-on-year lower at Rs 6,710 crore. Federal Bank and AU Small Finance Bank were meanwhile trading nearly 1.5 percent higher each. IndusInd Bank shares were up around 1.4 percent. Notably, the stock is in focus today after the lender said that the board of the bank is taking 'necessary steps' to fix accountability of the persons responsible for the accounting lapses and realign roles and responsibilities of senior management. Kotak Mahindra Bank, HDFC Bank and IDFC First Bank shares were trading in the green with marginal gains. On the technical aspect of the bank index, Shriram Group's Way2Wealth Brokers said, ""The overall trend remains bullish. Bank Nifty continues to form a higher high and higher low pattern on both the weekly and daily charts. The Super Trend indicate is positive, and it is trading above both short-term and long-term moving averages, which are sloping upward. Currently, support is placed at 54,176/54,000/53,150, while resistance is seen at 56,100. Traders should monitor daily price action closely and consider buying on dips, as the upcoming week could be volatile & the immediate intraday trend remains negative."""
28 Apr 2025,Buy Axis Bank; target of Rs 1400: Sharekhan,https://www.moneycontrol.com/news/business/stocks/buy-axis-bank-target-of-rs-1400-sharekhan-2-13006558.html,"Sharekhan is bullish on Axis Bank has recommended buy rating on the stock with a target price of Rs 1400 in its research report dated April 24, 2025.",Buy,"Sharekhan's research report on Axis Bank Adjusted for a one-time provision reversal of Rs. 801 crore, earnings remained subdued in Q4 (flat y-o-y) driven on a modest 2% y-o-y rise in PPOP. Credit cost (net of recoveries) stood at 50 bps (annualised as a % of avg loans) versus 80 bps q-o-q & 32 bps y-o-y. Loan /deposit growth lagged peers and system growth y-o-y but deposit growth surged q-o-q by 7% due to higher seasonal flows. Asset quality improved following seasonality in Q4. Bank guided that asset quality in credit card segment has largely stabilised while personal loans will take few more quarters. Bank has tightened asset classification, which could marginally impact credit cost in FY26E. Yet, the bank eyes better outcomes in FY26E on improved system liquidity. Outlook We maintain a Buy rating with a revised PT of Rs. 1,400. Stock trades at 1.6x/1.4x its FY2026E/FY2027E core BV estimates. For all recommendations report, click here Axis Bank - 28042025 - khan"
28 Apr 2025,"Stocks to Watch Today: Reliance Industries, IDFC First Bank, Tata Tech, Tejas Networks, India Cements, IGL, Biocon, Zydus Life in focus on 28 April",https://www.moneycontrol.com/news/business/markets/stocks-to-watch-today-reliance-industries-idfc-first-bank-tata-tech-tejas-networks-india-cements-igl-biocon-zydus-life-in-focus-on-28-april-13006146.html,"Stocks to Watch, 28 Apr: Stocks like Sasken Technologies, SBFC Finance, Mangalore Refinery and Petrochemicals, Bhansali Engineering Polymers, Rossari Biotech, Zensar Technologies, L&T Finance, Force Motors, Lloyds Metals and Energy, Poonawalla Fincorp, Mahindra Holidays & Resorts India, Tata Technologies, and DCB Bank will be in focus on April 28.",Stocks to Watch Today,"Let's catch up on the latest news from the stock market. From significant investments to major deals, quarterly earnings, order wins, and acquisitions, here’s a quick look at which stocks will be in focus in today's trade: Results Today UltraTech Cement, Aditya Birla Sun Life AMC, Adani Green Energy, Adani Total Gas, CSB Bank, Hexaware, IDBI Bank, IRFC, Oberoi Realty, PNB Housing Finance, TVS Motor Company, Castrol India, Central Bank of India, Fino Payments Bank, Firstsource Solutions, Go Digit General Insurance, Greenply Industries, IIFL Capital Services, Indegene, KFin Technologies, KPIT Technologies, Nippon Life India Asset Management and UCO Bank will announce their quarterly earnings on April 28. Quarterly Earnings Reliance Industries Q4 (Consolidated YoY) Profit grows 6.4% to Rs 22,611 crore Vs Rs 21,243 crore Revenue increases 8.8% to Rs 2,88,138 crore Vs Rs 2,64,834 crore EBITDA rises 3.6% to Rs 48,737 crore Vs Rs 47,050 crore EBITDA margin drops to 16.9% Vs 17.8% Reliance becomes first Indian company to cross total equity of over Rs 10 lakh crore Company acquires 100% equity stake in Kandla GHA Transmission from PFC Consulting for Rs 20 crore Board recommends dividend of Rs 5.50 per share for FY25 Reliance Jio Q4 (YoY) Profit surges 25.8% to Rs 7,023 crore Vs Rs 5,583 crore Revenue jumps 17.8% to Rs 39,853 crore Vs Rs 33,835 crore EBITDA soars 18.5% to Rs 17,016 crore Vs Rs 14,360 crore EBITDA margin expands to 50.1% Vs 49.7% Average revenue per user (ARPU) zooms 13.5% to Rs 206.20 Vs Rs 181.70 Indraprastha Gas Q4 (Standalone YoY) Profit drops 8.8% to Rs 349.2 crore Vs Rs 382.8 crore Revenue increases 9.8% to Rs 3,950.6 crore Vs Rs 3,596.8 crore EBITDA falls 4.8% to Rs 497.2 crore Vs Rs 522.6 crore EBITDA margin declines to 12.6% Vs 14.5% IDFC First Bank Q4 (Standalone YoY) Profit tanks 58% to Rs 304.1 crore Vs Rs 724.4 crore Net interest income grows 9.8% to Rs 4,907.2 crore Vs Rs 4,468.9 crore Provisions & contingencies double to Rs 1,450.5 crore Vs Rs 722.3 crore Gross NPA falls to 1.87% Vs 1.94% (QoQ) Net NPA rises to 0.53% Vs 0.52% (QoQ) Sasken Technologies Q4 (Consolidated YoY) Profit plunges 36% to Rs 11.02 crore Vs Rs 17.2 crore Revenue soars 35.8% to Rs 148.01 crore Vs Rs 109 crore Other income declines to Rs 9.9 crore Vs Rs 20.9 crore Board declares final dividend of Rs 13 per share SBFC Finance Q4 (Standalone YoY) Profit jumps 28.6% to Rs 94.4 crore Vs Rs 73.4 crore Net interest income grows 27.3% to Rs 242.6 crore Vs Rs 190.5 crore Board approves raising of funds up to Rs 3,000 crore via non-convertible debentures on a private placement basis India Cements Q4 (Standalone YoY) Loss widens to Rs 75.7 crore Vs loss of Rs 29.3 crore Revenue drops 3.9% to Rs 1,197.1 crore Vs Rs 1,245.4 crore Mangalore Refinery and Petrochemicals (MRPL) Q4 (Standalone YoY) Profit sinks 68% to Rs 363.1 crore Vs Rs 1,136.8 crore Revenue drops 2.9% to Rs 24,595.9 crore Vs Rs 25,328.7 crore Bhansali Engineering Polymers Q4 (Consolidated YoY) Profit declines 2.3% to Rs 39.5 crore Vs Rs 40.4 crore Revenue rises 7.4% to Rs 344.9 crore Vs Rs 321.2 crore Rossari Biotech Q4 (Consolidated YoY) Profit increases 0.9% to Rs 34.4 crore Vs Rs 34.1 crore Revenue grows 22.6% to Rs 579.6 crore Vs Rs 472.7 crore Zensar Technologies Q4 (Consolidated YoY) Profit rises 1.8% to Rs 176.4 crore Vs Rs 173.3 crore Revenue jumps 10.5% to Rs 1,358.9 crore Vs Rs 1,229.7 crore Board recommends final dividend of Rs 11 per share Tejas Networks Q4 (Consolidated YoY) Loss stands at Rs 71.8 crore Vs profit of Rs 146.8 crore Revenue zooms 43.7% to Rs 1,906.9 crore Vs Rs 1,326.9 crore L&T Finance Q4 (Consolidated YoY) Profit grows 14.9% to Rs 636.2 crore Vs Rs 553.9 crore Revenue increases 3.8% to Rs 2,423.1 crore Vs Rs 2,335.2 crore Force Motors Q4 (Consolidated YoY) Profit spikes 210% to Rs 434.7 crore Vs Rs 140.3 crore Revenue jumps 17.1% to Rs 2,356 crore Vs Rs 2,011.2 crore Exceptional gains at Rs 394.6 crore Vs Nil Board recommends dividend of Rs 40 per share for FY25 Lloyds Metals and Energy Q4 (Consolidated YoY) Profit declines 27.1% to Rs 201.9 crore Vs Rs 276.9 crore Revenue drops 23.2% to Rs 1,193.3 crore Vs Rs 1,554.3 crore Poonawalla Fincorp Q4 (Consolidated YoY) Profit sinks 81.2% to Rs 62.3 crore Vs Rs 331.7 crore Revenue grows 11.7% to Rs 707.9 crore Vs Rs 633.9 crore NDTV Q4 (Consolidated YoY) Loss widens to Rs 60.9 crore Vs Rs 8.5 crore Revenue increases 19.3% to Rs 127.05 crore Vs Rs 106.5 crore Mahindra Holidays & Resorts India Q4 (Consolidated YoY) Profit declines 11.3% to Rs 73.1 crore Vs Rs 82.4 crore Revenue drops 2.7% to Rs 778.8 crore Vs Rs 800.2 crore Tata Technologies Q4 (Consolidated YoY) Profit soars 20.1% to Rs 188.9 crore Vs Rs 157.2 crore Revenue dips 1.2% to Rs 1,285.7 crore Vs Rs 1,301 crore DCB Bank Q4 (YoY) Profit increases 13.7% to Rs 177.1 crore Vs Rs 155.7 crore Net interest income jumps 9.9% to Rs 558 crore Vs Rs 507.5 crore Gross NPA drops to 2.99% Vs 3.11% (QoQ) Net NPA slips to 1.12% Vs 1.18% (QoQ) RBL Bank Q4 (Standalone YoY) Profit tanks 80.5% to Rs 68.7 crore Vs Rs 352.6 crore Net interest income drops 2.3% to Rs 1,563 crore Vs Rs 1,600 crore Provisions & contingencies spike 89.7% to Rs 785.1 crore Vs Rs 413.8 crore Gross NPA falls to 2.60% Vs 2.92% (QoQ) Net NPA drops to 0.29% Vs 0.53% (QoQ) Stocks to Watch RailTel Corporation of India The company has received a work order worth Rs 90.08 crore from the Institute of Road Transport. Biocon The company's subsidiary, Biocon Biologics, announced that the Committee for Medicinal Products for Human Use (CHMP) of the European Medicines Agency has issued positive opinions recommending the approval of its denosumab biosimilar candidates for distinct therapeutic indications related to bone health. Zydus Lifesciences The US Food and Drug Administration (USFDA) conducted a surveillance inspection at the group’s API unit in Dabhasa, Gujarat, from April 21 to 25. The inspection concluded with six observations, none of which were related to data integrity. Additionally, Zydus will acquire an 85.6% stake in France’s Amplitude Surgical SA. JSW Steel The company’s subsidiary, JSW Steel Coated Products (JSWSCPL), submitted a resolution plan in the corporate insolvency resolution process of Colour Roof India on July 1, 2024. The Committee of Creditors has approved the resolution plan submitted by JSWSCPL and has declared JSWSCPL as the successful resolution applicant. GAIL India The company has signed a Memorandum of Understanding (MoU) with Container Corporation of India (CONCOR) to explore the adoption of liquefied natural gas (LNG) as an alternative fuel in the logistics sector. Axis Bank Rajiv Anand will retire as Deputy Managing Director of the bank, effective August 3, 2025, upon completion of his third term as a Director on the bank’s board. NRB Bearings The company will invest approximately Rs 200 crore over the next two years to expand and upgrade its manufacturing capabilities and R&D. The capital expenditure will focus on enhancing capacities for cylindrical roller bearings, needle roller bearings, thrust and combination bearings, and taper roller bearings. Bulk Deals Vodafone Idea Goldman Sachs (Singapore) Pte - ODI acquired a 0.55% stake in the telecom operator at an average price of Rs 7.65 per share, valued at Rs 457.96 crore. Meanwhile, Nokia Solutions and Networks India sold a 0.95% stake in Vodafone Idea at the same price, amounting to Rs 785.67 crore. E2E Networks Larsen & Toubro acquired 1,22,625 equity shares in the company at an average price of Rs 2,122.42 per share. Stock Trades Ex-Dividend HCL Technologies Stocks Trade Ex-Date for Rights GACM TechnologiesLloyds Engineering Works"
25 Apr 2025,Neutral Axis Bank; target of Rs 1300: Motilal Oswal,https://www.moneycontrol.com/news/business/stocks/neutral-axis-bank-target-of-rs-1300-motilal-oswal-13004228.html,"Motilal Oswal recommended Neutral rating on Axis Bank with a target price of Rs 1300 in its research report dated April 24, 2025.",Neutral,"Motilal Oswal's research report on Axis Bank Axis Bank (AXSB) reported 4QFY25 net profit of INR71.2b (flat YoY, up 13% QoQ, in line). NII grew 6% YoY/2% QoQ to INR138.1b (in line). NIMs expanded 4bp QoQ to 3.97%. Provisioning expenses stood at INR13.59b (14% lower than MOFSLe), driven by controlled slippages and write-back of provisioning on SR receipts. Loan book grew 8% YoY (3% QoQ), while deposits grew 10% YoY (7% QoQ), resulting in a moderation in the C/D ratio to 88.7%. The CASA mix increased 200bp QoQ to 41%. Fresh slippages stood at INR48.05b (INR54.3b in 3QFY25 and INR44.4b in 2QFY25). GNPA/NNPA ratio improved 18bp/2bp QoQ to 1.28%/0.33%. PCR moderated slightly to 75%. Outlook We fine-tune our earnings estimate and expect FY27E RoA/RoE of 1.7%/15.0%. Reiterate Neutral with a revised TP of INR1,300 (1.6x FY27E ABV). For all recommendations report, click here Axis Bank - 25042025 - moti"
25 Apr 2025,Buy Axis Bank; target of Rs 1400: ICICI Securities,https://www.moneycontrol.com/news/business/stocks/buy-axis-bank-target-of-rs-1400-icici-securities-13004288.html,"ICICI Securities is bullish on Axis Bank recommended buy rating on the stock with a target price of Rs 1400 in its research report dated April 25, 2025.",Buy,"ICICI Securities research report on Axis Bank Axis Bank (Axis) reported ~13% rise in Q4FY25 net profit to INR 71.2bn (flattish YoY; 8% beat) on the back of ~2% rise in PPOP (in-line). Provisions declined sharply, led by INR 8bn reversals on government-backed SR. Reported RoA was strong at ~1.8%. Business growth YoY remained muted (and below system), though QoQ growth saw a seasonal rebound. Reported NIM improved 4bps QoQ to 3.97% while calculated NIM dipped 7bps QoQ. Axis acknowledged easing systemic liquidity and performance of new vintage, but did not provide quantitative guidance on growth or credit costs. There is a slight change in commentary on the normalisation of stress in personal loan and credit cards. In the current rate cycle (FY22–25), Axis has registered relatively slower deposits growth (~12.6% CAGR), prioritising quality (improvement in run-off rates, contained dip in CASA share) and pricing (modest rise in cost of funding). Outlook We estimate the bank to deliver ~1.6% RoA in FY26 (similar for FY27) vs. ~1.7% in FY25 with a slight dip in NIM, partly offset by opex and stable credit costs. Maintain BUY with a revised TP of INR 1,400 (prior: INR 1,320), valuing the core banking business at ~1.7x FY27E core banking book (1.6x) and INR 133/share for subsidiaries. For all recommendations report, click here Axis Bank - 25042025 - icici"
25 Apr 2025,Buy Axis Bank; target of Rs 1425: Asit C Mehta,https://www.moneycontrol.com/news/business/stocks/buy-axis-bank-target-of-rs-1425-asit-c-mehta-13004316.html,Asit C Mehta is bullish on Axis Bank has recommended buy rating on the stock with a target price of Rs 1425 in its research report dated April 25 2025.,Buy,"Asit C Mehta report on Axis Bank Axis Bank reported Q4FY25 results slightly below our estimates in terms of advances growth (marginal miss by 0.5%), mainly due to slow growth in the retail advances. However, deposits reported an improvement with a growth of 7% QoQ (1.2% above our estimates). The bank reported an improvement in its CD ratio by 385bps QoQ/157bps YoY (150bps over our estimates). Credit quality improved during the quarter with 18bps QoQ/15bps YoY improvement in the GNPA. Margin during the quarter reported a marginal improvement 2bps QoQ/YoY, mainly due to a slight moderation in the cost of funds growth. Outlook We remain positive on Axis Bank given the expectation of healthy credit growth, pickup in deposit mobilisation and stable margins. We expect the bank’s advances/deposits to grow at a CAGR of 13%/14% along the NIMs moderating at 3.8% in FY27E (from 3.8% in FY25) leading to NII/PPOP/PAT CAGR growth of 14%16%12% over FY25-27E. We thus maintain Buy on Axis Bank with a revised target price of Rs 1,425, valuing the standalone bank at 1.5x of its FY27E Adj. BVPS. For all recommendations report, click here AXSB - 25042025 - asit"
25 Apr 2025,Buy Axis Bank; target of Rs 1500: Prabhudas Lilladher,https://www.moneycontrol.com/news/business/stocks/buy-axis-bank-target-of-rs-1500-prabhudas-lilladher-13004480.html,"Prabhudas Lilladher is bullish on Axis Bank has recommended buy rating on the stock with a target price of Rs 1500 in its research report dated April 25, 2025.",Buy,"Prabhudas Lilladher's research report on Axis Bank AXSB saw a decent quarter due to better deposit growth at 7.0% QoQ (PLe 3.0%) and higher fees (8.7% beat). Adjusted for (1) PSLC income of Rs1.7bn (2) PSLC cost of Rs5.9bn and (3) provision write-back of Rs8.0bn in SR, core PAT beat PLe by 5.0% to Rs65.8bn. Since higher LDR was a constraint to healthy loan growth, balance sheet has been repaired as LDR declined QoQ to 88.7% from 92.6% in Q3FY25. While asset quality was better owing to lower net slippages, provisions adjusted SR write-back, remained elevated at 86bps (PLe 81bps) led by higher write-offs. CC has stabilized whereas PL would take a few more quarters to normalize; MFI share is not material at ~1% of retail loans. Outlook Owing to improved LDR, we tweak multiple to 2.0x from 1.9x and increase TP to Rs1,500 from Rs1,350 as we roll forward to Mar’27 ABV. Retain ‘BUY’. For all recommendations report, click here Axis Bank - 25042025 - prabhu"
25 Apr 2025,Axis Bank Deputy MD Rajiv Anand to retire on August 3,https://www.moneycontrol.com/news/business/banks/axis-bank-deputy-md-rajiv-anand-to-retire-on-august-3-13005136.html, Rajiv Anand had joined the bank in 2013 and has served different roles over the years.,Axis Bank,"Axis Bank on April 25 announced that its Deputy Managing Director Rajiv Anand will retire from his services on August 3 with the completion of his third term as a Director on the lender's board. Anand took charge on the leadership front of the bank on December 27, 2021. After his retirement, Anand will continue to be associated with the Axis Group as a Non-Executive Chairperson of Axis Max Life Insurance Limited. ""Rajiv has been instrumental in transforming the Corporate Bank and contributed to building our retail franchise in its formative years. Rajiv has built and groomed a strong team. We have a strong leadership pipeline at the Bank that will ensure that our clients continue to receive best in class service and our competitive positioning continues to improve,"" Axis Bank said in an exchange filing. Notably, Rajiv Anand had joined the bank in 2013 and has served different roles over the years. The lender also announced some appointments to its board. Sameer Shetty has been appointed as Group Executive, DBAT and Strategic Programs. He currently heads Digital Business and Transformation vertical at Axis Bank. Prior to joining Axis Bank in 2019, Shetty worked with McKinsey as a Partner in Mumbai. Bipin Saraf meanwhile was appointed as Group Executive of Bharat Banking. The rank holder Chartered Accountant and Cost Accountant has over 25 years of experience in the areas of finance and banking. He joined Axis Bank in 2003 and was in-charge of the corporate & financial advisory portfolio in the Eastern zone. Axis Bank also announced the appointment of Rajkamal Vempati as a Group Executive, Human Resources. She currently serves as the President & Head of Human Resources at the lender. Prior to Axis Bank, she headed Human Resources at ICICI Lombard General Insurance Company. The three appointments became effective from April 1, 2025, Axis Bank said in its exchange filing. Notably, the announcements come a day after the private lender released its results for the January-March quarter (Q4) of financial year 2024-2025."
25 Apr 2025,"Sensex plunges 800 pts, Nifty below 24k as Pahalgam attack fuels geopolitical jitters; small, midcap indices fall 3%",https://www.moneycontrol.com/news/business/markets/sensex-plunges-800-pts-nifty-below-24k-as-pahalgam-attack-fuels-geopolitical-jitters-small-midcap-indices-fall-3-13004339.html,"Tech Mahindra, Infosys, TCS, and IndusInd Bank were among the gainers on benhcmark indices while the broader market mood remained grim with Axis Bank, Adani Ports, Bajaj Finserv, Power Grid, and NTPC leading the slide.","Sensex plunges 800 pts, Nifty below 24k as Pahalgam attack fuels geopolitical jitters; small, midcaps fall 3%","The Indian stock market is under pressure on April 25, continuing with losses after having ended its 7-day winning streak yesterday. At 12:50 pm, Indian market indices recorded over 800-point decline in Sensex while Nifty was below 24,000-level and broader markets were down by around 3 percent. Investors turned risk-averse after an attack on tourists in J&K's Pahalgam killed 26 men and heightened geopolitical tensions. Traders are adopting a cautious stance, pulling back from equities and locking in profits ahead of the weekend. The broader risk-off sentiment has also weighed on the rupee and bond markets, highlighting the broader nervousness across asset classes. Meanwhile, India VIX rose 8.15% to reach about 17.57 at intraday. At noon, it was trading 6.23% higher to reach 17.22. Tech Mahindra, Infosys, TCS, and IndusInd Bank were among the gainers on benhcmark indices while the broader market mood remained grim with Axis Bank, Adani Ports, Bajaj Finserv, Power Grid, and NTPC leading the slide. Recent policy moves by the government and RBI are aimed at reviving growth, but global trade tensions and geopolitical risks are clouding near-term gains. A note by Incred further explains that despite the usual year-end strength, earnings growth for Q4 is pegged at just 8% year-on-year, with no signs yet of a pause in the ongoing downgrades. Meanwhile, the sharp recovery in indices from their March lows has pushed mid- and small-cap valuations back to expensive territory, warranting a cautious stance. VK Vijayakumar, Chief Investment Strategist, Geojit Investments believes that there are tailwinds and headwinds for the market at present, leading to sustained FII buying. On a cumulative basis, FII's are at Rs 29513 crores as observed in the last 7 days. ""This is a total reversal of the momentum trade to US stocks when the dollar was strengthening. Since FII buying is likely to sustain bears will restrain from shorting the market. Another tailwind is US Treasury Secretary Scot Bessent’s remark that India is expected to strike the first bilateral trade deal with the US."" ""The resilience of the India economy can continue to support the market. The potential headwind looming large on the horizon is the uncertainty regarding India’s response to the terror attack and its consequences,"", he added."
25 Apr 2025,"Nifty Bank extends losses to 3rd straight day, declines up to 1.6% on Axis Bank's Q4 results; Kotak, SBI fall up to 2%",https://www.moneycontrol.com/news/business/markets/nifty-bank-extends-losses-to-3rd-straight-day-declines-up-to-1-6-on-axis-bank-s-q4-results-kotak-sbi-fall-up-to-2-13004314.html,"Of the 12 constituents of the index, 11 were trading in the red. IndusInd Bank was the sole gainer, up marginally at Rs 821.80 on the NSE.",Banking stocks remained under pressure for the third consecutive day on Friday.,"Banking stocks remained under pressure for the third consecutive day on Friday, with the Nifty Bank index declining as much as 1.8 percent, weighed down by Axis Bank’s subdued March quarter earnings. The index, which had touched a record high of 56,098.70 on April 23 during intraday trade, continued to reel under selling pressure and settled lower around the 55,200 mark by Thursday. In the last three sessions, the Nifty Bank has lost 2.6 percent, largely attributed to profit booking following a sharp rally over the past weeks. ""After the strong upmove in the past two weeks, the index has entered a consolidation phase, with support seen near the 54,500 level — which aligns with the previous major peak. Sustaining above this zone will be crucial for any fresh upside towards 56,200 and 57,500 in the coming sessions,"" said Vaishali Parekh, Vice President - Technical Research at Prabhudas Lilladher. Of the 12 constituents of the index, 11 were trading in the red. IndusInd Bank was the sole gainer, up marginally at Rs 821.80 on the NSE. Axis Bank led the losers, plunging 5.06 percent to an intraday low of Rs 1,146. The country’s third-largest private lender on Thursday reported a marginal fall in net profit for the March quarter at Rs 7,117 crore, compared to Rs 7,130 crore in the same period last year. The drop in profit was driven by a steep 64 percent jump in provisions for potential loan losses and lower trading income. Among other key laggards, Punjab National Bank and Federal Bank dropped between 2 and 3 percent, while heavyweights HDFC Bank and ICICI Bank declined around 1 percent each. State Bank of India, the country’s largest public sector lender, was down nearly 2 percent. The recent rally in banking stocks, seen last week, was sparked after the Reserve Bank of India released updated norms for Liquidity Coverage Ratio (LCR) on April 21. The central bank had introduced an additional run-off rate of 2.5 percent on internet and mobile banking-enabled retail and small business deposits, prompting market optimism at the time."
25 Apr 2025,"Sensex falls 500 pts, Nifty below 24,100: Escalating Indo-Pak tensions among key factors to spook markets",https://www.moneycontrol.com/news/business/markets/sensex-crashes-1-000-pts-nifty-below-24-000-escalating-indo-pak-tensions-among-key-factors-to-spook-markets-13004044.html,12 out of 13 sectors are trading in red; broader markets fell over 2% on April 25,"Sensex, Nifty declined on Friday on Indo-Pak clash fears. ","Sensex and Nifty extended losses for second day on Friday to fall 0.8 percent, dragged down by broad-based sector losses and geopolitical tensions along the India-Pakistan Line of Control (LoC) after the deadly terror attack in Kashmir that killed 26 people. The equity benchmark indices Sensex and Nifty opened with gains in early trade on April 25 amid continuous foreign fund inflows and a rally in global markets, but failed to carry forward the winning momentum and got dragged lower, led by Axis Bank. The 30-share BSE benchmark gauge climbed 329.23 points to 80,130.66 in early trade. The NSE Nifty rallied 118.75 points to 24,365.45. However, later both the benchmark indices gave up early gains and were trading much lower. At one point, Sensex was down nearly 1,200 points and Nifty went below 23,850. However, later the indices posted a minor recovery. At 13:38 pm, the Sensex was down 480.93 points or 0.6 percent at 79,320.50, and the Nifty was down 168.65 points or 0.7 percent at 24,078.05. About 492 shares advanced, 2,918 shares declined, and 93 shares unchanged. Nifty, thus, reclaimed its 200-DMA level of 24,052. Axis Bank, Adani Enterprises, Adani Ports and Special Economic Zone, Jio Financial Services and Trent led losses, falling up to 6 percent intraday. Here are key possible factors behind the market decline today 1) Rising geopolitical tensions: Markets remained jittery amid rising tensions along the Line of Control (LoC) following reports of retaliatory action by the Indian Army against Pakistani firing on Indian posts in Jammu and Kashmir on Thursday night. The developments came just days after the deadly terror attack in Kashmir’s Pahalgam on April 22, which left 26 people dead, mostly tourists. Traders said signs of further escalation, including New Delhi's decision to suspend the Indus Water Treaty and downgrade diplomatic ties, are likely to weigh on market confidence in the near term. 2) Sluggish Q4 earnings: Fourth-quarter earnings reports indicate that a sustained recovery in earnings growth remains uncertain. A review of financial statements shows a deceleration in operating profit growth for the quarter ended March 31, primarily due to sluggish sales and subdued demand. An analysis by Moneycontrol of 111 companies (excluding energy, banking, insurance, and financial services) with consistent data over the past 10 quarters reveals that operating profit grew just 6 percent year-on-year—the slowest in five quarters and the seventh consecutive quarter seeing single-digit growth. Early trends show sluggish Q4 earnings growth, persistent cost pressures 3) Profit-Booking After Recent Rally: Profit-booking was seen on Friday, following a sharp run-up in the markets over the past several sessions. On Thursday, the markets had snapped a seven-day winning streak. Stock Market LIVE Updates 4) Banking Stocks Drag: The Nifty Bank index fell nearly 1.6 percent. Axis Bank shares declined over 3.5 percent after the private sector lender reported a slight drop in net profit for the March quarter to Rs 7,117 crore, compared to Rs 7,130 crore a year ago. Eleven out of the twelve Nifty Bank constituents ended in the red. IndusInd Bank was the lone gainer, trading marginally higher."
25 Apr 2025,Axis Bank bags optimistic brokerage calls on Q4 profit beat but stock sinks 4% on weak growth outlook,https://www.moneycontrol.com/news/business/earnings/axis-bank-bags-optimistic-brokerage-calls-on-q4-profit-beat-but-stock-sinks-4-on-weak-growth-outlook-13003940.html,"Axis Bank shares fell over four percent despite reporting an estimate-beating net profit of Rs 7,118 crore for the quarter ended March FY2025.", Weak net interest income and cautious guidance on growth tempered investor sentiment.,"Private lender Axis Bank Ltd.'s shares tumbled over four percent in early trade on April 25, as investors showcased their disappointment with the bank's earnings report for the fourth fiscal quarter. Axis Bank reported a standalone net profit of Rs 7,118 crore in the March quarter of the previous financial year, marginally lower than Rs 7,130 crore in the corresponding quarter last year. However, the private lender beat estimates due to higher core lending income. The Mumbai-based lender's total income rose 6 percent to Rs 38,022 crore in Q4FY25 as against Rs 35,990 crore in Q4FY24. Net interest income - the difference between interest earned on loans and paid on deposits - rose 5.5 percent to Rs 13,811 crore. Gross non‑performing assets (NPAs) fell to 1.28 percent of advances from 1.43 percent a year earlier; net NPAs were down to 0.33 percent from 0.35 percent. At 10 am, shares of Axis Bank were trading in the red, lower by four percent at Rs 1,158.5 per share. Follow our live blog to catch all the updates Axis Bank reported strong sequential, period-end loan and deposit growth and improving asset quality but NII growth was soft, noted brokerages. Further, Axis Bank acknowledged easing systemic liquidity, but did not provide quantitative guidance on growth or credit costs. Axis Bank’s earnings beat our estimates on the back of lower credit costs benefitting from write-back of security receipts and recoveries in its wholesale portfolio, offset by lower-than-industry growth on both sides of the balance sheet, said HDFC Securities. ""Axis Bank witnessed first signs of portfolio stability although delinquencies continue to remain elevated compared to its larger peers."" ICICI Securities noted, ""Amidst impending pressure on loan yields, we expect growth to be relatively subdued in the near term, though it could see healthy recovery in CY27 from stable rates and easing liquidity conditions."" The brokerage, however, maintained its 'buy' call, with a price target of Rs 1,400 per share. Asset quality in CC has stabilised while PL will take a few quarters. ""Delinquencies in newly underwritten loans are improving in case of both CC and PL, just that in CC the portion of new loans to total is higher. The bank has tightened asset classification on certain loans, which will lead to marginally higher credit cost and lower recoveries in FY26"", said Nuvama Institutinal Equities, maintaining its 'buy' rating, with a target price of Rs 1,400. Motilal Oswal believed the bank is becoming more stringent in classifying loans, which could affect slippages going forward. Additionally, given the rate cut, margins are expected to remain undercheck."
25 Apr 2025,Buy Axis Bank; target of Rs 1395: LKP Research,https://www.moneycontrol.com/news/business/stocks/buy-axis-bank-target-of-rs-1395-lkp-research-13003920.html,"LKP Research is bullish on Axis Bank has recommended buy rating on the stock with a target price of Rs 1395 in its research report dated April 25, 2025.",Buy,"LKP Research's research report on Axis Bank Axis Bank reported a stable quarterly performance, supported by healthy momentum in loan and deposit growth, while lower provisions aided profitability. Although NIM remained healthy, we expect some compression in the near term due to lower incremental yields, driven by the transmission of repo rate cuts. The bank’s asset quality improved and is expected to remain resilient in an evolving macro environment, backed by stronger collection efficiencies and tighter underwriting standards. With a robust retail and SME lending pipeline, improving asset quality, and continued deposit traction, Axis Bank appears well-positioned to benefit from the improving credit demand environment. Outlook Hence, we maintain our BUY rating on the stock, based on 1.8x FY27E BVPS, with a revised target price of ₹1,395. For all recommendations report, click here Axis Bank - 25042025 - lkp"
25 Apr 2025,"Stocks to Watch Today: Axis Bank, Tech Mahindra, L&T Tech, Macrotech Developers, Cyient, IEX, Container Corporation in focus on 25 April",https://www.moneycontrol.com/news/business/markets/stocks-to-watch-today-axis-bank-tech-mahindra-l-t-tech-macrotech-developers-cyient-iex-container-corporation-in-focus-on-25-april-13003719.html,"Stocks to Watch, 25 Apr: Stocks like SBI Cards and Payment Services, SBI Life Insurance Company, Aavas Financiers, Tanla Platforms, Nelco, RITES, Power Grid Corporation of India, Wipro, Bannari Amman Spinning Mills, Bharat Heavy Electricals, and Gujarat Industries Power Company will be in focus on April 25.",Stocks to Watch Today,"Let's catch up on the latest news from the stock market. From significant investments to major deals, quarterly earnings, order wins, and appointments, here’s a quick look at which stocks will be in focus in today's trade: Results Today Reliance Industries, Maruti Suzuki India, RBL Bank, Tata Technologies, L&T Finance, Cholamandalam Investment and Finance, DCB Bank, Force Motors, Hindustan Zinc, Chennai Petroleum Corporation, Dr Lal PathLabs, Lloyds Metals and Energy, Bank of Maharashtra, Mahindra Lifespace Developers, Motilal Oswal Financial Services, Oracle Financial Services Software, Poonawalla Fincorp, Rossari Biotech, Shriram Finance, Tejas Networks, VST Industries, Zenotech Laboratories, and Zensar Technologies will release their quarterly earnings on April 25. Results on April 26 IDFC First Bank, Bhansali Engineering, Indiabulls Enterprises, India Cements, Mangalore Refinery and Petrochemicals, SBFC Finance, Ugro Capital, and Vakrangee will announce their quarterly earnings on April 26. Quarterly Earnings Axis Bank Q4 (Standalone YoY) Profit declines 0.2% to Rs 7,117.5 crore Vs Rs 7,129.7 crore Net interest income rises 5.5% to Rs 13,810.5 crore Vs Rs 13,089 crore Provisions & Contingencies grow 14.7% to Rs 1,359.4 crore Vs Rs 1,185.3 crore Provisions & Contingencies fall 36.9% to Rs 1,359.4 crore Vs Rs 2,155.6 crore (QoQ) Gross NPA drops to 1.28% Vs 1.46% (QoQ) Net NPA falls to 0.33% Vs 0.35% (QoQ) Tech Mahindra Q4 (Consolidated QoQ) Profit jumps 18.7% to Rs 1,166.7 crore Vs Rs 983.2 crore Revenue rises 0.7% to Rs 13,384 crore Vs Rs 13,285.6 crore EBIT increases 4.1% to Rs 1,405.3 crore Vs Rs 1,350.2 crore EBIT margin expands to 10.5% Vs 10.2% L&T Technology Services Q4 (Consolidated QoQ) Profit falls 3.5% to Rs 311.1 crore Vs Rs 322.4 crore Revenue grows 12.4% to Rs 2,982.4 crore Vs Rs 2,653 crore EBIT declines 6.6% to Rs 3,939 crore Vs Rs 4,219 crore Margin drops to 13.2% Vs 15.9% Revenue in dollar terms increases 10.7% to $345.1 million Vs $311.9 million Board recommends final dividend of Rs 38 per share for FY25 Company expects FY26 to be a better year than FY25, with a double-digit revenue growth in constant currency Macrotech Developers Q4 (Consolidated YoY) Profit surges 38.4% to Rs 922.8 crore Vs Rs 667 crore Revenue rises 5.1% to Rs 4,224.3 crore Vs Rs 4,018.5 crore Board recommends final dividend of Rs 4.25 per share Cyient Q4 (Consolidated QoQ) Profit zooms 39.3% to Rs 170.4 crore Vs Rs 122.3 crore Revenue declines 0.9% to Rs 1,909.2 crore Vs Rs 1,926.4 crore Other income stands at Rs 41 crore Vs other income (loss) at Rs 16.6 crore Board recommends final dividend of Rs 14 per share SBI Cards and Payment Services Q4 (YoY) Profit drops 19.4% to Rs 534.2 crore Vs Rs 662.4 crore Revenue rises 7.5% to Rs 4,674 crore Vs Rs 4,347.7 crore Gross NPA ratio at 3.08% Net NPA ratio at 1.46% SBI Life Insurance Company Q4 (YoY) Profit increases 0.3% to Rs 813.5 crore Vs Rs 810.8 crore Net premium income falls 5% to Rs 23,860.7 crore Vs Rs 25,116.5 crore Net commission grows 17.2% to Rs 997.8 crore Vs Rs 851.4 crore Aavas Financiers Q4 (YoY) Profit grows 7.8% to Rs 153.7 crore Vs Rs 142.6 crore Net interest income jumps 14.5% to Rs 371.5 crore Vs Rs 324.5 crore Nelco Q4 (Consolidated YoY) Loss stands at Rs 4.08 crore Vs profit of Rs 6.12 crore Revenue sinks 17.3% to Rs 67.5 crore Vs Rs 81.6 crore Tanla Platforms Q4 (Consolidated YoY) Profit drops 9.9% to Rs 117.3 crore Vs Rs 130.2 crore Revenue grows 1.9% to Rs 1,024.4 crore Vs Rs 1,005.5 crore Board declares second interim dividend of Rs 6 per share for FY25 Indian Energy Exchange (IEX) Q4 (Consolidated YoY) Profit increases 21.1% to Rs 117.1 crore Vs Rs 96.7 crore Revenue rises 17.3% to Rs 142.2 crore Vs Rs 121.3 crore Stocks to Watch RITES The company has received a work order worth Rs 28 crore from Mahanadi Coalfields (MCL) for detailed engineering and project management consultancy services for the rail connectivity work related to the proposed Phase-II SILO at the Lakhanpur area of MCL. Power Grid Corporation The company’s subsidiary, POWERGRID Energy Services, has put an 85 MW solar PV power plant in Ujjain, Madhya Pradesh, into commercial operation effective April 24. Container Corporation of India Container Corporation of India has signed a Memorandum of Understanding (MoU) with GAIL (India) to develop LNG infrastructure at various CONCOR terminals across India, aimed at ensuring uninterrupted LNG fuel supply for CONCOR’s road transportation requirements. Wipro The technology services and consulting company has announced the launch of its GitHub Center of Excellence (CoE) in Bengaluru, aimed at accelerating AI innovation. Bannari Amman Spinning Mills The Board has approved a rights issue of 1.50 crore equity shares worth Rs 40.71 crore, with the issue price fixed at Rs 27 per share. The rights issue will open on May 13 and close on May 26. Bharat Heavy Electricals (BHEL) BHEL reported a minor fire incident on a garbage heap at its Bhopal unit. The situation was promptly attended to by the CISF fire team, with additional support from municipal fire tenders and the State Disaster Response Fund (SDRF) team. The fire was contained within the plantation area, and there was no damage to any machinery, plant, or property. No injuries or casualties occurred. Gujarat Industries Power Company The company has commissioned the first phase of a 25 MW group captive solar project out of a total planned 75 MW at Vastan. Stocks Trade Ex-Dividend Muthoot FinanceSanofi India Stock Trades Ex-Date for Split Ami Organics Stock Trades Ex-Date for Income Distribution (InvIT) Intelligent Supply Chain Infrastructure Trust"
24 Apr 2025,"Axis Bank Q4 results: Net profit marginally declines to Rs 7,118 crore but beats estimates",https://www.moneycontrol.com/news/business/earnings/axis-bank-q4-results-net-profit-marginally-declines-to-rs-7-118-crore-but-beats-estimates-13002216.html,"Axis Bank Q4 results: Total income rises 6% to Rs 38,022 crore",,"Axis Bank on April 24 reported a standalone net profit of Rs 7,118 crore in Q4FY25, marginally lower than Rs 7,130 crore in the corresponding quarter last year. However, the private lender beat estimates due to higher core lending income. The Mumbai-based lender's total income rose 6 percent to Rs 38,022 crore in Q4FY25 as against Rs 35,990 crore in Q4FY24. According to Moneycontrol's poll, Axis Bank’s profit-after-tax (PAT) was pegged 6% year-on-year lower at Rs 6,710 crore. On April 24, Axis Bank’s shares closed at Rs 1,208.5 apiece on the NSE, 0.13 percent higher. The lender declared dividend of Re 1 for the year ended March 31, 2025. The private lender’s standalone interest earned rose 6.9 percent year‑on‑year to Rs 31,242.51 crore in Q4 FY25, up from Rs 29,224.54 crore in Q4 FY24, driven by a 5.3 percent growth in interest on advances to Rs 24,579.59 crore and a 14.1 percent jump in investment income to Rs 6,095 crore. Consolidated interest earned climbed 7.4 percent to Rs 32,452.32, with advances income up to Rs 25,709.Standalone total income (net interest income plus other income) grew 5.7 percent to Rs 38,022.03, aided by a 0.2 percent uptick in other income to Rs 6,779.52. Operating expenses rose more modestly with standalone operating expenses increased 5.6 percent to Rs 9,837.69 crore, while consolidated operating expenses increased 4.6 percent to Rs 10,392.28 crore. Consequently, standalone operating profit (before provisions) edged up 2 percent to Rs 10,752.37 crore, and consolidated operating profit rose 2.1 percent to Rs 11,445.05 crore. Net interest income - the difference between interest earned on loans and paid on deposits - rose 5.5% to Rs 13,811 crore. Provisions and contingencies, or funds kept aside for potential bad loans, rose 14% year-on-year to Rs 1,359 crore, but fell 37% from a quarter ago. Gross non‑performing assets (NPAs) fell to 1.28 percent of advances from 1.43 percent a year earlier; net NPAs were down to 0.33 percent from 0.35 percent. Consolidated net provisions similarly eased to Rs 1,550.28 crore from Rs 2,239.98 crore. For the full year FY25, standalone net profit grew 6.1 percent to Rs 26,373.48 crore, on total income of Rs 1,47,934.10 crore and operating profit of Rs 42,104.93 crore. Consolidated net profit for FY25 was Rs 28,055.11 crore, up 6.3% from FY24’s Rs 26,386.20 crore, on total income of Rs 1,55,916.86 crore and operating profit of Rs 44,888.51 crore. Axis Bank maintained a strong capital adequacy ratio of 17.07 percent (Basel III) and a return on assets of 1.74 percent for the full year. Earnings per share (EPS) for FY25 stood at Rs 85.28 (basic, standalone), compared to Rs 80.67 in FY24."
23 Apr 2025,"Bank Nifty snaps six-day rally to slip 1.3% from day's high, Kotak Mahindra, HDFC Bank top laggards",https://www.moneycontrol.com/news/business/markets/bank-nifty-snaps-six-day-rally-to-slip-1-5-from-day-s-high-canara-hdfc-bank-top-laggards-13001765.html,"The selloff comes a day after the bank index hit a record high of 55,961 for the first time, including several bank shares touching fresh highs. The fall in share prices may be driven by profit booking after the recent upmove. ",Bank Nifty,"Banking stocks fell on April 23, snapping Bank Nifty's six-day gaining streak as the index took a pause from a recent rally, down nearly 1.3 percent from the highest level. The selloff comes a day after the bank index hit a record high of 55,961 for the first time, including several bank shares touching fresh highs. The fall in share prices may be driven by profit booking after the recent upmove. So far this year, the Nifty Bank index is higher by 8 percent so far this year, having witnessed a sharp rebound since April 9. On the technicals of the Bank Nifty index, Axis Securities said the trend-deciding level would be 55,617. ""If Bank Nifty trades above this level, it may rally up to 55991-56335-56709 levels. However, if it trades below 55617 levels, we may witness profit booking in the market, and the index may correct up to 55273-54900-54556 levels."" Kotak Mahindra Bank shares were the top loser on the index, falling 2 percent to trade at Rs 2,221.40 apiece. Heavyweight HDFC Bank followed, dropping over 2 percent each to close at Rs 1,920 per share. Notably, this comes a day after the private lender achieved the Rs 15 lakh crore-milestone following a sharp surge in share price, becoming the third Indian company to hit the level. Canara Bank and State Bank of India (SBI) shares closed over 1 percent lower each. Federal Bank, Axis Bank, Bank of Baroda and Punjab National Bank (PNB) meanwhile closed with marginal gains. Despite the bearish trend, few bank stocks bucked the trend to trade in the green. AU Small Finance Bank shares surged nearly 8 percent to close at Rs 662 apiece. The sharp surge in the share price comes after the lender reported a 37 percent rise in net profit to Rs 2,106 crore in FY25. IDFC First Bank shares also gained over 2 percent to trade at Rs 68.34 apiece. IndusInd Bank and ICICI Bank shares closed with marginal gains. The Reserve Bank of India (RBI) on April 21 released the Liquidity Coverage Ratio (LCR) norms and assigned additional run-off rates of 2.5 per cent to internet and mobile banking enabled retail and small business customer deposits. Motilal Oswal in its latest report said that revised LCR framework is expected to enhance banks’ funding and liquidity operations. ""We maintain our positive view on the banking sector,"" the brokerage said. It further said that its top picks among the bank stocks are ICICI Bank, HDFC Bank, SBI and AU Small Finance Bank."
16 Apr 2025,"Nifty Bank extends gains for 3rd straight session; Federal Bank, BoB, PNB shares surge up to 2%",https://www.moneycontrol.com/news/business/markets/nifty-bank-extends-gains-for-3rd-straight-session-federal-bank-bob-pnb-shares-surge-up-to-2-12995600.html,"The moderation in both headline and core inflation strengthens the case for a potential policy rate cut, said Mahendra Patil frokm MP Financial Advisory Services LLP",The increased possibility of another rate cut may have boosted the bank stocks.,"Bank stocks recorded strong gains on April 16, pushing the Nifty Bank index higher in the green for the third consecutive session. This comes despite bulls losing grip of the market, with benchmark indices closing with marginal gains. Nifty Bank index jumped over 1.4 percent to end the session at around 53,118. India's inflation eased to a 67-month low of 3.34 percent in March, according to data released by the Reserve Bank of India (RBI) on April 15. ""The moderation in both headline and core inflation strengthens the case for a potential policy rate cut by the Reserve Bank of India in the coming days. With inflation now well within the central bank’s 4% target and core price pressures subdued, the current data underscores a favorable macroeconomic environment for monetary easing,"" said Mahendra Patil, founder and managing partner at MP Financial Advisory Services LLP. The increased possibility of another rate cut may have boosted the bank stocks. IndusInd Bank shares were the top gainer on the index, rising nearly 7 percent to close at Rs 785.50 apiece. The rise in the stock price comes after the lender received external auditor's report on the discrepancies found in its derivatives portfolio. The external agency has found Rs 1,979 crore of 'negative impact' to the bank's net worth due to the derivative discrepancies. This represents 2.27 percent of the lender's total net worth, slightly lower than the bank's earlier estimate of 2.35 percent. Axis Bank shares followed, rising over 4 percent to close at Rs 1,161 apiece. Bank of Baroda, Punjab National Bank (PNB), Canara Bank and IDFC First Bank followed, rising over 2 percent each. Federal Bank, AU Small Finance Bank and State Bank of India (SBI) shares meanwhile closed over 1 percent higher each. Heavyweights HDFC Bank, ICICI Bank and Kotak Mahindra Bank shares meanwhile closed with marginal gains in the green. Explaining the technical front of the index, Kotak Securities said, ""The market continues to display an uptrend formation, indicating potential for further gains from [previous closing] levels. We believe the current market environment is bullish; however, due to temporary overbought conditions, we may see some profit booking at higher levels. As long as the bank-nifty remains above 51800 levels, the bullish sentiment is expected to continue. On the upside, it could retest the range of 52600 to 53,000. However, if it falls below 51,800, the chances of reaching levels of 51,200 to 51,000 would increase."""
08 Apr 2025,Nifty Bank attempts rebound after tariff turmoil and ahead of MPC outcome,https://www.moneycontrol.com/news/business/markets/nifty-bank-attempts-rebound-after-tariff-turmoil-and-ahead-of-mpc-outcome-12988250.html,"The volatility seen around bank stocks also comes amid anticipation of a rate cut by RBI’s MPC, which is set to announce its decision on April 9.",Nifty Bank,"The Nifty Bank index has turned volatile, in-line with benchmark indices, giving up early gains on April 8 to drop over 700 points from early highs, then clawing back, a day after the marketwide crash on jitters over Trump tariffs and ahead of the MPC decision. Sensex and Nifty 50 have made some recovery on April 8 after falling sharply on April 7, with the bank index too making strong recovery after closing nearly 3 percent lower on April 7. The volatility seen around the bank stocks also comes ahead of the anticipation of a rate cut by RBI’s during its MPC review, which is set to announce its decision on April 9. The shares of State Bank of India (SBI) were the top gainer on the index. The stock jumped nearly 2 percent to trade at Rs 761 per share in the morning. AU Small Finance Bank, Axis Bank and Bank of Baroda shares were meanwhile trading over 1.3 percent higher each. Canara Bank, IDFC First Bank, HDFC Bank, ICICI Bank, IndusInd Bank and other bank stocks were trading in the green with marginal gains. Axis Securities has held a cautious outlook for the Nifty Bank index. ""Despite forming a bullish candle on the daily chart, the presence of an upper shadow indicates selling pressure at higher levels, suggesting resistance and caution in the upside momentum,"" the brokerage said. Emkay Global Financial said, ""Global sentiment has seen a shift and is rippling through the equity, bond, and FX markets in the thick of tariff shock and geopolitical concerns. Amid great policy and trade uncertainty, the overarching theme is increasing recessionary fears in the US and possibly even the global economy, led by macroeconomic shocks if these policies are sustained…The tariff shock has increased our conviction that the RBI will cut 25bps this week, with further easing ahead. This could also be accompanied by a change in stance to 'accommodative' from 'neutral' to give directional easing bias."""
08 Apr 2025,"Sensex soars 1,000 pts, Nifty reclaims 22,500; positive global cues among key factors to fuel market rally",https://www.moneycontrol.com/news/business/markets/sensex-soars-1-100-pts-nifty-reclaims-22-500-positive-global-cues-among-key-factors-to-fuel-market-rally-12988093.html,"Almost all of the 13 major sectoral indices were trading in the green, following a recovery in Asian peers and across the board buying.","Sensex soars 1,200 pts, Nifty reclaims 22,550 to recoup losses; recovery in Asian markets, among other factors fuel relief rally","Benchmark stock indices rebounded sharply on Tuesday, with the BSE Sensex surging over 1,100 points and NSE Nifty reclaiming the 22,500 mark, as investors took comfort from positive global cues. Sensex settled 1,089.18 points or 1.49 percent higher at 74,227.08, while the broader Nifty rallied 374.25 points or 1.69 percent to 22,535.85. The gains helped the indices recover some of the Monday’s sharp losses, when they had logged their worst single-day fall in 10 months. Almost all of the 13 major sectoral indices were trading in the green, following a recovery in Asian peers and across the board buying. Titan, Adani Ports, Bajaj Finserv, State Bank of India, Axis Bank, UltraTech Cement, Larsen & Toubro and Tata Steel were the biggest gainers. Key factors behind market rise today 1) Global recovery supports sentiment: Markets in Asia bounced back strongly, with Japan’s Nikkei 225 rising over 5.5 percent and China’s Shanghai Composite up nearly 1 percent. Investors hoped that the United States may soften its stance on tariffs after initial reactions caused a global sell-off. US markets closed mixed overnight. While the Nasdaq Composite inched up 0.10 percent, the S&P 500 and Dow Jones declined modestly. 2) US-China trade tensions seen as isolated: President Donald Trump threatened an additional 50 percent tariff on Chinese imports if Beijing does not withdraw its retaliatory duties. However, other major economies, including the European Union and Japan, have opened channels for negotiation. ""There are some significant takeaways from the ongoing chaos. One, the trade war is like to be confined to US and China. Others including EU and Japan have opted for negotiations. India has already started negotiations on a BTA with US. Two, the risk of a recession in the US has increased. Three, China is likely to be the worst-hit economy. Trump’s threat of another 50% tariff on China will, if carried out, almost freeze Chinese exports to US,"" said V K Vijayakumar, Chief Investment Strategist at Geojit Financial Services. 3) Robust Indian macros lend support: Experts pointed to India's stable macroeconomic fundamentals as a key support for equities. The Economic Survey for 2024-25 has projected growth in the range of 6.3-6.8 per cent for the current fiscal, with downside risks from global headwinds. ""India’s macros are solid. Growth prospects are healthy, and valuations, especially for largecap stocks, remain fair. These factors make Indian equities relatively attractive,"" added Vijayakumar. Despite Trump tariffs, India’s FY26 GDP growth may touch 6.5% on benign oil prices: Govt official Technical outlook remains cautious ""After reclaiming 22,165, we are now eyeing 22,522 as the next target. However, a spike of nearly 70 percent in India VIX suggests that volatility may remain high,"" said Anand James, Chief Market Strategist at Geojit Investments. James added that the Nifty may see some selling pressure near 22,660 and could consolidate between 22,320 and 22,660 levels in the coming sessions."
