Date,Title,URL,Article Description,Article Text,Article Content
21 Aug 2025,"Bajaj Finserv shares rise 1.5% as Jefferies initiates coverage with 'Buy' call, sees up to 22% upside",https://www.moneycontrol.com/news/business/markets/bajaj-finserv-shares-rise-1-5-as-jefferies-initiates-buy-call-sees-up-to-22-upside-13474696.html,"New ventures in mutual fund, healthcare, tech and ventures add optionality, the brokerage said about the NBFC","Bajaj Finserv shares rise 1.5% as Jefferies initiates 'Buy' call, sees up to 22% upside","Shares of Bajaj Finserv rose 1.5% on August 21 after global brokerage Jefferies initiated coverage with 'Buy' call and gave a target of Rs 2,420 per share. The target implies up to 22% upside potential from the current market price. Bajaj Finserv to benefit from lower rates, stronger BALIC (Bajaj Allianz Life Insurance Company Limited) profits and BAGIC (Bajaj Allianz General Insurance Company Limited) growth. At 10 am on August 21, Bajaj Finserv shares were trading 1.4% higher at Rs 1,986 apiece. New ventures in mutual fund, healthcare, tech and ventures add optionality, the brokerage said about the NBFC. Jefferies said it sees limited impact from Allianz exit and Jio Financial Services entry, adding that it expects 22% CAGR in core earnings. Last month, Bajaj Finserv reported a 30.4% year-on-year (YoY) rise in consolidated net profit for Q1FY26 at Rs 2,789 crore as compared to Rs 2,137.7 crore in the same quarter last year. Revenue for the June-ended quarter stood at Rs 35,439 crore, up 12.6% from Rs 31,479 crore in the corresponding period of the previous financial year."
18 Aug 2025,"Bajaj Finance, Axis Bank, HDFC Bank shares rise up to 6% on S&P upgrade, GST reform cheer",https://www.moneycontrol.com/news/business/markets/bajaj-finance-axis-bank-hdfc-bank-shares-rise-up-to-6-on-s-p-upgrade-gst-reform-cheer-13461688.html,"The Nifty Bank index was up more than 1.3 percent to hover around 56,035, while the Nifty Financial Services index rose nearly 2 percent to stand at 26,810, as seen at 10.10 am.","Bajaj Finance, Axis Bank, HDFC Bank shares jump up to 6%: S&P upgrade among key factors","The shares of banks and non-banking financial institutions saw strong rise in the morning trading hours of August 18. The sharp rise in the share prices pushed the Nifty Bank and Nifty Financial Services indices higher in the deep green. The Nifty Bank index was up more than 1.3 percent to hover around 56,035, while the Nifty Financial Services index rose nearly 2 percent to stand at 26,810, as seen at 10.10 am. Here are some of the key reasons leading to the uptrend in the financial pocket of the stock market: S&P upgrade: International credit ratings agency S&P Global on August 15 upgraded ratings of top 10 financial institutions, saying that India's financial institutions will continue to ride the country's good economic growth momentum. S&P has raised long-term issuer credit ratings on seven Indian banks - State Bank of India (SBI), ICICI Bank, HDFC Bank, Axis Bank, Kotak Mahindra Bank, Union Bank of India, and Indian Bank, and three finance companies - Bajaj Finance, Tata Capital, and L&T Finance. ""We expect India's banks to maintain adequate asset quality, good profitability, and enhanced capitalization over the next 12-24 months. This is despite some pockets of stress,"" S&P said, adding, credit risk in the system has reduced. This boosted investor sentiment for the stocks, as well as the broader sector, a day after US-based agency raised India's sovereign credit rating. ""S&P upgrade...is a significant macro and structural positive for the overall Indian market, likely supporting incremental valuation expansion driven by lower bond yields and decreased risk perception. Moreover, a higher sovereign rating will drive better FPI debt flows and lead to better USDINR and GOI bond yields. Foreign currency-heavy borrowers can benefit from lower interest costs. Indian financial companies, such as Bajaj Finance, accessing the ECB market could see a 15-20bp reduction on their coupon payments,"" said Motilal Oswal Financial Services. GST reforms: While delivering his Independence Day speech, Prime Minister Narendra Modi hinted at the next generation of Goods and Services Tax (GST) reforms to be announced as a Diwali gift for consumers. The Centre has proposed to move towards ""simple tax"" with 2 slabs—""standard and merit"", with special rates applicable for only for select few items. According to reports, this will significantly reduce tax burden on consumers aiming to buy several items, like electronics and other consumer durables. More demand for consumer durables may in turn boost stocks like Bajaj Finance who offer affordable EMIs to consumers to purchase several goods. Broader market uptrend: The sharp rise in the share prices also comes amid broader optimism in the stock market today. Sensex jumped over 1,000 points to hover around 81,629, while Nifty crossed the key 25,000-mark level. HDFC AMC and several other stocks will likely be strongly benefitted from the optimism in the stock markets. Bajaj Finance shares jumped more than 6 percent, while Chola Finance, ICICI Prudential Life Insurance Company, Bajaj Finsev and SBI Life shares were up more than 4 percent, leading the strong gains on the Nifty Financial Services index. IndusInd Bank shares rose nearly 3 percent, while AU Small Finance Bank, IDFC First Bank and Kotak Mahindra Bank shares were up nearly 2 percent each. Heavyweights ICICI Bank, HDFC Bank and Axis Bank shares were up more than 1 percent each, while SBI and PNB shares were hovering in the green with marginal gains. Also read: Our LIVE blog on stock market updates"
18 Aug 2025,"Sensex settles nearly 700 pts higher, Nifty above 24,800: PM Modi's GST reform plan among key factors behind market rally",https://www.moneycontrol.com/news/business/markets/sensex-soars-over-1-000-pts-nifty-reclaims-25-000-pm-modi-s-gst-reform-plan-among-key-factors-behind-market-rally-13461467.html,"Sensex, Nifty jumped on GST reform announcement as the lower rates are expected to boost the festive demand and fiscal year 2027 earnings outlook.","Sensex soars over 1,000 pts, Nifty reclaims 25,000 as PM Modi announces GST reform plan in his Independence Day speech in India.","The equity benchmark indices Sensex and Nifty rallied on Monday, climbing nearly 1 percent on heavy buying in auto and consumer durables stocks, buoyed by plans for big bang reforms in the GST regime by Diwali. Sensex jumped 676.09 points or 0.84 percent to settle at 81,273.75. During the day, it zoomed by 1,168.11 points or 1.44 percent to 81,765.77. The Nifty climbed 245.65 points or 1 percent to end at 24,876.95. Intra-day, it surged 390.7 points or 1.58 percent to 25,022. Maruti, Bajaj Finance, Mahindra & Mahindra, UltraTech Cement, Trent and Bajaj Finserv were among the major gainers. 15 of the 16 major sectors advanced, with autos and consumer stocks jumping 3.4 percent and 1.8 percent, respectively. The broader small-caps and mid-caps rose about 1 percent each. Key factors driving the rally: 1) GST reform push: In his Independence Day address on August 15, Prime Minister Modi said the Centre has circulated a draft of proposed GST changes to states and sought their cooperation to implement them before Diwali. Market experts said the proposal could shift most goods and services into the 5 percent and 18 percent slabs, benefiting sectors like autos and cement, which currently face a 28 percent tax. ""Insurance companies are also expected to benefit from the revision,"" said V K Vijayakumar, Chief Investment Strategist at Geojit Financial Services. 2) S&P upgrade: S&P Global Ratings upgraded India’s long-term sovereign credit rating on Thursday to ‘BBB’ from ‘BBB-’, the first upgrade since 2007, citing strong economic growth, improved policy credibility and fiscal consolidation. ""Declarations by the prime minister on GST reforms and the S&P upgrade are strong positives for the market,"" Vijayakumar added. The equity markets were closed on Friday for Independence Day. Stock Market Today LIVE 3) Global cues: Asian markets traded higher with Japan’s Nikkei, Shanghai Composite and Hong Kong’s Hang Seng in positive territory. Wall Street futures also pointed to a firm opening. 4) Crude prices: Brent crude slipped 0.05 percent to USD 65.82 per barrel. Softer crude prices ease concerns on India’s import bill and inflation, supporting sentiment. 5) Rupee gains: The rupee strengthened 20 paise to 87.39 against the US dollar in early trade, tracking firm domestic equities. It had settled at 87.59 in the previous session. 6) US softens tariff stance: Market mood also improved after US President Donald Trump signalled that Washington may not impose secondary tariffs on countries continuing to buy Russian crude, easing concerns of a potential hit to India. Technical view Anand James, Chief Market Strategist at Geojit Financial Services, said Nifty’s reversal attempts last week stalled near 24,670-24,720, but the upmove in mid and smallcaps shows a broad recovery. “We continue to look at 24,850-25,000-25,200 as objectives. While 24,850 may offer resistance, the upside remains intact as long as volatility holds above 24,650,” he said."
28 Jul 2025,"Bajaj Finserv shares rise 2% after Q1 net profit jumps 30% to Rs 2,789 crore: Should you buy, sell or hold?",https://www.moneycontrol.com/news/business/markets/bajaj-finserv-shares-rise-2-after-q1-net-profit-jumps-30-to-rs-2-789-crore-should-you-buy-sell-or-hold-13335431.html,"JM Financial kept a 'Buy' call on the stock, but raised its target price to Rs 2,300 apiece (earlier Rs 2,250 apiece).",Bajaj Finserv share price,"The shares of Bajaj Finserv jumped nearly 2 percent in morning trade on July 28 after the company released its results for the first quarter of the financial year 2026. Brokerages remained bullish on the stock, with target prices implying strong upside potential. The shares of the non-banking financial company (NBFC) were trading at Rs 2,018 apiece, as seen at 9.30 am. Bajaj Finserv Q1 Results: Bajaj Finserv on July 25 (Friday) had reported a net profit of Rs 2,789 crore for Q1 FY26. This marked a 30.5 percent rise from the Rs 2,138 crore net profit reported in the corresponding quarter of the previous financial year. The company's revenue from operations stood at Rs 35,439.08 crore in the quarter under review, marking a year-on-year (YoY) jump of 12.5 percent from Rs 31,479.93 crore reported in the corresponding quarter of previous year. On a sequential basis, the profit after tax (PAT) surged 15 percent from Rs 2,416.64 crore reported by the company in Q4 FY25. However, the revenue declined 3 percent from Rs 36,595.36 crore in the January-March quarter. Should you buy, sell or hold? JM Financial kept a ‘Buy’ call on the stock, but raised its target price to Rs 2,300 apiece (earlier Rs 2,250 apiece). The latest target price implies an upside potential of nearly 16 percent from the stock’s previous closing price of Rs 1,985.80 apiece. The domestic brokerage said that it expects the company to return to steady growth by the second half of this year. It added that it appreciates the firm’s reset in product and cost structures. “At CMP, while the implied holdco discount of 17% is less than 5 year average of 21%, we prefer Bajaj Finserv over Bajaj Finance to play the Bajaj growth story,” it added. HDFC Securities also maintained a ‘Buy’ call on the stock, with a target price of Rs 2,430 apiece. This implies an upside potential of more than 22 percent from the stock’s previous closing price. The domestic brokerage noted that the firm’s Q1 FY26 performance was strong across all operating business. “With the NBFC business maintaining sector leadership, the improving trajectory in insurance is expected to drive an operational turnaround and a 500bps increase in SOTP contribution, supporting a re-rating,” HDFC Securities said. Bajaj Finserv share price history: Notably, the shares of the company had closed over 2 percent lower on July 25 after the company had released its results for the first quarter of the financial year 2026. The stock has gained nearly 14 percent in the past six months, and is up more than 27 percent in 2025 so far."
25 Jul 2025,"Bajaj Finserv Consolidated June 2025 Net Sales at Rs 35,439.08 crore, up 12.58% Y-o-Y",https://www.moneycontrol.com/news/business/earnings/bajaj-finserv-consolidated-june-2025-net-sales-at-rs-35439-08-crore-up-12-58-y-o-y-13326642.html,,,"Reported Consolidated quarterly numbers for Bajaj Finserv are: Net Sales at Rs 35,439.08 crore in June 2025 up 12.58% from Rs. 31,479.93 crore in June 2024. Quarterly Net Profit at Rs. 2,789.05 crore in June 2025 up 30.47% from Rs. 2,137.70 crore in June 2024. EBITDA stands at Rs. 14,327.45 crore in June 2025 up 21.16% from Rs. 11,825.02 crore in June 2024. Bajaj Finserv EPS has increased to Rs. 17.50 in June 2025 from Rs. 13.40 in June 2024. Bajaj Finserv shares closed at 2,032.30 on July 23, 2025 (NSE) and has given 17.56% returns over the last 6 months and 28.69% over the last 12 months. "
25 Jul 2025,"Bajaj Finserv Standalone June 2025 Net Sales at Rs 434.37 crore, down 52.22% Y-o-Y",https://www.moneycontrol.com/news/business/earnings/bajaj-finserv-standalone-june-2025-net-sales-at-rs-434-37-crore-down-52-22-y-o-y-13326234.html,,,"Reported Standalone quarterly numbers for Bajaj Finserv are: Net Sales at Rs 434.37 crore in June 2025 down 52.22% from Rs. 909.11 crore in June 2024. Quarterly Net Profit at Rs. 329.92 crore in June 2025 down 47.88% from Rs. 633.04 crore in June 2024. EBITDA stands at Rs. 390.43 crore in June 2025 down 54.51% from Rs. 858.33 crore in June 2024. Bajaj Finserv EPS has decreased to Rs. 2.10 in June 2025 from Rs. 4.00 in June 2024. Bajaj Finserv shares closed at 2,032.30 on July 23, 2025 (NSE) and has given 17.56% returns over the last 6 months and 28.69% over the last 12 months. "
25 Jul 2025,"Bajaj Finserv Q1 net profit jumps 30% on-year to Rs 2,789 crore",https://www.moneycontrol.com/news/business/earnings/bajaj-finserv-q1-net-profit-jumps-30-on-year-to-rs-2-789-crore-13325480.html,"The life insurance gross written premium was up 9 percent YoY, while it declined 41% sequentially.","Bajaj Finserv Q1 net profit jumps 30% on-year to Rs 2,789 crore.","Bajaj Finserv reported a 30.5 percent jump in it's June quarter net profit to Rs 2,789 crore. The same was reported at Rs 2,138 crore in the same period a year ago. The company's revenue from operations stood at Rs 35,439.08 crore in the quarter under review, a year-on-year (YoY) jump of 12.5 per cent from Rs 31,479.93 crore reported in the corresponding quarter of previous year. The life insurance gross written premium was up 9 percent YoY, while it declined 41% sequentially. The general insurance gross written premium was up 9 percent, while declining 20 percent quarter-on-quarter (QoQ). On the sequential basis, the profit after tax (PAT) surged 15% from Rs 2 416.64 crore reported by the company in Q4FY25, however, the revenue declined 3 percent from QoQ against Rs 36,595.36 crore in the January-March quarter. The company incurred total expenses of Rs 28,248.32 crore in the quarter under review, rising from Rs 25,514.14 crore YoY. Shares of Bajaj Finserv were trading in the red at around 12:30 p.m., quoting at Rs 1,960.8 per share on the NSE, down 3.52 percent."
25 Jul 2025,"Sensex declines nearly 700 pts, Nifty below 24,850: Bajaj Finance Q1 results among key factors behind market decline",https://www.moneycontrol.com/news/business/markets/sensex-declines-over-550-pts-nifty-below-24-900-bajaj-finance-q1-results-among-key-factors-behind-market-decline-13324913.html,"Sensex, Nifty extended decline on Friday as weak earnings from Bajaj Finance as well as FII selling weighed on investor sentiments. ","Sensex, Nifty see profit-booking in July 25 trading session. ","The benchmark equity indices declined nearly 1 percent on Friday, weighed by weak earnings from Bajaj Finance, continued selling by foreign institutional investors (FIIs) and a negative trend in Asian markets. Sensex declined 670.05 points or 0.82 percent to 81,514.12, while the broader Nifty dropped 219.55 points or 0.88 percent to 24,842.55. Bajaj Finance, Bajaj Finserv, Shriram Finance, Bajaj Auto and Hero MotoCorp were among the major laggards, declining up to 6 percent. Here are the key factors behind the market decline: 1) Bajaj Finance shares fall after Q1 results: Shares of Bajaj Finance slumped nearly 6 percent after the company reported higher credit costs in its two-wheeler/three-wheeler and MSME segments for the quarter ended June 30, 2025. The company noted visible stress in the MSME portfolio since February and expects a moderation in growth in these segments from Q2 onwards. Despite this, consolidated net profit rose 22 percent year-on-year to Rs 4,765 crore, supported by strong loan growth. Consolidated revenue grew 21 percent to Rs 19,524 crore from Rs 16,100 crore in the year-ago period. Bajaj Finance shares sink 6% as MSME stress, credit costs weigh; should you buy, sell, or hold shares? 2) Rise in India VIX: The volatility index, India VIX, rose nearly 7 percent to 11.43, indicating rising nervousness among traders. A spike in the VIX typically reflects heightened fear in the market and can lead to increased selling pressure. Stock Market LIVE Updates 3) Rupee weakens: The Indian rupee depreciated by 19 paise to 86.59 against the US dollar in early trade. A weak domestic equity market and continued foreign capital outflows weighed on the local currency, further dampening investor sentiment. 4) Continued FII selling: Foreign Institutional Investors net sold shares worth Rs 2,133.69 crore on Thursday. Analysts said sustained FII outflows, totalling Rs 11,572 crore over the last four sessions, remain a key overhang for the market. ""The near-term market construct has turned weak,"" said VK Vijayakumar, Chief Investment Strategist at Geojit Financial Services. 5) Weak global cues: Asian markets traded lower, with Japan's Nikkei 225, Shanghai Composite and Hong Kong's Hang Seng all in the red. Overnight, US markets ended on a mixed note, adding to global uncertainty. 6) Rise in crude oil prices: Brent crude futures rose 0.39 percent to USD 69.45 per barrel. Rising oil prices are generally seen as negative for oil-importing countries like India, as they can lead to inflationary pressures. Technical outlook Anand James, Chief Market Strategist at Geojit Financial Services, said Nifty may face further pressure if it slips below 24,900. “The 25,215 region has triggered consolidation that now threatens to evolve into a stronger downtrend. A breach of 24,900 could open immediate downside targets of 24,750–24,650. Further supports lie at 24,450 and 24,000,” he said. However, he added that if the index holds near 24,900, some sideways movement could be expected, with resistance seen near 25,130."
16 Jul 2025,"Stocks to Watch Today: Ashok Leyland, Dixon Tech, Zydus Lifesciences, ICICI Lombard, HDB Financial, HDFC Life, Jindal Steel, Biocon in focus on 16 July",https://www.moneycontrol.com/news/business/markets/stocks-to-watch-today-ashok-leyland-dixon-tech-zydus-lifesciences-icici-lombard-hdb-financial-hdfc-life-jindal-steel-biocon-in-focus-on-16-july-13282597.html,"Stocks to watch, 16 July: Stocks like HDFC Life Insurance Company, HDB Financial Services, ICICI Lombard General Insurance Company, Just Dial, Dixon Technologies, Zydus Lifesciences, Biocon, Jindal Steel & Power, Asston Pharmaceuticals, and Ashok Leyland will be in focus on July 16.","Stocks to Watch Today, 16 July","Let's catch up on the latest news from the stock market. From significant investments to major deals, quarterly earnings, and acquisitions, here’s a quick look at which stocks will be in focus in today's trade: Results Today Tech Mahindra, ITC Hotels, Angel One, DB Corp, Le Travenues Technology, Kalpataru, Lotus Chocolate Company, L&T Technology Services, and Reliance Industrial Infrastructure will release their quarterly earnings on July 16. Quarterly Earnings HDFC Life Insurance Company Q1 (YoY) Profit grows 14.4% to Rs 546 crore Vs Rs 478 Total APE (annual premium equivalent) increases 12.5% to Rs 3,225 crore Vs Rs 2,866 crore Retail (individual) APE soars 12.5% to Rs 2,777 crore Vs Rs 2,467 crore Value of new business (VNB) increases 12.7% to Rs 809 crore Vs Rs 718 crore VNB margin expands to 25.1% Vs 25% Assets under management jumps 14.7% to Rs 3.55 lakh crore Vs Rs 3.1 lakh crore HDB Financial Services Q1 (YoY) Profit drops 2.4% to Rs 568 crore Vs Rs 582 crore Net interest income grows 18.3% to Rs 2,092 crore Vs Rs 1,768 crore Net interest margin expands to 7.7% Vs 7.6% Gross loans increases 14.3% to Rs 1.09 lakh crore Vs Rs 95,629 crore Pre-provisioning operating profit zooms 17.2% to Rs 1,402 crore Vs Rs 1,196 crore Gross NPA jumps to 2.56% Vs 2.26% Net NPA climbs to 1.11% Vs 0.77% ICICI Lombard General Insurance Company Q1 (YoY) Profit zooms 28.7% to Rs 747 crore Vs Rs 580 crore Gross written premium grows 1.5% to Rs 8,053 crore Vs Rs 7,931 crore Gross direct premium income increases 0.6% to Rs 7,735 crore Vs Rs 7,688 crore Net premier earned surges 14% to Rs 5,136 crore Vs Rs 4,503.9 crore Combined ratio rises to 102.9% Vs 102.3% Just Dial Q1 (YoY) Profit rises 13% to Rs 159.6 crore Vs Rs 141.2 crore Revenue increases 6.2% to Rs 297.9 crore Vs Rs 280.6 crore EBITDA grows 7.2% to Rs 86.4 crore Vs Rs 80.6 crore Margin expands 28 bps to 29% Vs 28.7% Network 18 Media & Investments Q1 (YoY) News business operating revenue declines 4.9% to Rs 430 crore Vs Rs 453 crore News business operating EBITDA grows 68.5% to Rs 4 crore Vs Rs 2 crore Operating EBITDA margin expands to 1% Vs 0.5% News business operating expense drops 5.3% to Rs 426 crore Vs Rs 450 crore Stocks to Watch Dixon Technologies (India) The company has entered into a binding term sheet with Kunshan Q Tech Microelectronics (India) and its shareholders for the proposed acquisition of a 51% stake in Q Tech India. This move aims to establish collaboration in the manufacturing, sale, and distribution of camera and fingerprint modules for mobile handsets, Internet of Things (IoT) systems, and automotive applications. The acquisition will be executed through a combination of primary and secondary investments by Dixon. Additionally, Dixon has entered into a binding term sheet with Chongqing Yuhai Precision Manufacturing Co. to form a prospective joint venture in India with a 74:21 ownership ratio. The JV company will focus on the manufacturing of precision components for laptops, mobile phones, IoT, automotive, and other products. Kotak Mahindra Bank Phani Shankar has resigned from the position of President and Chief Credit Officer (Senior Management Personnel) of the bank. His resignation will be effective July 21. Zydus Lifesciences The company has received final approval from the US Food and Drug Administration (USFDA) for its Celecoxib capsules, which will be available in 50 mg, 100 mg, 200 mg, and 400 mg strengths. Celecoxib is used to treat pain and inflammation caused by various conditions such as arthritis, ankylosing spondylitis, and menstrual pain. Biocon Biocon’s subsidiary, Biocon Biologics, has received approval from the US FDA for KIRSTY (Insulin Aspart-xjhz), 100 units/mL, as the first and only interchangeable biosimilar to NovoLog (Insulin Aspart). KIRSTY is a rapid-acting human insulin analog, indicated to improve glycemic control in adult and pediatric patients with diabetes mellitus. Bajaj Finserv The Insurance Regulatory and Development Authority of India (IRDAI) has approved the transfer of 26% equity shares held by Allianz SE in its two insurance subsidiaries—Bajaj Allianz General Insurance Company and Bajaj Allianz Life Insurance Company—to Bajaj Finserv, Bajaj Holdings & Investment (promoter), and Jamnalal Sons (promoter group). Jindal Steel & Power Mayank Gupta has resigned as Chief Financial Officer of the company, effective July 15, citing personal commitments. Bulk Deals MAS Financial Services Nippon India Mutual Fund acquired an additional 20 lakh shares at Rs 305 per share from Business Excellence Trust III. As of March 2025, Nippon India MF held a 5.29% stake in MAS Financial. SME IPO Listing on July 16 Asston Pharmaceuticals Stocks Trade Ex-Dividend Tata Consultancy ServicesPiramal PharmaAnant RajAvadh Sugar & EnergyB&A Packaging IndiaDJ Mediaprint & LogisticsTCI ExpressUltramarine & Pigments Stock Trades Ex-Bonus Ashok Leyland Stock in F&O ban Glenmark PharmaHindustan CopperRBL Bank"
02 Jul 2025,"Markets see profit booking: Sensex down 300 pts, Nifty at 25,450 as financial, realty stocks fall",https://www.moneycontrol.com/news/business/markets/markets-see-profit-booking-sensex-down-200-pts-nifty-below-25-450-as-financial-realty-stocks-fall-13219091.html,"Sensex, Nifty declined amid selling pressure in large-caps, FII selling and a mixed trend in global equities impacted sentiments.","Sensex, Nifty saw profit-booking in July 2 trading session. ","The benchmark equity indices gave up early gains and settled lower on Wednesday amid profit booking, as investors turned cautious ahead of a key US trade tariff deadline on July 9. Selling pressure in large-caps, including HDFC Bank, L&T and Reliance Industries, FII selling and a mixed trend in global equities impacted sentiments. The Sensex settled 287.6 points or 0.34 percent lower at 83,409.69. During the day, it dropped 546.52 points or 0.65 percent to 83,150.77. The Nifty declined by 88.40 points or 0.35 percent to settle at 25,453.40. From the Sensex pack, Bajaj Finserv, Larsen & Toubro, Bajaj Finance, HDFC Bank, Bharat Electronics and Kotak Mahindra Bank were among the major laggards. However, Tata Steel, Asian Paints, UltraTech Cement, and Trent were the biggest gainers. Sentiment was dented after US President Donald Trump reiterated that he would not delay the July 9 deadline for imposing higher levies on trade partners, raising concerns about ongoing negotiations between India and the US. ""Mixed global cues, particularly ahead of the impending tariff deadline, are driving investor caution. Market attention is gradually shifting to crucial Q1 earnings, which have high expectations. ""Underlying trends such as robust macroeconomic fundamentals and increased government expenditure continue to support market resilience. However, being at the breach level of the recent rally, a cautiousness is expected to continue in the near term,"" Vinod Nair, Head of Research, Geojit Investments Limited, said. Sectoral performance was mixed. Nifty Metal index gained 1.38 percent, while IT, Pharma and Auto indices were up 0.17 percent, 0.35 percent and 0.34 percent, respectively. On the downside, Nifty Realty fell the most, shedding 1.42 percent. Media and PSU Bank indices declined 0.4 percent and 0.83 percent, respectively. FMCG, Energy and Infra indices were also under pressure, down 0.11 percent, 0.37 percent and 0.22 percent, respectively. Foreign Institutional Investors (FIIs) offloaded equities worth Rs 1,970.14 crore on Tuesday, according to exchange data. The broader market also remained weak. The Nifty Midcap 100 index slipped 0.17 percent, while the Smallcap index dropped 0.42 percent. In Asian markets, South Korea's Kospi, Japan's Nikkei 225 index and Shanghai's SSE Composite index settled lower while Hong Kong's Hang Seng index ended higher."
27 Jun 2025,"Trade Spotlight: How should you trade Bajaj Finserv, Nykaa, LIC Housing Finance, Kajaria Ceramics, Max Healthcare Institute, and others on June 27?",https://www.moneycontrol.com/news/business/markets/trade-spotlight-how-should-you-trade-bajaj-finserv-nykaa-lic-housing-finance-kajaria-ceramics-max-healthcare-institute-and-others-on-june-27-13187758.html,Momentum is expected to drive the rally further in the equity markets. Below are some short-term trading ideas to consider.,Top Buy Ideas for June 27,"Equity benchmarks clocked a 1.21 percent rally on June 26, continuing their uptrend for the third consecutive day. However, the market breadth did not entirely reflect this optimism and was only slightly in favour of the bulls. About 1,337 shares saw buying interest, compared to 1,263 shares that declined on the NSE. Momentum is expected to drive the rally further in the equity markets. Below are some short-term trading ideas to consider: Mandar Bhojane, Equity Research Analyst at Choice Broking Bajaj Finserv | CMP: Rs 2,053.6  Bajaj Finserv is showing signs of a bullish breakout from a symmetrical triangle pattern on the daily chart, signalling a potential trend reversal. This view is further supported by increasing trading volumes, indicating growing participation. The stock has immediate support around Rs 2,015, which can be considered a strong accumulation zone for investors looking to enter on dips. The RSI stands at 58.63 and is trending upwards, reflecting increasing bullish momentum. Given these technical signals, Bajaj Finserv appears poised for an upward move. Strategy: Buy Target: Rs 2,280, Rs 2,300 Stop-Loss: Rs 1,950 ICICI Prudential Life Insurance Company | CMP: Rs 647.3  ICICI Prudential is currently consolidating within a narrow range, forming a bullish flag and pole pattern on the daily chart. The strong volume observed during this phase suggests accumulation and enhances the probability of an upward breakout. A decisive close above the key resistance at Rs 650 would confirm the breakout and strengthen bullish momentum. The RSI is at 58.57, indicating positive sentiment with room for additional upside. Importantly, the stock has also given a golden crossover across key moving averages—20, 50, 100, and 200 EMA—signalling a strong bullish trend and potential continuation. On the downside, immediate support is placed at Rs 640, making it a favourable entry level for dip buyers. Strategy: Buy Target: Rs 700, Rs 730 Stop-Loss: Rs 620 LIC Housing Finance | CMP: Rs 662  LIC Housing Finance has recently formed a Rectangle pattern on the daily chart, typically signalling a consolidation phase before a significant move. The rising volume during this formation suggests growing interest and the potential for a trend reversal. A decisive close above Rs 625 will confirm the breakout, likely reinforcing the uptrend and paving the way for further gains. The RSI is at 59.01, pointing to gradually building positive momentum while still leaving room for additional upside. On the downside, immediate support lies at Rs 600, which can be seen as an attractive level for buying on dips. Strategy: Buy Target: Rs 700, Rs 720 Stop-Loss: Rs 585 Om Mehra, Technical Research Analyst at Samco Securities FSN E-Commerce Ventures | CMP: Rs 206.85  Nykaa has been gradually gaining momentum after a period of sideways consolidation and is now approaching a key resistance near Rs 208. The stock has recently formed a double bottom pattern, which now acts as strong support. This bullish reversal pattern is supported by a higher low formation and a consistent optimistic outlook. The price is currently trading above the Supertrend level and the short-term moving averages, indicating a positive undertone. The RSI stands at 61 with a rising slope, suggesting healthy momentum without signs of exhaustion. The MACD has turned bullish, with a fresh crossover and the histogram back in green territory—reflecting improving participation. Volume activity remains stable, and a breakout above Rs 208 could trigger further upside. Strategy: Buy Target: Rs 218 Stop-Loss: Rs 198 Avenue Supermarts | CMP: Rs 4,315.4  DMart has resumed its upward momentum after consolidating in a narrow range just above the key resistance zone near Rs 4,250. The stock is forming a tight bullish continuation pattern, resembling a flag or narrow base breakout, and is showing resilience after reclaiming short-term moving averages. It is now trading well above the 50-day simple moving average, placed at Rs 4,150, while the previous resistance zone has flipped into support. The broader trend remains intact, with the price forming a sequence of higher lows. The RSI stands at 60 and continues to inch higher with a steady slope. The MACD shows a clean bullish crossover, with the fast line moving well above the signal line and the histogram expanding on the positive side. Volume activity has picked up modestly over the last few sessions as well. A decisive move above the immediate swing high at Rs 4,360 could lead to a fresh leg higher. The current consolidation appears constructive and may serve as a springboard for the next move. Strategy: Buy Target: Rs 4,600 Stop-Loss: Rs 4,190 Kajaria Ceramics | CMP: Rs 1,118.80  Kajaria Ceramics has shown a decisive trend reversal after a prolonged downtrend and is now trading firmly above its 20-day and 50-day EMAs. The recent breakout above the Rs 1,100 zone marks a strong shift in momentum, as the stock also attempts to reclaim levels near its 200-day SMA for the first time in several months. The price structure reflects sustained buying interest with higher highs and higher lows over the last few weeks. The RSI has surged above 70, indicating strong momentum, while the MACD remains in a positive crossover with widening divergence, suggesting further strength in the uptrend. Volume has picked up consistently through the recent rally, confirming accumulation. In the broader time frame, the prior congestion zone around Rs 1,025–1,050 now acts as a strong base, and a close above the 200-day SMA could invite fresh participation. Strategy: Buy Target: Rs 1,220 Stop-Loss: Rs 1,070 Chandan Taparia, Head Derivatives & Technicals, Wealth Management at Motilal Oswal Financial Services Reliance Industries | CMP: Rs 1,495.3  Reliance has broken out of a classic pole and flag pattern on the daily chart, supported by a large-bodied bullish candle and higher-than-average volumes—both signalling strong follow-through buying interest. The rising RSI further confirms strengthening bullish momentum, indicating the potential for continued upside. Strategy: Buy Target: Rs 1,600 Stop-Loss: Rs 1,440 Max Healthcare Institute | CMP: Rs 1,266.5  Max Healthcare has given a decisive range breakout near its all-time high zones, highlighting bullish intent. The stock continues to respect its 50-day exponential moving average (50 DEMA), with minor dips attracting buyers. A rising MACD supports the ongoing momentum and indicates further upside potential. Strategy: Buy Target: Rs 1,350 Stop-Loss: Rs 1,230 Jio Financial Services | CMP: Rs 312.5  Jio Financial remains in a firm uptrend, consistently respecting its 20-day exponential moving average (20 DEMA) as dynamic support. Notably, a bullish Marubozu candle has formed on the weekly chart, reinforcing strong sentiment. A bullish MACD crossover on the daily chart further strengthens the bullish case. Strategy: Buy Target: Rs 335 Stop-Loss: Rs 300"
06 Jun 2025,"Bajaj Finserv block deal: Around 2.9 crore shares worth Rs 5,506 crore exchanged",https://www.moneycontrol.com/news/business/markets/bajaj-finserv-shares-in-focus-ahead-of-rs-4-750-crore-block-deal-as-promoters-likely-to-trim-stake-13101257.html,"Bajaj Finserv promoter entities eyeing part stake sale in the firm, and are going to launch a Rs 4,750 crore block deal with upsize option.","In the last session, shares of Bajaj Finserv ended at Rs 1,943.50, down by Rs 12.25 or 0.6 percent.","Bajaj group's Bajaj Finserv Ltd shares remained flat on Friday, June 6, even as around 2.86 crore shares were exchanged in a block deal window. Bajaj Finserv shares worth Rs 5,506 crore exchanged hands at the price of Rs 1,925 per share, in the block deal window. Reports suggested the NBFC's promoters are the likely sellers, trimming their stake in the firm. At 9.25 am, shares of the firm were quoting Rs 1,935.9, down half a percent on the NSE. Earlier, reports had suggested that promoter group entities of Bajaj Finserv are planning to dilute part stake of 1.58 percent via the block deal route and raise around Rs 4,750 crore, multiple industry sources in the know told Moneycontrol. The promoter group currently holds 60.64 per cent stake in Bajaj Finserv. ""The block deal for the sale of the part stake of the promoters has been launched. There is also an upsize option of around Rs 1,080 crore, which if exercised will take the combined block deal size to around Rs 5,830 crore,"" one of the persons above told Moneycontrol. The floor price was estimated to be Rs 1,880 per share, a 3.3 percent discount to the price at the end of day's trade on June 5. Kotak Mahindra Capital is working on the proposed trade, sources added. Follow our market blog to catch all the live updates Bajaj Finserv announced a 14 percent increase in its consolidated net profit, which reached Rs 2,417 crore for the fourth quarter ending March 2025. This marks an increase from the net profit of Rs 2,119 crore reported during the same January-March period of the previous fiscal year. In March, Bajaj Finserv  announced it is set to take full control of its insurance ventures by acquiring Allianz SE’s 26 percent stake in Bajaj Allianz General Insurance and Bajaj Allianz Life Insurance for Rs 24,180 crore ($2.83 billion). With this transaction, Bajaj’s ownership in both insurers will rise to 100 percent from 74 percent. The company will spend Rs 13,780 crore on the general insurance business and Rs 10,400 crore on the life insurance arm. The acquisition is subject to regulatory clearances, including from the Competition Commission of India and the Insurance Regulatory and Development Authority of India. The share price of Bajaj Finserv has risen by 18.3 per cent in the last six months and 28.15 per cent over a one-year time-frame. Bajaj Finserv is a holding company for several key businesses of the Bajaj Group, including Bajaj Finance, Bajaj Allianz Life Insurance, and Bajaj Allianz General Insurance."
05 Jun 2025,"Bajaj Finserv promoter entities eyeing part stake sale, launch Rs 4,750-cr block deal with upsize option",https://www.moneycontrol.com/news/business/markets/bajaj-finserv-promoter-entities-eyeing-part-stake-sale-launch-rs-4-750-cr-block-deal-with-upsize-option-13100671.html,"On March 17, Bajaj Finserv said it had approved the acquisition of Allianz SE’s entire 26% stake in their joint insurance ventures — Bajaj Allianz General Insurance and Bajaj Allianz Life Insurance","Bajaj Finserv promoter entities eyeing part stake sale, launch Rs 4,750-cr block deal with upsize option","Promoter group entities of Bajaj Finserv are planning to dilute part stake of 1.58 percent via the block deal route and raise around Rs 4,750 crore, multiple industry sources in the know told Moneycontrol. The promoter group currently holds 60.64 per cent stake in Bajaj Finserv. ""The block deal for the sale of the part stake of the promoters has been launched. There is also an upsize option of around Rs 1,080 crore, which if exercised will take the combined block deal size to around Rs 5,830 crore,"" one of the persons above told Moneycontrol. The floor price is Rs 1,880 per share, a 3.3 percent discount to the price at the end of day's trade on June 5, according to a term sheet reviewed by Moneycontrol. Kotak Mahindra Capital is working on the proposed trade, sources added. The share price of Bajaj Finserv has risen by 18.3 per cent in the last six months and 28.15 per cent over a one-year time-frame. Email queries have been sent and Moneycontrol could not elicit an immediate response from Bajaj Finserv and Kotak Mahindra Capital. This article will be updated as soon as we hear from the parties. On March 17, Bajaj Finserv said it had approved the acquisition of Allianz SE’s entire 26 percent stake in their joint insurance ventures—Bajaj Allianz General Insurance Company Ltd (BAGIC) and Bajaj Allianz Life Insurance Company Ltd (BALIC). The agreed consideration for a 26 percent stake in BAGIC and BALIC is Rs 13,780 crore and Rs 10,400 crore respectively, the announcement added. This story will be updated"
30 May 2025,"Sensex falls 300 pts, Nifty below 24,750 on renewed tariff concerns; Auto, Metal, IT drag",https://www.moneycontrol.com/news/business/markets/sensex-falls-over-200-pts-nifty-below-24-750-on-renewed-tariff-concerns-auto-metal-it-drag-13069070.html,"Sensex, Nifty declined on Friday as investors turned cautious ahead of the release of India’s GDP data for the March quarter along with provisional figures for the full financial year. ","Sensex, Nifty declined on Friday as investors turned cautious ahead of the release of India’s GDP data for the March quarter along with provisional figures for the full financial year.","The equity benchmarks Sensex and Nifty extended losses by noon after a flat start on Friday amid weak global cues and renewed concerns over US tariffs. Selling pressure in auto, metal and IT counters weighed on the market even as investors stayed cautious ahead of key domestic GDP data. The Sensex dropped 228.39 points or 0.28 percent to 81,404.63, while the broader Nifty slipped 65.35 points or 0.26 percent to 24,768.25. Market sentiment turned tepid after a US appeals court on Thursday allowed the President to temporarily continue imposing tariffs under emergency powers, while legal proceedings continue in a lower trade court. Adding to the pressure, investors awaited the release of India’s GDP data for the March quarter along with provisional figures for the full financial year. The government is expected to announce the numbers later in the day. Stock Market LIVE Update Among major laggards were Bajaj Auto, Hindalco Industries, Shriram Finance, Tech Mahindra and Mahindra & Mahindra, declining up to 3 percent. On the other hand, Bajaj Finserv, Coal India, Larsen & Toubro, Apollo Hospitals and HDFC Bank managed to post gains of up to 0.5 percent. Market breadth was negative with 1,845 stocks declining, 1,436 advancing and 135 remaining unchanged on the BSE. Indian IT stocks were among the major laggards after a US federal appeals court temporarily reinstated US President Donald Trump’s sweeping tariffs on foreign imports. TCS, Infosys, HCL Tech, other IT stocks slide as US appeals court reinstates Trump tariffs The broader market, however, showed some resilience. The Nifty Midcap 100 was flat around 11:30 am, while the Smallcap 100 slipped marginally by 0.11 percent. “Stable institutional flows – both FII and DII – are keeping the market steady even in the absence of positive triggers,” said V K Vijayakumar, Chief Investment Strategist at Geojit Financial Services. “The ongoing consolidation phase is likely to continue in the near term. Investors should keep in mind two key trends: India’s macro indicators are strong and improving, but this strength is not yet visible in corporate earnings. This mismatch is the main reason for the current range-bound movement in markets,” he added. Globally, most Asian markets were trading lower. Japan’s Nikkei 225, South Korea’s Kospi, Shanghai Composite and Hong Kong’s Hang Seng all slipped into the red, mirroring losses on Wall Street Futures."
21 May 2025,"Stocks to Watch Today: NHPC, United Spirits, Aster DM Healthcare, GSFC, Gland Pharma, KPR Mills, Dixon Tech, IRCON, Nazara Tech in focus on 21 May",https://www.moneycontrol.com/news/business/markets/stocks-to-watch-today-nhpc-united-spirits-aster-dm-healthcare-gsfc-gland-pharma-kpr-mills-dixon-tech-ircon-nazara-tech-in-focus-on-21-may-13036030.html,"Stocks to Watch, 21 May: Stocks like Gland Pharma, Dixon Technologies, KPR Mills, IRCON International, Nazara Technologies, Edelweiss Financial Services, Protean eGov Technologies, Axiscades Technologies, Accretion Pharmaceuticals, NHPC, United Spirits, Aster DM Healthcare, and Gujarat State Fertilizers & Chemicals will be in focus on May 21.","Stocks to Watch Today, May 21","Let's catch up on the latest news from the stock market. From significant investments to major deals, quarterly earnings, order wins, acquisitions and appointments, here’s a quick look at which stocks will be in focus in today's trade: Results Today Oil and Natural Gas Corporation, IndusInd Bank, InterGlobe Aviation, Colgate Palmolive (India), NTPC Green Energy, Oil India, IRCON International, Power Finance Corporation, Mankind Pharma, National Aluminium Company, Astral, Ramco Systems, Rail Vikas Nigam, TeamLease Services, Trident, UNO Minda, Vaibhav Global, and VA Tech Wabag will release their quarterly earnings on May 21. Quarterly Earnings NHPC Q4 (Consolidated YoY) Profit zooms 52% to Rs 919.6 crore Vs Rs 605 crore Revenue grows 24.4% to Rs 2,347 crore Vs Rs 1,886.9 crore United Spirits Q4 (Consolidated YoY) Profit soars 74.7% to Rs 421 crore Vs Rs 241 crore Revenue increases 8.9% to Rs 3,031 crore Vs Rs 2,783 crore Aster DM Healthcare Q4 (Consolidated YoY) Profit stands at Rs 79 crore Vs loss of Rs 24 crore Revenue rises 2.7% to Rs 1,000.3 crore Vs Rs 973.6 crore Gujarat State Fertilizers & Chemicals (GSFC) Q4 (Consolidated YoY) Profit zooms 190% to Rs 71.7 crore Vs Rs 24.7 crore Revenue falls 2.2% to Rs 1,922.2 crore Vs Rs 1,965.3 crore Board recommends dividend of Rs 5 per share Gland Pharma Q4 (Consolidated YoY) Profit declines 3.1% to Rs 186.5 crore Vs Rs 192.4 crore Revenue falls 7.3% to Rs 1,424.9 crore Vs Rs 1,537.5 crore Board recommends final dividend of Rs 18 per share for FY25 Dixon Technologies Q4 (Consolidated YoY) Profit spikes 378% to Rs 465 crore Vs Rs 97.3 crore Revenue surges 121% to Rs 10,292.5 crore Vs Rs 4,658 crore Exceptional gain at Rs 250.4 crore Vs Nil Board recommends final dividend of Rs 8 per share for FY25 EIH Q4 (Consolidated YoY) Profit grows 5.7% to Rs 261.6 crore Vs Rs 247.6 crore Revenue increases 11.6% to Rs 827.5 crore Vs Rs 741.3 crore RMC Switchgears Q4 (Consolidated YoY) Profit surges 212.2% to Rs 21.3 crore Vs Rs 6.8 crore Revenue jumps 150.4% to Rs 213.4 crore Vs Rs 85.2 crore Religare Enterprises Q4 (Consolidated YoY) Profit falls 16.4% to Rs 151.3 crore Vs Rs 181 crore Revenue rises 9.3% to Rs 2,028.4 crore Vs Rs 1,855.7 crore Sanghvi Movers Q4 (Standalone YoY) Profit declines 9.2% to Rs 43.4 crore Vs Rs 47.9 crore Revenue increases 5.2% to Rs 162.3 crore Vs Rs 154.2 crore Gabriel India Q4 (Consolidated YoY) Profit soars 31.2% to Rs 64.4 crore Vs Rs 49 crore Revenue jumps 17% to Rs 1,073.2 crore Vs Rs 917 crore Automotive Axles Q4 (YoY) Profit rises 4.1% to Rs 45.9 crore Vs Rs 44.1 crore Revenue falls 2.1% to Rs 559.6 crore Vs Rs 571.5 crore Board recommends final dividend of Rs 30.50 per share Fortis Healthcare Q4 (Consolidated YoY) Profit increases 2.9% to Rs 183.9 crore Vs Rs 178.7 crore Revenue jumps 12.4% to Rs 2,007.2 crore Vs Rs 1,785.9 crore Emami Paper Mills Q4 (YoY) Profit tanks 85.6% to Rs 3.9 crore Vs Rs 27.2 crore Revenue falls 2% to Rs 474.95 crore Vs Rs 484.5 crore Arvind SmartSpaces Q4 (Consolidated YoY) Profit soars 23.6% to Rs 19.1 crore Vs Rs 15.5 crore Revenue spikes 39% to Rs 163.1 crore Vs Rs 117.4 crore Board recommends final dividend of Rs 6 per share for FY25 Board re-appoints Kamal Singal as Managing Director and Chief Executive Officer of the company JK Tyre & Industries Q4 (Consolidated YoY) Profit sinks 42.7% to Rs 97 crore Vs Rs 169.3 crore Revenue rises 1.6% to Rs 3,758.6 crore Vs Rs 3,698.5 crore Godawari Power and Ispat Q4 (Consolidated YoY) Profit increases 1.4% to Rs 221.3 crore Vs Rs 218.3 crore Revenue drops 4% to Rs 1,468.1 crore Vs Rs 1,529.8 crore Torrent Pharmaceuticals Q4 (Consolidated YoY) Profit grows 10.9% to Rs 498 crore Vs Rs 449 crore Revenue rises 7.8% to Rs 2,959 crore Vs Rs 2,745 crore Board recommends final dividend of Rs 6 per share Board approves fund raising up to Rs 5,000 crore through qualified institutional placement Board recommends appointment of Aman Mehta (who is currently the Whole-time Director) as Managing Director Whirlpool of India Q4 (Consolidated YoY) Profit zooms 53.6% to Rs 119.2 crore Vs Rs 77.6 crore Revenue surges 15.6% to Rs 2,004.7 crore Vs Rs 1,734 crore J Kumar Infraprojects Q4 (Consolidated YoY) Profit grows 12.1% to Rs 114.2 crore Vs Rs 101.9 crore Revenue jumps 14.6% to Rs 1,632.7 crore Vs Rs 1,425 crore Stocks to Watch BMW Industries The company has bagged an order worth Rs 364.69 crore from Tata Steel for the conversion of hot rolled (HR) coils into tubes. The work will be executed at BMW’s Hazibagan, Howrah plant and BMW Iron & Steel’s Jamshedpur facility. Patel Engineering The company has received a contract worth ?711.29 crore from the North Eastern Electric Power Corporation (NEEPCO) for the construction of the 240 MW HEO Hydropower Project in Arunachal Pradesh under EPC (engineering, procurement, and construction) mode. Earlier, Patel Engineering had been declared the lowest bidder for this project. Biocon The company's subsidiary, Biocon Biologics, through its commercial partner in Japan, Yoshindo Inc., has launched Ustekinumab BS Subcutaneous Injection, a biosimilar to the reference product Stelara (ustekinumab). Ustekinumab, a monoclonal antibody, is indicated for the treatment of psoriasis vulgaris and psoriatic arthritis. KPR Mills Promoters KP Ramasamy, KPD Sigamani, and P Nataraj are likely to sell up to 3.2% stake in the company via block deals, reports CNBC-TV18, quoting sources. The offer size may be around Rs 1,195.6 crore. IRCON International The company has received a work order worth Rs 253.56 crore from South Western Railway. The order involves survey, design, supply, installation, testing, and commissioning of KAVACH equipment and other associated works over 778 RKM of the Bengaluru and Mysuru divisions of South Western Railway. Nazara Technologies The Competition Commission of India (CCI) has approved the acquisition of a majority stake in Nazara Technologies by Axana Estates LLP, Plutus Wealth Management LLP, and Junomoneta Finsol. United Breweries The company is expanding its manufacturing capabilities by securing an additional facility from Ilios Breweries in Andhra Pradesh. Accordingly, it has entered into a lease arrangement with Ilios. Bajaj Finserv The Competition Commission of India (CCI) has approved the acquisition of Bajaj Allianz Life Insurance Company, Bajaj Allianz General Insurance Company, and Bajaj Allianz Financial Distributors by Bajaj Finserv, Bajaj Holdings & Investment, and Jamnalal Sons. Bajaj Finserv, Bajaj Holdings & Investment, and Jamnalal Sons will acquire a 26% stake in Bajaj Allianz Life Insurance Company and Bajaj Allianz General Insurance Company from Allianz SE. Further, Bajaj Finserv will acquire a 50% stake in Bajaj Allianz Financial Distributors from Allianz SE. VL E-Governance & IT Solutions The company has signed a Memorandum of Understanding (MoU) with Ekansh Concepts, under which VLE will act as the engineering, procurement & construction (EPC) partner to execute the Sankalp Industrial Smart City Project. The estimated EPC contract value of the project is Rs 800 crore. GMM Pfaudler The company’s subsidiary, Pfaudler GmbH, has completed its investment to acquire a 51% stake in GMM Inox sp. z o.o, the joint venture company. The joint venture is between Pfaudler GmbH and local partners in Poland. The objective of the acquisition is to establish an engineering and manufacturing facility in Poland. UGRO Capital The company plans to raise significant growth capital, including Rs 915 crore through a preferential issue, and Rs 400 crore via a rights issue. REC The company’s subsidiary, REC Power Development and Consultancy, has incorporated a new subsidiary named Mekhali Power Transmission. Inox Green Energy Services The company has entered into agreements to provide operation & maintenance (O&M) services for 639 MWp of solar projects for one of India’s leading renewable energy companies, which is backed by a major global energy MNC. Bulk Deals Edelweiss Financial Services Carnelian Asset Management & Advisors, promoted by Vikas Khemani, acquired a 0.84% stake in Edelweiss at an average price of Rs 90.4 per share. However, the Edelweiss Employees Welfare Trust sold a 1.69% stake in the company at the same price. Protean eGov Technologies The Massachusetts Institute of Technology (MIT) sold 4,01,574 shares in the company at an average price of Rs 1,026 per share. Block Deals Axiscades Technologies Hindusthan Infrastructure acquired 1.1 lakh shares in the company at an average price of Rs 979.85 per share from Sudhakar Gande. SME Listing on May 21 Accretion Pharmaceuticals Stock Trades Ex-Date for Split Colab Platforms Stock Trades Ex-Dividend Page IndustriesOdyssey Technologies Stock Trades Ex-Date for Rights Zodiac-JRD-MKJ Stocks in F&O ban RBL BankManappuram Finance Stocks removed from F&O ban Hindustan CopperTitagarh Rail Systems"
06 May 2025,Buy Bajaj Finserv; target of Rs 2350: Sharekhan,https://www.moneycontrol.com/news/business/stocks/buy-bajaj-finserv-target-of-rs-2350-sharekhan-4-13014626.html,"Sharekhan is bullish on Bajaj Finserv has recommended buy rating on the stock with a target price of Rs 2350 in its research report dated May 05, 2025.",buy,"Sharekhan's research report on Bajaj Finserv APE growth was slower at 6% y-o-y versus an 18% y-o-y growth in 9MFY25 led by weak the agency channel. However, VNB grew by 14% y-o-y; VNB margins improved to 22.1% vs 18.1% y-o-y led by a better product mix. Bajaj General Insurance’s GWP (ex-crop & govt health business) was flat y-o-y on accounting adjustments and slower growth in commercial and group health business. Combined ratio was higher at 104.8% vs 101.6% despite moderation in claim ratio mainly due to higher expense ratio impacted by the 1/n rule. Bajaj Finance’s earnings growth was healthy (in-line) at 19% y-o-y but the management has revised guidance for FY26 slightly on the lower side with respect to the return ratio and AUM growth. Outlook We maintain a Buy with an unchanged SOTP-based PT of Rs. 2,350 factoring in subsidiaries’ performance. For all recommendations report, click here Bajaj Finserv - 06052025 - khan"
02 May 2025,"Bajaj Finserv Consolidated March 2025 Net Sales at Rs 36,595.36 crore, up 14.21% Y-o-Y",https://www.moneycontrol.com/news/business/earnings/bajaj-finserv-consolidated-march-2025-net-sales-at-rs-36-595-36-crore-up-14-21-y-o-y-13011357.html,,,"Reported Consolidated quarterly numbers for Bajaj Finserv are: Net Sales at Rs 36,595.36 crore in March 2025 up 14.21% from Rs. 32,040.84 crore in March 2024. Quarterly Net Profit at Rs. 2,416.64 crore in March 2025 up 14.07% from Rs. 2,118.53 crore in March 2024. EBITDA stands at Rs. 12,728.57 crore in March 2025 up 16.42% from Rs. 10,933.63 crore in March 2024. Bajaj Finserv EPS has increased to Rs. 15.10 in March 2025 from Rs. 13.30 in March 2024. Bajaj Finserv shares closed at 1,951.60 on April 29, 2025 (NSE) and has given 11.36% returns over the last 6 months and 20.84% over the last 12 months. "
02 May 2025,"Bajaj Finserv Standalone March 2025 Net Sales at Rs 64.64 crore, up 48.15% Y-o-Y",https://www.moneycontrol.com/news/business/earnings/bajaj-finserv-standalone-march-2025-net-sales-at-rs-64-64-crore-up-48-15-y-o-y-13011140.html,,,"Reported Standalone quarterly numbers for Bajaj Finserv are: Net Sales at Rs 64.64 crore in March 2025 up 48.15% from Rs. 43.63 crore in March 2024. Quarterly Net Profit at Rs. 7.57 crore in March 2025 down 3.2% from Rs. 7.82 crore in March 2024. EBITDA stands at Rs. 13.21 crore in March 2025 down 12.98% from Rs. 15.18 crore in March 2024. Bajaj Finserv EPS has decreased to Rs. 0.05 in March 2025 from Rs. 0.05 in March 2024. Bajaj Finserv shares closed at 1,951.60 on April 29, 2025 (NSE) and has given 11.36% returns over the last 6 months and 20.84% over the last 12 months. "
30 Apr 2025,"Bajaj Finance, Bajaj Finserv shares crack 6% following Q4 earnings show; should you buy, sell, or hold?",https://www.moneycontrol.com/news/business/earnings/bajaj-twins-shares-crack-6-following-q4-earnings-show-should-you-buy-sell-or-hold-13008810.html,"Shares of Bajaj Finance and Bajaj Finserv fell around six percent, emerging as the top Nifty 50 losers despite reporting double-digit profit growth for Q4. ",Brokerages remain divided on near-term outlook due to margin and credit cost pressures.,"The Bajaj twins, Bajaj Finance Ltd. and Bajaj Finserv Ltd., emerged as the top losers on the Nifty 50 index in trade on April 30, sinking around six percent after reporting their respective earnings show for the fourth fiscal quarter. At 9.43 am, Bajaj Finance shares were quoting Rs Rs 8,668 per share, lower by 4.67 percent, while Bajaj Finserv's stock price sank to Rs 1,945.10, down 5.89 percent on the NSE. Bajaj Finserv announced a 14 percent increase in its consolidated net profit, which reached Rs 2,417 crore for the fourth quarter ending March 2025. This marks an increase from the net profit of Rs 2,119 crore reported during the same January-March period of the previous fiscal year. Bajaj Finance reported a 17 percent  jump in consolidated net profit at Rs 4,480 crore for the quarter ended March 31, 2025. It reported consolidated net profit of Rs 3,825 crore in the year-ago period. Its consolidated revenue rose 17 percent to Rs 18,457 crore in Q4FY25 as against Rs 14,927 crore in Q4FY24. However, Bajaj Finance's profit was optically supported by a Rs 290 crore tax reversal during the quarter. The firm's net interest margin (NIM) contracted ~10 bps QoQ to ~9.65 percent. Going ahead, the management appears optimistic about the performance in FY26. There are a number of levers working in favor of offsetting certain headwinds, such as declining fee income on account of running off the co-branded card business. Further, the management guided that margins will remain stable in FY26, supported by an expected 10-15 bps decline in the cost of borrowings (CoB). Should you buy, sell, or hold? Domestic brokerage Emkay Global said, ""Bajaj Finance reported a satisfactory quarter, in terms of AUM growth, customer acquisition, operating efficiencies, and pre-provisioning profit. Elevated credit cost resulted in subdued profit growth."" It maintained its 'add' rating, with a target price of Rs 9,200 per share. ""Newer product expansion and continued growth in old products, along with a ~14-16mn customer acquisition, should result in ~25 percent AUM growth; RoE should be ~20 percent despite the excess capital position,"" said Emkay. Jefferies retained a 'buy' rating with a target price of Rs 10,440, noting that Bajaj Finance's profit was largely in line with expectations. The new CEO reset expectations slightly lower, trimming near-term growth forecasts, but the brokerage said the outlook  was credible for a company of its scale. HSBC also maintained its 'buy' call, with an increased target price of Rs 10,800. The broking firm seesmBajaj Finance as an earnings inflection story likely to unfold between FY26 and FY28. It projects a 25 percent CAGR in earnings over FY25–28 and expects NIMs to remain flat in FY26 compared to FY25. ""We see limited upside catalysts given the rich valuations and lack of near-term re-rating triggers.Consequently, we reiterate our Neutral rating on the stock with a target price of Rs 10,000 per share,"" said Motilal Oswal. On the other hand, Citi downgraded Bajaj Finance to 'Neutral' after significant outperformance versus the Bank Nifty this year and over the past 12 months. It also cut the target price to Rs 9,830 from Rs 10,200. Citi cited a 2.3 percent credit cost, including extra provisions from model changes, and a 9 bps drop in NIMs that led to a core earnings miss. Today's fall can attributed to the recent surge in the stock price over the past four months, which led to a jump in valuation as well. This suggested that much of the optimism was already priced in, Ajit Mishra, Senior Vice President at Religare Broking stated."
30 Apr 2025,"Stocks to Watch Today: Bajaj Finance, IndusInd Bank, IndiaMART, Schaeffler India, Vishal Mega Mart, Prestige Estates, Strides Pharma in focus on 30 April",https://www.moneycontrol.com/news/business/markets/stocks-to-watch-today-bajaj-finance-indusind-bank-indiamart-schaeffler-india-vishal-mega-mart-prestige-estates-strides-pharma-in-focus-on-30-april-13008582.html,"Stocks to watch, 30 Apr: Stocks like Bajaj Finserv, Bharat Petroleum Corporation, Jana Small Finance Bank, UTI Asset Management Company, Star Health, Ceat, Shoppers Stop, CIE Automotive India, Praj Industries, Indostar Capital Finance, Fedbank Financial Services, and State Bank of India will be in focus on April 30.",Stocks to Watch Today,"Let's catch up on the latest news from the stock market. From significant investments to major deals, quarterly earnings, order wins, and appointments, here’s a quick look at which stocks will be in focus in today's trade: Results Today Adani Power, Indus Towers, Indian Oil Corporation, Ajanta Pharma, Bandhan Bank, Coromandel International, CRISIL, Equitas Small Finance Bank, Exide Industries, Federal Bank, Godrej Agrovet, Greaves Cotton, Orient Green Power Company, Jindal Steel & Power, JSW Infrastructure, KSB, Paras Defence and Space Technologies, Phoenix Mills, Skipper, Sona BLW Precision Forgings, Sundram Fasteners, Ujjivan Small Finance Bank, Varun Beverages, and Vedanta will release quarterly earnings on April 30. Results on May 1 Adani Enterprises, Adani Ports and Special Economic Zone, Eternal (Zomato), 5paisa Capital, Bondada Engineering, Home First Finance Company India, Jaiprakash Power Ventures Nuvoco Vistas Corporation, RailTel Corporation of India, and SIS will announce their March 2025 quarter earnings on May 1. Quarterly Earnings Bajaj Finance Q4 (Consolidated YoY) Profit grows 19% to Rs 4,546 crore Vs Rs 3,825 crore Net interest income soars 22% to Rs 9,807 crore Vs Rs 8,013 crore Assets under management (AUM) grows 26% to Rs 4,16,661 crore Vs Rs 3,30,615 crore as of 31March2024. AUM grew by z 18,618 crore in 04 FY25. Board announces bonus equity shares in 4:1 ratio, stock split in 2:1 ratio Board recommends final dividend of Rs 44 per share, special dividend of Rs 12 per share Bajaj Finserv Q4 (Consolidated YoY) Profit jumps 14.1% to Rs 2,416.6 crore Vs Rs 2,118.5 crore Revenue increases 14.2% to Rs 36,595.4 crore Vs Rs 32,040.8 crore Bharat Petroleum Corporation (BPCL) Q4 (Standalone QoQ) Profit sinks 30.9% to Rs 3,214.1 crore Vs Rs 4,649.2 crore Revenue declines 1.7% to Rs 1,11,179 crore Vs Rs 1,13,136 crore Board recommends final dividend of Rs 5 per share Jana Small Finance Bank Q4 (YoY) Profit tanks 61.6% to Rs 123.5 crore Vs Rs 321.7 crore Net interest income rises 0.9% to Rs 596.9 crore Vs Rs 591.8 crore Tax credit at Rs 3.64 crore Vs tax credit at Rs 155.2 crore Gross NPA falls to 2.71% Vs 2.80% (QoQ) Net NPA flat at 0.94% (QoQ) UTI Asset Management Company Q4 (Standalone YoY) Profit drops 18% to Rs 124 crore Vs Rs 151.3 crore Revenue declines 3.2% to Rs 316.9 crore Vs Rs 327.5 crore Board recommends final dividend of Rs 26 per share, special dividend of Rs 22 per share Star Health and Allied Insurance Company Q4 (YoY) Profit plunges 99.6% to Rs 0.51 crore Vs Rs 142.3 crore Net premium earned grows 11.9% to Rs 3,798.3 crore Vs Rs 3,395.3 crore Underwriting loss widens to Rs 275.2 crore Vs loss of Rs 91.8 crore Operating loss stands at Rs 86.9 crore Vs operating profit of Rs 90 core Ceat Q4 (Consolidated YoY) Profit falls 8.4% to Rs 99.5 crore Vs Rs 108.6 crore Revenue increases 14.3% to Rs 3,420.6 crore Vs Rs 2,991.9 crore Board recommends dividend of Rs 30 per share Vishal Mega Mart Q4 (Consolidated YoY) Profit zooms 88% to Rs 115.1 crore Vs Rs 61.2 crore Revenue grows 23.2% to Rs 2,547.9 crore Vs Rs 2,068.9 crore Shoppers Stop Q4 (Consolidated YoY) Profit sinks 91.4% to Rs 1.99 crore Vs Rs 23.2 crore Revenue grows 1.7% to Rs 1,064 crore Vs Rs 1,046.3 crore Board appoints Nirvik Singh, Non-Executive Director, as Chairman of the company BS Nagesh retires as Chairman and Non- Executive Director CIE Automotive India Q4 (Consolidated YoY) Profit drops 10.4% to Rs 206.4 crore Vs Rs 230.5 crore Revenue falls 6.4% to Rs 2,272.6 crore Vs Rs 2,426.8 crore Praj Industries Q4 (Consolidated YoY) Profit sinks 56.7% to Rs 39.8 crore Vs Rs 91.9 crore Revenue drops 15.6% to Rs 859.7 crore Vs Rs 1,018.6 crore Schaeffler India Q1 (Consolidated YoY) Profit grows 14.5% to Rs 251.6 crore Vs Rs 219.7 crore Revenue jumps 16.1% to Rs 2,174.4 crore Vs Rs 1,873.1 crore Indostar Capital Finance Q4 ((Standalone YoY) Profit declines 36.5% to Rs 12.4 crore Vs Rs 19.6 crore Net interest income drops 21.7% to Rs 179.2 crore Vs Rs 228.7 crore Fedbank Financial Services Q4 (YoY) Profit increases 5.9% to Rs 71.7 crore Vs Rs 67.7 crore Net interest income soars 34.6% to Rs 283.3 crore Vs Rs 210.5 crore IndiaMART InterMESH Q4 (Consolidated YoY) Profit spikes 81.3% to Rs 180.6 crore Vs Rs 99.6 crore Revenue grows 12.8% to Rs 355.1 crore Vs Rs 314.7 crore Board recommends final dividend of Rs 30 per share, special dividend of Rs 20 per share Stocks to Watch Infosys The digital services and consulting company announced the launch of Infosys Topaz for SAP S/4HANA Cloud, an AI-first suite. This offering will help enterprises harness the power of AI and Gen AI in their SAP S/4HANA Cloud transformation journey. State Bank of India (SBI) The Board will meet on May 3 to consider raising equity during FY26 through follow-on public offer (FPO), rights issue, qualified institutional placement (QIP), or any other mode. The Board will also consider the March quarter and FY25 earnings on the same day. GlaxoSmithKline Pharmaceuticals Shareholders have approved the re-appointment of Juby Chandy as Whole-time Director & CFO of the company for a period of two years, effective April 1. MMTC Nitin Kumar Yadav, IAS, Joint Secretary, Department of Commerce, has been appointed as Chairman & Managing Director (CMD) (additional charge) on the Board of the company for a period of one year, effective April 29. V-Mart Retail The Board will consider the issue of bonus shares on May 2. Prestige Estates Projects The company has received approval from the Real Estate Regulatory Authority (RERA) and has launched the residential project ‘The Prestige City – Indirapuram’ in the National Capital Region (NCR). The gross development value (GDV) of the project is estimated at over Rs 9,000 crore. Strides Pharma Science The company’s subsidiary, Strides Pharma Inc, in the US has acquired four approved ANDAs for the US market from Nostrum Laboratories Inc., USA. The portfolio comprises liquids and immediate-release solid orals in therapeutic segments that treat urinary tract infections (UTIs), pain management, allergy symptoms, attention deficit disorder (ADD/ADHD), and narcolepsy. The cumulative market size for the acquired portfolio is $57 million, as per IQVIA 2025 data. Alembic Pharmaceuticals The company has received an Establishment Inspection Report (EIR) from the US Food and Drug Administration (US FDA) for its Oncology (injectable and oral solid) formulation facility (F-2) at Panelav. The US FDA conducted the inspection on October 7–8, 2024. IndusInd Bank Sumant Kathpalia has resigned as Managing Director & CEO, effective April 29. The Board has sought approval from the Reserve Bank of India (RBI) to constitute a Committee of Executives to discharge the duties, roles, and responsibilities of the CEO for an interim period until a permanent CEO is appointed. In his resignation letter, Kathpalia stated that he was stepping down in relation to the ongoing derivatives discussion and undertook moral responsibility for various acts of commission/omission. Bulk Deals Tata Technologies TPG Rise Climate SF Pte sold a 3.91% stake in the company at an average price of Rs 673.26 per share, amounting to Rs 1,068.04 crore. Block Deals Samhi Hotels Blue Chandra Pte has exited the company by selling its entire 3.96% shareholding at an average price of Rs 174.3 per share, valued at Rs 152.01 crore. Buyers for the 3.96% stake at the same price included LGT Select Funds, BofA Securities Europe SA, CBJ as Trustee for SMBCTB Emerging Markets Impact MF, Citigroup, TT International, Steinberg India, and Tata Mutual Fund. SME Listing on April 30 Tankup Engineers Stocks Trade Ex-Dividend Tanla PlatformsVesuvius India Stock Trades Ex-Date for Rights Bannari Amman Spinning Mills Stocks Trade Ex-Date for Resolution Plan -Suspension Aanchal IspatKDJ Holidayscapes and Resorts Stocks in F&O ban RBL Bank"
27 Apr 2025,Check these top 4 stocks turning bullish on charts,https://www.moneycontrol.com/news/business/markets/check-these-top-4-stocks-turning-bullish-on-charts-13006031.html,"Amid the noise, a handful of large-cap names are flashing bullish technical setups. These are not speculative penny stocks or volatile midcaps. These fundamentally strong companies show clear breakouts on the charts—ideal candidates for those seeking tactical entries in a conservative portfolio.",4 stocks with bullish setup,"As market volatility rattles investor sentiment, with geopolitical tremors from the Pulwama attack to tariff tensions dominating headlines, discerning traders shift their gaze away from emotional reactions and back to technical discipline. In March, the Nifty50 surged from 22,000 to a peak of 23,869 before dropping sharply to 21,743. The subsequent recovery brought us to a new 2025 high of 24,365, marking a 12 percent rally that’s ignited fear of missing out (FOMO) among retail participants. But for the prudent traders, it’s not the hype that matters—it’s the structure. Amid the noise, a handful of large-cap names are flashing bullish technical setups. These are not speculative penny stocks or volatile midcaps. These fundamentally strong companies show clear breakouts on the charts—ideal candidates for those seeking tactical entries in a conservative portfolio. Here are four large-cap stocks that deserve attention in the current market setup: Bajaj Finserv Bajaj Finserv is a core part of the Bajaj Group and operates in financial services, insurance, and lending. Known for its strong balance sheet and disciplined management, the company has consistently delivered long-term value.  On the daily chart, Bajaj Finserv has decisively broken out of a six-month range and is now trending toward its 52-week high of Rs 2,135. Post-breakout, the price retested its support zone around Rs 2,023 and the key psychological level of Rs 2,000—both holding strong. The emergence of a golden cross (where the 50-day moving average crosses above the 200-day moving average) and a bullish Relative Strength Index (RSI) suggest that this breakout has legs. This stock has the technical strength to potentially maintain upward momentum. HDFC Bank HDFC Bank stands as a benchmark for private sector banking in India. With its strong loan book, prudent asset quality, and wide retail footprint, it remains one of the most trusted names in Indian banking.  After a period of tight consolidation, HDFC Bank broke out to hit a new 52-week high of Rs 1,978 last week. The presence of a golden cross and strengthening RSI add further conviction to the bullish trend. However, the ideal entry zone for risk-averse traders lies between Rs 1,880 and Rs 1,910, where a breakout retest is likely. This gives a potentially safer entry with a favourable risk-reward ratio. ICICI Bank One of India’s top private sector banks, ICICI Bank, has recently transformed itself with digital adoption, better governance, and strong earnings growth. It has become a favourite among institutional investors for its consistency and scale.  ICICI Bank has broken out from an 8-month consolidation pattern. More importantly, the slope of both 50-day and 200-day EMAs has turned upward, which is a classic signal of trend acceleration. With increasing volume confirming the breakout, this stock stands out as one with substantial upside potential, especially in the short to medium term. Kotak Mahindra Bank Kotak Mahindra Bank is one of India’s most conservative and efficiently managed banks. It is known for its low-risk appetite and high-quality credit underwriting. It’s a staple for any long-term investor focused on capital preservation with growth.  This is the most compelling chart in the banking space right now. Kotak has broken out from a two-year consolidation zone, a rare and powerful technical event. The breakout level at ?2,000 was tested and held, followed by a swift rally indicating robust buying interest. The structure of higher highs and higher lows post-breakout signals a strong uptrend, giving confidence to investors looking to ride a potential long-term bullish wave. Let the charts lead the way in the volatile markets. Note: The purpose of this article is only to share interesting charts, data points and thought-provoking opinions. It is NOT a recommendation. This article is strictly for educative purposes only."
25 Apr 2025,"Sensex plunges 800 pts, Nifty below 24k as Pahalgam attack fuels geopolitical jitters; small, midcap indices fall 3%",https://www.moneycontrol.com/news/business/markets/sensex-plunges-800-pts-nifty-below-24k-as-pahalgam-attack-fuels-geopolitical-jitters-small-midcap-indices-fall-3-13004339.html,"Tech Mahindra, Infosys, TCS, and IndusInd Bank were among the gainers on benhcmark indices while the broader market mood remained grim with Axis Bank, Adani Ports, Bajaj Finserv, Power Grid, and NTPC leading the slide.","Sensex plunges 800 pts, Nifty below 24k as Pahalgam attack fuels geopolitical jitters; small, midcaps fall 3%","The Indian stock market is under pressure on April 25, continuing with losses after having ended its 7-day winning streak yesterday. At 12:50 pm, Indian market indices recorded over 800-point decline in Sensex while Nifty was below 24,000-level and broader markets were down by around 3 percent. Investors turned risk-averse after an attack on tourists in J&K's Pahalgam killed 26 men and heightened geopolitical tensions. Traders are adopting a cautious stance, pulling back from equities and locking in profits ahead of the weekend. The broader risk-off sentiment has also weighed on the rupee and bond markets, highlighting the broader nervousness across asset classes. Meanwhile, India VIX rose 8.15% to reach about 17.57 at intraday. At noon, it was trading 6.23% higher to reach 17.22. Tech Mahindra, Infosys, TCS, and IndusInd Bank were among the gainers on benhcmark indices while the broader market mood remained grim with Axis Bank, Adani Ports, Bajaj Finserv, Power Grid, and NTPC leading the slide. Recent policy moves by the government and RBI are aimed at reviving growth, but global trade tensions and geopolitical risks are clouding near-term gains. A note by Incred further explains that despite the usual year-end strength, earnings growth for Q4 is pegged at just 8% year-on-year, with no signs yet of a pause in the ongoing downgrades. Meanwhile, the sharp recovery in indices from their March lows has pushed mid- and small-cap valuations back to expensive territory, warranting a cautious stance. VK Vijayakumar, Chief Investment Strategist, Geojit Investments believes that there are tailwinds and headwinds for the market at present, leading to sustained FII buying. On a cumulative basis, FII's are at Rs 29513 crores as observed in the last 7 days. ""This is a total reversal of the momentum trade to US stocks when the dollar was strengthening. Since FII buying is likely to sustain bears will restrain from shorting the market. Another tailwind is US Treasury Secretary Scot Bessent’s remark that India is expected to strike the first bilateral trade deal with the US."" ""The resilience of the India economy can continue to support the market. The potential headwind looming large on the horizon is the uncertainty regarding India’s response to the terror attack and its consequences,"", he added."
19 Apr 2025,"Chartist Talks: Sudeep Shah of SBI Securities believes FIIs cautiously optimistic on market, bets on these 2 picks for next week",https://www.moneycontrol.com/news/business/markets/chartist-talks-sudeep-shah-of-sbi-securities-believes-fiis-cautiously-optimistic-on-market-bets-on-these-2-picks-for-next-week-12998333.html,"Any sustainable move above the zone of 23,900-23,940 will lead to a sharp upside rally in the Nifty 50 upto the level of 24,200, followed by 24,500 in the short term, said Sudeep Shah of SBI Securities.",Sudeep Shah is the Deputy Vice President and Head of Technical and Derivative Research at SBI Securities,"Data suggests that FIIs are cautiously optimistic on the market, with a focus on large-cap stability amidst market uncertainty, said Sudeep Shah of SBI Securities in an interview to Moneycontrol. According to him, any sustainable move above the zone of 23,900-23,940 will lead to a sharp upside rally in the Nifty 50 upto the level of 24,200, followed by 24,500 in the short term. For the next week, the Deputy Vice President and Head of Technical and Derivative Research at SBI Securities bets on Bajaj Finserv and Indian Bank. ""Bajaj Finserv has given a stage-2 cup pattern breakout on a daily scale, which is accompanied by robust volume, while Indian Bank has given a 77-day consolidation breakout along with robust volume and currently, it is trading above its short and long-term moving averages,"" he reasoned. Technically, how do you view this rally as the Nifty 50 has surpassed its previous swing high? Given the strong weekly close, do you think it will reclaim December 2024 swing high? ""The strongest rallies are born from the depths of doubt."" This is what we have witnessed in the last couple of trading sessions. The benchmark index Nifty has staged a sharp rally from its recent low of 21,743.65, gaining over 2,100 points in just seven trading sessions — marking one of the fastest upswings in recent times. This remarkable rally has pushed the index above both its short and long-term moving averages. Notably, the 20-day and 50-day EMAs (Exponential Moving Average) have begun to curve upward, reinforcing the bullish momentum. Adding further strength, the daily RSI (Relative Strength Index) has surged past the 60 mark and continues to rise, indicating increased buying interest. What makes this rebound even more remarkable is the context in which it has unfolded — a period clouded by uncertainty, driven by trade war tensions and looming recession fears. Yet, amid the noise and negativity, the market has managed to flip the script with a sharp turnaround. It’s a classic example of how markets often recover with force just when conviction is hardest to find. The Banking and Financial Services sectors have been the primary drivers of this rally. The Nifty Financial Services index has clocked a fresh all-time high, while Bank Nifty is just a stone’s throw away from its record levels. Interestingly, the Nifty Midcap and Nifty Small Cap 100 indices have lagged behind in the last couple of sessions, highlighting that this rally has been primarily powered by large-cap names. At present, the Nifty is hovering around a key resistance zone of its prior swing high’s. Any sustainable move above the zone of 23,900-23,940 will lead to a sharp upside rally in the index upto the level of 24,200, followed by 24,500 in the short term. However, on the downside, 23,600-23,550 is likely to provide the cushion in case of any immediate decline. How are FIIs and proprietary traders positioning themselves after the recent shift in market sentiment? Over the last three trading sessions, FIIs have turned net buyers in the cash segment, signaling a shift in sentiment. This coincides with visible accumulation in large-cap stocks, suggesting that FIIs are selectively adding quality names to their portfolios. Additionally, the sharp rise in the long-short ratio of index futures—from 21.59 to 29.52—indicates that FIIs are actively covering their short positions. Taken together, this suggests a cautiously optimistic stance from FIIs, with a focus on large-cap stability amidst market uncertainty. Do you believe Bank Nifty will be a major driver and a supportive factor for the broader market going forward? Absolutely. The banking index Bank Nifty has been clearly outperforming the broader market over the last few sessions. It’s just a stone’s throw away from its all-time high, while Nifty still trades more than 9% below its peak — a clear sign of sectoral strength. What’s even more interesting is the ratio chart of Bank Nifty versus Nifty, which is now at an 81-week high, reinforcing the relative outperformance. Technically, with the index hovering near all-time highs, all key moving averages and momentum indicators are aligned positively, indicating strong bullish momentum. We expect this northward journey to continue, with Bank Nifty likely heading toward the 55,000 mark in the near term. On the flip side, the 53,800–53,700 zone is expected to act as immediate support in case of any short-term dip. Hence, Bank Nifty is well-positioned to act as a major driver for the broader market in the sessions ahead. Is this a good time to consider positions in ABB India, ICICI Bank, and Zomato? ABB India and Zomato have recently broken out of consolidation zones, closing above both their short and long-term moving averages — a strong bullish signal. The daily RSI for both stocks also indicates rising momentum, further supporting the breakout. ICICI Bank, on the other hand, continues to outperform the frontline indices and is currently trading at an all-time high. All key moving averages and momentum indicators are aligned in favour of the bulls, suggesting the uptrend is intact. Given the strong chart structures and positive momentum, ABB India, ICICI Bank, and Zomato can be considered for short-term positions. What are your top two stock picks for the upcoming week? Bajaj Finserv On Friday, the stock has given a stage-2 cup pattern breakout on a daily scale. This breakout is confirmed by robust volume. In addition, it has formed a sizeable bullish candle on a breakout day, which adds strength to the breakout. Currently, all the moving averages and momentum-based indicators suggest strong bullish momentum in the stock. Hence, we recommend accumulating the stock in the zone of Rs 2,040-2,020 level with a stop-loss of Rs 1,960. On the upside, it is likely to test the level of Rs 2,150 in the short term. Indian Bank The stock has given a 77-day consolidation breakout along with robust volume. Currently, the stock is trading above its short and long-term moving averages. These averages are in rising trajectory. The daily RSI is in bullish territory, and it is in rising mode. Hence, we recommend accumulating the stock in the zone of Rs 576-571 level with a stop-loss of Rs 550. On the upside, it is likely to test the level of Rs 615 in the short term."
11 Apr 2025,"Trade Spotlight: How should you trade Ambuja Cements, HUDCO, Colgate Palmolive, Apollo Tyres, Bajaj Finserv, United Spirits, and others on April 11?",https://www.moneycontrol.com/news/business/markets/trade-spotlight-how-should-you-trade-ambuja-cements-hudco-colgate-palmolive-apollo-tyres-bajaj-finserv-united-spirits-and-others-on-april-11-12991388.html,"The market is expected to witness a healthy rally in the upcoming session after Trump announced a 90-day pause on tariffs for all countries except China (which remains subject to a 145% tariff rate), though uncertainties persist. Below are some trading ideas for the near term.",Top Buy Ideas for Short Term,"The benchmark indices closed a range-bound session with a 0.6 percent loss on the Nifty 50, accompanied by negative market breadth on April 9. About 1,655 shares declined compared to 870 advancing shares on the NSE. The market is expected to witness a healthy rally in the upcoming session after Trump announced a 90-day pause on tariffs for all countries except China (which remains subject to a 145% tariff rate), though uncertainties persist. Below are some trading ideas for the near term: Rupak De, Senior Technical Analyst at LKP Securities Ambuja Cements | CMP: Rs 547.8  Ambuja Cements has recently given a consolidation breakout on the daily chart. This breakout indicates growing buying interest and a shift in market sentiment toward optimism. Additionally, the price has moved above the critical 100-day EMA (Exponential Moving Average) on the daily timeframe, confirming a strong trend. The momentum indicator RSI (Relative Strength Index) is also showing a bullish crossover. In the short term, the trend is likely to continue towards higher levels. On the upside, the stock may move towards Rs 580, while support is placed at Rs 534. A break below this level could lead to further weakness. Strategy: Buy Target: Rs 580 Stop-Loss: Rs 534 HUDCO | CMP: Rs 212.85  Housing & Urban Development Corporation (HUDCO) has given a breakout from a broad consolidation range on the daily chart. It has crossed above the 100-day EMA, indicating medium-term strength. The RSI is in a bullish crossover and trending higher, suggesting rising momentum. The stock may head toward Rs 231, with key support at Rs 199. A close below this level could trigger further downside. Strategy: Buy Target: Rs 231 Stop-Loss: Rs 199 Pidilite Industries | CMP: Rs 2,939.8  Pidilite Industries has broken out above a falling trendline on the daily chart, hinting at a potential trend reversal. It is now trading above the 100-day EMA, supported by a bullish RSI crossover. These signals suggest strong momentum, with upside potential toward Rs 3,075. Support is placed at Rs 2,828; a breach may invite weakness. Strategy: Buy Target: Rs 3,075 Stop-Loss: Rs 2,828 Jatin Gedia, Technical Research Analyst at Mirae Asset Sharekhan Colgate Palmolive | CMP: Rs 2,508.1  Colgate Palmolive has broken out of an Ending Diagonal pattern on the upside. It has closed above key short-term moving averages, indicating strength. The daily momentum indicator has given a positive crossover, which is a buy signal. Strategy: Buy Target: Rs 2,636, Rs 2,748 Stop-Loss: Rs 2,450 Apollo Tyres | CMP: Rs 407.8  Apollo Tyres has formed a Double Bottom pattern in the Rs 375–?380 zone and is witnessing buying interest. It has also broken out from an Inside Bar pattern on the daily charts, indicating a resumption of the upmove after a brief pause. We expect the stock to rise towards Rs 440, which coincides with the previous swing high and the daily upper Bollinger Band. Strategy: Buy Target: Rs 440 Stop-Loss: Rs 398 Vidnyan S Sawant, Head of Research at GEPL Capital Max Healthare Institute | CMP: Rs 1,123.15  Max Healthcare has been in a robust uptrend since its listing in 2020, consistently respecting its 12-month moving average — a reflection of a structurally healthy and sustained long-term trend. On the weekly timeframe, the stock has recently formed a Double Bottom pattern, indicating strong buying interest from a key demand zone. It is currently taking support at the 12-week EMA, accompanied by the formation of a bullish candlestick, suggesting renewed upward momentum. Additionally, the RSI stands at 55, reinforcing the presence of sustained strength. Strategy: Buy Target: Rs 1,285 Stop-Loss: Rs 1,049 Bajaj Finserv | CMP: Rs 1,895.7  Bajaj Finserv continues to display a strong price structure on higher timeframes, consistently forming higher bottoms — a sign of a healthy uptrend. On the weekly chart, the stock is undergoing a bullish mean reversion from the 12-week EMA, which aligns with the 38.2% Fibonacci retracement level of the prior up move from Rs 1,594 to Rs 2,022 — a key zone of confluence and support. Furthermore, the weekly MACD (Moving Average Convergence Divergence) remains in buy mode, indicating sustained bullish momentum and increasing the likelihood of an upward continuation. Strategy: Buy Target: Rs 2,147 Stop-Loss: Rs 1,805 United Spirits | CMP: Rs 1,451.6  United Spirits is showing signs of a bullish mean reversion on the monthly timeframe, rebounding strongly from the 20-month EMA. The stock is currently trading above the prior month's high, highlighting its relative strength — especially when compared to the Nifty, which is down approximately 4.76% this month. Additionally, the RSI momentum indicator has witnessed a bullish crossover and is gradually inching towards the 60 mark, currently at 53, suggesting sustained underlying momentum and increasing potential for continued upside. Strategy: Buy Target: Rs 1,673 Stop-Loss: Rs 1,382"
27 Mar 2025,"Trade Spotlight: How should you trade Mazagon Dock, United Spirits, Adani Energy Solutions, Paytm, Glenmark Pharma, and others on March 28?",https://www.moneycontrol.com/news/business/markets/trade-spotlight-how-should-you-trade-mazagon-dock-united-spirits-adani-energy-solutions-paytm-glenmark-pharma-and-others-on-march-28-12978097.html,The market may extend gains amid likely consolidation. Below are some trading ideas for the near term.,Experts Pick Top Buy Ideas For Short Term,"The benchmark indices bounced back on March 27, with the Nifty 50 climbing 105 points on the expiry day for monthly Futures & Options contracts. However, the market breadth was slightly weak, with about 1,357 shares declining compared to 1,262 rising shares on the NSE. The market may extend gains amid likely consolidation. Below are some trading ideas for the near term: Mandar Bhojane, Equity Research Analyst at Choice Broking Mazagon Dock Shipbuilders | CMP: Rs 2,695.35  Mazagon Dock Shipbuilders has recently broken out of a descending triangle pattern on the daily chart with significant volume. The stock is consolidating above the breakout zone and is now on the verge of another breakout from the range. A decisive close above Rs 2,730 could trigger a strong upward move towards Rs 3,000 and Rs 3,200 in the short term. On the downside, Rs 2,600 acts as immediate support, offering a dip-buying opportunity. The RSI (Relative Strength Index) is at 71.5, rebounding strongly and indicating sustained bullish momentum. Additionally, the stock is trading above all key exponential moving averages (20, 50, 100, and 200 EMA), reinforcing its positive trend. At current levels, Mazagon Dock Shipbuilders offers a favourable buying opportunity. A stop-loss can be placed at Rs 2,500 to effectively manage downside risk. The overall technical setup supports a potential breakout and further bullish continuation. Strategy: Buy Target: Rs 3,000, Rs 3,200 Stop-Loss: Rs 2,500 NTPC Green Energy | CMP: Rs 103.1  NTPC Green Energy has broken out from a falling trendline, sustaining above the breakout level. A decisive close above Rs 105 could accelerate momentum, with upside targets of Rs 115 and Rs 120 in the coming months. Technical indicators further validate the bullish outlook. The RSI is trending upward at 54.8, signaling improving buying strength. Moreover, the stock is trading above its key 20-day EMA, reinforcing the positive trend and suggesting continued strength. On the downside, immediate support is placed near Rs 99, providing a favourable dip-buying opportunity. A corrective move towards this level may offer an attractive risk-reward setup. To manage risk effectively and safeguard against unexpected volatility, a stop-loss can be placed at Rs 96. Strategy: Buy Target: Rs 115, Rs 120 Stop-Loss: Rs 96 United Spirits | CMP: Rs 1,408.1  United Spirits is on the verge of a breakout from a Cup and Handle pattern on the daily chart. The recent surge in trading volume indicates strong buying interest, enhancing the breakout potential. Additionally, the stock is trading above its 20-day, 50-day, and 200-day EMAs, further strengthening the bullish outlook. A breakout above Rs 1,420 could open the door for a sharp rally towards the targets of Rs 1,540 and Rs 1,570 in the short term. On the downside, immediate support is placed at Rs 1,380, providing a favourable dip-buying opportunity. A stop-loss at Rs 1,340 is advised to manage risk and protect against unexpected volatility. Strategy: Buy Target: Rs 1,540, Rs 1,570 Stop-Loss: Rs 1,340 Om Mehra, Technical Analyst at Samco Securities Adani Energy Solutions | CMP: Rs 872.85  Adani Energy Solutions has witnessed a strong rebound from lower levels, surging 8.70% on Thursday. The stock has formed a Bullish Engulfing candle on the daily chart. It broke above a strong resistance zone at Rs 860, which had previously acted as a hurdle multiple times, confirming a bullish breakout. The volume spike accompanying this move indicates strong buying participation. The RSI is in a rising trajectory, supporting bullish sentiment. Any pullback toward Rs 850–Rs 860 could offer a better entry range. Hence, based on the technical structure, one can initiate a long position at CMP (current market price). Strategy: Buy Target: Rs 990 Stop-Loss: Rs 830 One 97 Communications | CMP: Rs 810.1  One 97 Communications (Paytm) has given a bullish breakout from an Inverse Head and Shoulders pattern, signaling a sustained uptrend. The stock has decisively crossed the neckline near Rs 790, supported by strong volume. The daily RSI at 62 indicates rising momentum, while the MACD (Moving Average Convergence Divergence) crossover strengthens the bullish sentiment. Additionally, the stock is holding above the 50 DMA, reinforcing a positive outlook. The overall setup remains bullish; any pullback towards Rs 795–Rs 800 would provide a better entry range. Hence, based on the technical structure, one can initiate a long position at CMP. Strategy: Buy Target: Rs 910 Stop-Loss: Rs 760 Amber Enterprises India | CMP: Rs 7,131.3  Amber Enterprises India has entered a consolidation phase after a strong uptrend, forming a Bullish Flag pattern. The stock remains well-supported above the 9, 50, and 100 EMA, reinforcing a structurally strong bullish setup. The RSI at 62 signals steady momentum without entering overbought territory, while the MACD maintains a positive crossover, confirming bullish strength. Volume remains steady, and an uptick in participation could fuel the next leg higher. A breakout above Rs 7,200 could trigger fresh momentum. Hence, based on the technical structure, one can initiate a long position at CMP. Strategy: Buy Target: Rs 7,700 Stop-Loss: Rs 6,750 Chandan Taparia, Head Derivatives & Technicals, Wealth Management at Motilal Oswal Financial Services Bajaj Finserv | CMP: Rs 2,005.75  Bajaj Finserv has given a range breakout on the daily chart with higher-than-average traded volumes. The RSI indicator is headed upward, which confirms the positive momentum. Strategy: Buy Target: Rs 2,146 Stop-Loss: Rs 1,937 Glenmark Pharma | CMP: Rs 1,519.85  Glenmark Pharma is retesting its breakout from a rounding bottom pattern on the daily chart and holding its 50 DEMA support zones. The MACD indicator is headed upward, confirming the upward momentum. Strategy: Buy Target: Rs 1,610 Stop-Loss: Rs 1,475"
27 Mar 2025,"Trade Spotlight: How should you trade Mazagon Dock, Coforge, Hindustan Aeronautics, Bajaj Finserv, Lupin, and others on March 27?",https://www.moneycontrol.com/news/business/markets/trade-spotlight-how-should-you-trade-mazagon-dock-coforge-hindustan-aeronautics-bajaj-finserv-lupin-and-others-on-march-27-12977000.html,The consolidation is expected to continue in the upcoming sessions until the benchmark indices give a decisive close above the February swing high. Below are some trading ideas for the near term.,Experts line up stocks for short term,"The market saw profit booking on March 26, with the benchmark indices falling nearly 1 percent. The advance-decline ratio remained in favour of the bears for another session, as about 2,134 shares saw a correction compared to 485 rising shares on the NSE. The consolidation is expected to continue in the upcoming sessions until the benchmark indices give a decisive close above the February swing high. Below are some trading ideas for the near term: Jatin Gedia, Technical Research Analyst at Mirae Asset Sharekhan Mazagon Dock Shipbuilders | CMP: Rs 2,643.15  Mazagon Dock Shipbuilders has been consolidating for the last five trading sessions. The consolidation has taken the form of a triangle pattern. Currently, the stock is in the last leg of that pattern, and hence, one can buy the stock on a dip towards Rs 2,620 - Rs 2,610. Overall, the uptrend is intact, and we expect this consolidation to break out on the upside. Strategy: Buy Target: Rs 2,842 Stop-Loss: Rs 2,550 Mahindra and Mahindra April Futures | CMP: Rs 2,742.15  M&M has formed a bearish flag pattern on the hourly charts, and we expect it to break down. The hourly momentum indicator has completed its pullback cycle to the equilibrium line, suggesting that the counter-trend pullback has matured and the stock can now begin the next leg of the decline. Strategy: Sell Target: Rs 2,665 Stop-Loss: Rs 2,820 Lupin April Futures | CMP: Rs 2,058.8  Lupin has broken down from an upward-sloping channel, indicating a trend reversal from up to down. The hourly momentum indicator has shown a negative crossover, which is a sell signal. We expect the stock to witness a decline towards the support zone of Rs 2,020 - Rs 2,000. Strategy: Sell Target: Rs 2,020 Stop-Loss: Rs 2,110 Vidnyan S Sawant, Head of Research at GEPL Capital Coforge | CMP: Rs 8027.2  Coforge has maintained a strong bullish trend since 2020, consistently holding above its key 12- and 26-month EMAs, reaffirming its strength on a higher timeframe. On the weekly scale, the stock has garnered buying interest from its 38.2% Fibonacci retracement level while witnessing a bullish mean reversion from the 40-week EMA. Furthermore, a breakout from a falling channel this week adds to the positive outlook. Strategy: Buy Target: Rs 8,978 Stop-Loss: Rs 7,615 Hindustan Aeronautics | CMP: Rs 4128.3  On the monthly scale, Hindustan Aeronautics has exhibited a bullish mean reversion from its 26-month EMA. On the weekly scale, the stock has witnessed buying interest near the 61.8% Fibonacci retracement level of its prior uptrend from Rs 1,734 to Rs 5,618. Following this, the stock has formed a higher high and higher low, indicating a continuation of its upward trajectory. Additionally, the MACD (Moving Average Convergence Divergence) has shown a bullish crossover this week, reinforcing the stock's positive outlook. Strategy: Buy Target: Rs 4,755 Stop-Loss: Rs 3,887 Bajaj Finserv | CMP: Rs 1,943.4  On the monthly scale, Bajaj Finserv has been maintaining higher bottoms and sustaining its rising trendline. On the weekly scale, the stock is respecting its key moving averages, the 12-week EMA and 26-week EMA. Notably, this week has witnessed a breakout from a Cup and Handle pattern, reinforcing bullish sentiment. Additionally, the RSI (Relative Strength Index) is inching up and currently at 65, signaling strengthening momentum. Strategy: Buy Target: Rs 2,225 Stop-Loss: Rs 1,818 Cholamandalam Investment and Company | CMP: Rs 1,522.25  Cholamandalam Investment has been in a robust bullish uptrend since 2020, forming higher tops and bottoms. It has posted three consecutive bullish monthly closings, sustaining above the 12-month EMA despite market volatility, highlighting strong relative strength. On the weekly scale, the stock has formed a base pattern, reinforcing positive structural development. It remains in an uptrend, trading above key 12- and 26-week EMAs, strengthening the bullish stance. The MACD remains in buy mode, while the RSI at 63 confirms momentum. Strategy: Buy Target: Rs 1,776 Stop-Loss: Rs 1,426"
26 Mar 2025,"Trade Spotlight: How should you trade Axis Bank, Power Mech Projects, UltraTech Cement, Jupiter Life, Jubilant Foodworks, and others on March 26?",https://www.moneycontrol.com/news/business/markets/trade-spotlight-how-should-you-trade-axis-bank-power-mech-projects-ultratech-cement-jupiter-life-jubilant-foodworks-and-others-on-march-26-12975793.html,The benchmark indices remain bullish despite Tuesday's consolidation and are expected to move northward in the upcoming sessions. Below are some trading ideas for the near term.,Top Buy Ideas For Short Term,"The market has seen some consolidation after surpassing the crucial hurdle of 23,800 and closed off the day's high with a 10-point gain on March 25. Bears managed to dominate market breadth, with 2,078 shares declining compared to 554 rising shares on the NSE. The benchmark indices remain bullish despite Tuesday's consolidation and are expected to move northward in the upcoming sessions. Below are some trading ideas for the near term: Amol Athawale, VP-Technical Research, Kotak Securities: Axis Bank | CMP: Rs 1,118.55  On the daily and weekly scale, Axis Bank is in a rising channel chart formation with a higher high and higher low series pattern. The counter witnessed a steady recovery from the lower levels. Additionally, the technical indicator RSI (Relative Strength Index) is also indicating a further uptrend from current levels, which could boost the bullish momentum in the near future. Strategy: Buy Target: Rs 1,190 Stop-Loss: Rs 1,070 Tech Mahindra | CMP: Rs 1,455.5  On a daily time frame, Tech Mahindra had been in a downtrend. Therefore, it is currently in oversold territory and is available near its demand area. Moreover, the breakout from the sloping channel chart formation and the technical indicator RSI are indicating that the stock is very likely to rebound for a new leg of the upmove in the coming horizon. Strategy: Buy Target: Rs 1,550 Stop-Loss: Rs 1,400 Bajaj Finserv | CMP: Rs 1,945  Bajaj Finserv has given a breakout of its symmetrical triangle chart pattern with a strong bullish candlestick. Additionally, on the daily and weekly charts, it has formed a higher bottom formation. Therefore, the structure of the counter indicates further bullish momentum from the current levels. Unless it is trading below Rs 1,870, positional traders can retain an optimistic stance and look for a target of Rs 2,070. Strategy: Buy Target: Rs 2,070 Stop-Loss: Rs 1,870 Nandish Shah, Senior Technical and Derivative Analyst at HDFC Securities Power Mech Projects | CMP: Rs 2,613.35  Power Mech Projects has broken out on the daily chart from the downward sloping trendline with higher volumes. The stock price is on the verge of forming a bullish engulfing pattern on the monthly charts. Momentum indicators and oscillators like MFI (Money Flow Index) and RSI are sloping upwards and placed above 60 on the daily chart, suggesting strength in the current bullish trend. Therefore, we recommend buying Power Mech at CMP (current market price) and accumulating on declines around Rs 2,500 for targets of Rs 2,900 and Rs 3,020. Strategy: Buy Target: Rs 2,900, Rs 3,020 Stop-Loss: Rs 2,350 UltraTech Cement | CMP: Rs 11,421.2  The primary trend of UltraTech Cement is positive as the stock price is placed above its 200-day EMA. The stock price is on the verge of breaking out from the downward sloping trendline adjoining the highs of December 16, 2024, and February 7, 2025. The stock price is in a strong uptrend as it has been forming a bullish higher top higher bottom formation on the monthly chart. During the recent correction, the stock price took support at the 100-week EMA and reversed northwards. Momentum indicators and oscillators are showing strength in the current uptrend of the stock. Strategy: Buy Target: Rs 12,220, Rs 12,600 Stop-Loss: Rs 10,700 Ashish Kyal, CMT, Founder and CEO of Waves Strategy Advisors Jupiter Life Line Hospitals | CMP: Rs 1,698.55  Jupiter Life Line Hospitals consistently managed to outperform since the start of March 2025 and has shown a rally of more than 25%. On the daily chart, the stock has formed a Rounding Bottom pattern. However, it has not yet closed above Rs 1,710 levels. A close above this level is needed for the breakout of the said pattern. Also, the 30 EMA (Exponential Moving Average) has crossed the 60 EMA (Exponential Moving Average), which is a bullish crossover and indicates that the short-term bias has turned positive. A follow-up buying above Rs 1,710 can extend this rally further. In summary, the trend for the stock is bullish. A break above Rs 1,710 can take prices higher towards Rs 1,775, followed by Rs 1,840 levels. On the downside, Rs 1,645 is the nearest support level. Strategy: Buy Target: Rs 1,775, Rs 1,840 Stop-Loss: Rs 1,645 JB Chemicals and Pharmaceuticals | CMP: Rs 1,730.4  In the previous session, JB Chemicals managed to shine and outperform its sector, surging by more than 3%. Moreover, after prices reversed from the lower Bollinger bands, it has managed to protect its prior day’s low on a closing basis since March 17, which suggests that bulls are tightening their grip by each passing day, visible on the daily chart. Currently, prices have completed their journey towards the upper bands and have also closed above it, which is a sign of strength. Along with this, the MACD (Moving Average Convergence Divergence) has already given a bullish crossover, which further supports our overall stance. In summary, the current trend for JB Chemicals is on the side of the bulls. A break above Rs 1,750 levels can lead to a trending move towards Rs 1,820, followed by Rs 1,890 levels. On the downside, Rs 1,680 is the nearest support to watch out for. Strategy: Buy Target: Rs 1,820, Rs 1,890 Stop-Loss: Rs 1,680 Jubilant Foodworks | CMP: Rs 668  Jubilant Foodworks has managed to outperform its sector, which is a strong bullish sign. The stock has been moving within an upward sloping channel for more than a year, during which in the previous week, prices took support from the lower end of the channel and reversed on the upside. Moreover, prices for the past 7 trading sessions have protected their previous day’s low, which keeps the daily bias in favour of the bulls. Also, the stock has managed to close above its important resistance of Rs 660 levels, which is a positive sign. Along with this, Parabolic SAR dots have recently started to form below the prices, suggesting that bullish momentum has started to build up in this stock. In summary, the current trend for Jubilant Foodworks is on the positive side. A break above Rs 677 levels can further boost positive momentum towards Rs 705, followed by Rs 730 levels. On the downside, Rs 650 is the nearest support. Strategy: Buy Target: Rs 705, 730 Stop-Loss: Rs 650"
25 Mar 2025,"Trade Spotlight: How should you trade HCL Tech, Shree Cement, Asian Paints, Nykaa, Bharti Airtel, Samvardhana Motherson, and others on March 25?",https://www.moneycontrol.com/news/business/markets/trade-spotlight-how-should-you-trade-hcl-tech-shree-cement-asian-paints-nykaa-bharti-airtel-samvardhana-motherson-and-others-on-march-25-12974382.html,The benchmark indices are likely to surpass their swing high of February in the upcoming sessions. Below are some trading ideas for the near term.,Top Buy Ideas for Short term,"The market clocked a 1.3 percent rally on March 24, extending its upward journey for six days in a row. The market breadth remained positive, with about 1,720 shares advancing compared to 938 declining shares on the NSE. The benchmark indices are likely to surpass their swing high of February in the upcoming sessions. Below are some trading ideas for the near term: Jigar S Patel, Senior Manager - Equity Research at Anand Rathi FSN E-Commerce Ventures | CMP: Rs 173.25  FSN E-Commerce Ventures (Nykaa) recently consolidated in the Rs 163-168 zone, aligning with the R3 Camarilla monthly pivot, indicating strong bullish momentum. Additionally, a bullish divergence and a falling trendline breakout in the price action are evident, confirmed by the RSI (Relative Strength Index), which further supports the bullish outlook. This combination of technical signals reinforces the likelihood of an upward move, making it an attractive opportunity for traders. Traders may consider entering long positions in the Rs 171-174 zone, with an upside target of Rs 190. Strategy: Buy Target: Rs 190 Stop-Loss: Rs 164 HCL Technologies | CMP: Rs 1,604.15  HCL Technologies has formed a base near the support zone of Rs 1,505–1,515. Notably, the mentioned support zone aligns with S1 and S3 of the floor and Camarilla pivots, respectively. Additionally, the RSI on the daily scale has not entered the oversold region in the last 10–12 sessions, further confirming the bullish outlook. Traders may consider entering long positions in the Rs 1,590-1,605 zone, with an upside target of Rs 1,710. Strategy: Buy Target: Rs 1,710 Stop-Loss: Rs 1,510 Maruti Suzuki India | CMP: Rs 11,922.25  Maruti has formed a base near the support level of Rs 11,500. Notably, this support zone aligns with the S3 Camarilla pivot. Additionally, Rs 11,500 coincides with the previous breakout zone, further affirming our bullish view. Traders may consider entering long positions above Rs 11,900, with a target of Rs 12,650. Strategy: Buy Target: Rs 12,650 Stop-Loss: Rs 11,500 Jay Thakkar, Vice President & Head of Derivatives and Quant Research at ICICI Securities Samvardhana Motherson International April Futures | CMP: Rs 133.87  Samvardhana Motherson International: Samvardhana Motherson International is trading well above its 20-day VWAP (Volume Weighted Average Price) levels of Rs 128, and it has witnessed significant Call unwinding in the current series, causing the PCR (Put-Call Ratio) to improve to 0.84 levels. The maximum pain levels for the April series are at Rs 130, and it is trading above that level, which is also bullish. The stock has a substantial short buildup, so there is a high probability of short covering from hereon. Traders may consider buying this stock from the point of view of short covering. Strategy: Buy Target: Rs 143, Rs 147 Stop-Loss: Rs 128 Shree Cement April Futures | CMP: Rs 29,625  Shree Cement has provided a breakout from the sideways consolidation, and it has also witnessed long buildup again with this breakout, increasing the upside probability. The stock has a crucial support at Rs 28,300 levels on a closing basis, and it has a 20-day VWAP at Rs 28,115, which should hold in the near term. The stock has witnessed high Call unwinding in the current series, and there is no major call open interest until Rs 30,000 levels in this series as well as in the next series. Strategy: Buy Target: Rs 30,500, Rs 30,800 Stop-Loss: Rs 28,300 Asian Paints April Futures | CMP: Rs 2,321  Asian Paints also has huge short positions and is likely to bounce back due to short covering in the markets. The price has bounced back from the lows of Rs 2,150 approximately to Rs 2,335 levels; however, the open interest has not reduced much. There has been unwinding witnessed in the Rs 2,300 strike, and the stock is trading well above those levels. Hence, further unwinding can’t be ruled out. The stock is also trading above its 20-day VWAP and its maximum pain levels, so the probability of short covering is high, offering a good risk-to-reward ratio in the near term. Strategy: Buy Target: Rs 2,440, Rs 2,480 Stop-Loss: Rs 2,290 Anshul Jain, Head of Research at Lakshmishree Investments Bharti Airtel | CMP: Rs 1718.8  Bharti Airtel is on the verge of breaking out from a 110-day-long bullish rectangle pattern at Rs 1,730. Volume trends suggest strong institutional accumulation, with rising volumes on up days and lower volumes on declines. Weekly momentum indicators, which were overheated at the start of the pattern, have now cooled off, setting the stage for a strong follow-through rally. A sustained move above Rs 1,730 could trigger a fresh momentum-driven uptrend, making the stock an attractive buy for the next leg of the breakout. Strategy: Buy Target: Rs 2,050 Stop-Loss: Rs 1,650 Bajaj Finserv | CMP: Rs 1,894.15  Bajaj Finserv is on the verge of breaking out from an 872-day-long Volatility Contraction Pattern (VCP). A failed breakout attempt earlier helped shake out weak hands, making the second attempt more potent. Volume trends throughout the base have remained ideal, with a breakout above Rs 1,920 likely to trigger strong volume expansion. With weak hands out and institutional interest building, a sustained move above this level could ignite a powerful rally, making Bajaj Finserv a stock to watch in the coming sessions. Strategy: Buy Target: Rs 2,050 Stop-Loss: Rs 1,850"
24 Mar 2025,'Identify them young': Sanjiv Bajaj explains Bajaj Finserv's succession strategy,https://www.moneycontrol.com/news/business/companies/identify-them-young-sanjiv-bajaj-explains-bajaj-finserv-s-succession-strategy-12973221.html,"Bajaj, in an interview with Mint, said the group identifies the talent ‘early’ and move them around in various roles across businesses to gain valuable experience","The group’s over 100,000-strong workforce comes to office daily because they ‘enjoy’ their work, and not just to earn their wages, Bajaj said during the interview.","Bajaj family has a clear succession strategy for its financial services businesses- to identify them young and make them ready for the future of the company with experience across verticals, Sanjiv Bajaj, chairman and managing director of Bajaj Finserv, told Mint in an interview. Bajaj said the group identifies the talent ‘early’ and move them around in various roles across businesses to gain valuable experience. He told the newspaper that the potential candidates move from business to human resources to operations and by the time they enter their 40s, the employees have already gained a good experience across verticals, adding that the “idea is to make better leaders out of them”. The group’s over 100,000-strong workforce comes to office daily because they ‘enjoy’ their work, and not just to earn their wages, Bajaj said during the interview. Recently, Bajaj Finserv saw some changes in its leadership with the appointment of Rajeev Jain as vice chairman and additional director of the group. Anup Kumar Saha has been elevated as the new managing director of the company. On Monday, the stock of the company was trading at Rs 1,888.55, up by 2.24 percent on NSE at 11:01 am."
20 Mar 2025,"Bajaj Finserv elevates Rajeev Jain as vice chairman, appoints Anup Kumar Saha as MD",https://www.moneycontrol.com/news/business/companies/bajaj-finserv-elevates-rajeev-jain-as-vice-chairman-appoints-anup-kumar-saha-as-md-12971001.html,The development confirms Moneycontrol's newsbreak that said both Jain and Saha are set to receive promotions as part of the group's succession planning exercise,Bajaj Finserv ,"Bajaj Finserv on March 20 said the board has approved the elevation of Rajeev jain as vice chairman in the capacity as an executive director for a period of three years starting from April 1, 2025, according to a stock exchange filing. The company also appointed Anup Kumar Saha as the new managing director of the company effective from April 1, the stock filing said. Before this, Jain was the managing director and Saha was in the position of deputy managing director. The development confirms Moneycontrol's newsbreak that said both Jain and Saha are set to receive promotions as part of the group's succession planning exercise. Bajaj Finance is promoted by Bajaj Finserv, which holds around 54 percent stake in the Rs 3.25 lakh crore lending arm. Jain would be spending a significant part of his time overseeing Bajaj Finance, but he may also supervise some of the newer initiatives of the group, such as those in healthcare, as well as lend support to the transition in the group’s insurance companies, Moneycontrol had reported on March 19."
19 Mar 2025,Bajaj Finance’s Rajeev Jain likely to be elevated to Bajaj Finserv’s board,https://www.moneycontrol.com/news/business/bajaj-finance-s-rajeev-jain-likely-to-be-elevated-to-bajaj-finserv-s-board-12969426.html,"Anup Saha, who joined Bajaj Finance in 2017 from ICICI Bank and was elevated to the role of deputy MD recently, may take over the reins of the NBFC from Jain. ",Bajaj Finance,"A succession planning exercise is underway at Sanjiv Bajaj-led Bajaj Finserv group, and Moneycontrol has learnt from highly-placed sources that Rajeev Jain, the managing director of Bajaj Finance may get elevated to the board of Bajaj Finserv in an executive capacity. Even in his new role, Rajeev Jain would be spending a significant part of his time overseeing Bajaj Finance, but he may also supervise some of the newer initiatives of the group, such as those in healthcare, as well as lend support to the transition in the group’s insurance companies. Bajaj Finance is promoted by Bajaj Finserv, which holds around 54 percent stake in the Rs 3.25 lakh crore lending arm. Earlier this month, Bajaj and German financial services company Allianz SE, announced a breakup of their 24-year old joint venture in the insurance space, leading to Bajaj Finserv buying out Allianz’s 26% stake in the life and general insurance arms over next few months. Anup Saha, who joined Bajaj Finance in 2017 from ICICI Bank and was elevated to the role of deputy MD recently, may take over the reins of the NBFC from Jain. It is also leant that Saha might liaison with Jain on a regular basis after the transition. The change in leadership is expected to be announced by March 31, coinciding with the conclusion of Rajeev Jain's tenure as the MD of Bajaj Finance. Sanjiv Bajaj will remain as the chairman of Bajaj Finance, however, sources say Rajeev Jain will continue to play an important role at Bajaj Finance, especially at a time when the company’s 3.0 strategy is unfolding. ""With aspirations to develop into a Fin-AI led company, the internal thinking is that Jain should spend more time on strategic initiatives and Saha should step up on day-to-day operations and business,” said a person aware of the developments at Bajaj Finance. Read More: Bajaj Finserv to 'evaluate' IPOs for life, general insurance arms after Allianz exit Another banker told Moneycontrol that the employees are aligned to the upcoming changes. “Tweaks to the reporting structure has been underway for over a year, and this may not come as a surprise for employees, even if the changes were to be implemented by end of this fiscal,” he added. An email to Bajaj Finserv seeking comment on the matter remained unanswered till publishing the article. Rajeev Jain had joined Bajaj Finance in 2007 as CEO of the company and is seen as the person instrumental in cementing Bajaj Finance’s position as India’s leading non-bank lender. “If Bajaj Finance has become a market creator in the consumer lending space, it would not have been possible without Jain’s hands on style of leadership from his day one in the organisation,” a senior banker said. During the December quarter investor call, Jain reassured analysts that he would like to remain associated with Bajaj Finance, though the ultimate decision would be that of the board. Bajaj Finserv is India largest NBFC with the largest non-bank lending business, with a presence across other sectors such as insurance, stock broking and asset management. It is designated as a top-tier NBFC by RBI since October 2022."
19 Mar 2025,Buy Bajaj Finserv; target of Rs 2350: Sharekhan,https://www.moneycontrol.com/news/business/stocks/buy-bajaj-finserv-target-of-rs-2350-sharekhan-3-12968966.html,"Sharekhan is bullish on Bajaj Finserv has recommended buy rating on the stock with a target price of Rs 2350 in its research report dated March 18, 2025.",Buy,"Sharekhan's research report on Bajaj Finserv Allianz SE has decided to exit its JV with Bajaj Finserv. Thus, now the company may look at listing of its insurance businesses, BAGIC and BALIC. Bajaj Finserv is not looking for any new partner for its insurance entities. Allianz SE will sell its entire ~26% stake in both Bajaj Allianz Life Insurance and Bajaj Allianz General Insurance to Bajaj group companies for Rs. 24,180 crore. Outlook We maintain a Buy with an unchanged SOTP-based PT of Rs. 2,350. The next key trigger would be - IPO of both insurance businesses, resulting in value unlocking. For all recommendations report, click here Bajaj Finserv - 19032025 - khan"
03 Mar 2025,"Trade Spotlight: How should you trade Larsen & Toubro, Narayana Hrudayalaya, JSW Energy, Bajaj Finance, PFC, and others on March 4?",https://www.moneycontrol.com/news/business/markets/trade-spotlight-how-should-you-trade-larsen-toubro-narayana-hrudayalaya-jsw-energy-bajaj-finance-pfc-and-others-on-march-4-12955302.html,"The market may attempt a bounce back considering the oversold conditions, but it is unlikely to sustain the same. Below are some trading ideas for the near term.",Buy Ideas for Tuesday,"The benchmark indices finished the volatile session flat with a negative bias on March 3, continuing their southward journey for the ninth consecutive day. The market breadth remained in control of bears, as a total of 1,910 shares saw correction compared to 760 advancing shares on the NSE. The market may attempt a bounce back considering the oversold conditions, but it is unlikely to sustain the same. Below are some trading ideas for the near term: Jigar S Patel, Senior Manager - Equity Research at Anand Rathi Larsen & Toubro | CMP: Rs 3,197.3  Recently, Larsen & Toubro underwent a Head and Shoulders breakdown, leading to a sharp 20% correction from its peak. The stock has now met the pattern’s minimum downside target, suggesting that a base formation could emerge in the Rs 3,080-3,120 range. Traders may consider entering long positions in the Rs 3,200-3,150 zone, with an upside target of Rs 3,450. Strategy: Buy Target: Rs 3,450 Stop-Loss: Rs 3,037 Hindalco Industries | CMP: Rs 636.55  The entire month of February has been phenomenal for Hindalco, as it has rallied almost 18% from the bottom of approximately Rs 560. Last week, we saw a decent correction of 6% from the Rs 656 (the recent swing). Currently, Hindalco has closed above its previous breakout zone, forming a Hammer-like candlestick that aligns with the R1 monthly pivot, as depicted in the chart. Thus, we expect Hindalco to make another high in the ongoing uptrend. Traders may consider entering long positions in the Rs 633-637 zone, with an upside target of Rs 680. Strategy: Buy Target: Rs 680 Stop-Loss: Rs 608 Tata Motors | CMP: Rs 621.15  Tata Motors has taken support at the 50% retracement level of its rally from March 2020 to July 2024, aligning with key weekly and quarterly S1 support levels. Additionally, the weekly RSI is in the oversold zone, indicating a potential rebound in the coming sessions. Traders may consider entering buy positions in the Rs 615-625 zone, with a target of Rs 720. Strategy: Buy Target: Rs 720 Stop-Loss: Rs 570 Jay Thakkar, Vice President & Head of Derivatives and Quant Research at ICICI Securities PFC Futures | CMP: Rs 381  Power Finance Corporation (PFC) has outperformed the Nifty in the recent fall, as it has managed to hold on to its previous lows, and the overall fall so far has been due to long unwinding. After the price correction, there is a high possibility of an uptrend, as there has been a positive divergence. The stock has witnessed good addition on the Rs 370 strike Put, which will act as a support. Buy PFC Futures in the range of Rs 381 to Rs 375. Strategy: Buy Target: Rs 395, Rs 410 Stop-Loss: Rs 365 JSW Energy Futures | CMP: Rs 475.7  JSW Energy has fallen sharply since it was introduced into the derivatives segment. The stock prices fell sharply with open interest rising, clearly indicating that short positions have built up in the stock. Now, with the prices holding at previous lows and the momentum indicator showing positive divergence, there is a high possibility of short covering in the near term. Hence, the risk: reward is favourable on the long side. Buy JSW Energy Futures in the range of Rs 475-465. Strategy: Buy Target: Rs 500, Rs 515 Stop-Loss: Rs 450 Bajaj Finance Futures | CMP: Rs 8,665  Bajaj Finance has witnessed a huge breakout from the sideways consolidation, which has come on account of short covering. Now, the shorts seem to have covered quite a lot, and the stock is outperforming its index; hence, long buildup is quite likely from hereon. There has been massive Put additions from Rs 8,500 to Rs 8,000 levels, and the Call base is directly at Rs 9,000 levels, making the risk: reward quite favourable on the long side. It is also trading well above its maximum pain level of Rs 8,500. Buy Bajaj Finance Futures in the range of Rs 8,664 to Rs 8,600. Strategy: Buy Target: Rs 8,900, Rs 9,100 Stop-Loss: Rs 8,390 Anshul Jain, Head of Research at Lakshmishree Investments Narayana Hrudayalaya | CMP: Rs 1,615.6  Narayana Hrudayalaya has broken out of a 260-day bullish Volatility Contraction Pattern (VCP), with a 2,800% surge in volume to 11.9 million shares, signaling institutional interest despite weak market conditions. The breakout emerged from the 10-day moving average, with the 10, 20, and 50-day averages aligned bullishly, confirming the uptrend. With strong momentum, Narayana Hrudayalaya is poised for further gains, with targets near Rs 2,000 levels. This breakout suggests potential upside, making Narayana Hrudayalaya a stock to watch closely. Strategy: Buy Target: Rs 1,850 Stop-Loss: Rs 1,530 Abbott India | CMP: Rs 31,183.55  Abbott India has broken out of a 126-day rounding bottom pattern, with a flush inside the pattern indicating that weak hands have been shaken out. The right-side volume surge suggests strong institutional activity, and Monday’s breakout occurred on twice the 50-day average volume, reinforcing the bullish momentum. Additionally, the 10, 20, and 50-day moving averages have formed a bullish crossover and are trading comfortably above each other, confirming the uptrend. With strong technical signals, Abbott India appears well-positioned for further upside in the near term. Strategy: Buy Target: Rs 38,000 Stop-Loss: Rs 29,000 Bajaj Finserv | CMP: Rs 1,838.55  Bajaj Finserv is trading just below the pivotal Rs 1,900 level, forming a 93-day bullish rounding bottom pattern. The initial breakout occurred on high volume, while the last two sessions saw a low-volume pullback, indicating that weak hands are being shaken out. For the bullish momentum to continue, the stock needs to reclaim and sustain above Rs 1,900, which appears likely given the strong volume pattern. A decisive move above this level could signal further upside, making Bajaj Finserv a stock to watch closely in the coming sessions. Strategy: Buy Target: Rs 1,900 Stop-Loss: Rs 1,800"
03 Mar 2025,"Bajaj Auto top loser in BSE Auto index after hitting 52-week low as February sales skid, knocking off Bajaj Finserv shares",https://www.moneycontrol.com/news/business/stocks/bajaj-auto-top-loser-in-bse-auto-index-after-hitting-52-week-low-as-february-sales-skid-knocking-off-bajaj-finserv-shares-12954807.html,"Overall, the company's total domestic sales dropped 11 percent to 1.83 lakh units, while exports surged 21 percent to 1.69 lakh units.",Bajaj Auto,"The shares of Bajaj Auto dropped nearly 3 percent to hit a fresh 52-week low of Rs 7,683 apiece on March 3. This comes after the company reported a 14 percent fall in domestic 2-wheeler sales in the month of February. Bajaj Finserv, which offers financing schemes on Bajaj Auto vehicles, also saw strong selling pressure, falling over 2 percent to trade at Rs 1,831 apiece. In an exchange filing, Bajaj Auto said it sold 1.46 lakh 2-wheelers in India in February 2025. This marks a fall of 14 percent from the 1.71 lakh 2-wheelers it sold in February 2024. The company's 2-wheeler exports however jumped 23 percent on-year to 1.53 lakh units during the month. In the segment of commercial vehicles, Bajaj Auto recorded a rise of 3 percent in domestic sales, while exports fell 2 percent. Overall, the company's total domestic sales dropped 11 percent to 1.83 lakh units, while exports surged 21 percent to 1.69 lakh units. Bajaj Auto shares are currently the top loser on the BSE Auto index. Meanwhile, the company's peer Hero MotoCorp also saw a strong decline in its share price on March 3. Hero MotoCorp shares fell nearly 2 percent to trade at Rs 3,630 apiece. This comes after the automaker announced that it sold 3.88 lakh units (including domestic and foreign sales) in February 2025. This marks a fall of over 17 percent from the 4.68 lakh sales it had recorded in February 2024. Hero MotoCorp's domestic sales tumbled 20 percent on-year to 3.57 units. EV-maker Ola Electric meanwhile announced on February 28 that it has sold over 25,000 units in February so far, backed by a strong S1 portfolio and sales-and-service network of 4,000 stores across the country. In its press release, the company further said that it has captured a market share of over 28 percent in the EV 2-wheeler segment."
