Date,Title,URL,Article Description,Article Text,Article Content
18 Aug 2025,"Bajaj Auto shares surge 4.16% amid high volume, stock among top gainers on Nifty 50 in Monday's session",https://www.moneycontrol.com/news/business/stocks/bajaj-auto-shares-surge-4-16-amid-high-volume-stock-among-top-gainers-on-nifty-50-in-monday-s-session-alpha-article-13461843.html,"With the stock trading at Rs 8,555.50 on Monday, Bajaj Auto has demonstrated a strong presence in the Nifty 50 index with significant financial growth and consistent dividend payouts.",,"Shares of Bajaj Auto were trading with a gain of 4.16 percent at Rs 8,555.50 in Monday's session, driven by high volume. The stock is among the top gainers on Nifty 50. Financial Performance: Bajaj Auto's financial performance shows consistent growth in both quarterly and annual results. Quarterly Results: The consolidated quarterly financial results indicate a steady increase in revenue and net profit over the recent quarters. Here’s a summary:HeadingJun 2024Sep 2024Dec 2024Mar 2025Jun 2025RevenueRs 11,932.07 CroreRs 13,247.28 CroreRs 13,168.88 CroreRs 12,646.32 CroreRs 13,133.35 CroreNet ProfitRs 1,941.79 CroreRs 1,965.74 CroreRs 2,195.65 CroreRs 2,137.03 CroreRs 2,210.44 CroreEPS69.6049.7078.7064.6079.20The revenue for the quarter-ending June 2025 stood at Rs 13,133.35 Crore, an increase compared to Rs 11,932.07 Crore in June 2024. The net profit for the same period was Rs 2,210.44 Crore, up from Rs 1,941.79 Crore in the corresponding quarter of the previous year. Annual Results: The consolidated yearly financial results also reflect strong growth. Here’s an overview:Heading20212022202320242025RevenueRs 27,741.08 CroreRs 33,144.71 CroreRs 36,455.38 CroreRs 44,870.43 CroreRs 50,994.55 CroreNet ProfitRs 4,550.70 CroreRs 5,586.34 CroreRs 5,530.92 CroreRs 7,440.65 CroreRs 8,240.21 CroreEPS167.90213.20212.50272.70262.40BVPS942.511,031.891,037.661,037.411,260.07ROE17.8020.6420.6326.6120.81Debt to Equity0.000.000.000.060.26The company's revenue for the year-ending March 2025 was Rs 50,994.55 Crore, compared to Rs 44,870.43 Crore for the year-ending March 2024. Net profit increased from Rs 7,440.65 Crore in March 2024 to Rs 8,240.21 Crore in March 2025. Income Statement: The income statement provides further details on the company's financial performance. Annual Income Statement:Mar 2025Mar 2024Mar 2023Mar 2022Mar 2021SalesRs 50,994 CroreRs 44,870 CroreRs 36,455 CroreRs 33,144 CroreRs 27,741 CroreOther IncomeRs 1,474 CroreRs 1,436 CroreRs 1,187 CroreRs 1,284 CroreRs 1,276 CroreTotal IncomeRs 52,468 CroreRs 46,306 CroreRs 37,642 CroreRs 34,428 CroreRs 29,017 CroreTotal ExpenditureRs 41,152 CroreRs 36,473 CroreRs 30,290 CroreRs 27,348 CroreRs 23,075 CroreEBITRs 11,316 CroreRs 9,832 CroreRs 7,352 CroreRs 7,080 CroreRs 5,941 CroreInterestRs 388 CroreRs 60 CroreRs 39 CroreRs 8 CroreRs 6 CroreTaxRs 2,687 CroreRs 2,331 CroreRs 1,781 CroreRs 1,485 CroreRs 1,384 CroreNet ProfitRs 8,240 CroreRs 7,440 CroreRs 5,530 CroreRs 5,586 CroreRs 4,550 CroreQuarterly Income Statement:Jun 2025Mar 2025Dec 2024Sep 2024Jun 2024SalesRs 13,133 CroreRs 12,646 CroreRs 13,168 CroreRs 13,247 CroreRs 11,932 CroreOther IncomeRs 508 CroreRs 392 CroreRs 347 CroreRs 399 CroreRs 335 CroreTotal IncomeRs 13,642 CroreRs 13,038 CroreRs 13,516 CroreRs 13,646 CroreRs 12,267 CroreTotal ExpenditureRs 10,457 CroreRs 10,072 CroreRs 10,519 CroreRs 10,692 CroreRs 9,656 CroreEBITRs 3,184 CroreRs 2,965 CroreRs 2,996 CroreRs 2,954 CroreRs 2,610 CroreInterestRs 223 CroreRs 146 CroreRs 120 CroreRs 75 CroreRs 46 CroreTaxRs 750 CroreRs 682 CroreRs 680 CroreRs 913 CroreRs 621 CroreNet ProfitRs 2,210 CroreRs 2,137 CroreRs 2,195 CroreRs 1,965 CroreRs 1,941 CroreCash Flow: The cash flow statement provides an overview of the company's cash inflows and outflows.Mar 2025Mar 2024Mar 2023Mar 2022Mar 2021Operating ActivitiesRs -1,405 CroreRs 6,558 CroreRs 5,277 CroreRs 4,197 CroreRs 3,119 CroreInvesting ActivitiesRs -1,056 CroreRs -343 CroreRs 1,199 CroreRs -80 CroreRs -2,868 CroreFinancing ActivitiesRs 4,230 CroreRs -6,167 CroreRs -7,180 CroreRs -4,056 CroreRs -19 CroreOthersRs 2 CroreRs 271 CroreRs 11 CroreRs 357 CroreRs 0 CroreNet Cash FlowRs 1,771 CroreRs 318 CroreRs -692 CroreRs 417 CroreRs 231 CroreBalance Sheet: The balance sheet provides a snapshot of the company's assets, liabilities, and equity.Mar 2025Mar 2024Mar 2023Mar 2022Mar 2021Share CapitalRs 279 CroreRs 279 CroreRs 282 CroreRs 289 CroreRs 289 CroreReserves & SurplusRs 34,909 CroreRs 28,683 CroreRs 29,078 CroreRs 29,570 CroreRs 26,984 CroreCurrent LiabilitiesRs 11,583 CroreRs 9,091 CroreRs 5,270 CroreRs 4,688 CroreRs 5,643 CroreOther LiabilitiesRs 7,426 CroreRs 1,290 CroreRs 504 CroreRs 563 CroreRs 684 CroreTotal LiabilitiesRs 54,198 CroreRs 39,343 CroreRs 35,136 CroreRs 35,111 CroreRs 33,601 CroreFixed AssetsRs 3,737 CroreRs 3,252 CroreRs 2,927 CroreRs 1,913 CroreRs 1,683 CroreCurrent AssetsRs 19,445 CroreRs 11,798 CroreRs 9,650 CroreRs 10,365 CroreRs 14,187 CroreOther AssetsRs 31,015 CroreRs 24,292 CroreRs 22,558 CroreRs 22,832 CroreRs 17,730 CroreTotal AssetsRs 54,198 CroreRs 39,343 CroreRs 35,136 CroreRs 35,111 CroreRs 33,601 CroreContingent LiabilitiesRs 4,743 CroreRs 195 CroreRs 0 CroreRs 0 CroreRs 0 CroreFinancial Ratios: Key financial ratios for Bajaj Auto provide insights into its financial health and performance.Mar 2025Mar 2024Mar 2023Mar 2022Mar 2021Basic EPS (Rs.)262.40272.70212.50213.20167.90Diluted Eps (Rs.)262.00272.70212.50213.20167.90Book Value /Share (Rs.)1,260.071,037.411,037.661,031.89942.51Dividend/Share (Rs.)210.0080.00140.00140.00140.00Face Value1010101010Gross Profit Margin (%)23.4122.7220.9519.7122.35Operating Margin (%)22.6021.9120.1618.8921.41Net Profit Margin (%)16.1516.5815.1716.8516.40Return on Networth (%)20.8126.6120.6320.6417.80ROCE (%)27.0532.5024.6120.5921.25Return On Assets (%)13.5119.5917.2417.5614.45Current Ratio (X)1.681.301.832.212.51Quick Ratio (X)1.501.111.531.952.25Debt to Equity (x)0.260.060.000.000.00Interest Coverage (X)30.71168.95193.32754.51892.16Asset Turnover Ratio (%)1.091.201.101.0182.55Inventory Turnover Ratio (X)27.0827.5918.2716.2818.573 Yr CAGR Sales (%)24.0427.1810.384.494.883 Yr CAGR Net Profit (%)21.4527.876.3510.477.59P/E (x)30.0333.5518.2817.1321.86P/B (x)6.258.823.743.543.90EV/EBITDA (x)18.9525.1214.3016.0317.05P/S (x)4.315.693.013.193.83Corporate Actions: Bajaj Auto has announced several corporate actions, including earnings call transcripts, shareholder meetings, and credit rating intimations.Earnings Call Transcript: Transcript of the conference call held on August 6, 2025, regarding the Q1 FY26 results.Shareholder Meeting: Voting results and scrutinizer's report for the 18th Annual General Meeting held on August 6, 2025.Credit Rating: Intimation of credit rating.Additionally, the company has a history of dividend payouts. Dividends: Bajaj Auto has consistently distributed dividends over the past five years. The most recent dividend, announced on May 29, 2025, was a final dividend of Rs 210.00 per share. Bonus Issues: The company issued a bonus share in the ratio of 1:1, with the ex-bonus date being September 8, 2010. With the stock trading at Rs 8,555.50 on Monday, Bajaj Auto has demonstrated a strong presence in the Nifty 50 index with significant financial growth and consistent dividend payouts."
08 Aug 2025,Neutral Bajaj Auto; target of Rs 8618: Motilal Oswal,https://www.moneycontrol.com/news/business/earnings/neutral-bajaj-auto-target-of-rs-8618-motilal-oswal-13422212.html,"Motilal Oswal recommended Neutral rating on Bajaj Auto with a target price of Rs 8618 in its research report dated August 07, 2025.",Neutral,"Motilal Oswal's research report on Bajaj Auto BJAUT’s 1QFY26 earnings at INR20.6b beat our estimate of INR19.8b, aided by higher-than-expected other income even as margins were in line with our estimate at 19.7%. Margin has fallen below 20% for the first time in seven quarters. While a recovery in exports and a healthy ramp-up of Chetak and 3Ws are key positives, its market share loss in domestic motorcycles remains the key concern. Further, the ramp-up of its CNG bike, Freedom, has been slower than expected. BJAUT has acquired a controlling stake in KTM under a lucrative deal, though its effectiveness depends on how quickly it is able to turn around its operations, Outlook Which will remain the key monitorable from hereon. At ~25.4x/22.7x FY26E/FY27E EPS, BJAUT appears fairly valued. We maintain a Neutral rating with a TP of INR8,618, based on 22x Jun’27E core EPS. For all recommendations report, click here Bajaj Auto_08082025_Motilal Oswal"
08 Aug 2025,Neutral Bajaj Auto; target of Rs 8561: LKP Research,https://www.moneycontrol.com/news/business/stocks/neutral-bajaj-auto-target-of-rs-8561-lkp-research-13421305.html,"LKP Research recommended Neutral rating on Bajaj Auto with a target price of Rs 8561 in its research report dated August 07, 2025.",Neutral,"LKP Research's research report on Bajaj Auto Bajaj Auto (BAL) reported muted Q1FY26 results. Revenue came in at ₹120.8 bn, registering growth of 4.6% YoY and 3.3% QoQ. Domestic performance remained subdued, primarily due to (1) the early and intense onset of the monsoon, (2) elevated inflation in metro cities, (3) purchase deferments by customers, and (4) heightened competitive intensity. However, strong export performance helped offset the domestic weakness, with export volumes witnessing robust growth and premium bike sales reaching an all-time high in international markets. EBITDA margin stood at 19.7% in Q1FY26, down 53 bps YoY and 20 bps QoQ. The decline was driven by an unfavourable currency environment in key export geographies, rising commodity costs, and supply chain disruptions related to rare earth magnets. These challenges impacted production of the Chetak EV and EV 3Ws. The company reported PBT of ₹27.9 bn, with PBT margin improving by 37 bps YoY to 23%, supported by higher other income and lower finance costs. Looking ahead, we expect BAL to face near-term margin pressure due to intensifying competition in the +125cc segment and continued supply constraints stemming from the rare earth magnet shortage. Outlook We estimate revenue/EBITDA/PBT to grow at a CAGR of 9%/9%/8% over FY25–27E and value the stock at 25x FY27E EPS, arriving at a target price of ₹8,561. For all recommendations report, click here Bajaj Auto - 08082025 - lkp"
07 Aug 2025,Buy Bajaj Auto; target of Rs 9850: ICICI Securities,https://www.moneycontrol.com/news/business/earnings/buy-bajaj-auto-target-of-rs-9850-icici-securities-13412585.html,"ICICI Securities is bullish on Bajaj Auto has recommended buy rating on the stock with a target price of Rs 9850 in its research report dated August 07, 2025.",BUY,"ICICI Securities's research report on Bajaj Auto Bajaj Auto’s (BJAUT) EBITDA margin at 19.7% was in-line with I-Sec estimate. Demand in international market has been driving the growth momentum and the company has guided for 15-20% YoY volume growth in exports in nearto- medium term. The company expects 2W domestic sales to grow by 5-6% in FY26 led by premium segment (125cc+). Outlook for domestic 3W volume remains healthy led by rising EV penetration. The company’s EV portfolio is close to double-digit margins, led by improving profitability in its e2W portfolio. Outlook We estimate 16% EPS CAGR over FY25-27E. Maintain BUY with target price of INR 9,850 (earlier: 9,900) based on 25x FY27E EPS. For all recommendations report, click here Bajaj Auto_07082025_ICICI Securities"
07 Aug 2025,"Trump tariffs not a concern for Bajaj Auto, but rare earth magnet supplies still uncertain: Rajiv Bajaj",https://www.moneycontrol.com/automobile/trump-tariffs-not-a-concern-for-bajaj-auto-but-rare-earth-magnet-supplies-still-uncertain-rajiv-bajaj-article-13412837.html,"Bajaj said the company is now sourcing Low Rare Earth (LRE) magnets from China, which it is also trying to source from other suppliers too, while working on solutions without involving rare earth magnets.","On supply of rare earth magnets, Bajaj said the situation is still uncertain and company specific. ","Leading two-wheeler maker Bajaj Auto's exports have limited exposure to the US market, making it relatively less impacted by Trump's tariffs, however, the supply of rare earth magnets is still 'uncertain', Rajiv Bajaj said during a conversation with CNBC-TV18 on August 7, though for the full year the company does not see it having much impact on sales. Bajaj said exports to US are small and primarily focused on its KTM and Triumph motor bikes, which annually sell 10,000 and 5,000 units respectively, however, the two-wheeler maker won't lose this share, as the upcoming months are traditionally slow in terms of exports ahead of the winter season. Bajaj Auto said it is trying to rejig exports for next year as well as try and diversify to markets such as Latin American, Europe and also Thailand. Rajiv Bajaj said the company's exports to South America has revived after the pandemic and Nigeria remains the single sore point for motorcycles and Egypt for three-wheeler exports. Read More: Bajaj Auto delivers a mixed Q1 On supply of rare earth magnets, Bajaj said the situation is still uncertain and company specific. Chetak EV's sales had some impact in the March quarter due to high volumes, but the June quarter did not see much hit due to high inventory. For the full year, Bajaj is confident of no impact due to the rare earth magnet issue, and said by October the automaker will be able to completely normalize the production that was lost in July and August. ""We hope to make and sell more in H2 than what we had anticipated at the start of the year,"" Rajiv Bajaj said. Bajaj said the company is now sourcing Low Rare Earth (LRE) magnets from China, which it is also trying to source from other suppliers too, while working on solutions without involving rare earth magnets."
07 Aug 2025,"Bajaj Auto Standalone June 2025 Net Sales at Rs 12,584.45 crore, up 5.5% Y-o-Y",https://www.moneycontrol.com/news/business/earnings/bajaj-auto-standalone-june-2025-net-sales-at-rs-12584-45-crore-up-5-5-y-o-y-13411510.html,,,"Reported Standalone quarterly numbers for Bajaj Auto are: Net Sales at Rs 12,584.45 crore in June 2025 up 5.5% from Rs. 11,928.02 crore in June 2024. Quarterly Net Profit at Rs. 2,095.98 crore in June 2025 up 5.41% from Rs. 1,988.34 crore in June 2024. EBITDA stands at Rs. 2,912.53 crore in June 2025 up 6.44% from Rs. 2,736.20 crore in June 2024. Bajaj Auto EPS has increased to Rs. 75.10 in June 2025 from Rs. 71.20 in June 2024. Bajaj Auto shares closed at 8,178.50 on August 05, 2025 (NSE) and has given -7.55% returns over the last 6 months and -13.25% over the last 12 months. "
06 Aug 2025,Bajaj Auto shares trade flat amid volume surge in today's session,https://www.moneycontrol.com/news/business/stocks/bajaj-auto-shares-trade-flat-amid-volume-surge-in-today-s-session-alpha-article-13402649.html,"With the stock currently trading at Rs 8,216.50, Bajaj Auto experienced high trading volumes in today's session.",,"Shares of Bajaj Auto were trading at Rs 8,216.50, a marginal decline of 0.17% in Wednesday's session. The stock experienced high and unusual trading volumes. Bajaj Auto is included as one of the stocks in the benchmark NIFTY 50 index.Bajaj Auto Financial PerformanceThe following table presents the consolidated financial performance of Bajaj Auto.Income Statement (Quarterly)Here's a summary of the quarterly income statement:Jun 2025Mar 2025Dec 2024Sep 2024Jun 2024SalesRs 13,133 CroreRs 12,646 CroreRs 13,168 CroreRs 13,247 CroreRs 11,932 CroreOther IncomeRs 508 CroreRs 392 CroreRs 347 CroreRs 399 CroreRs 335 CroreTotal IncomeRs 13,642 CroreRs 13,038 CroreRs 13,516 CroreRs 13,646 CroreRs 12,267 CroreTotal ExpenditureRs 10,457 CroreRs 10,072 CroreRs 10,519 CroreRs 10,692 CroreRs 9,656 CroreEBITRs 3,184 CroreRs 2,965 CroreRs 2,996 CroreRs 2,954 CroreRs 2,610 CroreInterestRs 223 CroreRs 146 CroreRs 120 CroreRs 75 CroreRs 46 CroreTaxRs 750 CroreRs 682 CroreRs 680 CroreRs 913 CroreRs 621 CroreNet ProfitRs 2,210 CroreRs 2,137 CroreRs 2,195 CroreRs 1,965 CroreRs 1,941 CroreThe revenue for the quarter-ending June 2025 was Rs 13,133.35 Crore, which is an increase compared to Rs 11,932.07 Crore for the quarter-ending June 2024. The net profit for the quarter-ending June 2025 was Rs 2,210.44 Crore, which is also an increase compared to Rs 1,941.79 Crore for the quarter-ending June 2024.Income Statement (Yearly)The annual financial performance is as follows:Mar 2025Mar 2024Mar 2023Mar 2022Mar 2021SalesRs 50,994 CroreRs 44,870 CroreRs 36,455 CroreRs 33,144 CroreRs 27,741 CroreOther IncomeRs 1,474 CroreRs 1,436 CroreRs 1,187 CroreRs 1,284 CroreRs 1,276 CroreTotal IncomeRs 52,468 CroreRs 46,306 CroreRs 37,642 CroreRs 34,428 CroreRs 29,017 CroreTotal ExpenditureRs 41,152 CroreRs 36,473 CroreRs 30,290 CroreRs 27,348 CroreRs 23,075 CroreEBITRs 11,316 CroreRs 9,832 CroreRs 7,352 CroreRs 7,080 CroreRs 5,941 CroreInterestRs 388 CroreRs 60 CroreRs 39 CroreRs 8 CroreRs 6 CroreTaxRs 2,687 CroreRs 2,331 CroreRs 1,781 CroreRs 1,485 CroreRs 1,384 CroreNet ProfitRs 8,240 CroreRs 7,440 CroreRs 5,530 CroreRs 5,586 CroreRs 4,550 CroreThe revenue for the year-ending March 2025 increased to Rs 50,994.55 Crore compared to Rs 44,870.43 Crore for the year-ending March 2024. The net profit for the year-ending March 2025 was Rs 8,240.21 Crore, up from Rs 7,440.65 Crore for the year-ending March 2024.Cash FlowMar 2025Mar 2024Mar 2023Mar 2022Mar 2021Operating ActivitiesRs -1,405 CroreRs 6,558 CroreRs 5,277 CroreRs 4,197 CroreRs 3,119 CroreInvesting ActivitiesRs -1,056 CroreRs -343 CroreRs 1,199 CroreRs -80 CroreRs -2,868 CroreFinancing ActivitiesRs 4,230 CroreRs -6,167 CroreRs -7,180 CroreRs -4,056 CroreRs -19 CroreOthersRs 2 CroreRs 271 CroreRs 11 CroreRs 357 CroreRs 0 CroreNet Cash FlowRs 1,771 CroreRs 318 CroreRs -692 CroreRs 417 CroreRs 231 CroreBalance SheetEquities & LiabilitiesMar 2025Mar 2024Mar 2023Mar 2022Mar 2021Share CapitalRs 279 CroreRs 279 CroreRs 282 CroreRs 289 CroreRs 289 CroreReserves & SurplusRs 34,909 CroreRs 28,683 CroreRs 29,078 CroreRs 29,570 CroreRs 26,984 CroreCurrent LiabilitiesRs 11,583 CroreRs 9,091 CroreRs 5,270 CroreRs 4,688 CroreRs 5,643 CroreOther LiabilitiesRs 7,426 CroreRs 1,290 CroreRs 504 CroreRs 563 CroreRs 684 CroreTotal LiabilitiesRs 54,198 CroreRs 39,343 CroreRs 35,136 CroreRs 35,111 CroreRs 33,601 CroreAssetsMar 2025Mar 2024Mar 2023Mar 2022Mar 2021Fixed AssetsRs 3,737 CroreRs 3,252 CroreRs 2,927 CroreRs 1,913 CroreRs 1,683 CroreCurrent AssetsRs 19,445 CroreRs 11,798 CroreRs 9,650 CroreRs 10,365 CroreRs 14,187 CroreOther AssetsRs 31,015 CroreRs 24,292 CroreRs 22,558 CroreRs 22,832 CroreRs 17,730 CroreTotal AssetsRs 54,198 CroreRs 39,343 CroreRs 35,136 CroreRs 35,111 CroreRs 33,601 CroreOther InfoMar 2025Mar 2024Mar 2023Mar 2022Mar 2021Contingent LiabilitiesRs 4,743 CroreRs 195 CroreRs 0 CroreRs 0 CroreRs 0 CroreKey Financial RatiosMar 2025Mar 2024Mar 2023Mar 2022Mar 2021Basic EPS (Rs.)262.40272.70212.50213.20167.90Diluted Eps (Rs.)262.00272.70212.50213.20167.90Book Value /Share (Rs.)1,260.071,037.411,037.661,031.89942.51Dividend/Share (Rs.)210.0080.00140.00140.00140.00Face Value1010101010Gross Profit Margin (%)23.4122.7220.9519.7122.35Operating Margin (%)22.6021.9120.1618.8921.41Net Profit Margin (%)16.1516.5815.1716.8516.40Return on Networth / Equity (%)20.8126.6120.6320.6417.80ROCE (%)27.0532.5024.6120.5921.25Return On Assets (%)13.5119.5917.2417.5614.45Current Ratio (X)1.681.301.832.212.51Quick Ratio (X)1.501.111.531.952.25Debt to Equity (x)0.260.060.000.000.00Interest Coverage Ratios (X)30.71168.95193.32754.51892.16Asset Turnover Ratio (%)1.091.201.101.0182.55Inventory Turnover Ratio (X)27.0827.5918.2716.2818.573 Yr CAGR Sales (%)24.0427.1810.384.494.883 Yr CAGR Net Profit (%)21.4527.876.3510.477.59P/E (x)30.0333.5518.2817.1321.86P/B (x)6.258.823.743.543.90EV/EBITDA (x)18.9525.1214.3016.0317.05P/S (x)4.315.693.013.193.83The debt-to-equity ratio as of March 2025 stands at 0.26.Corporate ActionsBajaj Auto Limited informed the exchange about a press release on August 01, 2025, regarding sales for July 2025. Analyst call intimations for the month of August are scheduled on August 11 and August 12, 2025. The company announced a final dividend of Rs 210 per share (2100%) with an effective date of June 20, 2025. Further, there was a bonus issue with exbonus date of September 08, 2010 and bonus ratio of 1:1. According to a Moneycontrol analysis from August 4, 2025, the sentiment for Bajaj Auto is bearish. With the stock currently trading at Rs 8,216.50, Bajaj Auto experienced high trading volumes in today's session."
04 Aug 2025,"Auto stocks jump on strong July sales, positive Q1 earnings; Hero MotoCorp, TVS Motor, M&M shares rise up to 3%",https://www.moneycontrol.com/news/business/markets/auto-stocks-jump-on-strong-july-sales-positive-q1-earnings-hero-motocorp-tvs-motor-m-m-shares-rise-up-to-3-13381346.html,"Auto stocks: The sharp rally in the share prices pushed the Nifty Auto index up more than 1.5 percent, emerging as the top sectoral gainer on the market today.",Auto stocks rise,"The shares of automakers recorded significant gains on August 4, as strong July sales and Q1 earnings boosted investor sentiment. The sharp rally in the share prices pushed the Nifty Auto index up more than 1.5 percent, emerging as the top sectoral gainer on the market today. This comes after the stocks faced notable downturn after US President Donald Trump announced a 25 percent tariff and an additional tariff on India. The auto index has now snapped a three-day losing streak, during which it had tumbled nearly 2 percent. Hero MotoCorp shares were the top gainer on the index, rising more than 3.4 percent to trade at Rs 4,458 apiece. The company on August 1 said that it sold 4.5 lakh units in July 2025, marking a 21 percent rise from the same period last year. Its motorcycle sales grew nearly 18 percent on-year to 4 lakh units, while scooter sales rose more than 64 percent on-year to 49,140 units.Hero MotoCorp July SalesJuly 2025July 2024Motorcycles400,615340,390Scooters49,14029,884TOTAL449,755370,274TVS Motor Company shares rose more than 3 percent to trade at Rs 2,954 apiece. The company on July 31 reported a 35 percent on-year rise in net profit to Rs 779 crore for Q1 FY26. Its operating EBITDA rose 32% to Rs 1,263 crore. The company’s monthly sales grew 29 percent on-year to 4.56 lakh units in July 2025. Total exports grew 46 percent on-year, while EV sales rose 10 percent on-year.TVS Motor July SalesJuly 2025July 2024Two-wheeler438,790339,676Electric Vehicle23,60521,442Three-Wheeler17,56014,464TOTAL456,350354,140Tube Investments of India shares jumped 3 percent to trade at Rs 2,898 apiece. The company on August 1 reported a 12 percent on-year fall in net profit to Rs 199 crore in Q1 FY26. Its revenue from operations meanwhile rose nearly 17 percent on-year to Rs 5,171 crore. Eicher Motors and Ashok Leyland shares gained more than 2 percent each. The two firms reported a 31 percent and 4 percent on-year rise in monthly sales in July, respectively. Bosch, Bharat Forge and Samvardhana Motherson shares gained nearly 2 percent, while Mahindra & Mahindra shares were up 1.4 percent. The automaker on August 1 reported a 20 percent on-year rise in domestic passenger vehicle sales to nearly 5 lakh units in July. Exports meanwhile soared 83 percent on-year to 2,774 units.Mahindra & Mahindra July salesJuly 2025July 2024Passenger vehicles (Domestic)49,87141,623Commercial Vehicles (Domestic)21,571-Exports2,7741,515TOTAL83,691-Bajaj Auto and Exide India shares gained more than 1 percent each. Bajaj Auto’s total sales in July grew 3 percent on-year to 3.66 lakh, although domestic sales shrank 13 percent on-year to 1.83 lakh units. Bajaj Auto July SalesJuly 2025July 2024Two-wheeler2,96,2472,97,541Commercial vehicles69,75356,628TOTAL3,66,0003,54,169Tata Motors and Maruti Suzuki shares were trading in the green with marginal gains. Tata Motors’ domestic sales dropped 6 percent on-year to 65,953 units in July. Commercial vehicles sales grew 7 percent on-year to 28,956 during the month, but passenger vehicle sales dropped 11 percent to 40,175.Tata Motors July SalesJuly 2025July 2024Passenger vehicles40,17544,954Commercial vehicles28,95627,042TOTAL69,13171,996Maruti Suzuki’s total sales rose 3 percent on-year to 1.8 lakh units in July. Its domestic sales however fell 1.5 percent on-year to 1.49 lakh units, while exports rose 32 percent on-year to 31,745.Maruti Suzuki July SalesJuly 2025July 2024Domestic Sales148,781151,056Exports31,74523,985TOTAL180,526175,041Also read: Our LIVE blog on stock market updates"
25 Jul 2025,Bajaj Auto share price falls 2% in early trade,https://www.moneycontrol.com/news/business/stocks/bajaj-auto-share-price-falls-2-in-early-trade-alpha-article-13324683.html,Moneycontrol analysis indicates very bearish sentiment on the stock.,Bajaj Auto shares fall in early trade,"Shares of Bajaj Auto declined by 2% in early trade. The stock is included in the Nifty 50 index. This decline reflects a bearish sentiment, with the stock experiencing a notable downturn. Financial Data: The following table summarizes the consolidated quarterly financial performance of Bajaj Auto:HeadingMar 2024Jun 2024Sep 2024Dec 2024Mar 2025RevenueRs 11,554.95 CroreRs 11,932.07 CroreRs 13,247.28 CroreRs 13,168.88 CroreRs 12,646.32 CroreNet ProfitRs 1,927.49 CroreRs 1,941.79 CroreRs 1,965.74 CroreRs 2,195.65 CroreRs 2,137.03 CroreEPS71.2069.6049.7078.7064.60The revenue for Bajaj Auto in the quarter ending March 2025 was Rs 12,646.32 Crore, compared to Rs 11,554.95 Crore in the quarter ending March 2024. The net profit for the same period was Rs 2,137.03 Crore, up from Rs 1,927.49 Crore year-over-year. The following table summarizes the consolidated yearly financial performance of Bajaj Auto:Heading20212022202320242025RevenueRs 27,741.08 CroreRs 33,144.71 CroreRs 36,455.38 CroreRs 44,870.43 CroreRs 50,994.55 CroreNet ProfitRs 4,550.70 CroreRs 5,586.34 CroreRs 5,530.92 CroreRs 7,440.65 CroreRs 8,240.21 CroreEPS167.90213.20212.50272.70262.40BVPS942.511,031.891,037.661,037.411,260.07ROE17.8020.6420.6326.6120.81Debt to Equity0.000.000.000.060.26The revenue for Bajaj Auto increased from Rs 44,870.43 Crore in 2024 to Rs 50,994.55 Crore in 2025. The net profit also increased from Rs 7,440.65 Crore in 2024 to Rs 8,240.21 Crore in 2025. Income Statement (Annual):Mar 2025Mar 2024Mar 2023Mar 2022Mar 2021SalesRs 50,994 CroreRs 44,870 CroreRs 36,455 CroreRs 33,144 CroreRs 27,741 CroreOther IncomeRs 1,474 CroreRs 1,436 CroreRs 1,187 CroreRs 1,284 CroreRs 1,276 CroreTotal IncomeRs 52,468 CroreRs 46,306 CroreRs 37,642 CroreRs 34,428 CroreRs 29,017 CroreTotal ExpenditureRs 41,152 CroreRs 36,473 CroreRs 30,290 CroreRs 27,348 CroreRs 23,075 CroreEBITRs 11,316 CroreRs 9,832 CroreRs 7,352 CroreRs 7,080 CroreRs 5,941 CroreInterestRs 388 CroreRs 60 CroreRs 39 CroreRs 8 CroreRs 6 CroreTaxRs 2,687 CroreRs 2,331 CroreRs 1,781 CroreRs 1,485 CroreRs 1,384 CroreNet ProfitRs 8,240 CroreRs 7,440 CroreRs 5,530 CroreRs 5,586 CroreRs 4,550 CroreIncome Statement (Quarterly):Mar 2025Dec 2024Sep 2024Jun 2024Mar 2024SalesRs 12,646 CroreRs 13,168 CroreRs 13,247 CroreRs 11,932 CroreRs 11,554 CroreOther IncomeRs 392 CroreRs 347 CroreRs 399 CroreRs 335 CroreRs 359 CroreTotal IncomeRs 13,038 CroreRs 13,516 CroreRs 13,646 CroreRs 12,267 CroreRs 11,914 CroreTotal ExpenditureRs 10,072 CroreRs 10,519 CroreRs 10,692 CroreRs 9,656 CroreRs 9,363 CroreEBITRs 2,965 CroreRs 2,996 CroreRs 2,954 CroreRs 2,610 CroreRs 2,551 CroreInterestRs 146 CroreRs 120 CroreRs 75 CroreRs 46 CroreRs 29 CroreTaxRs 682 CroreRs 680 CroreRs 913 CroreRs 621 CroreRs 594 CroreNet ProfitRs 2,137 CroreRs 2,195 CroreRs 1,965 CroreRs 1,941 CroreRs 1,927 CroreBalance Sheet:Mar 2025Mar 2024Mar 2023Mar 2022Mar 2021Share CapitalRs 279 CroreRs 279 CroreRs 282 CroreRs 289 CroreRs 289 CroreReserves & SurplusRs 34,909 CroreRs 28,683 CroreRs 29,078 CroreRs 29,570 CroreRs 26,984 CroreCurrent LiabilitiesRs 11,583 CroreRs 9,091 CroreRs 5,270 CroreRs 4,688 CroreRs 5,643 CroreOther LiabilitiesRs 7,426 CroreRs 1,290 CroreRs 504 CroreRs 563 CroreRs 684 CroreTotal LiabilitiesRs 54,198 CroreRs 39,343 CroreRs 35,136 CroreRs 35,111 CroreRs 33,601 CroreFixed AssetsRs 3,737 CroreRs 3,252 CroreRs 2,927 CroreRs 1,913 CroreRs 1,683 CroreCurrent AssetsRs 19,445 CroreRs 11,798 CroreRs 9,650 CroreRs 10,365 CroreRs 14,187 CroreOther AssetsRs 31,015 CroreRs 24,292 CroreRs 22,558 CroreRs 22,832 CroreRs 17,730 CroreTotal AssetsRs 54,198 CroreRs 39,343 CroreRs 35,136 CroreRs 35,111 CroreRs 33,601 CroreContingent LiabilitiesRs 4,743 CroreRs 195 CroreRs 0 CroreRs 0 CroreRs 0 CroreCash Flow:Mar 2025Mar 2024Mar 2023Mar 2022Mar 2021Operating ActivitiesRs -1,405 CroreRs 6,558 CroreRs 5,277 CroreRs 4,197 CroreRs 3,119 CroreInvesting ActivitiesRs -1,056 CroreRs -343 CroreRs 1,199 CroreRs -80 CroreRs -2,868 CroreFinancing ActivitiesRs 4,230 CroreRs -6,167 CroreRs -7,180 CroreRs -4,056 CroreRs -19 CroreOthersRs 2 CroreRs 271 CroreRs 11 CroreRs 357 CroreRs 0 CroreNet Cash FlowRs 1,771 CroreRs 318 CroreRs -692 CroreRs 417 CroreRs 231 CroreRatios:Mar 2025Mar 2024Mar 2023Mar 2022Mar 2021Basic EPS (Rs.)262.40272.70212.50213.20167.90Diluted Eps (Rs.)262.00272.70212.50213.20167.90Book Value /Share (Rs.)1,260.071,037.411,037.661,031.89942.51Dividend/Share (Rs.)210.0080.00140.00140.00140.00Face Value1010101010Gross Profit Margin (%)23.4122.7220.9519.7122.35Operating Margin (%)22.6021.9120.1618.8921.41Net Profit Margin (%)16.1516.5815.1716.8516.40Return on Networth / Equity (%)20.8126.6120.6320.6417.80ROCE (%)27.0532.5024.6120.5921.25Return On Assets (%)13.5119.5917.2417.5614.45Current Ratio (X)1.681.301.832.212.51Quick Ratio (X)1.501.111.531.952.25Debt to Equity (x)0.260.060.000.000.00Interest Coverage Ratios (X)30.71168.95193.32754.51892.16Asset Turnover Ratio (%)1.091.201.101.0182.55Inventory Turnover Ratio (X)27.0827.5918.2716.2818.573 Yr CAGR Sales (%)24.0427.1810.384.494.883 Yr CAGR Net Profit (%)21.4527.876.3510.477.59P/E (x)30.0333.5518.2817.1321.86P/B (x)6.258.823.743.543.90EV/EBITDA (x)18.9525.1214.3016.0317.05P/S (x)4.315.693.013.193.83Bajaj Auto announced a final dividend of Rs 210 per share on May 29, 2025, with an effective date of June 20, 2025. Other recent corporate actions include announcements related to postal ballots and board meetings of its subsidiary, Bajaj Auto Credit Limited. Moneycontrol analysis indicates very bearish sentiment on the stock."
21 Jul 2025,"Trade Spotlight: How should you trade ICICI Bank, Varun Beverages, Sonata Software, Bajaj Auto, M&M, UPL, L&T Finance, KEI Industries and others on July 22?",https://www.moneycontrol.com/news/business/markets/trade-spotlight-how-should-you-trade-icici-bank-varun-beverages-sonata-software-bajaj-auto-m-m-upl-l-t-finance-kei-industries-and-others-on-july-22-13305295.html,The continuation of the northward journey is possible only if the market posts a strong close above the 20-day EMA. Below are some short-term trading ideas to consider.,Top Buy Ideas for July 22,"Equity benchmark indices gained 0.5 percent on July 21 following a couple of days of correction, but the market breadth was slightly in favour of bears. A total of 1,392 shares declined compared to 1,295 advancing shares on the NSE. The continuation of the northward journey is possible only if the market posts a strong close above the 20-day EMA. Below are some short-term trading ideas to consider: Jigar S Patel, Senior Manager - Equity Research at Anand Rathi Hero MotoCorp | CMP: Rs 4,408.2  Hero MotoCorp recently consolidated within a tight range of Rs 4,150–4,375, forming a classic triangle pattern on the charts. On July 15, the stock broke out decisively from this formation, accompanied by a significant rise in volume, confirming the validity of the breakout. This technical strength is further supported by the Camarilla monthly pivot structure, which displayed an inside value relationship — a setup that often precedes sharp directional moves. The confluence of these factors suggests strong bullish potential in the near term. Traders may consider entering long positions in the Rs 4,420–4,380 zone. Strategy: Buy Target: Rs 4,800 Stop-Loss: Rs 4,200 Varun Beverages | CMP: Rs 489.3  After undergoing a sharp correction of nearly 22% from its recent high of Rs 570, Varun Beverages has shown signs of a potential reversal. The stock has successfully breached a falling trendline on the daily chart, supported by a noticeable increase in volume — a key indicator of renewed buying interest. Adding to the bullish case, a positive RSI divergence is visible, reinforcing the likelihood of an upward move. Despite a 7% gain in the past week, the technical setup remains favourable, and a fresh long entry is still justified. Traders may consider entering long positions in the Rs 490–485 zone. Strategy: Buy Target: Rs 530 Stop-Loss: Rs 465 Sonata Software | CMP: Rs 438  Sonata Software formed back-to-back inside value relationships on monthly Camarilla pivots, signaling consolidation and strong buildup. A breakout on July 8 confirmed the end of this phase. Since then, the stock has entered a healthy pullback, finding strong support above Rs 420 — a key technical level. Holding above this mark suggests buyer strength, and if sustained, Sonata Software may resume its upward trajectory in the coming sessions, with potential for further gains. Traders may consider entering long positions in the Rs 440–430 zone. Strategy: Buy Target: Rs 500 Stop-Loss: Rs 405 Jay Thakkar, Vice President & Head of Derivatives and Quant Research at ICICI Securities Bajaj Auto | CMP: Rs 8,438.5  Bajaj Auto has provided a breakout from the falling trendline, and there has been short covering in the stock, which is likely to extend post this breakout. Significant Call unwinding has been observed from the Rs 8,100 to Rs 8,400 strikes, coupled with Put additions at the Rs 8,100 and Rs 8,200 strikes, which is positive in the near term. Therefore, in this series, further short covering is expected, which could help the stock bounce back to the Rs 8,600 to Rs 8,800 levels. Traders may consider buying Bajaj Auto Futures in the range of Rs 8,460 to Rs 8,430. Strategy: Buy Target: Rs 8,670, Rs 8,800 Stop-Loss: Rs 8,290 State Bank of India | CMP: Rs 824.2  SBI has provided a breakout from the sideways consolidation and has retested the breakout level. It has been observed that the stock witnessed short additions during the previous fall, but since then, it has bounced back from its March lows due to short covering. Recent data now indicates long additions as well. The Options data shows that the Rs 820 and Rs 830 strikes have the highest Call base, but since the stock is trading well above its maximum pain level, the probability of these resistance levels being overcome is quite high. Traders may consider buying SBI Futures in the range of Rs 825 to Rs 820. Strategy: Buy Target: Rs 850, Rs 870 Stop-Loss: Rs 814 Mahindra and Mahindra | CMP: Rs 3,246.7  M&M has been forming a higher base with increasing long buildup, and it has more room for long additions as the price nears lifetime highs. However, the overall long positions are still away from their highs, indicating that the stock is not overbought. Once the lifetime highs are surpassed, it can witness further upward momentum. The stock has witnessed significant Put additions at the Rs 3,100 and Rs 3,200 strikes, as well as Call unwinding at the Rs 3,200 strike, which is a positive sign. Although there is still significant Call writing beyond the Rs 3,200 level, the probability of upward momentum remains high as the futures data indicates that bulls have the upper hand. Hence, a meaningful close above Rs 3,300 will likely lead to further short covering in the Calls. Traders may consider buying M&M Futures in the range of Rs 3,370 to Rs 3,240. Strategy: Buy Target: Rs 3,500, Rs 3,600 Stop-Loss: Rs 3,140 Vidnyan S Sawant, Head of Research at GEPL Capital UPL | CMP: Rs 713.75  UPL has witnessed a breakout on the monthly chart, moving above both its recent consolidation range and a downward-sloping trendline. The breakout, marked by a strong bullish candlestick, indicates positive price development on the higher timeframes. On the weekly chart, the stock continues to form a structure of higher highs and higher lows, while sustaining well above its 12, 26, and 50-week EMAs, highlighting strength in the ongoing trend. On the daily chart, UPL exhibits high relative strength despite broader market weakness, supported by a noticeable volume surge exceeding its 20-day EMA average volume. Strategy: Buy Target: Rs 820 Stop-Loss: Rs 675 L&T Finance | CMP: Rs 210.58  L&T Finance recently broke out of a large cup-and-handle pattern on the monthly chart, with the current month showing follow-through positive momentum — reinforcing the bullish setup. On the weekly scale, the stock is well sustained above its key 5, 12, 26, and 50-week EMAs, reflecting strong trend alignment. The MACD indicator is trending higher, indicating accelerating momentum. On the daily chart, LTF has shown a bullish mean reversion from its 26-day EMA, accompanied by a volume surge above its 20-day average, further supporting the positive price action. Strategy: Buy Target: Rs 240 Stop-Loss: Rs 200 ICICI Bank | CMP: Rs 1,465.8  ICICI Bank has been forming a consistent pattern of higher tops and higher bottoms across timeframes, highlighting a sustained long-term uptrend. On the weekly chart, the stock is consolidating near its 12-week EMA, indicating healthy digestion of prior gains. On the daily scale, it has formed a double bottom around the 50-day EMA, signaling a bullish price structure. The weekly RSI holding above 60 reflects sustained positive momentum and underlying strength. Strategy: Buy Target: Rs 1,627 Stop-Loss: Rs 1,390 KEI Industries | CMP: Rs 3,972.4  KEI Industries has been in a strong long-term uptrend, consistently forming higher tops and higher bottoms. In April 2025, the stock witnessed a bullish mean reversion from its 50-month EMA, reigniting upward momentum. On the daily chart, a positive hidden divergence signaled renewed strength, with the stock maintaining high relative performance despite broader market volatility. It continues to trade above key moving averages — 12, 26, and 50-week EMAs — highlighting strong trend alignment and resilience. Strategy: Buy Target: Rs 4,648 Stop-Loss: Rs 3,734"
18 Jul 2025,"Stocks to Watch Today: Wipro, Axis Bank, LTIMindtree, Indian Hotels, Lupin, Tracxn Tech, Capital SFB, Veranda Learning, IndoStar in focus on 18 July",https://www.moneycontrol.com/news/business/markets/stocks-to-watch-today-wipro-axis-bank-ltimindtree-indian-hotels-lupin-tracxn-tech-capital-sfb-veranda-learning-indostar-in-focus-on-18-july-13292078.html,"Stocks to Watch, 18 July: Stocks like Wipro, Axis Bank, LTIMindtree, Indian Hotels, Lupin, Tracxn Technologies, Capital Small Finance Bank, Veranda Learning Solutions, IndoStar Capital Finance, and Sunteck Realty will be in focus on July 18.","Stocks to Watch Today, 18 July","Let's catch up on the latest news from the stock market. From significant investments to major deals, quarterly earnings, fund raising and acquisitions, here’s a quick look at which stocks will be in focus in today's trade: Results Today Reliance Industries, JSW Steel, Bandhan Bank, Aarti Drugs, Atul, Hindustan Zinc, IndiaMART InterMESH, Indian Overseas Bank, L&T Finance, Mahindra EPC Irrigation, Mastek, Mangalore Refinery and Petrochemicals, and Indosolar will release their quarterly earnings on July 18. Results on July 19 HDFC Bank, ICICI Bank, Union Bank of India, RBL Bank, Yes Bank, AU Small Finance Bank, Can Fin Homes, Central Bank of India, EPACK Durable, India Cements, JK Cement, Punjab & Sind Bank, Rossari Biotech, Reliance Power, and Seshasayee Paper and Boards will announce their quarterly results on July 19. Quarterly Earnings Wipro Q1 (Consolidated YoY) Profit grows 9.9% to Rs 3,336.5 crore Vs Rs 3,036.6 crore Revenue rises 0.8% to Rs 22,134.6 crore Vs Rs 21,963.8 crore IT Services revenue increases 0.8% to Rs 22,080 crore Vs Rs 21,896.3 crore IT Services EBIT soars 5.8% to Rs 3,813.4 crore Vs Rs 3,605.7 crore IT Services EBIT margin expands to 17.27% Vs 16.47% IT Services revenue in dollar terms advances 1.5% to $2,587.4 million Wipro expects Q2 revenue from IT Services business to be in $2,560-2,612 million Axis Bank Q1 (Standalone YoY) Profit declines 3.8% to Rs 5,806.1 crore Vs Rs 6,034.6 crore Net interest income rises 0.8% to Rs 13,559.8 crore Vs Rs 13,448.2 crore Provisions and contingencies zoom 93.6% to Rs 3,947.7 crore Vs Rs 2,039.3 crore Gross NPA increases to 1.57% Vs 1.28% (QoQ) Net NPA jumps to 0.45% Vs 0.33% (QoQ) Jio Financial Services Q1 (Consolidated YoY) Profit grows 3.8% to Rs 324.7 crore Vs Rs 312.6 crore Revenue soars 46.6% to Rs 612.5 crore Vs Rs 417.8 crore LTIMindtree Q1 (Consolidated YoY) Profit jumps 10.6% to Rs 1,254 crore Vs Rs 1,133.8 crore Revenue grows 7.6% to Rs 9,840.6 crore Vs Rs 9,142.6 crore EBIT increases 2.6% to Rs 1,406.5 crore Vs Rs 1,370.9 crore EBIT margin drops to 14.3% Vs 15% Other income zooms 72.7% to Rs 392.1 crore Vs Rs 227.1 crore 360 ONE WAM Q1 (Consolidated YoY) Profit jumps 16.8% to Rs 284.7 crore Vs Rs 243.7 crore Revenue soars 7.3% to Rs 911.5 crore Vs Rs 849.34 crore Clean Science and Technology Q1 (Consolidated YoY) Profit rises 6.3% to Rs 70 crore Vs Rs 65.9 crore Revenue grows 8.4% to Rs 242.9 crore Vs Rs 224 crore Tata Communications Q1 (Consolidated YoY) Profit tanks 42.9% to Rs 190.1 crore Vs Rs 332.9 crore Revenue rises 6.6% to Rs 5,960 crore Vs Rs 5,592.3 crore Board approves proposal to raise funds through issuance of NCDs worth upto Rs 1,000 crore CEAT Q1 (Consolidated YoY) Profit plunges 27% to Rs 112.5 crore Vs Rs 154.2 crore Revenue grows 10.5% to Rs 3,529.4 crore Vs Rs 3,192.8 crore Board re-appoints Arnab Banerjee as Managing Director & Chief Executive Officer Board approves capital expenditure of Rs 450 crore for Chennai plant Nuvoco Vistas Corporation Q1 (Consolidated YoY) Profit spikes to Rs 133.2 crore Vs Rs 2.84 crore Revenue grows 9% to Rs 2,872.7 crore Vs Rs 2,636.5 crore Sunteck Realty Q1 (Consolidated YoY) Profit zooms 46.7% to Rs 33.4 crore Vs Rs 22.8 crore Revenue falls 40.5% to Rs 188.3 crore Vs Rs 316.3 crore Shoppers Stop Q1 (Consolidated YoY) Loss narrows to Rs 15.74 crore Vs loss of Rs 22.72 crore Revenue grows 8.6% to Rs 1,161.1 crore Vs Rs 1,069.3 crore Indian Hotels Company Q1 (Consolidated YoY) Profit jumps 19.3% to Rs 296.4 crore Vs Rs 248.4 crore Revenue soars 31.7% to Rs 2,041.1 crore Vs Rs 1,550.2 crore Route Mobile Q1 (Consolidated YoY) Profit sinks 27.6% to Rs 58.8 crore Vs Rs 81.2 crore Revenue declines 4.8% to Rs 1,050.8 crore Vs Rs 1,103.4 crore Gautam Badalia resigns as Chief Executive Officer of the company, effective July 17 Board approves redesignation of Rajdipkumar Gupta as the Managing Director and Chief Executive Officer, effective July 18 Board approves re-designation of Sammy Mamdani as Chief Operating Officer, from Executive Vice President – Group Head – Global Operations Stocks to Watch Lupin The US Food and Drug Administration (US FDA) inspected Lupin’s Pithampur Unit-3 manufacturing facility during July 7–17. The inspection concluded with the issuance of a Form 483 containing three observations. Additionally, the US FDA inspected the Pithampur Unit-2 manufacturing facility during July 8–17 and closed the inspection with the issuance of a Form 483 containing four observations. Bajaj Auto The company’s subsidiary, Bajaj Auto Credit, has received approval from its board of directors for a fresh issuance limit of non-convertible debentures (NCDs) up to Rs 5,000 crore, an enhanced limit for the issuance of commercial papers up to Rs 3,000 crore, and a subordinated debt (Tier-2) issuance limit up to Rs 750 crore. Mahindra and Mahindra The company has approved the subscription to equity shares of Mahindra Logistics to the extent of its rights entitlement. It will also subscribe to additional shares as well as any unsubscribed portion of the rights issue at Rs 277 per share. Mahindra Logistics had earlier approved a rights issue of equity shares worth up to Rs 749 crore at an issue price of Rs 277 per share. Tracxn Technologies The share buyback price has been increased from Rs 70 per share to Rs 75 per share. Further, the maximum number of equity shares proposed to be bought back by the company has been reduced from 11.43 lakh shares to 10.67 lakh shares, equivalent to 0.99% of the total number of equity shares. IndoStar Capital Finance IndoStar has completed the transaction to sell its wholly owned subsidiary, Niwas Housing Finance, to Witkopeend B.V., an affiliate of BPEA EQT Mid-Market Growth Partnership (EQT), a global private equity investor, for Rs 1,705.95 crore. IndoStar will use the funds to accelerate growth and value creation in its core verticals of vehicle finance and small business loans. Veranda Learning Solutions The company has launched its Qualified Institutions Placement (QIP) issue on July 17, with a floor price of Rs 236.92 per share. Bulk Deals Capital Small Finance Bank Tikri Partners LLP, owned by Prashant Jain and his wife Seema Jain, bought 10 lakh shares (2.21% stake) at Rs 280 per share. Stocks Trade Ex-Dividend Kotak Mahindra BankHCL TechnologiesBharti AirtelCummins IndiaDabur IndiaJubilant FoodWorksAegis LogisticsAfcons InfrastructureASK AutomotiveAstraZeneca PharmaBajaj ElectricalsBlue StarBirlasoftCitadel Realty and DevelopersDhanuka AgritechDollar IndustriesElgi EquipmentsExide IndustriesGIC Housing FinanceGoodyear IndiaGRPHappiest Minds TechnologiesHitech CorporationIndia Motor Parts & AccessoriesIndian Hume Pipe CompanyIndian Hume Pipe CompanyIntellect Design ArenaIntellect Design ArenaLaxmi Organic IndustriesMagadh Sugar & EnergyMahindra Lifespace DevelopersCE Info SystemsMangalam Global EnterpriseMRFNeuland LaboratoriesNewgen Software TechnologiesOrient ElectricPix TransmissionsPlatinumOne Business ServicesPrudent Corporate Advisory ServicesPunjab Chemicals & Crop ProtectionSafari Industries IndiaSasken TechnologiesShanthi GearsSundaram Brake LiningsSwelect Energy SystemsSymphonyTTK HealthcareWalchand PeoplefirstWelspun CorpXpro India Stocks Trade Ex-Bonus Samvardhana Motherson InternationalMotherson Sumi Wiring IndiaBright Outdoor MediaIFGL Refractories Stock Trades Ex-Date for Spin Off Valor Estate Stock Trades Ex-Date for Split Indo Thai Securities Stock Trades Ex-Date for Buyback Tracxn Technologies Stock Trades Ex-Date for Rights Valiant LaboratoriesZodiac Ventures Stock in F&O ban Angel OneHindustan CopperRBL Bank Disclosure: Moneycontrol is a part of the Network18 group. Network18 is controlled by Independent Media Trust, of which Reliance Industries is the sole beneficiary."
11 Jul 2025,"Bajaj Auto shares fall 2.53% amid volume surge, among top losers on Nifty 50",https://www.moneycontrol.com/news/business/stocks/bajaj-auto-shares-fall-2-53-amid-volume-surge-among-top-losers-on-nifty-50-alpha-article-13268193.html,"With the stock currently trading at Rs 8,075.50, Bajaj Auto has experienced a notable downturn amid high trading volumes.",,"Shares of Bajaj Auto declined by 2.53% to Rs 8,075.50 in Friday's session, driven by high volume and a surge in trading activity. This movement places the stock among the top losers on the Nifty 50. Financial Performance: Here is a summary of Bajaj Auto's financial performance based on available data: Consolidated Quarterly Results: The following table presents the consolidated quarterly results for key financial metrics:HeadingMar 2024Jun 2024Sep 2024Dec 2024Mar 2025RevenueRs 11,554.95 CroreRs 11,932.07 CroreRs 13,247.28 CroreRs 13,168.88 CroreRs 12,646.32 CroreNet ProfitRs 1,927.49 CroreRs 1,941.79 CroreRs 1,965.74 CroreRs 2,195.65 CroreRs 2,137.03 CroreEPS71.2069.6049.7078.7064.60The revenue for the quarter ending March 2025 was Rs 12,646.32 Crore, compared to Rs 11,554.95 Crore for the quarter ending March 2024. Net profit for the quarter ending March 2025 stood at Rs 2,137.03 Crore, up from Rs 1,927.49 Crore in the corresponding quarter of the previous year. Earnings per share (EPS) was Rs 64.60 for March 2025, while it was Rs 71.20 in March 2024. Consolidated Yearly Results: The following table presents the consolidated yearly results for key financial metrics:Heading20212022202320242025RevenueRs 27,741.08 CroreRs 33,144.71 CroreRs 36,455.38 CroreRs 44,870.43 CroreRs 50,994.55 CroreNet ProfitRs 4,550.70 CroreRs 5,586.34 CroreRs 5,530.92 CroreRs 7,440.65 CroreRs 8,240.21 CroreEPS167.90213.20212.50272.70262.40BVPS942.511,031.891,037.661,037.411,260.07ROE17.8020.6420.6326.6120.81Debt to Equity0.000.000.000.060.26The annual revenue for 2025 was Rs 50,994.55 Crore, an increase from Rs 44,870.43 Crore in 2024. The net profit for 2025 was Rs 8,240.21 Crore, up from Rs 7,440.65 Crore in 2024. The Earnings per share (EPS) stood at Rs 262.40 in 2025, compared to Rs 272.70 in 2024. Consolidated Yearly Income Statement:Mar 2025Mar 2024Mar 2023Mar 2022Mar 2021SalesRs 50,994 CroreRs 44,870 CroreRs 36,455 CroreRs 33,144 CroreRs 27,741 CroreOther IncomeRs 1,474 CroreRs 1,436 CroreRs 1,187 CroreRs 1,284 CroreRs 1,276 CroreTotal IncomeRs 52,468 CroreRs 46,306 CroreRs 37,642 CroreRs 34,428 CroreRs 29,017 CroreTotal ExpenditureRs 40,941 CroreRs 36,473 CroreRs 30,290 CroreRs 27,348 CroreRs 23,075 CroreEBITRs 11,527 CroreRs 9,832 CroreRs 7,352 CroreRs 7,080 CroreRs 5,941 CroreInterestRs 388 CroreRs 60 CroreRs 39 CroreRs 8 CroreRs 6 CroreTaxRs 2,898 CroreRs 2,331 CroreRs 1,781 CroreRs 1,485 CroreRs 1,384 CroreNet ProfitRs 8,240 CroreRs 7,440 CroreRs 5,530 CroreRs 5,586 CroreRs 4,550 CroreConsolidated Quarterly Income Statement:Mar 2025Dec 2024Sep 2024Jun 2024Mar 2024SalesRs 12,646 CroreRs 13,168 CroreRs 13,247 CroreRs 11,932 CroreRs 11,554 CroreOther IncomeRs 392 CroreRs 347 CroreRs 399 CroreRs 335 CroreRs 359 CroreTotal IncomeRs 13,038 CroreRs 13,516 CroreRs 13,646 CroreRs 12,267 CroreRs 11,914 CroreTotal ExpenditureRs 10,072 CroreRs 10,519 CroreRs 10,692 CroreRs 9,656 CroreRs 9,363 CroreEBITRs 2,965 CroreRs 2,996 CroreRs 2,954 CroreRs 2,610 CroreRs 2,551 CroreInterestRs 146 CroreRs 120 CroreRs 75 CroreRs 46 CroreRs 29 CroreTaxRs 682 CroreRs 680 CroreRs 913 CroreRs 621 CroreRs 594 CroreNet ProfitRs 2,137 CroreRs 2,195 CroreRs 1,965 CroreRs 1,941 CroreRs 1,927 CroreConsolidated Cash Flow:Mar 2025Mar 2024Mar 2023Mar 2022Mar 2021Operating ActivitiesRs -1,405 CroreRs 6,558 CroreRs 5,277 CroreRs 4,197 CroreRs 3,119 CroreInvesting ActivitiesRs -1,056 CroreRs -343 CroreRs 1,199 CroreRs -80 CroreRs -2,868 CroreFinancing ActivitiesRs 4,230 CroreRs -6,167 CroreRs -7,180 CroreRs -4,056 CroreRs -19 CroreOthersRs 2 CroreRs 271 CroreRs 11 CroreRs 357 CroreRs 0 CroreNet Cash FlowRs 1,771 CroreRs 318 CroreRs -692 CroreRs 417 CroreRs 231 CroreConsolidated Balance Sheet:Mar 2025Mar 2024Mar 2023Mar 2022Mar 2021Share CapitalRs 279 CroreRs 279 CroreRs 282 CroreRs 289 CroreRs 289 CroreReserves & SurplusRs 34,909 CroreRs 28,683 CroreRs 29,078 CroreRs 29,570 CroreRs 26,984 CroreCurrent LiabilitiesRs 11,583 CroreRs 9,091 CroreRs 5,270 CroreRs 4,688 CroreRs 5,643 CroreOther LiabilitiesRs 7,426 CroreRs 1,290 CroreRs 504 CroreRs 563 CroreRs 684 CroreTotal LiabilitiesRs 54,198 CroreRs 39,343 CroreRs 35,136 CroreRs 35,111 CroreRs 33,601 CroreFixed AssetsRs 3,737 CroreRs 3,252 CroreRs 2,927 CroreRs 1,913 CroreRs 1,683 CroreCurrent AssetsRs 19,445 CroreRs 11,798 CroreRs 9,650 CroreRs 10,365 CroreRs 14,187 CroreOther AssetsRs 31,015 CroreRs 24,292 CroreRs 22,558 CroreRs 22,832 CroreRs 17,730 CroreTotal AssetsRs 54,198 CroreRs 39,343 CroreRs 35,136 CroreRs 35,111 CroreRs 33,601 CroreContingent LiabilitiesRs 0 CroreRs 0 CroreRs 0 CroreRs 0 CroreRs 0 CroreFinancial Ratios:RatioMar 2021Mar 2022Mar 2023Mar 2024Mar 2025Basic EPS (Rs.)167.90213.20212.50272.70262.40Diluted Eps (Rs.)167.90213.20212.50272.70262.00Book Value /Share (Rs.)942.511,031.891,037.661,037.411,260.07Dividend/Share (Rs.)140.00140.00140.0080.00210.00Face Value1010101010Gross Profit Margin (%)22.3519.7120.9522.7223.41Operating Margin (%)21.4118.8920.1621.9122.60Net Profit Margin (%)16.4016.8515.1716.5816.15Return on Networth / Equity (%)17.8020.6420.6326.6120.81ROCE (%)21.2520.5924.6132.5027.05Return On Assets (%)14.4517.5617.2419.5913.51Current Ratio (X)2.512.211.831.301.68Quick Ratio (X)2.251.951.531.111.50Debt to Equity (x)0.000.000.000.060.26Interest Coverage Ratios (X)892.16754.51193.32168.9530.71Asset Turnover Ratio (%)82.551.011.101.201.09Inventory Turnover Ratio (X)18.5716.2818.2718.0017.103 Yr CAGR Sales (%)4.884.4910.3827.1824.043 Yr CAGR Net Profit (%)7.5910.476.3527.8721.45P/E (x)21.8617.1318.2833.5530.03P/B (x)3.903.543.748.826.25EV/EBITDA (x)17.0516.0314.3025.1218.95P/S (x)3.833.193.015.694.31Corporate Actions: Bajaj Auto Credit Limited, a wholly owned subsidiary of Bajaj Auto Limited, had its credit rating affirmed by India Ratings and Research Private Limited, as announced on July 10, 2025. The company also announced the issue and allotment of Commercial Paper on July 8, 2025. Furthermore, CARE Ratings Limited reaffirmed the credit rating for Bajaj Auto Credit Limited on July 8, 2025. The company announced a final dividend of Rs 210 per share (2100%) on May 29, 2025, with an effective date of June 20, 2025. Prior dividends include Rs 80 per share (800%) on April 18, 2024, Rs 140 per share (1400%) on April 25, 2023, Rs 140 per share (1400%) on April 27, 2022, and Rs 140 per share (1400%) on April 29, 2021. A bonus issue of 1:1 was announced on July 22, 2010, with an ex-bonus date of September 8, 2010. With the stock currently trading at Rs 8,075.50, Bajaj Auto has experienced a notable downturn amid high trading volumes."
08 Jul 2025,"Auto stocks in red amid tariff uncertainty; Bajaj Auto, TVS Motor, Hero MotoCorp decline up to 2%",https://www.moneycontrol.com/news/business/markets/auto-stocks-see-selling-pressure-amid-tariff-uncertainty-bajaj-auto-tvs-motor-hero-motocorp-decline-up-to-2-13241105.html,"Nifty Auto index declined amid caution ahead of India-US trade deal, with all its 15 constituents trading in the red, extending the index’s decline for the third consecutive session.","Bajaj Auto, TVS Motor, Hero MotoCorp see profit-booking in July 8 trading session. ","Shares of auto companies declined sharply in Tuesday’s trade amid caution over US tariffs. President Donald Trump on Monday said the US was close to finalising a trade deal with India. ""Now, we've made a deal with the United Kingdom, we've made a deal with China… We're close to making a deal with India,"" Trump said, adding that countries not aligned with US trade terms had been sent letters outlining applicable tariffs. Bangladesh, Cambodia, Indonesia, Japan, Malaysia, South Korea, and Thailand were among the nations that received these letters, signed by Trump. The Nifty Auto index was among the worst-performing sectoral indices on Tuesday, slipping nearly 1 percent. All 15 constituents were trading in the red, extending the index’s decline for the third consecutive session. TVS Motor Company was the top laggard, falling 2 percent to Rs 2,821 on the NSE. Bajaj Auto dropped 1.85 percent, while Samvardhana Motherson International declined 1.62 percent. Other major stocks, including Hero MotoCorp, Mahindra & Mahindra, Maruti Suzuki India, and Ashok Leyland also witnessed selling pressure, losing up to 1 percent. Tata Motors shares slipped as well after its subsidiary Jaguar Land Rover (JLR) reported a 10.7 percent year-on-year decline in wholesales for the June quarter to 87,286 units. The figure marked a 21.7 percent drop from the previous quarter, in line with expectations due to the phase-out of older Jaguar models and the impact of new US tariffs."
03 Jul 2025,"Auto, pharma stocks rally up to 6% amid US-India trade deal optimism",https://www.moneycontrol.com/news/business/markets/auto-pharma-stocks-rally-up-to-6-amid-us-india-trade-deal-optimism-13223652.html,Nifty Pharma index has extended gains for the 10th consecutive session. Nifty Auto index meanwhile extended gains for the third straight day.,India and US are currently negotiating a trade deal,"The shares of export-oriented auto and pharma companies recorded significant gains on July 3 as markets remained optimistic around the possibility of India-US trade deal being announced soon. The sharp rise in the auto stocks pushed the Nifty Auto index up 0.75 percent in the afternoon to hover around 24,065, extending gains for the third consecutive session. The Nifty Pharma index meanwhile rose 0.35 percent to stand at 22,188, extending gains for the 10th consecutive session. India and US are on the verge of a breakthrough in their negotiations for a mini-trade deal, and an announcement could come as early as this weekend, people familiar with the matter told Moneycontrol. ""Last night, talks reached a juncture where a breakthrough is possible, therefore it is not an impossibility that the deal may be announced sometime this week,"" one of the sources said. India has stuck to its stance on sensitive sectors such as agriculture and dairy. US President Donald Trump recently said that the trade deal with India will involve ""much less tariffs"". ""I think we are going to have a deal with India. And that is going to be a different kind of a deal. It is going to be a deal where we are able to go in and compete,” Trump said. “Right now, India does not accept anybody in. I think India is going to do that, and if they do that, we are going to have a deal for much less tariffs,” he added. US recently struck a trade deal with Vietnam. Trump said that imports from Vietnam will now face 20 percent tariff, with some facing even lower rates. US exports to Vietnam meanwhile will face zero tariffs. The capped 20 percent rate may have further boosted hopes for a positive outcome of US' trade deal with India. Bosch shares were the top gainer among the auto stocks, jumping nearly 6 percent to trade at Rs 34,390 apiece. Hero MotoCorp and Maruti Suzuki shares gained over 1 percent each. Samvardhana Motherson and Mahindra & Mahindra (M&M) shares gained nearly 1 percent, while those of Tata Motors, Bajaj Auto, Exide Industries and MRF shares were trading in the green with marginal gains. Natco Pharma shares were the top gainer on the pharma index, rallying over 5 percent to trade at Rs 969 apiece. Ajanta Pharma shares gained over 3.5 percent, while IPCA Labs shares rose nearly 3 percent. Biocon and Dr Reddy’s Laboratories shares were up nearly 2 percent. Cipla, Glenmark Pharma, Zydus Life, Sun Pharma and other pharma stocks were trading in the green with marginal gains. US President Donald Trump had unveiled a slew of reciprocal tariffs on a number of countries in April this year, triggering a global trade war. He however later announced a 90-day pause to majority of the tariffs, which is set to expire this month. Trump had said that nations must arrive at a deal with US in order to escape his tariffs which were set to take effect this July. India and the US have been negotiating a Bilateral Trade Agreement (BTA) before the critical July 9 deadline of the 90-day pause on tariff escalations lapses. Also read: Our LIVE blog on stock market updates"
01 Jul 2025,Indian economy ends first quarter of FY26 on a mixed footing,https://www.moneycontrol.com/news/business/economy/indian-economy-ends-first-quarter-of-fy26-on-a-mixed-footing-13213710.html,"Consumption shows a slip in June after strong showing in two months, manufacturing picks up on back of strong export orders ",India's  economy on a mixed footing in June,"India's economy ended the first quarter of the year on a mixed footing, with Goods and Services Tax (GST) collection growth declining to a four-year low of 6.1 percent in June, even as manufacturing activity rose to a 14-month high, according to data released over the last two days. Although GST collections stood at Rs 1.85 lakh crore—slightly above the previous year’s average of Rs 1.84 lakh crore—they remained lower than the Rs 2 lakh crore mark crossed in May. ""Around 6% growth in GST collections, coupled with less than 4% growth in advance tax collection for the first quarter of FY26, does indicate softening of demand and a cautious outlook. One of the reasons could be conservative spending by consumers, which may improve in the coming months with an overall improvement in the geopolitical situation,"" said Pratik Jain, Partner, Price Waterhouse & Co LLP. Unified Payments Interface (UPI) transaction values also remained strong, staying above Rs 24 lakh crore. However, growth slowed to the lowest level in five years, slipping below 20 percent for the first time since April 2020.  Auto sales presented a mixed picture. Maruti Suzuki, the market leader, recorded a 13 percent decline in dispatches, while Tata Motors witnessed a 15 percent year-on-year drop. In contrast, Mahindra and Mahindra (M&M) reported an 18 percent increase in SUV sales, indicating uneven consumption trends across urban markets. Hyundai's domestic sales fell 12 percent from the previous year. In the two-wheeler segment, TVS Motor reported a 10 percent increase in June sales, whereas Bajaj Auto saw a 16 percent decline. Eicher Motors, which manufactures Royal Enfield motorcycles, reported a 16 percent increase in domestic dispatches during the month. Manufacturing showed contrasting trends as well. The manufacturing Purchasing Managers’ Index (PMI) rose to 58.4 in June, a 14-month high, lifting the quarterly average to 58.1. According to HSBC India’s chief economist Pranjul Bhandari, ""India’s manufacturing PMI reached a 14-month high of 58.4 in June. Robust end-demand fuelled expansions in output, new orders, and job creation.""  However, Index of Industrial Production (IIP) data released on June 30 revealed a slowdown, with growth declining to 1.8 percent during the first two months of the fiscal year, compared with 5.7 percent in the same period last year. ""Tepid industrial volume growth in the first two months of the quarter doesn't augur well for industrial GVA growth in Q1 FY2026,"" said Aditi Nayar, Chief Economist at ICRA. Amid these mixed signals, agriculture emerged as a bright spot. Monsoon coverage improved significantly after mid-June, with rainfall 9 percent above the long-term average as of June 27. Sowing activity also picked up, with total sowing 11 percent higher than the previous year. Rice sowing increased by 47 percent, and pulses saw a 37 percent rise compared with June 2024."
23 Jun 2025,"Hero Moto, M&M, others tumble up to 2%, dragging Nifty Auto after a three-day rise",https://www.moneycontrol.com/news/business/markets/hero-moto-m-m-others-tumble-up-to-2-dragging-nifty-auto-after-a-three-day-rise-13164236.html,"Auto stocks: The sharp fall in the share prices pushed the Nifty Auto index down nearly 1 percent to hover around 23,466 in the afternoon.",Cars (Representative),"Shares of leading automakers plunged on June 23, pushing the Nifty Auto index down nearly a percent at close, snapping a three-day gaining streak, as profit booking and the compulsory ABS mandate weighed on the sector. Shares of Bosch were the top loser on the Auto index, plunging over 2.3 percent to close at Rs 31,540 apiece. Hero MotoCorp shares also fell over 2 percent to trade at Rs 4,247 apiece after the Transport Ministry ruled making anti-lock braking systems (ABS) mandatory for all new scooters and motorcycles, a move that is likely to push prices higher by around Rs 3,000 per unit, or a 3-5 percent increase in cost. Tube Investments of India shares were the top loser on the index, dropping nearly 2 percent to trade at Rs 2,872 apiece. After a remarkable return of over 540 percent in the past five years, the multibagger stock has seen some consolidation recently, falling nearly 6 percent in the past one month, and down around 20 percent in 2025 so far. Mahindra & Mahindra (M&M) shares fell over 1.5 percent to trade at Rs 3,136 apiece, snapping a three-day gaining streak, as investors likely resorted to profit booking at elevated levels. Choice Broking had recently recommended a 'Buy' call on the stock with a target price of up to Rs 3,600 apiece, implying an upside potential of nearly 15 percent from current levels. Samvardhana Motherson shares dropped over a percent, as tariff threats loomed over export-oriented auto parts maker. TVS Motor and Bajaj Auto shares fell around 1 percent each, following the ABS mandate. Tata Motors, Maruti Suzuki and Exide Industries were trading in the red with marginal losses. Dodging the trend, Bharat Forge, MRF, Ashok Leyland and Eicher Motors shares were trading in the green."
18 Jun 2025,"Sensex surges 550 pts from day's low, Nifty above 24,850: Fresh FII buying among key factors behind market rise",https://www.moneycontrol.com/news/business/markets/sensex-surges-550-pts-from-day-s-low-nifty-below-24-850-fresh-fii-buying-among-key-factors-behind-market-rise-13136796.html,"Sensex, Nifty bounced back in Wednesday's trade, supported by fresh foreign fund inflows","Sensex, Nifty traded higher on Wednesday amid fresh foreign fund inflows.","The equity benchmarks Sensex and Nifty bounced back in Wednesday's trade, supported by fresh foreign fund inflows and buying in index majors such as Reliance Industries and ICICI Bank. After a weak opening, the Sensex recovered to trade 93.05 points higher at 81,676.35. The broader Nifty gained 42.80 points to 24,896.20. Here are key factors behind market rise today: 1) Value Buying: Buying interest was seen in blue-chip counters with Reliance Industries and ICICI Bank leading the gains. Other top performers included IndusInd Bank, Mahindra & Mahindra, Maruti Suzuki, Eicher Motors and Bajaj Auto, which rose up to 6 percent during the session. 2) Foreign Fund Inflows: Foreign Institutional Investors (FIIs) were net buyers in equities to the tune of Rs 1,482.77 crore on Monday. Domestic Institutional Investors (DIIs) also made purchases worth Rs 8,207.19 crore. 3) Global Market Cues: Asian markets traded mixed. South Korea’s Kospi and Japan’s Nikkei 225 were in the green. 4) Geopolitical Developments: There was no sign of panic in global markets despite tensions in West Asia. VK Vijayakumar, Chief Investment Strategist at Geojit Financial Services, said that the market seemed to believe the conflict would be short-lived and unlikely to impact the global economy significantly. ""The market is likely to climb this Israel-Iran conflict worry, too. Buy-on-dips strategy will continue to work,"" Vijayakumar said. 5) US Fed Meeting in Focus: Investors are also eyeing the outcome of the US Federal Reserve policy meeting, which concludes Wednesday. While no immediate rate move is expected, market players are watching for signals on inflation, rate-cut projections and comments from Fed Chair Jerome Powell. G Chokkalingam, founder and head of research at Equinomics Research, told Reuters that strong domestic liquidity and continued investor interest as supporting factors despite global uncertainties. Technical View Anand James, Chief Market Strategist at Geojit Financial Services, noted that although the Nifty closed above its 20-day simple moving average (SMA), only 44 per cent of Nifty 500 stocks managed to stay above their respective 20-day SMAs — indicating broad market weakness. He said the Nifty could revisit the 24,060 level, but added that bargain buying could emerge around the 24,840–24,770 region. Support is seen at 24,500."
04 Jun 2025,"Bajaj Auto Shares Experience Volume Surge, Trading at Rs 8,582.50",https://www.moneycontrol.com/news/business/stocks/bajaj-auto-shares-experience-volume-surge-trading-at-rs-8-582-50-alpha-article-13094703.html,The increased volume and price movement have drawn attention from investors and market analysts.,," Shares of Bajaj Auto saw a notable increase in trading volume during today's session, with the stock currently trading at Rs 8,582.50, up by 0.23 percent. The traded volume reached 170,379 shares, indicating heightened market activity. The increased volume and price movement have drawn attention from investors and market analysts. Bajaj Auto is a constituent of the NIFTY 50 STOCKS index, reflecting its significance in the Indian stock market.Financial Performance OverviewBajaj Auto's financial performance provides insights into its current market position. Here’s a summary of the company's consolidated financial results:Quarterly ResultsPeriodRevenue (Cr)Net Profit (Cr)EPSMar 202512,646.322,137.0364.60Dec 202413,168.882,195.6578.70Sep 202413,247.281,965.7449.70Jun 202411,932.071,941.7969.60Mar 202411,554.951,927.4971.20Annual ResultsYearRevenue (Cr)Net Profit (Cr)EPSBVPSROEDebt to Equity202444,870.437,440.65272.701,037.4126.610.06202336,455.385,530.92212.501,037.6620.630.00202233,144.715,586.34213.201,031.8920.640.00202127,741.084,550.70167.90942.5117.800.00202029,918.654,890.40180.20748.5924.060.00Cash FlowThe consolidated cash flow data indicates the following trends:ParticularsMar 2024 (Cr)Mar 2023 (Cr)Mar 2022 (Cr)Mar 2021 (Cr)Mar 2020 (Cr)Operating Activities6,5585,2774,1973,1193,850Investing Activities-3431,199-80-2,8681,556Financing Activities-6,167-7,180-4,056-19-6,246Net Cash Flow318-692417231-630Key Financial RatiosThe financial ratios for Bajaj Auto provide further insight into the company's performance:RatioMar 2024Mar 2023Mar 2022Mar 2021Mar 2020Basic EPS (Rs.)272.70212.50213.20167.90180.20Book Value/Share (Rs.)1,037.411,037.661,031.89942.51748.59Dividend/Share (Rs.)80.00140.00140.00140.00120.00Debt to Equity (x)0.060.000.000.000.00P/E (x)33.5518.2817.1321.8611.22P/B (x)8.823.743.543.902.70According to Moneycontrol analysis as of 2025-05-28, investor sentiment is bullish. "
03 Jun 2025,"Bajaj Auto Consolidated March 2025 Net Sales at Rs 12,646.32 crore, up 9.45% Y-o-Y",https://www.moneycontrol.com/news/business/earnings/bajaj-auto-consolidated-march-2025-net-sales-at-rs-12646-32-crore-up-9-45-y-o-y-13090260.html,,,"Reported Consolidated quarterly numbers for Bajaj Auto are: Net Sales at Rs 12,646.32 crore in March 2025 up 9.45% from Rs. 11,554.95 crore in March 2024. Quarterly Net Profit at Rs. 1,801.85 crore in March 2025 down 10.42% from Rs. 2,011.43 crore in March 2024. EBITDA stands at Rs. 3,085.16 crore in March 2025 up 16.67% from Rs. 2,644.25 crore in March 2024. Bajaj Auto EPS has decreased to Rs. 64.60 in March 2025 from Rs. 71.20 in March 2024. Bajaj Auto shares closed at 8,513.50 on May 30, 2025 (NSE) and has given -6.76% returns over the last 6 months and -8.80% over the last 12 months. "
02 Jun 2025,Neutral Bajaj Auto; target of Rs 9151: LKP Research,https://www.moneycontrol.com/news/business/stocks/neutral-bajaj-auto-target-of-rs-9151-lkp-research-13084830.html,"LKP Research recommended Neutral rating on Bajaj Auto with a target price of Rs 9151 in its research report dated June 02, 2025.",Neutral,"LKP Research's research report on Bajaj Auto Bajaj Auto’s Q4 FY25 performance presented a mixed picture across its key business segments. In the domestic 125cc+ motorcycle category—its core strategic focus—the company retained the number two position but witnessed market share erosion, with share declining. This reflects heightened competitive intensity and indicates challenges in sustaining leadership despite ongoing product interventions. In the 2W EV segment, Bajaj Auto saw a sharp rise in market share in Q4 FY25, making it the top-selling EV brand in India during the quarter. The improvement was largely supported by the 35 Series platform, which introduced upgraded features and styling. Although the EV business has transitioned from being significantly margin-dilutive to approaching EBITDA breakeven—assuming current pricing holds—it still remains exposed to input risks, particularly uncertainties related to the supply of rare-earth magnets from China. The 3W segment reported its highest-ever quarterly volumes in Q4FY25, with the company maintaining a dominant market share in the ICE 3W category. In the EV 3W segment, Bajaj Auto attained leadership during April and May. Outlook Given these mixed dynamics and the fact that the current valuation already factors in much of the upside, we maintain a Neutral stance on the stock. Execution on market share recovery and Freedom’s scale-up will be key near-term monitors. We estimate Revenue/EBITDA/PBT to grow at a CAGR of 15.8%/16.8%/15.2% over FY25E-FY27. We have revised our TP at ₹9,151, 24x of FY27E EPS. For all recommendations report, click here Bajaj Auto - 02062025 - lkp"
02 Jun 2025,Bajaj Auto Shares Decline by 1.65% in Today's Session,https://www.moneycontrol.com/news/business/stocks/bajaj-auto-shares-decline-by-1-65-in-today-s-session-alpha-article-13085629.html,"Bajaj Auto's current price stands at Rs 8465.00, marking a decrease of Rs 142.00 from its previous level.",,"Bajaj Auto shares experienced a downturn in today's trading session, with a decrease of 1.65%. The stock is currently priced at Rs 8465.00, reflecting a drop of Rs 142.00. This movement positions Bajaj Auto among the NIFTY 50 STOCKS that have seen declines today. Bajaj Auto's financial performance provides additional context to its stock behavior. The company's consolidated revenue and net profit figures offer insights into its recent financial health. According to Moneycontrol's analysis, the sentiment around Bajaj Auto is bullish as of May 28, 2025.Financial Performance: Key MetricsA review of Bajaj Auto's consolidated financial data reveals the following trends: Quarterly Performance:Revenue: The company's revenue has shown fluctuations over the past five quarters. For March 2024, revenue was reported at Rs 11,554.95 Cr. It increased to Rs 11,932.07 Cr by June 2024 and further to Rs 13,247.28 Cr by September 2024. However, there was a slight dip in December 2024 to Rs 13,168.88 Cr, followed by a decrease to Rs 12,646.32 Cr in March 2025.Net Profit: Net profit has also varied. It started at Rs 1,927.49 Cr in March 2024, increased to Rs 1,941.79 Cr by June 2024, and then to Rs 1,965.74 Cr by September 2024. A notable increase occurred in December 2024, reaching Rs 2,195.65 Cr, before slightly decreasing to Rs 2,137.03 Cr in March 2025.EPS: Earnings per share (EPS) figures show a similar trend. EPS was Rs 71.20 in March 2024, Rs 69.60 in June 2024, and Rs 49.70 in September 2024. It peaked at Rs 78.70 in December 2024, then decreased to Rs 64.60 in March 2025.Annual Performance:Revenue: Over the past five years, Bajaj Auto's revenue has generally increased. It was Rs 29,918.65 Cr in 2020, decreased to Rs 27,741.08 Cr in 2021, and then increased to Rs 33,144.71 Cr in 2022, Rs 36,455.38 Cr in 2023, and Rs 44,870.43 Cr in 2024.Net Profit: Net profit also showed an increasing trend, starting at Rs 4,890.40 Cr in 2020, decreasing to Rs 4,550.70 Cr in 2021, and then increasing to Rs 5,586.34 Cr in 2022, Rs 5,530.92 Cr in 2023, and Rs 7,440.65 Cr in 2024.EPS: The company's EPS has risen over the years, with Rs 180.20 in 2020, Rs 167.90 in 2021, Rs 213.20 in 2022, Rs 212.50 in 2023, and Rs 272.70 in 2024.Key Financial RatiosAnalyzing the financial ratios provides additional insights into Bajaj Auto's performance:Return on Equity (ROE): ROE has fluctuated, with 24.06% in 2020, 17.80% in 2021, 20.64% in 2022, 20.63% in 2023, and 26.61% in 2024.Debt to Equity: The debt-to-equity ratio has remained relatively low, with 0.00 in 2020, 2021, 2022, and 2023, and a slight increase to 0.06 in 2024.The consolidated cash flow statement indicates the following trends:Cash flow from operating activities has generally increased from Rs 3,850 Cr in March 2020 to Rs 6,558 Cr in March 2024.Bajaj Auto's current price stands at Rs 8465.00, marking a decrease of Rs 142.00 from its previous level."
30 May 2025,Bajaj Auto's EV production at risk from July as China tightens rare earth magnet supply,https://www.moneycontrol.com/news/business/markets/bajaj-auto-s-ev-production-at-risk-from-july-as-china-tightens-rare-earth-magnet-supply-13069440.html,"Bajaj Auto share price: Under the new protocol, Bajaj’s vendors must self-declare end-use, followed by approvals from Indian authorities and the Chinese Embassy in India.",Bajaj Auto has risen 13 percent in the last three months.,"The looming supply chain risk of rare earth magnets from China, a critical component in electric motors, is threatening to disrupt two-wheeler maker Bajaj Auto’s electric vehicle production from July, the management has cautioned during the Q4FY25 earnings call, weighing down the stock price by over two percent to be the top loser on the benchmark equity index on May 30. ""There’s a dark cloud on the horizon,"" the management said in the Q4 earnings call, referring to new regulatory hurdles in sourcing rare earth magnets. While a formal process has now been laid out for certifying that these materials will not be used for military purposes, the fate of shipments from China remains in a limbo. Read More: Bajaj Auto Q4 FY25: Is it time to hitch a ride? As per the defined protocol, Indian importers - in this case, Bajaj’s vendors - must self-declare the end-use of these materials, which then undergoes a multi-step certification process involving Indian authorities and the Chinese Embassy in India. ""So far, around 30 such applications have cleared all stages in India and have been sent to Chinese authorities. We now wait to see how smooth this approval process will be,"" the company said, adding that any delay or disruption could affect production from July. Read More: Bajaj Auto shares slip 2% after Q4 results; should you buy, sell or hold? With nearly 90 percent of global rare earth magnet supplies coming from China, finding immediate alternative sources may not be feasible in the near term, the company said. Developing substitutes would require time-intensive investment in testing, validation, and integration into existing vehicle systems, making it a medium-term solution, at best. In Q4FY25, Bajaj Auto posted a 6 percent rise in the net profit at Rs 2,049 crore, beating estimates. Strong motorcycle exports and forex gains helped offset weak domestic demand. The two-wheeler maker’s revenue rose 6 percent to Rs 12,148 crore in Q4FY25 as compared to Rs 11,485 crore in Q4FY24. At about 1 pm, shares were trading at Rs 8,669, lower by 2.3 percent, to be the top loser on the Nifty. Shares of Bajaj Auto have risen 13 percent during the last three months."
30 May 2025,"Bajaj Auto Standalone March 2025 Net Sales at Rs 12,147.97 crore, up 5.78% Y-o-Y",https://www.moneycontrol.com/news/business/earnings/bajaj-auto-standalone-march-2025-net-sales-at-rs-12147-97-crore-up-5-78-y-o-y-13070057.html,,,"Reported Standalone quarterly numbers for Bajaj Auto are: Net Sales at Rs 12,147.97 crore in March 2025 up 5.78% from Rs. 11,484.68 crore in March 2024. Quarterly Net Profit at Rs. 2,049.31 crore in March 2025 up 5.85% from Rs. 1,936.00 crore in March 2024. EBITDA stands at Rs. 2,831.35 crore in March 2025 up 6.65% from Rs. 2,654.91 crore in March 2024. Bajaj Auto EPS has increased to Rs. 73.40 in March 2025 from Rs. 68.50 in March 2024. Bajaj Auto shares closed at 8,874.50 on May 28, 2025 (NSE) and has given -1.76% returns over the last 6 months and -2.16% over the last 12 months. "
30 May 2025,"Sensex falls 300 pts, Nifty below 24,750 on renewed tariff concerns; Auto, Metal, IT drag",https://www.moneycontrol.com/news/business/markets/sensex-falls-over-200-pts-nifty-below-24-750-on-renewed-tariff-concerns-auto-metal-it-drag-13069070.html,"Sensex, Nifty declined on Friday as investors turned cautious ahead of the release of India’s GDP data for the March quarter along with provisional figures for the full financial year. ","Sensex, Nifty declined on Friday as investors turned cautious ahead of the release of India’s GDP data for the March quarter along with provisional figures for the full financial year.","The equity benchmarks Sensex and Nifty extended losses by noon after a flat start on Friday amid weak global cues and renewed concerns over US tariffs. Selling pressure in auto, metal and IT counters weighed on the market even as investors stayed cautious ahead of key domestic GDP data. The Sensex dropped 228.39 points or 0.28 percent to 81,404.63, while the broader Nifty slipped 65.35 points or 0.26 percent to 24,768.25. Market sentiment turned tepid after a US appeals court on Thursday allowed the President to temporarily continue imposing tariffs under emergency powers, while legal proceedings continue in a lower trade court. Adding to the pressure, investors awaited the release of India’s GDP data for the March quarter along with provisional figures for the full financial year. The government is expected to announce the numbers later in the day. Stock Market LIVE Update Among major laggards were Bajaj Auto, Hindalco Industries, Shriram Finance, Tech Mahindra and Mahindra & Mahindra, declining up to 3 percent. On the other hand, Bajaj Finserv, Coal India, Larsen & Toubro, Apollo Hospitals and HDFC Bank managed to post gains of up to 0.5 percent. Market breadth was negative with 1,845 stocks declining, 1,436 advancing and 135 remaining unchanged on the BSE. Indian IT stocks were among the major laggards after a US federal appeals court temporarily reinstated US President Donald Trump’s sweeping tariffs on foreign imports. TCS, Infosys, HCL Tech, other IT stocks slide as US appeals court reinstates Trump tariffs The broader market, however, showed some resilience. The Nifty Midcap 100 was flat around 11:30 am, while the Smallcap 100 slipped marginally by 0.11 percent. “Stable institutional flows – both FII and DII – are keeping the market steady even in the absence of positive triggers,” said V K Vijayakumar, Chief Investment Strategist at Geojit Financial Services. “The ongoing consolidation phase is likely to continue in the near term. Investors should keep in mind two key trends: India’s macro indicators are strong and improving, but this strength is not yet visible in corporate earnings. This mismatch is the main reason for the current range-bound movement in markets,” he added. Globally, most Asian markets were trading lower. Japan’s Nikkei 225, South Korea’s Kospi, Shanghai Composite and Hong Kong’s Hang Seng all slipped into the red, mirroring losses on Wall Street Futures."
30 May 2025,"Bajaj Auto’s EV business nears breakeven as Chetak electric, E-3Ws gain traction",https://www.moneycontrol.com/news/business/markets/bajaj-auto-s-ev-business-nears-breakeven-as-chetak-electric-e-3ws-gain-traction-13069005.html,Bajaj Auto share price | The management said they have reached a 'marginal profit' position on strong unit economics of the Chetak electric scooter and a growing contribution by the E-3W segment.,Bajaj Auto has risen 13 percent in the last three months.,"Bajaj Auto's electric two-wheeler (E-2W) business is edging closer to breakeven, marking a turnaround from the losses posted over a year ago. During the Q4FY25 earnings call, Bajaj Auto said the path to profitability has become clearer following the recent launch of the Chetak 35 Series electric scooter and the subsequent momentum since December 2024. “In the last 12-15 months, we had no line of sight to contribution breakeven. Today, we’re probably very close to being EBITDA breakeven and a whisker away from EBITDA-level breakeven for the Chetak 35 series”, the company said, adding that this is contingent to current prices holding steady. The management said that market-level pricing has softened over the past year, but the breakeven goal is within reach if they remain stable, especially with the support of government’s Production Linked Incentive (PLI) benefits. Also Read: Bajaj Auto eyes full play in 40,000-unit e-rickshaw market, but scale-up to be gradual The electric business, once a heavy drag on profitability, is now showing signs of strength. Bajaj Auto said it has moved from incurring losses of several hundred crores a year ago to a ‘marginal profit’ position, driven by stronger unit economics of the Chetak electric scooter and a growing contribution from its electric three-wheeler (E-3W) segment. ""The E-3W business is becoming quite material and significant,"" the company said, indicating that its electric portfolio is now being assessed not just by unit-level metrics but also by its overall contribution to the company's profit pool. The company posted a 6 percent rise in net profit to Rs 2,049 crore for the March quarter, beating estimates. Strong motorcycle exports and forex gains helped offset weak domestic demand. The firm's revenue rose 6 percent to Rs 12,148 crore in Q4FY25 as compared to Rs 11,485 crore in Q4FY24. The management said the e-scooter segment is likely to grow between 20 to 25 percent in FY26. Bajaj’s own Chetak electric scooter ended FY25 on a high note, emerging as the top-selling EV in the March quarter, adding to the company’s confidence in the segment’s prospects. At about 11 am, the shares of Bajaj Auto were trading at Rs 8,661, lower by 2.4 percent to become the top loser on the Nifty, having risen 13 percent in the last three months."
30 May 2025,Bajaj Auto share price declines over 2% in today's session,https://www.moneycontrol.com/news/business/stocks/bajaj-auto-share-price-declines-over-2-in-today-s-session-alpha-article-13068681.html,Moneycontrol analysis on 2025-05-28 suggests a bullish sentiment for Bajaj Auto.,," Shares of Bajaj Auto experienced a downturn in today's trading session, with the price declining by 2.03% to Rs 8694.00. This movement is based on price updates as of 09:20 am. Bajaj Auto is a component of the NIFTY 50 STOCKS index, indicating its significance in the Indian stock market.Financial PerformanceThe financial performance of Bajaj Auto can be evaluated through its consolidated financial results. Here’s a summary of recent financial data:Quarterly ResultsThe following table outlines the quarterly revenue, net profit, and EPS (Earnings Per Share) for the last five quarters:YearRevenue (Cr)Net Profit (Cr)EPSMar 202411,554.951,927.4971.20Jun 202411,932.071,941.7969.60Sep 202413,247.281,965.7449.70Dec 202413,168.882,195.6578.70Mar 202512,646.322,137.0364.60Annual ResultsThe annual performance of Bajaj Auto over the past five years provides a broader perspective. Key financial metrics are summarized below:YearRevenue (Cr)Net Profit (Cr)EPSBVPSROEDebt to Equity202029,918.654,890.40180.20748.5924.060.00202127,741.084,550.70167.90942.5117.800.00202233,144.715,586.34213.201,031.8920.640.00202336,455.385,530.92212.501,037.6620.630.00202444,870.437,440.65272.701,037.4126.610.06Cash FlowHere is a summary of the cash flow activities:Mar 2024Mar 2023Mar 2022Mar 2021Mar 2020Operating Activities6,5585,2774,1973,1193,850Investing Activities-3431,199-80-2,8681,556Financing Activities-6,167-7,180-4,056-19-6,246Others271113570209Net Cash Flow318-692417231-630Key Financial RatiosThe following table presents key financial ratios for Bajaj Auto:RatioMar 2024Mar 2023Mar 2022Mar 2021Mar 2020Basic EPS (Rs.)272.70212.50213.20167.90180.20Diluted Eps (Rs.)272.70212.50213.20167.90180.20Book Value/Share (Rs.)1,037.411,037.661,031.89942.51748.59Dividend/Share (Rs.)80.00140.00140.00140.00120.00Face Value1010101010Gross Profit Margin (%)22.7220.9519.7122.3522.12Operating Margin (%)21.9120.1618.8921.4121.30Net Profit Margin (%)16.5815.1716.8516.4016.34Return on Equity (%)26.6120.6320.6417.8024.06ROCE (%)32.5024.6120.5921.2528.63Return On Assets (%)19.5917.2417.5614.4519.66Current Ratio (X)1.301.832.212.511.56Quick Ratio (X)1.111.531.952.251.31Debt to Equity (x)0.060.000.000.000.00Interest Coverage Ratios (X)168.95193.32754.51892.162,017.02Asset Turnover Ratio (%)1.201.101.0182.55112.85Inventory Turnover Ratio (X)18.0018.2716.2818.5728.133 Yr CAGR Sales (%)27.1810.384.494.8817.243 Yr CAGR Net Profit (%)27.876.3510.477.5913.07P/E (x)33.5518.2817.1321.8611.22P/B (x)8.823.743.543.902.70EV/EBITDA (x)25.1214.3016.0317.058.80P/S (x)5.693.013.193.831.96Moneycontrol analysis on 2025-05-28 suggests a bullish sentiment for Bajaj Auto. "
30 May 2025,"Stocks to Watch Today: Bajaj Auto, Ipca Labs, Mazagon Dock, Lemon Tree Hotels, Suzlon Energy, NBCC, Ola Electric, Sobha in focus on 30 May",https://www.moneycontrol.com/news/business/markets/stocks-to-watch-today-bajaj-auto-ipca-labs-mazagon-dock-lemon-tree-hotels-suzlon-energy-nbcc-ola-electric-sobha-in-focus-on-30-may-13067792.html,"Stocks to watch, 30 May: Stocks like Procter and Gamble Health, Amara Raja Energy & Mobility, Gujarat Pipavav Port, ICRA, SJVN, NLC India, Harsha Engineers International, IFB Agro Industries, InterGlobe Aviation, Bajaj Auto, Ipca Laboratories,Mazagon Dock Shipbuilders,Lemon Tree Hotels, and Suzlon Energy will be in focus on May 30.","Stocks to Watch Today, 30 May","Let's catch up on the latest news from the stock market. From significant investments to major deals, quarterly earnings, and joint ventures, here’s a quick look at which stocks will be in focus in today's trade: Results Today Apollo Hospitals Enterprise, FSN E-Commerce Ventures Nykaa, AstraZeneca Pharma India, IVRCL, Jindal Poly Films, PNC Infratech, SML Isuzu, Swan Energy, and Vivimed Labs will release their quarterly earnings on May 30. Quarterly Earnings Bajaj Auto Q4 (Standalone YoY) Profit grows 5.9% to Rs 2,049.3 crore Vs Rs 1,936 crore Revenue increases 5.8% to Rs 12,148 crore Vs Rs 11,484.7 crore EBITDA rises 6.3% to Rs 2,450.6 crore Vs Rs 2,306.3 crore Margin expands to 20.17% Vs 20.10% Ipca Laboratories Q4 (Consolidated YoY) Profit soars 13.8% to Rs 67.8 crore Vs Rs 59.6 crore Revenue jumps 10.5% to Rs 2,246.7 crore Vs Rs 2,033 crore EBITDA surges 33.2% to Rs 428.9 crore Vs Rs 321.9 crore Margin expands to 19.09% Vs 15.83% Mazagon Dock Shipbuilders Q4 (Consolidated YoY) Profit sinks 50.9% to Rs 325.3 crore Vs Rs 663 crore Revenue grows 2.3% to Rs 3,174.4 crore Vs Rs 3,103.7 crore Board recommends a final dividend of Rs 2.71 per share Lemon Tree Hotels Q4 (Consolidated YoY) Profit jumps 26.4% to Rs 84.6 crore Vs Rs 67 crore Revenue increases 15.6% to Rs 378.5 crore Vs Rs 327.3 crore Suzlon Energy Q4 (Consolidated YoY) Profit zooms 365.2% to Rs 1,182.2 crore Vs Rs 254.1 crore Revenue spikes 72.6% to Rs 3,789.9 crore Vs Rs 2,196.2 crore Tax writeback at Rs 629.74 crore Vs tax writeback of Rs 1.25 crore NBCC (India) Q4 (Consolidated YoY) Profit soars 29.3% to Rs 175.9 crore Vs Rs 136.1 crore Revenue grows 16.2% to Rs 4,642.5 crore Vs Rs 3,996.3 crore Ola Electric Mobility Q4 (Consolidated YoY) Loss doubles to Rs 870 crore Vs loss of Rs 416 crore Revenue tanks 61.8% to Rs 611 crore Vs Rs 1,598 crore Sobha Q4 (Consolidated YoY) Profit zooms 481.2% to Rs 40.9 crore Vs Rs 7 crore Revenue surges 62.6% to Rs 1,240.6 crore Vs Rs 762.9 crore Board recommends a dividend of Rs 3 per share Procter & Gamble Health Q4 (YoY) Profit jumps 31.4% to Rs 61.2 crore Vs Rs 46.6 crore Revenue grows 23.2% to Rs 311 crore Vs Rs 252.5 crore Amara Raja Energy & Mobility Q4 (Consolidated YoY) Profit falls 29.7% to Rs 161.6 crore Vs Rs 229.8 crore Revenue increases 5.2% to Rs 3,060.1 crore Vs Rs 2,907.9 crore Board recommends final dividend of Rs 5.20 per share Gujarat Pipavav Port Q4 (Consolidated YoY) Profit spikes 70.7% to Rs 112.4 crore Vs Rs 65.8 crore Revenue rises 0.2% to Rs 251.8 crore Vs Rs 251.3 crore Exceptional items Nil Vs exceptional loss of Rs 51.9 crore Board recommends a final dividend of Rs 4.20 per share ICRA Q4 (Consolidated YoY) Profit jumps 18.9% to Rs 55.7 crore Vs Rs 46.9 crore Revenue grows 9.9% to Rs 136.2 crore Vs Rs 124 crore Board recommends a dividend of Rs 60 per share SJVN Q4 (Consolidated YoY) Net loss stands at Rs 127.7 crore Vs profit of Rs 61.1 crore Revenue increases 4.5% to Rs 504.4 crore Vs Rs 482.9 crore Welspun Living Q4 (Consolidated YoY) Profit declines 9.7% to Rs 131.8 crore Vs Rs 146 crore Revenue rises 2.7% to Rs 2,645.9 crore Vs Rs 2,575.2 crore MSTC Q4 (Consolidated YoY) Profit soars 312.3% to Rs 75.5 crore Vs Rs 18.3 crore Revenue grows 8.4% to Rs 88.9 crore Vs Rs 81.9 crore Landmark Cars Q4 (Consolidated YoY) Profit plunges 86.6% to Rs 1.4 crore Vs Rs 10.6 crore with subdued operating margin Revenue jumps 26.3% to Rs 1,091.2 crore Vs Rs 864 crore Mrs. Bectors Food Specialities Q4 (Consolidated YoY) Profit rises 2% to Rs 34.3 crore Vs Rs 33.6 crore Revenue increases 9.8% to Rs 446.1 crore Vs Rs 406.4 crore Stocks to Watch NLC India The company’s subsidiary, NLC India Renewables, has signed a Joint Venture agreement with Mahatma Phule Renewable Energy & Infrastructure Technology (MAHAPREIT) to accelerate renewable energy development in Maharashtra. Under the agreement, they will develop 2,000 MW of renewable energy projects. Bulk Deals Harsha Engineers International DSP Mutual Fund has acquired 4.64 lakh shares (representing a 0.5 percent stake) in the company at an average price of Rs 383 per share. IFB Agro Industries India Opportunities Growth Fund – Pinewood Strategy bought 50,000 shares (or 0.53 percent equity) at an average price of Rs 688.09 per share. Block Deals InterGlobe Aviation BNP Paribas Financial Markets acquired 46,000 equity shares in the airline company at an average price of Rs 5,246.35 per share, from Morgan Stanley Asia (Singapore) Pte. Stocks Trade Ex-Dividend InfosysBajaj FinanceAngel OneAdvani Hotels & Resorts (India)Caplin Point LaboratoriesGlaxoSmithKline PharmaHome First Finance CompanyJagran PrakashanJupiter WagonsMeghna Infracon InfrastructurePonni Sugars (Erode)S Chand and CompanyMindaVimta Labs Stock Trades Ex-Date for Rights Bharat Bhushan Finance & Commodity Brokers Stock Trades Ex-Bonus Ujaas Energy Stock Trades Ex-Date for Income Distribution Roadstar Infra Investment TrustEnergy Yield Plus Trust"
29 May 2025,"Bajaj Auto Q4 results: Net profit rises 6% to Rs 2,049 crore, beats estimates",https://www.moneycontrol.com/news/business/earnings/bajaj-auto-q4-results-net-profit-rises-6-to-rs-2-049-crore-beats-estimates-13064574.html,"Bajaj Auto Q4 results: Revenue jumps 6% to Rs 12,148 crore","Bajaj Auto Q4 results: Net profit rises 6% to Rs 2,049 crore, beats estimates","Two- and three-wheeler major Bajaj Auto Ltd on May 29 reported 6% increase in net profit at Rs 2,049 crore for the quarter ended March 31, 2025, as higher motorcycle exports and foreign exchange gains made up for a slump in domestic demand, thus beating estimates. Its net profit was Rs 1,936 crore in the year-ago period. The firm's revenue rose 6% to Rs 12,148 crore in Q4FY25 as compared to Rs 11,485 crore in Q4FY24, ""driven by double-digit revenue growth on premium motorcycles, electric scooters and commercial vehicles and another solid volume led exports performance"". Revenue missed double-digit growth due to the temporary suspension of KTM exports, it said. The firm declared dividend of Rs 210 per share, with the total payout amounting to Rs 5,864 crore. According to a Moneycontrol poll of eight brokerage firms, the Dominar 400 maker was anticipated to record a 3% year-on-year increase in Q4 revenue, reaching Rs 11,853 crore. Net profit was projected to rise to Rs 1,970 crore. The firm's EBITDA rose 6% YoY to Rs 2,451 crore. ""Sequentially better gross margin from favourable currency and cost reduction on the new Chetak platform, took care of operating deleverage and higher discretionary spends notably on brand investments, and jigs / fixtures among others,"" said Bajaj Auto in a stock exchange filing. The firm said its surplus funds were at Rs 17,000 crore as on March 31. ""Balance sheet remains healthy as track record of strong cash generation was maintained, Rs 6,500 crore of Free Cash Flow added. Surplus funds stood at a robust Rs 17,000 crore, after investing sufficiently behind capex (Rs 700 crore) and strategic bets in subsidiary companies (Rs 3,100 crore in BACL, BAIHBV, Brazil), alongside Rs 2,200 crore returned to shareholders via dividends,"" said Bajaj Auto. Bajaj, India's top auto exporter by volume, reported a 20% jump in overseas shipments. In contrast, domestic sales fell 8%. Bajaj's two-wheeler sales grew about 3%. Its overall sales, including three-wheelers, also climbed 3%. On May 29, Bajaj Auto's shares on NSE closed 0.6% higher at Rs 8,899 apiece."
26 May 2025,"M&M, Bajaj Auto, other shares surge up to 2% as Auto index emerges as the top gainer: What's driving the rally?",https://www.moneycontrol.com/news/business/markets/m-m-bajaj-auto-other-shares-surge-up-to-2-as-auto-index-emerges-as-the-top-gainer-what-s-driving-the-rally-13046591.html,"Nifty Auto index is up over a percent to emerge as the top sectoral gainer, hopeful of export relief after Trump delays EU tariff deadline, and monsoon trend suggests a robust domestic rural demand ahead.  ",Cars (representative),"Auto shares made strong gains on May 26, pushing the Nifty Auto index up over a percent to be the top sectoral gainer, extending the rise for a second session, riding on a brief respite from America's 50 percent tariffs on the European Union. US President Trump on May 25 announced that he has postponed the imposition of 50 percent tariffs on European Union imports until July 9, after a phone call with European Commission President Ursula von der Leyen. ""We had a very nice call and I agreed to move it,"" Trump told reporters. The announcement came after Trump threatened to impose a 50 percent tariff on EU products starting June 1, 2025, accusing the block of systematically exploiting the United States through unfair trade practices. Trump had announced a 25 percent tariff on automobile imports into the US in April, and later signed an executive order for some tariff relief, blending tax credits and waivers covering up to 15 percent of the value of vehicles assembled domestically. The early onset of monsoon, which has hit multiple parts of South India has also added to the sentiment. The Centre expects above normal monsoon conditions to provide a significant boost to consumption and productivity in the upcoming financial year, reinforcing confidence in India’s growth momentum, senior government sources told Moneycontrol. Mahindra & Mahindra (M&M) and Bajaj Auto shares were the top gainers on the index, rising over 2 percent to close at Rs 3,075 apiece and Rs 8,950 apiece respectively. MRF and Tata Motors shares gained over 1.5 percent each, while Samvardhana Motherson and Hero MotoCorp shares jumped over 1 percent each. Eicher Motors and Bharat Forge ended the session in the green with marginal gains. Despite the uptrend in the market, Maruti Suzuki and TVS Motor shares closed in the red with marginal losses. Balkrishna Industries shares tumbled over 6 percent after the company reported a sharp 25 percent decline in standalone net profit for the March quarter and laid out an aggressive capex plan to diversify into competitive tyre segments."
26 May 2025,"Sensex surges 500 pts, Nifty tops 25,000: EU tariff delay among key factors behind market rise",https://www.moneycontrol.com/news/business/markets/sensex-surges-700-pts-nifty-tops-25-000-eu-tariff-delay-among-key-factors-behind-market-rise-13045757.html,"Sensex, Nifty surged on Monday as global and domestic cues lifted investor sentiment. Investor confidence received a boost after US President Trump agreed to delay the proposed 50 percent tariffs on European Union goods. ",Sensex and Nifty surged on Monday following news that India has become the fourth largest economy in the world.,"The benchmark indices rallied sharply on Monday, with the Sensex jumping over 700 points and the Nifty reclaiming the 25,000-mark, as global and domestic cues lifted investor sentiment. Sensex surged 771.16 points or 0.94 percent to an intraday high of 82,492.24, while the broader Nifty climbed 226.05 points or 0.90 percent to 25,079.20. However, later both the headline indices pared gains with Sensex trading at around 82,092.64 and Nifty at 24,954.45, at around 10:30 AM. Mahindra & Mahindra, Tata Motors, Hero MotoCorp, Nestle India and Bajaj Auto were among top gainers, rising up to 2 percent. Key drivers of Monday’s market rally: 1) US tariff delay eases global worries: Investor confidence received a boost after US President Trump agreed to delay the proposed 50 percent tariffs on European Union goods. The new deadline for negotiations has now been set for July 9. The announcement helped soothe global markets. 2) India becomes fourth-largest economy: NITI Aayog CEO BVR Subrahmanyam on Sunday confirmed that India has moved past Japan to become the world’s fourth-largest economy, with its GDP now standing at USD 4 trillion. He added that India’s macroeconomic fundamentals remain strong and the global environment is turning increasingly favourable for the country. 3) RBI’s record dividend strengthens fiscal outlook: On Friday, the Reserve Bank of India announced a record dividend payout of Rs 2.69 lakh crore to the government for FY25, 27.4 percent higher than the previous year. The surplus transfer is expected to support the Centre’s fiscal position, especially at a time when geopolitical tensions and defence spending are mounting. ""News of India becoming the fourth largest economy in the world would be a near-term morale boost for the market. RBI's bumper dividend payment to the government, exceeding the budget estimates, will help contain the fiscal deficit target for FY26 at 4.4 per cent. This, in turn, can sustain the low inflation and declining interest rate trend which will continue to support the equity market,"" VK Vijayakumar, Chief Investment Strategist at Geojit Investments Limited, said. 4) Firm trend in Asian markets: Positive cues from other Asian markets also supported the rally. South Korea’s Kospi and Japan’s Nikkei 225 traded in the green, while markets in Shanghai and Hong Kong remained subdued. Wall Street remains shut on Monday for Memorial Day 5) Sustained FII inflows: Foreign Institutional Investors (FIIs) remained net buyers of Indian equities, purchasing shares worth Rs 1,794.59 crore on Friday, as per exchange data. Continued foreign fund inflow is seen as a sign of confidence in India’s growth prospects. 6) Early arrival of monsoon: The southwest monsoon reached Kerala on Saturday, eight days ahead of schedule—the earliest in 16 years. A good monsoon season is critical for the country’s largely agrarian economy, with nearly half the farmland dependent on rainfall. The early onset has raised hopes of a healthy kharif crop and improved rural demand. 7) Rate cut hopes ahead of RBI policy: Expectations of another rate cut in the upcoming RBI Monetary Policy Committee (MPC) meeting added to market optimism. According to a poll by Moneycontrol, economists and treasury heads expect a 25-bps cut in the repo rate in the June 6 policy review, which would be the third consecutive cut after the February and April meetings."
22 May 2025,"Bajaj Auto aims to be majority owner of Austria's KTM, arm to provide €600 million to fund revival",https://www.moneycontrol.com/automobile/bajaj-auto-aims-to-be-majority-owner-of-austria-s-ktm-arm-to-provide-600-million-to-fund-revival-article-13039955.html,"Bajaj Auto, through its arm, will provide €600 million to KTM, supporting its restructuring and revival.","Bajaj Auto's subsidiary will provide €600 million to KTM, with an aim to take majority control, aiding restructuring and revival.","Leading two-wheeler maker Bajaj Auto has said on May 22 that it intends to take control of Austria's KTM via a subsidiary and become a majority owner. Bajaj Auto, through its arm, will provide €600 million to KTM, supporting its restructuring and revival. Shares of Bajaj Auto recovered from early weakness to trade marginally lower in mid-day session. ""With this action and post requisite approvals coming through, Bajaj will shift gears from hitherto being a dormant minority investor to a majority owner in the global KTM company, whilst it continues to accelerate the thriving KTM business that is run out of India under the joint development program, where it develops, makes and sells in India as well as exports to 80 countries across the KTM network,"" Bajaj Auto said in a statement. Bajaj Auto said the development offers a larger role for Bajaj Auto in the future of the KTM business, which offers 'potential to unlock a triad of opportunity' ranging from global growth, brand elevation, and technology leadership. Two-wheeler maker KTM AG had filed for court restructuring in November amid severe liquidity issues. Bajaj Auto's subsidiary had arranged a debt funding package of €800 million to enable the continuity of the KTM business by paying off creditors under KTM’s debt restructuring. Bajaj, through its arm, infused funds into the company to revive KTM's operations and working capital cycle. ""Of this total €800 million debt package, €200 million has already been infused into the company so far and the balance €600 million is being done now,"" the statement said. KTM and Bajaj Auto jointly develop two-wheelers in India, with Bajaj holding a 37.5% stake in the KTM business via its subsidiary. "
20 May 2025,"Selloff in auto stocks intensifies after a four-day rally; Hero Moto, Bajaj, Maruti top losers",https://www.moneycontrol.com/news/business/markets/selloff-in-auto-stocks-intensifies-after-a-four-day-rally-hero-moto-bajaj-maruti-top-losers-13034626.html,"Earlier this month, he said that the Indian government has ""offered us a deal where basically they are willing to literally charge us no tariff"". The possibility of a trade deal between US and India had earlier boosted the free falling auto stocks.","Auto index snaps four-day gaining streak following US trade deal hopes: Maruti, M&M among top losers","Shares of auto makers tumbled on May 20, pushing the Nifty Auto index lower by more than 2 percent to be the top sectoral loser, likely on profit booking after a four-day gaining streak. The Nifty Auto index has seen significant surge recently, rising nearly 9 percent in the past one month. Last four sessions of gains were recorded after US President Trump hinted at a trade deal with India that would effectively reduce tariffs on Indian imports into America. Earlier on May 20, Bloomberg News reported that an interim trade deal could likely cover market access for industrial goods, farm products and address non-tariff barriers such as quality control requirements. Tube Investments of India was the top loser on the index, dropping 3.5 percent after having risen nearly 17 percent in the past one month. Hero MotoCorp, Bajaj Auto and Maruti Suzuki shares followed, plunging nearly 3 percent each. Bharat Forge, TVS Motors and Eicher Motors meanwhile fell over 2 percent each. Mahindra & Mahindra (M&M), Balkrishna Industries, Exide Industries and Tata Motors shares were down over 1 percent each, while Samvardhana Motherson shares were down nearly 0.9 percent. Few stocks bucked the trend to trade with marginal gains, including MRF and Ashok Leyland. On May 19, Ashok Leyland had announced that it will also consider issuance of bonus shares during its upcoming board meeting scheduled on May 23. US President Donald Trump had introduced a slew of tariffs on foreign imports, including cars and related components. India's automakers with exposure to US exports saw a significant decline in their share prices following the tariff announcements. However, Trump has since then softened his stance on tariffs later. Earlier this month, he said that the Indian government has ""offered us a deal where basically they are willing to literally charge us no tariff"". The fall in the automotive share prices comes amid an overall downturn in the market, with benchmark Sensex down over 600 points near 81,450 and Nifty 50 continuing to trade below the 25,000 mark."
19 May 2025,"Auto index rise nearly 1% even as benchmarks slump; Bajaj Auto, Hero MotorCorp, Eicher Motors rise up to 4%",https://www.moneycontrol.com/news/business/markets/auto-index-rise-nearly-1-even-as-broader-markets-slump-bajaj-auto-hero-motorcorp-eicher-motors-rise-up-to-4-13032649.html,Auto stocks rose on Monday on expectations of steady demand and improving margins.,Auto shares extend rally on Monday amid high buying in the stocks of the auto companies. ,"Auto stocks bucked the weak market trend on Monday, with the Nifty Auto index rising nearly 1 percent even as the benchmarks came under pressure due to profit booking. The outperformance of auto stocks comes amid expectations of steady demand and improving margins. The auto index climbed 0.92 percent during intraday trade, marking its fourth straight session of gains. Over the last four trading days, the index has risen 3.78 percent, driven by strong buying interest in key two-wheeler and commercial vehicle stocks. Bajaj Auto emerged as the top gainer in the auto pack, jumping 4.10 percent to settle at Rs 8,830 apiece on the NSE. During the session, the stock touched an intraday high of Rs 8,861.50, up 4.47 percent. The stock has been on an upward trajectory for the past six sessions, rallying nearly 15 percent during the period. Among other gainers, Tube Investments of India rose 2.71 percent, while Ashok Leyland advanced 2.30 percent. Shares of Hero MotoCorp and Eicher Motors also saw modest gains, rising up to 0.89 percent during the day. Meanwhile, the Sensex dropped by 271 points on Monday, marking the second straight day of losses due to selling in IT stocks and a weak trend in global markets after rating downgrade of the US by Moody's Ratings. The Sensex declined 271.17 points or 0.33 percent to settle at 82,059.42. During the day, it dropped 366.02 points or 0.44 percent to 81,964.57. The Nifty dipped 74.35 points or 0.30 percent to 24,945.45."
19 May 2025,"Stocks to Watch Today: Divis Labs, Premier Energies, Delhivery, Dr Reddys, Bharat Electronics, KEC International, Sun Pharma, PNC Infratech in focus on 19 May",https://www.moneycontrol.com/news/business/markets/stocks-to-watch-today-divis-labs-premier-energies-delhivery-dr-reddys-bharat-electronics-kec-international-sun-pharma-pnc-infratech-in-focus-on-19-may-13030850.html,"Stocks to Watch, 19 May: Stocks like Zen Technologies, Arvind Fashions, Galaxy Surfactants, KRBL, Kalpataru Projects International, IOL Chemicals, Repco Home Finance, CreditAccess Grameen, Dhampur Sugar Mills, Gujarat Alkalies, Kaynes Technology India, Texmaco Rail & Engineering, Sterlite Technologies, and Dr Reddy's Laboratories will be in focus on May 19.",Stocks to Watch Today,"Let's catch up on the latest news from the stock market. From significant investments to major deals, quarterly earnings, fund raising, order wins, appointments, here’s a quick look at which stocks will be in focus in today's trade: Results Today Power Grid Corporation of India, Bharat Electronics, DLF, ACME Solar Holdings, CMS Info Systems, DOMS Industries, Gujarat Gas, HEG, IRB Infrastructure Developers, JK Paper, One Mobikwik Systems, NLC India, Petronet LNG, Pfizer, PI Industries, Quess Corp, Sun Pharma Advanced Research Company, and Zydus Wellness will announce their quarterly earnings on May 19. Quarterly Earnings Divis Laboratories Q4 (Consolidated YoY) Profit soars 23% to Rs 662 crore Vs Rs 538 crore Revenue increases 12.2% to Rs 2,585 crore Vs Rs 2,303 crore Board recommends final dividend of Rs 30 per share for FY25 Premier Energies Q4 (Consolidated YoY) Profit spikes 167.2% to Rs 277.8 crore Vs Rs 104 crore Revenue surges 43.9% to Rs 1,620.8 crore Vs Rs 1,126.6 crore Company signs Joint Venture Agreement with Nuevosol Energy for business of foundry, extrusion, of aluminium frames for solar photovoltaic modules Company signs Joint Venture Agreement with Sino-American Silicon Products Inc for manufacturing and selling of solar wafer Delhivery Q4 (Consolidated YoY) Profit stands at Rs 72.6 crore Vs loss of Rs 68.5 crore Revenue rises 5.6% to Rs 2,191.6 crore Vs Rs 2,075.5 crore Company appoints Co-founder and Chief People Officer Suraj Saharan as Whole-time Director Zen Technologies Q4 (Consolidated YoY) Profit zooms 189.2% to Rs 101 crore Vs Rs 34.9 crore Revenue surges 129.8% to Rs 325 crore Vs Rs 141.4 crore Arvind Fashions Q4 (Consolidated YoY) Loss stands at Rs 93.15 crore Vs profit of Rs 24.3 crore Revenue rises 8.7% to Rs 1,189.1 crore Vs Rs 1,094 crore Galaxy Surfactants Q4 (Consolidated YoY) Profit falls 2.1% to Rs 75.9 crore Vs Rs 77.5 crore Revenue grows 23.2% to Rs 1,144.9 crore Vs Rs 929 crore Other income drops to Rs 7.75 crore Vs Rs 23.9 crore KRBL Q4 (Consolidated YoY) Profit surges 35.2% to Rs 154.2 crore Vs Rs 114.1 crore Revenue increases 9.4% to Rs 1,442.3 crore Vs Rs 1,318.3 crore Kalpataru Projects International Q4 (Consolidated YoY) Profit zooms 37.2% to Rs 225.4 crore Vs Rs 164.4 crore Revenue jumps 18.3% to Rs 7,066.8 crore Vs Rs 5,971.3 crore Board recommends final Dividend of Rs 9 per share Board approves re-appointment of Shailendra Kumar Tripathi as Deputy Managing Director of the company for 3 years IOL Chemicals and Pharmaceuticals Q4 (Consolidated YoY) Profit increases 13.8% to Rs 31.4 crore Vs Rs 27.6 crore Revenue rises 4.7% to Rs 527.8 crore Vs Rs 503.9 crore Repco Home Finance Q4 (Standalone YoY) Profit increases 6.4% to Rs 114.9 crore Vs Rs 108.1 crore Net interest income grows 4.9% to Rs 170.8 crore Vs Rs 162.8 crore CreditAccess Grameen Q4 (Standalone YoY) Profit sinks 88.1% to Rs 47.2 crore Vs Rs 397 crore Net interest income falls 0.5% to Rs 876.5 crore Vs Rs 881 crore Impairment on financial instruments spikes to Rs 582.9 crore Vs Rs 153.3 crore Dhampur Sugar Mills Q4 (Consolidated YoY) Profit drops 5.4% to Rs 49 crore Vs Rs 51.9 crore Revenue grows 10.2% to Rs 619.2 crore Vs Rs 561.8 crore Board approves the proposal of buyback of shares worth up to Rs 20 crore at a price of Rs 185 per share Gujarat Alkalies and Chemicals Q4 (Consolidated YoY) Profit stands at Rs 8.8 crore Vs loss of Rs 46.2 crore Revenue increases 7.4% to Rs 1,075.5 crore Vs Rs 1,001.6 crore Board recommends dividend of Rs 15.80 per share for FY25 Kaynes Technology India Q4 (Consolidated YoY) Profit zooms 43% to Rs 116.2 crore Vs Rs 81.3 crore Revenue surges 54.5% to Rs 984.5 crore Vs Rs 637.3 crore Texmaco Rail & Engineering Q4 (Consolidated YoY) Profit drops 12.2% to Rs 39.8 crore Vs Rs 45.3 crore Revenue jumps 17.6% to Rs 1,346.4 crore Vs Rs 1,144.6 crore Sterlite Technologies Q4 (Consolidated YoY) Loss narrows to Rs 40 crore Vs Rs 82 crore Revenue grows 24.8% to Rs 1,052 crore Vs Rs 843 crore Board appoints Ajay Jhanjhari as an Interim Chief Financial Officer of the company Anjali Byce resigns as Chief Human Resources Officer to pursue opportunities outside the company Board approves re-appointment of Pravin Agarwal as Whole-time Director of the company Stocks to Watch Dr Reddy's Laboratories The United States Food & Drug Administration (USFDA) completed a GMP inspection at the company’s API Middleburgh facility in New York and issued a Form 483 with two observations. The inspection was conducted during May 12–16. Bharat Electronics The company has received additional orders worth Rs 572 crore since April 7, including Integrated Drone Detection and Interdiction System (IDDIS), Software Defined Radio (SDR) and Data Communication Unit (DCU) for attack guns, AI-based solutions for ships, simulators, communication equipment, jammers, spares, and services. KEC International The RPG Group company has secured new orders worth Rs 1,133 crore for transmission and distribution projects in India. RPP Infra Projects The company has received a letter of acceptance for a new project worth Rs 154.43 crore. The project involves the supply of factory-finished fabricated boiler structures at Koderma in Jharkhand. Max Healthcare Institute The company’s subsidiary Crosslay Remedies has executed a sale deed for the acquisition of a 4,000 square meter land parcel, along with the building thereon, located adjacent to Max Super Speciality Hospital, Vaishali, for Rs 120 crore. This strategic acquisition paves the way for the addition of approximately 140 beds at Max Super Speciality Hospital, Vaishali, over the next 30 months. Lumax Auto Technologies The Board has approved the company’s acquisition of the remaining 25% stake in IAC International Automobile India from its existing shareholder, IACG Holdings LUX SARL, for Rs 221 crore. Post-acquisition, IAC International Automobile India will become a 100% material subsidiary of the company. Sun Pharmaceutical Industries The USFDA has granted Premarket Approval (PMA) for the next generation of the BLU-U Blue Light Photodynamic Therapy (PDT) Illuminator, which features LED (light-emitting diode) panels replacing the previous model’s fluorescent tubes. The new model (LED BLU-U), in combination with Levulan Kerastick (aminolevulinic acid HCl) topical solution, 20%, is indicated for the treatment of minimally to moderately thick actinic keratoses (AK) of the face, scalp, or upper extremities. NBCC (India) The company has sold 446 residential units at Aspire Silicon City, Phase IV, Noida, through an e-auction at a total sale value of Rs 1,467.93 crore. NBCC will earn a marketing fee of 1% of the sale value. JSW Steel The Board of Directors will meet on May 23 to consider the raising of long-term funds and to discuss the recommendation of dividend payment. Bajaj Auto The company’s subsidiary Bajaj Auto International Holdings BV (BAIH BV) has entered into loan agreements with JP Morgan Chase Bank N.A., DBS Bank, and Citigroup Global Markets Asia to avail loans of 566 million euros (Rs 5,431.08 crore). It is an unsecured loan with a term of one year. PNC Infratech The Arbitral Tribunal has announced an arbitration award worth Rs 485.28 crore, along with 12% annual interest, in favour of PNC Infratech. This pertains to an EPC project for the construction of balance work of the new four-lane Agra Bypass in Uttar Pradesh, under the National Highways Authority of India (NHAI). GlaxoSmithKline Pharmaceuticals The company has reported a fire incident at one of its contract manufacturing facilities, resulting in temporary production disruption. The company is currently assessing the impact and is working closely with the site to expedite resumption of operations. Vodafone Idea The company has acquired a 26% stake in Sangli Wind Energy for Rs 31.2 lakh. Sangli Wind Energy is a special purpose vehicle (SPV) created to own and operate a captive power plant. Post-acquisition, Sangli Wind Energy has become an associate of Vodafone Idea. Bulk Deals Bharti Airtel Promoter entity Pastel sold a 1.16% stake (7.1 crore shares) in the company at an average price of Rs 1,814.08 per share, amounting to a total value of Rs 12,880 crore. Dam Capital Advisors Gazania Advisory LLP purchased 5.5 lakh shares in the company at an average price of Rs 216.70 per share. IndusInd Bank Route One Fund I LP sold 50.38 lakh shares in the bank at an average price of Rs 765.68 per share. JSW Infrastructure Promoter entity Sajjan Jindal Family Trust sold a 2% stake in the company at an average price of Rs 288.21 per share, valued at Rs 1,210.48 crore. However, the Government of Singapore acquired a 0.87% stake at an average price of Rs 288.10 per share. SME Listing on May 19 Virtual Galaxy Infotech Stocks in F&O ban Titagarh Rail SystemsHindustan CopperManappuram Finance Stocks removed from F&O ban Central Depository Services"
16 May 2025,"Stocks to Watch Today: PB Fintech, Allied Blenders, LIC Housing, Bharti Airtel, Abbott India, Rail Vikas Nigam, Infosys, JSW Energy in focus on 16 May",https://www.moneycontrol.com/news/business/markets/stocks-to-watch-today-pb-fintech-allied-blenders-lic-housing-bharti-airtel-abbott-india-rail-vikas-nigam-infosys-jsw-energy-in-focus-on-16-may-13028219.html,"Stocks to watch, 16 May: Stocks like Onesource Specialty Pharma,One 97 Communications Paytm,Industrial Investment Trust, Alkem Laboratories, Bajaj Auto, Godfrey Phillips India, Endurance Technologies, Bikaji Foods International,Godrej Industries, Bharti Airtel, Infosys, JSW Energy, LIC Housing Finance, and Allied Blenders and Distillers will be in focus on May 16.",Stocks to Watch Today,"Let's catch up on the latest news from the stock market. From significant investments to major deals, quarterly earnings, fund raising, and order wins, here’s a quick look at which stocks will be in focus in today's trade: Results Today Hyundai Motor India, Delhivery, Emami, BHEL, CreditAccess Grameen, ESAF Small Finance Bank, Eureka Forbes, Gujarat Alkalies and Chemicals, Heritage Foods, Jubilant Pharmova, Kalpataru Projects International, Matrimony.com, Nucleus Software Exports, Shipping Corporation of India, Shankara Building Products, S H Kelkar and Company, Texmaco Infrastructure & Holdings, and Texmaco Rail & Engineering will release their quarterly earnings scorecard on May 16. Results on May 17 Divis Laboratories, Amber Enterprises India, Arvind Fashions, Data Patterns (India), Gujarat Ambuja Exports, Happy Forgings, Mangalam Drugs & Organics, Neogen Chemicals, Premier Energies, TVS Electronics, Uflex, and ZEN Technologies will announce their March quarter earnings on May 17. PB Fintech Q4 (Consolidated YoY) Profit zooms 181.6% to Rs 170.6 crore Vs Rs 60.6 crore Revenue jumps 38.4% to Rs 1,507.9 crore Vs Rs 1,089.6 crore Allied Blenders and Distillers Q4 (Consolidated YoY) Profit stands at Rs 78.6 crore Vs loss of Rs 2.41 crore Revenue grows 20% to Rs 920.6 crore Vs Rs 767.6 crore Board approves fund raising up to Rs 1,000 crore LIC Housing Finance Q4 (Standalone YoY) Profit soars 25.4% to Rs 1,368 crore Vs Rs 1,090.8 crore Net interest income falls 3.2% to Rs 2,166.4 crore Vs Rs 2,237.6 crore Impairment on financial instruments drops sharply to Rs 109.4 crore Vs Rs 427.9 crore Abbott India Q4 (YoY) Profit surges 27.9% to Rs 367 crore Vs Rs 287 crore Revenue increases 11.5% to Rs 1,604.6 crore Vs Rs 1,438.6 crore Crompton Greaves Consumer Electricals Q4 (Consolidated YoY) Profit grows 22.5% to Rs 169.5 crore Vs Rs 138.4 crore Revenue rises 5.1% to Rs 2,060.6 crore Vs Rs 1,961 crore Board approves dividend of Rs 3 per share for FY25 JSW Energy Q4 (Consolidated YoY) Profit increases 16.1% to Rs 408 crore Vs Rs 351.3 crore Revenue jumps 15.7% to Rs 3,189.4 crore Vs Rs 2,755.9 crore Board approves fund raising up to Rs 10,000 crore in one or more tranches Patanjali Foods Q4 (Standalone YoY) Profit grows 73.8% to Rs 358.5 crore Vs Rs 206.3 crore Revenue soars 17.8% to Rs 9,692.2 crore Vs Rs 8,227.6 crore Board recommends dividend of Rs 2 per share Balrampur Chini Mills Q4 (Consolidated YoY) Profit jumps 12.7% to Rs 229.1 crore Vs Rs 203.4 crore Revenue increases 4.8% to Rs 1,503.7 crore Vs Rs 1,434.3 crore Godfrey Phillips India Q4 (Consolidated YoY) Profit zooms 30% to Rs 279.6 crore Vs Rs 215.1 crore Revenue spikes 79.8% to Rs 1,573.4 crore Vs Rs 875.3 crore Board announces final dividend of Rs 60 per share Endurance Technologies Q4 (Consolidated YoY) Profit soars 16.6% to Rs 245.1 crore Vs Rs 210.2 crore Revenue rises 10.4% to Rs 2,963.5 crore Vs Rs 2,684.8 crore Board recommends dividend of Rs 10 per equity share for FY25 Godrej Industries Q4 (Consolidated YoY) Profit stands at Rs 183 crore Vs loss of Rs 311.8 crore Revenue jumps 26.5% to Rs 5,779.7 crore Vs Rs 4,567.3 crore Bikaji Foods International Q4 (Consolidated YoY) Profit sinks 61.7% to Rs 44.6 crore Vs Rs 116.2 crore Revenue falls 0.1% to Rs 613.6 crore Vs Rs 614.4 crore Board approves further investment up to Rs 15 crore in subsidiary Bikaji Foods Retail Board approves investment up to Rs 20 crore in Jai Barbareek Dev Snacks via 2 crore optionally convertible debentures Board approves divestment of entire 51% stake in Bikaji Mega Food Park GR Infraprojects Q4 (Consolidated YoY) Profit falls 27.1% to Rs 403.2 crore Vs Rs 553.1 crore Revenue declines 8.4% to Rs 2,275.4 crore Vs Rs 2,485.1 crore NCC Q4 (Consolidated YoY) Profit rises 6.1% to Rs 253.8 crore Vs Rs 239.2 crore Revenue dips 5.5% to Rs 6,130.9 crore Vs Rs 6,484.9 crore Pricol Q4 (Consolidated YoY) Profit drops 15.8% to Rs 34.9 crore Vs Rs 41.5 crore Revenue surges 31.7% to Rs 769.4 crore Vs Rs 584.2 crore Tega Industries Q4 (Consolidated YoY) Profit grows 13.9% to Rs 101.9 crore Vs Rs 89.5 crore Revenue rises 5.7% to Rs 536.1 crore Vs Rs 507 crore LT Foods Q4 (Consolidated YoY) Profit increases 7.9% to Rs 160.5 crore Vs Rs 148.8 crore Revenue grows 7.4% to Rs 2,228.4 crore Vs Rs 2,074.8 crore Global Health Q4 (Consolidated YoY) Profit declines 20.4% to Rs 101.4 crore Vs Rs 127.4 crore Revenue jumps 15.2% to Rs 931.2 crore Vs Rs 808.6 crore Stocks to Watch Bharti Airtel Singtel is likely to sell nearly 5 crore shares of the company via block deals, reports CNBC-TV18, quoting sources. The offer size is expected to be $1 billion, and the floor price may be set at Rs 1,800 per share. Rail Vikas Nigam The company has received a Letter of Award from Central Railway for a project worth Rs 115.8 crore. The project involves OHE (Overhead Equipment) modification work for the upgradation of the existing 1x25 KV electric traction system to 2x25 KV feeding system in the Itarsi–Amla Section of the Nagpur Division of Central Railway, in order to meet the 3,000 MT loading target. Infosys Infosys, the digital services and consulting firm, announced an expansion of its strategic collaboration with DNB Bank ASA, Norway’s largest bank, to accelerate the bank’s digital transformation. The collaboration will leverage Infosys’ services, solutions, and platforms to support IT modernization, improve resilience, and deliver an enhanced customer experience. JSW Infrastructure Promoter entity Sajjan Jindal Family Trust is likely to sell up to 4.2 crore shares worth Rs 1,200 crore in the company via block deals, reports CNBC-TV18 quoting sources. The floor price may be at Rs 288 per share. Bajaj Auto Bajaj Auto will make an additional investment of 125 million euros (approximately Rs 1,199.92 crore) in its Netherlands-based subsidiary, Bajaj Auto International Holdings BV. Alkem Laboratories Alkem Laboratories reported that its subsidiary, Enzene Biosciences, has detected a cybersecurity incident involving its US subsidiary, in which business email IDs of certain employees were compromised. The breach resulted in a fraudulent transfer of funds. The exact quantum of the affected funds is currently under investigation. Block Deals One 97 Communications Paytm Citigroup Global Markets Mauritius purchased 3.55 lakh shares in Paytm from Goldman Sachs (Singapore) Pte – ODI at an average price of Rs 850.70 per share. Industrial Investment Trust Six Sigma Investments Fund acquired 8.88 lakh units of Industrial Investment Trust from One Earth Capital at a price of Rs 170.58 per unit. Bulk Deals Onesource Specialty Pharma Medella Holdings Pte Ltd sold a 0.77% stake in the company at an average price of Rs 1,568.04 per share. Stocks Trade Ex-Dividend State Bank of IndiaAdvanced Enzyme TechnologiesAuthum Investment & InfrastructureAlicon CastalloyAptechAptus Value Housing Finance IndiaFabtech Technologies CleanroomsIndian Energy ExchangeKewal Kiran ClothingNarmada Macplast Drip Irrigation System Stocks Trade Ex-Date for Split Mrugesh TradingVirat Leasing Stock Trades Ex-Date for Income Distribution RITES Nexus Select Trust Stock Trades Ex-Date for Rights Unison Metals Stocks in F&O ban Central Depository ServicesHindustan CopperManappuram Finance"
15 May 2025,"Auto stocks soar on hope of progress in US trade deal with Here Moto, Tata Motors topping the chart",https://www.moneycontrol.com/news/business/markets/auto-stocks-soar-on-hope-of-progress-in-us-trade-deal-with-here-moto-tata-motors-topping-the-chart-13027616.html,"The surge in auto stocks comes amid a broader rally, with benchmark indices Sensex over 1,200 points and Nifty 50 closing above 25,000 at seven-month highs.","Auto stocks soar as US-India trade deal hopes spark market rally; Here MotoCorp, Tata Motors shares up over 4%","The shares of auto companies revved up in top gear on May 15, even as US President Trump hinted that India has offered zero tariffs on all US goods, without offering further details on the progress of the negotiations. The sharp rise in the auto stocks pushed the Nifty Auto index up nearly 2 percent to close at 23,805. The surge in auto stocks comes amid a broader rally, with benchmark indices Sensex over 1,200 points higher at 82,531, while Nifty closing 1.6 percent higher at 25,062. Shares of Hero MotoCorp were the top gainer on the auto index, jumping over six percent to trade at a three-month high. The stock has been seen significant rally recently, extending gains for a fifth consecutive session. The rally supported by the company's fourth quarter results, shared on May 14. Tata Motors shares followed, jumping over four percent, after Jaguar Land Rover mentioned the US as its fastest-growing market. A possible trade deal and concession on US import tariffs could act as a major positive trigger for the auto sector. Bajaj Auto and TVS Motor shares followed, rising over 2 percent each. Samvardhana Motherson shares meanwhile closed nearly 2 percent higher. Ashok Leyland and Maruti Suzuki shares gained over 1.8 percent each. Bosch, Mahindra & Mahindra (M&M), Eicher Motors, Exide Industries and MRF ended the session in the green with marginal gains. US President Donald Trump on May 15 said that India had offered a ""no tariffs"" trade deal for American goods. ""It is very hard to sell in India, and they are offering us a deal where basically they are willing to literally charge us no tariffs,"" Reuters cited Trump as saying in a meeting with executives in Qatar. The US President further said that he had confronted Apple CEO Tim Cook about shifting production to India. ""Tim, we treated you very good, we put up with all the plants you built in China for years…We are not interested in you building in India, India can take care of themselves, they are doing very well, we want you to build here,"" Trump said. The US had imposed a slew of reciprocal tariffs on a number of trading partners in April, and unveiled 25 percent tariff on imported vehicles and auto parts. Later, the US President eased some of the tariffs, since then, the Trump administration has been hinting at a possible deal with India on the horizon."
12 May 2025,"FMCG, fertiliser, two-wheeler stocks surge up to 7% as IMD expects monsoon 2025 to arrive before time",https://www.moneycontrol.com/news/business/markets/fmcg-fertiliser-two-wheeler-stocks-surge-up-to-7-as-imd-expects-monsoon-2025-to-arrive-before-time-13020939.html,"An early monsoon is seen as a key trigger for rural consumption, particularly benefiting sectors like fertilisers, two-wheelers and fast-moving consumer goods, which rely heavily on rural demand.","FMCG, fertiliser, two-wheeler stocks surge as IMD expects monsoon 2025 to arrive before time.","Shares of fertilisers, FMCG and two-wheeler companies surged up to 8 percent on Monday after the India Meteorological Department (IMD) said the southwest monsoon is expected to arrive earlier than usual this year. According to the IMD, the monsoon is likely to hit Kerala on May 27, five days ahead of the normal onset date of June 1. This would be the earliest arrival since 2009, when the monsoon reached Kerala on May 23. The early monsoon is seen as a key trigger for rural consumption, particularly benefiting sectors like fertilisers, two-wheelers and fast-moving consumer goods, which rely heavily on rural demand. In the fertiliser space, shares of Rashtriya Chemicals and Fertilizers jumped 7.81 percent intraday to touch Rs 144 on the NSE. The stock opened with a gain of 3.32 percent. Deepak Fertilisers stock rose 6.46 percent to hit Rs 1,335, while Paradeep Phosphates and Fertilisers and Chemicals Travancore climbed in the range of 4 to 6 percent. Fertiliser companies typically benefit from robust sowing activity, which picks up pace with the onset of monsoon. Timely and above-normal rainfall also boosts the use of agri-inputs and improves volumes for these firms. In the two-wheeler segment, Bajaj Auto shares rallied nearly 4 percent to hit an intraday high of Rs 7,987.50. Hero MotoCorp and TVS Motor Company were up by as much as 3 percent. A favourable monsoon season usually boosts farm incomes and supports discretionary rural spending, including purchases of motorcycles. FMCG stocks also gained ground. Godrej Consumer Products rose over 3 percent to Rs 1,280.60. ITC, Dabur India and Hindustan Unilever added 2.4 percent, 1.86 percent and 1.89 percent respectively on optimism over increased rural spending. Early rains could lead to improved demand for daily essentials, beverages and personal care products in rural and urban areas. The IMD had earlier in April forecast above-normal cumulative rainfall for the 2025 monsoon season and ruled out any impact from El Niño conditions, which are typically associated with weaker monsoons. The southwest monsoon is a key driver for India’s farm economy and supports nearly half of the country’s farmland that lacks irrigation. Agriculture and allied activities contribute around 18.2 percent to India’s GDP."
02 May 2025,"Sensex falls 700 pts from day's high, Nifty below 24,350: US recession fears among key factors behind market decline",https://www.moneycontrol.com/news/business/markets/sensex-crashes-1-000-pts-from-day-s-high-nifty-below-24-250-us-recession-fears-among-key-factors-behind-market-decline-13011208.html,"With key U.S. non-farm payrolls report due later today, traders chose to lock in gains amid uncertainty over the global outlook.","Sensex, Nifty pared early gains on Friday amid profit booking in the domestic market today. ","The equity benchmarks gave up early gains and reversed sharply in afternoon trade on Friday as concerns over a possible US recession and tensions along the India-Pakistan border hit the investor sentiment. After a sharp rally in intra-day trade the Sensex later trimmed most of the gains and settled 259.75 points or 0.32 percent higher at 80,501.99. During the day, the benchmark jumped 935.69 points or 1.16 percent to 81,177.93. In a volatile trade, the NSE Nifty eked out a marginal gain of 12.50 points or 0.05 percent to settle at 24,346.70. JSW Steel, Eicher Motors, Nestle India, Hero MotoCorp and Bajaj Auto were among the major laggards, declining up to 6 percent. Key factors behind market volatility: 1) Profit Booking: Domestic markets witnessed heavy profit booking after the early morning rally. With key US economic data due for release, traders chose to lock in gains amid uncertainty over the global outlook. 2. Rising Crude Prices: Crude oil prices jumped nearly 2 percent overnight after US President Donald Trump threatened secondary sanctions on Iran, following a delay in talks between Washington and Tehran. Further upside in prices is expected as OPEC+ prepares for its next meeting, where more output increases are likely. Rising oil prices pose a negative for India, which imports over 80 percent of its crude needs. 3. US Recession Fears: Fresh worries about the health of the US economy also played spoilsport. The Commerce Department’s initial estimate showed the American economy shrank at an annualised rate of 0.3 percent in Q1 2025, after a 2.4 percent expansion in the previous quarter. Any slowdown in the world’s largest economy is seen as a risk for global trade and investor appetite, especially for emerging markets like India. 4. India-Pakistan Border Tensions: Rising tensions along the Line of Control (LoC) also kept markets on edge. The Pakistan Army resorted to unprovoked firing on Thursday night across multiple sectors in Jammu and Kashmir for the eighth night in a row. The Indian Army responded strongly. Any escalation could weigh on risk sentiment and trigger flight to safety among investors. ""Valuations are already stretched with the Nifty trading above 20 times estimated FY26 earnings. Add to that the rising geopolitical risk and global growth concerns — it is a recipe for short-term caution,"" said VK Vijayakumar, Chief Investment Strategist at Geojit Financial Services. ""Investors may consider raising cash levels while staying invested."" What technical analysts say Anand James, Chief Market Strategist at Geojit, said the Nifty’s repeated failure to close above the 24,359 level is a warning sign. However, the presence of long lower wicks on recent candles indicates that buyers are still active at lower levels. ""While standard deviation models point to the possibility of a move beyond 25,000, the softening of momentum indicators suggests weakness. We see immediate support in the 24,190–24,119 zone, followed by 24,070–23,950, and then 23,670,"" James added."
28 Apr 2025,Full transcript: Rajiv Bajaj's exclusive interview to Moneycontrol,https://www.moneycontrol.com/news/business/rajiv-bajaj-s-exclusive-interview-with-for-moneycontrol-find-full-transcript-here-13006739.html,"Speaking to Moneycontrol for its ""Latha & the Leaders"" series, Rajiv Bajaj asserted confidently that ""Bajaj will adapt"" as he addressed a range of key issues during the interview.",,"Bajaj Auto MD and CEO, Rajiv Bajaj, sat down with Moneycontrol’s Latha Venkatesh for an insightful conversation in the ""Latha & the Leaders"" series. During the interview, Bajaj says, ""Honda is a company I greatly admire"".  ""Our goal at Bajaj has been to have a unique business model: the world's most versatile motorcycle maker. You know, we never said to ourselves we'll be the biggest motorcycle maker or the most profitable motorcycle maker,"" he remarks. Bajaj discusses a wide array of pressing issues, including the company’s strategies and challenges in an ever-changing market. Find the full transcript below: Latha: Rahul Bajaj told me, with a twinkle in his eye, that his happiness was that my son bested me. Rajiv Bajaj: ""Do what you think best, but be the best in what you do."" We are surprised, in the last 12 months, by the kind of growth UP has demonstrated. Indian two-wheeler safety regulations are actually ahead of Europe. Latha: What's TVS getting right? Rajiv Bajaj: This you must ask my good friend Sudarshan. Brands do not travel inter-segment. Bajaj is actually a 21 or 22% EBITDA company. In a matter of weeks, the entire Indian EV industry will grind to a halt. You know, all Chetak dealerships would have to shut down. You may be surprised to know that I do not own a suit. I simply don't own one, and my uncles have always lived in his shadow. He said, ""I don't want to start another company, I don't want another board, I don't want another six board meetings."" I wish I could cook; I wish I could sing, but I wish I could dance a little bit, which I can't. Latha: The one sector that has contributed the maximum to India's manufacturing sector is actually the auto sector. It accounts for 49% of India's manufacturing, and to the credit of the two-wheeler and four-wheeler industry, from the word go, they indigenized the entire ecosystem, and both the final product and the ancillaries are globally competitive. Today, in our Moneycontrol series, “Latha & The Leaders”, I have with me one person who has kind of seen it all, enabled a better part of it, and more importantly, whose innings in the auto sector more or less corresponds to mine in journalism. I have with me the delightfully intelligent Managing Director and CEO of Bajaj Auto, Rajiv Bajaj. Rajiv, thank you very much for your time. Rajiv Bajaj: Thank you, Latha, it's a pleasure. The purpose of the show is really to look for lessons in our respective areas and to see whether we are better able to understand the future that will be upon us, but in this case, I'm going to start with the future. First of all, congratulations — your new term, five-year term of MD and CEO, has just been sanctioned by shareholders. The ordeal continues. Okay, if you say so. It's an ordeal you're enjoying. But anyway, what is the goal for the next five years? You know, my goal remains the same as it has been for the last 30 years. I'll tell you something I heard at the Japan Auto Show, Tokyo Motor Show, in 2001, I believe. Rosabeth Moss Kanter was the anchor, and she was asking a Honda CEO, basically, why would Honda exist, you know, and Honda is a company I greatly admire, and I will never forget what he said. He said, ""Honda will exist because society will want Honda to exist,"" you know. So the way I see our task — and my job — is simply this: that we have to give people a reason to permit us to be around. Now, in marketing terms, that's called differentiation or having a unique selling proposition, and to that objective, our goal as Bajaj has been to have a unique business model of being the world's most versatile motorcycle maker. You know, we never said to ourselves we'll be the biggest motorcycle maker or the most profitable motorcycle maker or the best motorcycle maker — whatever that means. We said the most versatile. Now, this has implications for markets because, for example, we are a market leader in Africa at one end of the spectrum, selling motorcycles for as little as $500 and trying to make money on them. And we are also a participant in the high-performance markets of Europe, for example, selling a 7,000-euro motorcycle and, of course, making a lot of money out of that. So whether it's your choice of markets, your brands, your brand architecture, your product platforms and the modularity in production, and, of course, the skills of your people — all of this is directly influenced by your choice of strategy. So my job, as I have understood it or defined it for myself, has been to enable Bajaj to be the most versatile motorcycle maker in the world, and I think, to a large extent, we've been able to achieve that. Definitely, you're present in perhaps the entire range of price points and product categories. But now, when you look at the market, will Puslar continue to be your bread and butter, your 70%, or will it shift to the 400 cc, or will it shift to EV? What do you think will be running your best horses? Well, sometimes people ask me, when you look back on 35 years at Bajaj, how do you see it? And I say to them that Bajaj has been through two and a half transitions. The first big transition was from a scooter company to a motorcycle company, and today, motorcycles are the majority of what we do. They are at the center of our strategy, and then everything else is connected around that. So that's one big transition we made — and it wasn't just scooters to motorcycles; it was 1960s scooters to this century's motorcycles. So, a huge shift in technology, not just in the form factor. The second big shift we made, as you just mentioned, is from being a domestic company — I mean, when I joined, 100 percent of what we made was sold here — to now being present in exactly 100 countries, you know, and to be in a position to understand each market because every market is different, people are different, competition is different, distribution is different. So this has been a second big transition that we've had to make. And the reason I said two and a half is because now we are in the middle of the third transition — from ICE to EVs, you know — and that's why when, say, a few years back, there was all this noise around whether legacy makers, as we are often unkindly referred to, will make it, or whether it will be only the startups' prerogative — who I refer to as upstarts — and my point was: it's not about one thing or another; it's about a company demonstrating what Charles Darwin said, that it's not the strongest or the most intelligent of a species that survives, it's the one that is most adaptive to change. I think this company has demonstrated repeatedly that it can adapt to significant changes. So the short answer is it doesn't matter whether people move from scooters to motorcycles, or back from 100cc bikes to bigger ones, or back from ICE to EV, or back — Bajaj will adapt. Well, that's really a great strategy, and you've taken away my pet question. I actually started this series with K.V. Kamath, and I told him that my next guest is going to be Rajiv Bajaj, and he said, ""Oh, you should ask him about his father."" Rahul Bajaj told me, with a twinkle in his eye, ""I was very angry with Rajiv. I didn't want the transition from scooters."" I mean, apparently you disagreed violently, and his happiness was, ""My son bested me,"" you know. He said that with pride. So the lesson is that you're going to always remain nimble, adaptable. Is that the big strategy or your lesson of the 30 years? Yes, I think so. You know, again, if I have to lean on Soichiro Honda, the founder of Honda Motor Company — Soichiro Honda said it is not the manufacturer, it is the customer that develops the market, you know. I see this very vividly in Africa — whether markets will remain small or grow big, whether they will want the cheapest stuff or they will want quality stuff, whether service will be important or not, you know. Who determines this? It is not a manufacturer's policy, it is what the consumer is willing to absorb. You know, as Rumi said, ""You don't sow, the earth receives,"" you know, and in that sense it was not up to my father or me or anybody else. We can only respond to the reality of the marketplace. And I would — of course I have great respect for Mr. Kamath, I'm quite in awe of him — but I would say this: that in 1993, three years after I joined the company, I think my father really gave me purpose and direction because I went to him — I'd been working for three years, everything was fine at Bajaj, there was no crisis — and I didn't know how to make myself useful, you know. So I said to him in '93 — I went to his office — and I said, you know, ""What do you want me to do here?"" Of course, he wanted me to go to Harvard Business School, and I'm the only one in my family who never went to business school, but that's a different story. And he said to me, ""I will say to you what my father said to me, which is: do what you think best, but be the best in what you do,"" you know. And I thought, that's nice, but what does it mean, you know? And then I thought that what he probably means — to be the best — is to be a global player, you know, be the best in the world in whatever it is you choose to do. And to be the best in the world, and not just in one market, I realized the value of what is my favorite marketing mantra from Al Ries, which is: narrow your focus, you know. So if you are doing sports in India, you can excel in half a dozen sports. But if you want to be a world champion, we all know that you have to really narrow your focus, you know. And that's where that sowed those seeds of the beginning of Bajaj becoming a motorcycle company. Because then we said to ourselves, if we want to be the best in the world in something, where is the biggest opportunity, where is the size of the prize the most significant? And it was motorcycles. And so we said with singular focus that we are going to chase this dream, you know. And people often say to me, ""Were you not anxious that you're putting everything behind one thing, and if it doesn't work, what happens?"" And I say to them that, look, focus and fragmentation are two sides of the same coin. A lot of people, in trying to make a virtue out of their indecisiveness, say that we are de-risking ourselves by doing multiple things. But you end up spreading yourself thin, and you don't make an impact in any particular area. So I would actually say to Kamath sir that my father gave me purpose and direction with that one sentence he said to me that day, and that got me going on the path for the last 30 years. Well, you are also diversified to some extent. Anyway, let me come back to the current market itself. The two-wheeler industry had a bad 2019 to 2022. I mean, just before Covid and through Covid, I guess there was a de-growth, contraction, but you more than made up. I think it was over 15% CAGR in the next three years. Some would say it is the slack that you all were filling, but there was growth — the economy also grew seven, eight, nine percent. How is it looking now? Well, I would say, Latha, it's a mixed bag, in the sense that I think we witness something of a K-shaped recovery undoubtedly, and the texture of this has changed every few months. For example, when we started, we witnessed that at the entry level, there was stress, you know, the so-called 100cc customer. Whereas people buying the mid-segment or the premium segments, as was seen even with cars, were less affected relatively by Covid and the consequences of it. So that end of the market was okay. Now, more recently, we are seeing some other phenomena of the urban versus rural. We have seen more stress in urban — whatever that means — as opposed to rural. We are also seeing very clearly, to our detriment a little bit, a north versus south situation, where today we are surprised, in the last 12 months, by the kind of growth UP has demonstrated. I'm talking in terms of two-wheelers, you know. I don't know — I mean, I hear stories about the wonderful roads, I hear stories about the great security situation and ladies riding in greater numbers — and so it's anecdotal. I have never been to UP, I think practically in my life, so I have no first-hand knowledge. But these are the kinds of signals that come from the marketplace. Having said that, the overall result is this: that the industry is barely back to pre-Covid levels, you know. So, just from a quantitative point of view, we are not necessarily in the best place yet. We have recovered, but growth still has to come into the marketplace. But qualitatively, things are much better. Okay, now you read about UP. One of our reporters did a microfinance survey and she said there were problems — I mean, stress at the bottom — but roads in UP were outstanding. So I can understand what you're saying. And Maharashtra is the other end of the spectrum, especially Pune — the worst roads in the country. You're telling a Bombayite. You're much better off now. Well, let's see. That's another issue. We have a lot of angst. But, you know, to come back to the products you're talking about, do you think premiumization will be a very big theme? You spoke about the K-shaped recovery and we can see it — hotels and jewellery doing much better than FMCGs. You think premiumization will be one big choice you will make? After all, you've entered 400? Well, I'll give you a somewhat indirect, longer answer to this. I think what is the reason for the success of the Indian two-wheeler industry? It is not the success of Bajaj alone, you know. Look at TVS, both in domestic and global terms. Look at Royal Enfield, you know. So what lies beneath this? To me, there are three fundamental factors. First, we have to be grateful to God because we are blessed to be born in the biggest two-wheeler market of the world, you know. So scale can be everything for most industries. So that is our first, you know, good fortune. The second is that both past governments and this present government have ensured a reasonably high level of regulation. And it's a double-edged sword. There's a downside to it that I can explain if you want me to. When you say regulation, you mean? I mean, for example, emission regulation. Today, Indian emission regulation is on par with the best in the world in Europe. So, effectively, what this has done is it has pushed all of us, starting from 1991 — you know, it's not a recent phenomenon — it has pushed us to develop technology to be the best in the world. As a result, what we sell here sells in Europe and everywhere else. So, regulations are global standards. Similarly, in terms of safety — you may be surprised to know that a 13 horsepower motorcycle in India needs the anti-lock braking system, ABS brakes, as we call it — even though it's not required in Europe, you know. So, in that sense, Indian two-wheeler safety regulations are actually ahead of Europe, you know. So if the successive governments had not continuously evolved regulations, this industry would have got commoditized. And as one of my marketing gurus told me, the greatest risk for business is creeping commoditization. So this is our second big strength, you know. And that's why cheap Chinese stuff — if I may call it that — has not found its way to this market as easily as it would have otherwise, you know. And the third and most important — again, I come back to the point of Honda — is the consumer, you know. The consumer in India, to answer your question more directly now, is one who is not interested in buying something that is just cheap, something that is purely functional, something that is just a clone of something else. So if there's a market leader in a segment, and I were to simply make a copy for 10% less, the consumer is not interested in that. If you look at every single segment — in motorcycles, scooters, even three-wheelers, because we are a three-wheeler maker as well — you will see that invariably, the brand that offers best value is the brand that is the leader of the segment, you know. And therefore, again, the consumer is shaping the segment in this way. So I think these are the underlying strengths of this market. But still, I mean, would you lean on premiumization? So on the basis of this, I would say: I like to stay away from these cliched terms, you know. This is a term that has come up in COVID times. I like to stick with the age-old word: differentiation, you know. Premiumization is a result of a manufacturer's endeavor to differentiate himself, either by his technology, by his brand, by his product — because brand and product are not the same, we all learn that the hard way — by his distribution, by other consumer initiatives, Royal Enfield being best known for that in terms of consumer experience, for example. So these are all the levers of differentiation. Somebody can call it premiumization, but I like to keep it simple for my people and say we need to differentiate. I guess the word ""premiumization"" also came because of that K-shape, you know — people with money, so premiums sold better than mass. Let me just, since you repeatedly refer to your competition, Royal Enfield — what's TVS getting right? I mean, they've taken market share, both in domestic and in exports. Hero has declined. And so have you all by a few percentage points. What are they getting right? And how will you jump back? This you must ask my good friend Sudarshan. But I have always been an admirer of TVS, you know, for the last 30 years, 35 years. And, I mean, I know this may sound a little condescending. But I think just as we got strategy, technology, product, quality, productivity, distribution — all of this — right, I think they're doing the same. And they're grabbing share. Yeah, they're gaining share. Well, for us, the focus is this: A, the 125cc plus motorcycle market, where the numbers suggest that we are able to hold our own. We are number two in this market, in the domestic market, behind Honda. TVS is not in the top two. Then we are doing, I think, quite well in the, if I may call it the Royal Enfield segment — the premium segment — where again, we are close number two with Yamaha. Of course, Enfield is way ahead. TVS is really not on the radar there. However, with the scooters, we don't participate. And TVS has done extraordinarily well over there. But with the electric scooters, it's again neck-to-neck between Chetak and the iQube. So that's great competition. I honestly don't care who's first, as long as it's between Bajaj and TVS. So I think we've kind of ganged up against the Olas and Athers. You keep admiring Honda, but it is still — I mean, the old Hero Honda — but now Hero, still one of the bigger competitors here. Well, for me, the competition is really in India, TVS and Enfield; outside of India, Honda and Yamaha. You know, these are the people that we have to watch out for. Of course, we respect everyone. But that's my core competitive set. Okay. How do you manage this 20% margins? I mean, you sell quality bikes at a very, very affordable price, as you said — you know, from 35,000 rupees or 50,000 rupees in India and $500 abroad. But still, you have your fist on that 20%. Do you look at margins first and then volume? No, margins are always a consequence. Even within the company, if you talk to people, there will be some who will think that we are driven first and foremost by a 20% EBITDA. This is not true. The answer to this puzzle is quite simple. It's in two parts. The first part is this, most companies do not achieve this margin because of the things they do, which they should not be doing. You know, so in every company, there is a 20% EBITDA product — in every single company. But then the management decides to cross the boundaries of the brand. You know, and I'll be very candid in saying this: for example, if Maruti were only a small car maker, its EBITDA would be higher than if they tried to put money into developing and selling bigger cars. Because consumers don't necessarily want a bigger car with the ""M"" on the bonnet. You know, Hero is very successful with small motorcycles, not necessarily with big motorcycles.Bajaj is relatively successful with big motorcycles, not necessarily with small motorcycles. So I think every brand has its place. And that's why I say to people that when we talk about go-to-market strategy, I always say my go-to-market strategy starts with go-to-brand. If you want to participate in a different segment, you have to go with a different brand. Brands do not travel intersegment as much as management would like to believe they do. So that's the first part. If Bajaj had been participating, let's say, in ICE scooters or mopeds, or other such segments we had ventured into, we would not have a 20% EBITDA — because, you know, that would be taking 5%. It would not be accretive; it would be taking 5% from our bottom line. So this is, I think, a big part of the reason why we don't have that. The second one is: Bajaj is actually a 21% or 22% EBITDA company, actually. You know what I mean is this — you know, Mark Twain said, ""Don't let your schooling interfere with your education."" And we say to ourselves similarly: ""Don't let your entrepreneurship interfere with your — don't let your business interfere with your entrepreneurship."" What we mean is that the reason we are at 20 and not 21 or 22 is because there is always a 1% or 2% experimentation that goes on in Bajaj, you know. Sometimes that is invested in creating a new market in Africa. Sometimes that is invested in creating electric vehicles. Sometimes that is created in bringing KTM and Triumph to this country. So there is always a startup within the legacy company, you know, and at different points of time that experimentation is happening in different areas. So it may appear to you that you have invested so much in EVs — it's no secret that so far EVs aren't really profitable. But how do you manage to? Because that buffer was there, always being applied somewhere else. And now it's been brought into play over here. So give me a headline. I mean, how do you see this? What is the growth number you are prepared for, for the next five years? Will it be like GDP — 6%, 7%? What is your working number? No, that's very hard to say. Because as a global company, it is the sum of what happens across markets. If we were to rely on the past as an indicator, then it would be in the region of what you're suggesting. But if there is any discontinuity — you know, for example, let me just give you an example of the three-wheelers. So Bajaj is a world leader in three-wheelers. Again, we export almost half of what we make, etc., in normal times. Now, an entry-wheeler is a space where electric is extremely relevant. And that's why the rate of adoption has been so high. Now, we are already witnessing enormous traction for our electric three-wheeler, which we introduced only last May. And, in fact, we are several years after the market leader. But you'll be happy to know that yesterday, my colleagues let me know that we are now the market leader in the electric three-wheeler space in this market. Now, if this triggers governments — state governments — to say, you know, the adoption rate is very high, let's encourage it and let's get rid of the old — and not just stop selling the ICE, but get rid of the 10-year-old, 15-year-old — and replace it with electric, then the demand profile will completely change. Also, it's not a secret that in a couple of months, by the next quarter, we are hoping to enter the E-Rick segment, which is almost as big as the E-Auto, as we call it. And today, we are not present in this segment. So that gives us another great opportunity. So sometimes there are these discontinuous moments. You wanted a headline — I can give you a cryptic headline. And I said this to Parikshit some months back — that we are working on a very interesting partnership opportunity, a global opportunity with a very interesting company and brand. Now, if that were to materialize, then that will again give Bajaj a new growth avenue. So it will always be adjacent to our core space, so we will never go away from this business model that we alluded to earlier. But it will be a significant extension of that, that reaches out into a relatively wide space, let's say. So one is the rate at which the overall market will grow. But if Bajaj does some smart stuff, we can outgrow the market growth — and that would be our hope. Well, let's come back to the situation we are in now, Rajiv — the tariff war. We are going to have, perhaps, narrower markets, pay for access to US markets, but does it affect your industry at all, affect y'all at all? Well, every day is a new day, with what is happening of late. You know, four days ago — or a little more than that — we received news that we must immediately stop shipments to the US, for example. You know, we export KTM and Triumph motorcycles to the US. It's not a big market for us, but it's a very profitable market for us. So we are suddenly hit by that. A few days later, we were told that we can now supply to the US, there's no problem. Two, three days ago, we are suddenly faced by the prospect of an increase in steel prices. And as of yesterday — I still have to verify this — but I was given to believe that suddenly China has decided not to permit the export of heavy rare earth magnets, which are used in motors of electric vehicles. You know, and as you know, for some of these EV components, the whole supply chain of the world resides in China.So if this is true — we are still trying to come to terms with all the facts — but if this is true, it would mean that, and if it doesn't change, then in a matter of weeks, the entire Indian EV industry will grind to a halt. So I guess what I'm trying to say is — whether it's at the front end or at the back end — every day there is a surprise to be dealt with. So it's not just about the tariff, but all the collateral stuff that goes with it. No, this can be serious, because China will use what they can to arm-twist the best terms from global trade. But there was also an expectation that things will get cheaper, because you can't sell to the big $4 trillion US market, then there should be disinflation in Asia. So margins could even improve. Yeah, I mean, I guess that's very industry-specific. In our case, most of our exports are — if I may say — to the southern hemisphere, so to speak. And to that extent, if we could not export any more to US or Europe — anyway, these markets were already down — so that's not going to be a big influence. I don't think so. But if lithium or rare earths — that can be a very big thing. Oh, it will just bring the factory to a halt. What's your percentage of EV contribution to the entire? So today, let's say, electric vehicles on a monthly basis are about 10% of our global — what we make and sell. But, for example, in a particular segment — like in scooters — everything we make is EV. And in three-wheelers today in the domestic market, let's say, out of 35-40,000 a month, now almost 6-7,000 a month, which is not a small number, it's almost 20%. So in specific segments that affect not just us, but our dealerships and our dealer partners, this can be havoc, all Chetak dealerships would have to shut down. No, it can be serious. And even in the larger EV space, it's not, it's a scary prospect. But why did you develop that CNG that came out of nowhere? What triggered that? And what are the plans? We spoke about differentiation. And the way again, we look at it is that there's two ways for this to happen. If it's an idea you have that you want to take to market, you can probably call this as disruption, you're trying to disrupt the market. Whereas if it's an insight you glean from the consumer, then probably this is differentiation, just as a matter of semantics. So I think CNG was more than differentiation to the disruption idea. I will share this with you that the company I referred to earlier, that we hope to partner, they made a wonderful presentation where their CEO said that if you're not creating the next paradigm, you can be sure someone else is, and therefore it is in that sense of anticipation that we said to ourselves that CNG is very popular with cars, with three wheelers, it has completely overwhelmed the market, it is now 70% of the industry and certainly 70% of our sales, and for very good reasons, clean, cost effective, reliable, safe, no range anxiety, etc. So we said, why not a CNG two wheeler? And why not be the first company in the world to do this? So from our internal point of view, it was something it was exciting for our engineers. And from a market point of view, we thought, here is something disruptive. Okay, you think it can be a very big part of your range? That time will tell. We have started in a limited way. Because CNG availability is not as widespread as it needs to be. So markets like pockets in Maharashtra, or across Gujarat, UP, etc., where CNG is more freely available. This is where we started. And the adoption rate will take its own time because consumers are not entirely comfortable with the idea of a CNG tank under their backside when they're riding a vehicle. So it's a matter of perception. But then, as we say, in marketing terms, perception is greater than reality. So it will take some time for word of mouth to develop. But we are happy to have done something new. Oh, perception is far greater than reality in our social media times. Let's never forget that. But to come back to the other things that you are trying, KTM has its own problems, we keep getting negative headlines from Europe. Will that get stalled or you will swim through? Well, it's difficult to say. We have been given a certain period of time by the authorities in which this matter must be resolved one way or the other. Otherwise, the company will simply go bankrupt. That deadline is 23rd of May. So frankly, the last five or six months of our time as a senior management, including my colleagues who are in charge of business development and our CFO, etc, they've been just preoccupied with this. We hope we will have a good solution. Because KTM is a fantastic brand. We've been associated with it for 17 years. Over that period of time, it has become the world's number one premium motorcycle brand, overtaking Harley. It's very strong in its space of off-road, especially off-road racing, just a world champion forever. And for us, as Bajaj, it's a very large part of our business in revenue terms, it's very profitable for us. So this is not something we would like to let go of easily. But from the current position, which is extremely difficult, we need to find a very sustainable solution for the future. It's not just a question of cut paste in the short term. We have to have something very sustainable in the future. We are working on it. I think we are close. But you know, in these things, there's so many slips between the cup and the lip. So it will be only closer to 23rd of May, that hopefully everything will be resolved. And then we'll be very relieved and happy to have a great solution for the future. It doesn't have any implications for Bajaj out of balance sheet, does it? Well, not directly in a standalone sense. But to the extent that we are almost a 40% shareholder and that may go up now. So at a consolidated level, yes. But at a more, let's say, practical standalone level, no. Okay, but you may have to loan, Bajaj Auto may have to loan more to the subsidiary. Well, we've already had to inject some capital into the company to get it restarted. And just to meet its monthly operating expense kind of thing. And yes, we'll have to recapitalize the company if we are successful in taking it beyond 23rd of May. And so whether we do it ourselves, we do it with a strategic investor, i.e. an industrial partner, or we do it with a financial partner or debt funds, etc. These are all the options that are obviously on the table. So we have to find the most optimal way forward. But you are likely to have more investors. I think it's inevitable. PE or some other fund investor. Yes. Okay, that can be another thing to watch out for. Now, let me just zoom out into your approach as an entrepreneur. You're always in a t-shirt. Like you said, just some time back that you resisted going to business school. What makes you tick? What are your mantras that are different from other entrepreneurs or CEOs? You know, I think it has a lot to do with our upbringing. So I have a younger brother, as you know, Sanjeev, and a sister that we unfortunately lost last year. So there's three of us. And our parents were both Mumbaikers, you know, Bombay people. But then my father decided that when Bajaj Auto was set up, not in Pune, but actually in the little village of Akurdi outside of Pune. He felt that the right thing was to be on site. You know, he would always say, I don't believe in absentee landlordism. So my parents moved there. And as was the case in those times, everybody that worked at Bajaj lived in the colony. So we grew up with 200-300 kids over there. And I have actually seen this myself firsthand. When I joined the company, my father's secretary showed me a file of letters that my father wrote to the principal of Cathedral School in Mumbai, where he studied every year saying, I request you to give admission to my children A, B and C in standards X, Y and Z, you know, and permission would come. And we never went. And then next year, he would write the same thing again. And this went on till we graduated from 10th grade. So it was your choice or your dad's choice to put you all in the same school as the Bajaj Auto staff? So it was my mom's choice. And so when I saw this, I asked her that, you know, dad was getting us permission. Papa was getting us permission like this every year. But we carried on here and we used to walk to school. In those days, Bombay-Pune Road was a little strip of tar. And we would walk to school or go in the same school bus as these 200-300 kids. And so we played on the same uneven soccer field every day. We swam in the same public colony pool with everyone. We climbed the same Bogan Villa trees. We stole the same mangoes from people's trees. And we crushed the same tube light and made manja out of it to fly the kite. So that was life growing up, you know, for the first 15-18 years. And I think what value that instilled in us was this that it's all about meritocracy and not about aristocracy. That is the value our parents instilled in us, that in all aspects of life. And I think it also told us what I think kids miss out on a little bit today. You know, Coco Chanel said this best when she said, the best things in life are free. The second best are very expensive. And I think we grew up in an environment where the best things were free. And I think that we have carried through. So you may be surprised to know that I do not own a suit. I simply don't own one. So if I'm invited to forums or events that require a jacket or a tie, I can't go because this is all I have. Okay, that's good. Actually,  even I checked out. Rajiv would have come in a t-shirt. I'm not going very, very formally dressed in a jacket or anything like that. But these are great values. Actually, apparently, if you looked at the top 100 billionaires, 80% are first-time billionaires. So, I mean, somewhere nature allows this churn. And therefore, it's good to stay grounded. What do you attribute to the fact that the Bajaj lineage has been able to remain at the top? Very often families peak off. Is it that these values keep y'all ticking? You know, I can just tell you in a very practical sense. I have nothing very profound to say in that regard. My father was, let's say, a very larger-than-life personality. He was also literally much older than his brothers. So my three uncles, one of whom, unfortunately, we lost recently. So they were the oldest of them was 10 years younger than him. And then the rest are even younger. So three years ago, my father passed away. And so now our family council is basically my three uncles, Sanjeev, myself, and one of my cousins, the son of my youngest uncle. Now, just look at this situation. I mean, I'm going to say this very candidly. You know, my father was the high-profile guy. He had all the success, let's say all the limelight, etc, etc. And my uncles have always lived in the shadow to that extent. And this is bound to happen in every generation. There is somebody who stands out like that. You know, but even after my father had passed, they were always with him. He passed away at 82. And there was never a moment when there was any kind of ill feeling on account of the fact that Rahul Bajaj was the Bajaj group. So I give a lot of credit to my uncles, and therefore, obviously, by extension, to my aunts, because otherwise, that is what becomes the problem. And even after my father has passed, I mean, the kind of love and freedom that my uncles have given Sanjeev and myself, you know, to do whatever we are doing. I think it is that collective spirit, which we like to tell ourselves the spirit of trusteeship that comes from Gandhiji, my great grandfather was adopted as his fifth son. So the spirit of trusteeship that nothing is yours, you know, you're a custodian for some time, and you take care of it before you pass it on. I'm very fond of yoga. And I was very blessed that Guruji B.K.S. Iyengar, who lived in Pune, just 30 minutes from my house, he was one of my yoga teachers. And he said something beautiful, you know, he said, nothing belongs to us, even the air we inhale must be exhaled. So once you, I think once you understand that, then there is no problem. Well, I also have the privilege and the pleasure to be B.K.S. Iyengar's student. So yeah, you get amazing lessons. And not just in yoga, but in life, from him. Well, I have to put in two more business questions because you brought, I mean, you spoke about Sanjeev, you have started a finance company. Is that only in-house for you? what is the... Well, it's like this, Bajaj Finance was started by my father in the late 80s. Its sole purpose was to finance Bajaj two-wheelers and three wheelers. And for a long time, maybe 15-20 years, the only business of Bajaj Finance was to finance Bajaj Auto's products in this market. And then when Sanjeev took over and he led the transformation of the company and you have seen the results of that, they went much beyond that brief. And progressively, Bajaj Autos business was under 10% of Bajaj Finance's business. However, from Bajaj Autos point of view, almost half of its motorcycles sold in this market. And I think perhaps a third of its three wheelers are financed by Bajaj Finance. Now, when this asymmetry happens, you know, between two companies and therefore two managements, the kind of focus again, we come back to narrowing your focus, less is more and stuff like that. The focus of the Bajaj Finance management upon our business was not proportionate to our own focus on that same matter. On the focus you wanted. Yes. And this is a very big competitive lever. It's one of the very big competitive levers in the marketplace. And correctly so, a financier's priority will always be risk. And whereas an OEM will err a little bit more on the side of expanding his business. Left to a financier, they only want to lend money to people that don't need the money in the first place. So this is a problem with all the banks and the NBFCs. So then we said to ourselves that, and I'll let you in on this family secret, I said this to my father in 2010 for the first time, that, you know, this is going to be a conflict in the future, from a business point of view, let's separate this. He just shut me up. He said, I don't want to start another company. I don't want another board. I don't want another six board meetings. And, you know, to be very candid, there will also be this thing of, “What people will say.” You know, is there a split happening there and stuff like that. He said, I don't want to do it right now. So frankly, till he was around, this was not done. But internally in this family council I referred to, we were all kind of agreed on this. So then once my father had passed away in February 22, then we set this in motion, it took us 18 months to get RBI approval for this. And then we started off so that we can have an NBFC. And that is the guardrail provided by RBI also. Your only business activity will be to finance Bajaj Auto products. So that's the only purpose, very sharp focus, but a very important competitive lever for Bajaj Auto. Okay. Got that straight. And you also have a Bajaj Auto technology. Any specific reason you want an R&D thrust? Well, let me be honest and say, I don't think that was so well thought out as Bajaj Auto Credit Limited. But there was a point in time when something new like electric vehicles, and not just EVs, other future technologies, you know, hydrogen, other things are coming into play. Then it was important for a period of time at least to build competence with reasonable scale in that area. So we said to ourselves that to lend focus again to that, let's have that separately. But perhaps in the future that, and these are both 100% subsidies of Bajaj Auto. So at an appropriate time, it can always be rolled back in. I like what Sage Vasishta said, you know, he said, nothing is more powerful than doing the right thing at the present moment. So at each time you do what is right for that moment. And that may not be the same as time passes, because things change, and then you respond. And as you said you all have been adaptable. And that has been your strength. Just finally, I mean, you're nowhere close to retirement, you've just taken over for the next five years. But is there something you feel I must do before I take off my gloves? You mean in terms of work? Work. Well, as I said, my goal has always been singular, to be part of creating a versatile company. Certainly in the short term, the goal would be to finish this third transition successfully. Perhaps, I shouldn't say this, but you know, so my son is 26, Rishabh is 26. He's been in the business almost four years. So, of course, right now, he's too young. But hopefully, there is some potential for continuity there. Eventually, time will tell again, what I want to do and what I enjoy doing now more and more. And let me tell you, I actually started work from home in 2018, July 2018, two years before COVID. Because having been part of a company for 35 years, and most of my team has worked with me for a very long time. You know, so we kind of know each other well, we can almost read each other's minds. I don't need to unnecessarily go to work and impose myself on the system, unless there is a specific reason to. So quite frankly, I'm home half the time, I enjoy my dogs, I enjoy my garden. I enjoy my yoga, I enjoy my pool, I enjoy my friends, I enjoy a little bit of travel, I enjoy homeopathy. It is, I think my greatest joy in a certain sense, I wish I could cook, I wish I could, I can't sing, but I wish I could dance a little bit, which I can't. So these are the things I would like to do, you know, and yeah, I'm 58. So you would not be-- I would not take offense if you suggested that I'm close to retirement. No, no, you're not close to retirement. I do wish you a great innings. And this continued sense of humor and twinkle in your eye every time you reply. You bring out the best in me. Thank you very much, Rajiv, for your time. I really enjoyed every moment of this. Lovely, Latha. Thank you so much."
28 Apr 2025,We export largely to the global South; but trade war can hurt in various ways: Rajiv Bajaj,https://www.moneycontrol.com/news/business/we-export-largely-to-the-global-south-but-trade-war-can-hurt-in-various-ways-rajiv-bajaj-13006471.html,"Though Rajiv Bajaj was wary of predicting his company's short-term growth, his big, bold assertion was that Bajaj as a company has shown the ability to adapt, to be versatile.",,"Whether it is EV or scooters, whether it is domestic or global markets, whether it is trade war or contesting with start-ups like Ola and Ather, Rajiv Bajaj's bet is that Bajaj Auto has been the most adaptable, versatile motorcycle maker, and his job is to keep it that way. “Bajaj will adapt"" was Rajiv Bajaj's confident assertion, as I interviewed him on a range of issues for Moneycontrol's series ""Latha & the Leaders.""  The tariff barriers to entering US wont impact Bajaj Auto much as they export mostly to the global South, but the trade war could have a major impact on the company's and the country's fledgling EV sector if China carries out its threat of banning export of heavy rare earths and magnets where it has over 60% of the worlds supply. ""EVs would account for about 10% of Bajaj Auto's total output,"" Rajiv says, ""but our scooters, Chetak, are 100% EV, and if a ban comes, all Chetak dealers have to close down"". Likewise, nearly 20% of Bajaj's 3-wheelers, where it is a global leader, are electric. But the rare earths export restriction by China is an extreme scenario, it's a threat in the future and for the whole world, he says. For Bajaj Auto itself, at the moment, the trade war is bringing other minor irritants like costlier steel due to the anti-dumping duty and threats of sudden closure of the markets where Rajiv says the company has a profitable business of exporting Triumph motorcycles. Also Read - My childhood taught me it's all about meritocracy and not about aristocracy: Rajiv Bajaj What about domestic growth? ""The two-wheeler industry is barely back to pre-COVID levels; it is not necessarily in the best place yet”, says Rajiv, referring to the recent slowdown in urban consumption. ""But there are always positive surprises,"" he says. “We are surprised by the two-wheeler industry’s growth in Uttar Pradesh in the last 12 months...We hear of wonderful roads in UP, improved security situation, more women riding 2-wheelers,"" says the Bajaj CEO. Rajiv refuses to commit to a growth number for this year or for his next five-year term as MD, which has just begun. ""Our growth will be the sum of all our global markets."" ""It is also dependent on policy: if state governments see the advantages of electric two-wheelers and force conversion from ICE to EV, Bajaj will be a beneficiary,"" he argues. Though Rajiv was wary of predicting his company's short-term growth, his big, bold assertion was that Bajaj as a company has shown the ability to adapt, to be versatile. Rajiv Bajaj cut his teeth in the industry in the early nineties when Bajaj scooters was the undisputed leader that was seeing its absolute dominance being snatched away by Hero Honda as the consumers clearly indicated their preference for motorcycles over scooters. It was then that the young Rajiv argued with his iconic father, Rahul Bajaj, and moved him and the company, screaming and kicking, into the motorcycle market. KV Kamath, referring to those times, narrated to me that Rahul Bajaj once said, ""With a twinkle in his eye, told me, my son has bested me"". “Bajaj has been through two and a half transitions,"" explains Rajiv with some nostalgia. First was the transition from scooters to motorcycles. And it wasn't just scooters. “1960s scooters to 21st century's motorcycles is the first big transition of Bajaj...Bajaj’s second big shift is going international from being a domestic company. When I joined, we were entirely domestic; now we are in exactly 100 countries. And now we are in the middle of the third transition from ICE to EVs”, Rajiv says. Rajiv has just been granted by his shareholders a new 5-year term as MD & CEO, and his goal in these five years is to continue what he began. “My job has been to enable Bajaj to be the most versatile motorcycle maker in the world. We never said we would be the biggest or the most profitable motorcycle company... we said we will be the most versatile."" So, when asked about the challenge from EV start-ups like Ola and Ather or trade wars, his quiet assertion is “Bajaj will adapt.” Also Read - 'The only business was to finance Bajaj Autos products and then when Sanjeev took over...': Rajiv Bajaj on transformation of Bajaj Finance Will Bajaj go for premiumisation? Rajiv dismissed that word as cliched. ""I prefer to say differentiation. Bajaj is in 100 markets, and each is different in its size, income levels, and preferences,"" he explains. “Focus and fragmentation are two sides of the same coin,” he said his strategy is to pick segments and markets and be the best there. ""Focus and fragmentation are two sides of the same coin"", he notes. Lately, the Indian two-wheeler market has been seeing TVS gain market share, and both Hero and Bajaj losing market share. So, what's TVS getting right? Rajiv argues that TVS is nowhere in large segments like the 125 cc motorcycle or even the 400 cc Triumph category. He obliquely hinted that Bajaj doesn't want to be in some lower-margin scooter segments. So, is Bajaj fixated on 20% margins? No, says Rajiv, they don't start with margin targets. ""Margins are always a consequence"" of the segments a company chooses to be. “If Maruti were only a small car maker, its EBITDA would be higher."" “Bajaj is actually a 21% or 22% EBITDA company... 1-2% is set aside for experimentation; that way there is always a start-up within the legacy company,"" he says, adding with a twinkle, ""Mark Twain said don't let schooling interfere with your education; we say don't let business interfere with your entrepreneurship!"" Rajiv attributes the success of India's two-wheeler industry to the sheer good fortune of being born in the world's largest 2-wheeler market and secondly, to the sensible regulations that successive Indian governments have come up with. “Indian emission regulation is on par with the best in the world,"" he says, so Bajaj bikes are competitive and profitable in Europe. Likewise, India's safety regulations, “A 13-horsepower motorcycle needs the anti-lock braking system in India, but not in Europe...Indian two-wheeler safety regulations are actually ahead of Europe”, he says. Rajiv was emphatic about his company's success in the 3-wheeler space. ""Bajaj is a world leader in three-wheelers, he said, adding they are ""witnessing enormous traction for Bajaj’s electric three-wheeler. In a couple of months, we are entering the e-rick segment"". He hinted, but wouldn't reveal much about a trump card currently up his sleeve. “Bajaj is working on a very interesting partnership opportunity; it's a global opportunity with a very interesting company & a brand that is adjacent to our core space,"" was all he would reveal. ""If we do something smart stuff, we can grow faster than the market,"" he said."
22 Apr 2025,"Jefferies downgrades Hero Moto, Bajaj Auto but maintains ‘buy’ on Eicher, TVS Motor",https://www.moneycontrol.com/news/business/stocks/jefferies-downgrades-hero-moto-bajaj-auto-but-maintains-buy-on-eicher-tvs-motor-13000971.html,"India's two-wheeler makers has undergone significant shifts, with TVS Motors achieving its largest market share in 18 years and exports reaching new highs. On the other hand, Hero Moto's market share in the domestic market has fallen to a 20-year low, the Jefferies note said.","Jefferies downgraded Bajaj Auto to ‘hold’ from its previous ‘buy’ rating, significantly cutting the target price to Rs 7,500 from Rs 10,550 per share. Hero Moto received a double downgrade and is now rated ‘underperform’ from earlier ‘buy’ rating, with the price target cut from Rs 5,075 to Rs 3,200.","India's two-wheeler industry may be in for sluggish year as volumes are likely to fall, according to international brokerage Jefferies, which has downgraded leaders Bajaj Auto and Hero Moto and lowered its target price for the shares of both the companies. The brokerage has revised its two-wheeler volume growth estimate for FY26/FY27, reducing them by 6 percentage points and 2 percentage points, respectively, however, it is still predicting a 10 percent CAGR over between FY25 and FY28. Jefferies downgraded Bajaj Auto to ‘hold’ from its previous ‘buy’ rating, significantly cutting the target price to Rs 7,500 from Rs 10,550 per share. Hero Moto received a double downgrade and is now rated ‘underperform’ from earlier ‘buy’ rating, with the price target cut from Rs 5,075 to Rs 3,200. On the other hand, Jefferies maintained its ‘buy’ on TVS Motors, raising its target to Rs 3,225 from Rs 3,050 earlier and on Eicher Motors, for which, the target has been revised higher to Rs 6,700 from Rs 6,600 earlier. India's two-wheeler makers has undergone significant shifts, with TVS Motors achieving its largest market share in 18 years and exports reaching new highs. On the other hand, Hero Moto's market share in the domestic market has fallen to a 20-year low, the Jefferies note said. Jefferies also lowered its Earnings Per Share (EPS) estimates for FY 26-27 by 5 percent for Bajaj Auto, 11 percent for Hero Moto, and 2-3 percent for TVS Motor, and shared an assumption of an industry growth of 8 percent in FY26 and 11 percent in FY27 and FY28, respectively. At 3:15 pm, shares of Bajaj Auto dropped 1.4 percent, reflecting a large decline from its 2024 peak of Rs 12,774. Hero MotoCorp's stock fell 2 percent while shares of TVS Motor were higher by 0.3 percent. Eicher Motors stock price was trading lower by 0.4 percent on the NSE."
21 Mar 2025,"TVS, Bajaj, others two-wheeler shares rise up to 4% on CLSA's bullish note showing demand for premium bikes",https://www.moneycontrol.com/news/business/markets/tvs-bajaj-others-two-wheeler-shares-rise-up-to-4-on-clsa-s-bullish-note-showing-demand-for-premium-bikes-12971673.html,"CLSA said that overall motorcycle volumes increased 5 percent on-year so far in FY25, but the entry-level segment saw a decline of nearly 11 percent, and premium segment rose 8 percent on-year.",Bikes,"The shares of leading two-wheeler makers rallied on March 21 after CLSA issued a bullish note, observing that premium motorcycle sales have outperformed the entry-level segment so far this fiscal. In its latest report cited by ET Now, the brokerage said that while the overall motorcycle volumes increased 5 percent on-year so far in FY25, the entry-level segment saw a decline of nearly 11 percent. The sales volumes of entry-level bikes have more than halved from its pre-COVID levels. The premium segment however rose 8 percent on-year. Bajaj Auto CLSA said Bajaj Auto lost the most market share in the 125-250 cc category, falling by 700 basis points in the last one year as the sales volume of its popular model Pulsar dropped 5 percent. However, the brokerage said that it prefers the shares of Bajaj Auto as it believes the stock is set to benefit from the rising demand for its 125-250 cc models after the recent correction. Bajaj Auto shares jumped nearly 2 percent to trade at Rs 8,074 apiece. CLSA kept an 'Outperform' rating on the stock, with a target price of Rs 9,473 per share. The latest target price implies an upside potential of nearly 17 percent from the stock's current market price. TVS Motor TVS Motor shares jumped over 4 percent to trade at Rs 2,445 apiece. This comes as the stock sees heavy trading volumes. CLSA kept a 'Hold' rating for the stock, with a target price of Rs 2,511 per share. This implies an upside potential of nearly 3 percent from the stock's current market price. Hero Motocorp CLSA said that the high sale volumes seen by the newly launched Hero Xtreme 125R increased the premium market share by 800 bps in the last one year to date. The executive segment, which consists of motorcycles priced between Rs 95,000 and Rs 1.25 lakh, saw a fall in Hero's market share by 600 bps. Honda's market share however rose by 400 bps. Hero Motocorp shares rose nearly 2 percent to trade at Rs 3,659 apiece. CLSA kept an 'Outperform' rating for the stock with a target price of Rs 4,940 per share, implying an upside potential of over 35 percent from the current market price. Eicher Motors Eicher Motors shares also rose nearly 2 percent each to trade at Rs 5,319 apiece. For the maker of Royal Enfield bikes, the brokerage kept a 'Hold' rating with a target price of Rs 5,395 per share. This implies an upside potential of over 1 percent. These stocks were notably the top gainers on the Nifty Auto index, which was up over 1.5 percent to stand at 21,965."
19 Mar 2025,"Stocks to Watch Today: Bajaj Auto, LIC, Dr Reddys Labs Zydus Lifesciences, GR Infraprojects, Super Iron Foundry, Uflex in focus on 19 March",https://www.moneycontrol.com/news/business/markets/stocks-to-watch-today-bajaj-auto-lic-dr-reddys-labs-zydus-lifesciences-gr-infraprojects-super-iron-foundry-uflex-in-focus-on-19-march-12968689.html,"Stocks to Watch, Mar 19: Stocks like ESAF Small Finance Bank, Granules India, Westlife Foodworld, Strides Pharma Science, TVS Supply Chain Solutions, Dr Reddys Laboratories, TD Power Systems, Larsen & Toubro, Zen Technologies, Brookfield India Real Estate Trust REIT, and Jyoti Structures will be in focus on March 19.",Stocks to Watch Today,"Let's catch up on the latest news from the stock market. From significant investments to major deals, order wins, appointments and acquisitions, here’s a quick look at which stocks will be in focus in today's trade: Stocks to Watch Bajaj Auto The Board has re-appointed Rajivnayan Rahulkumar Bajaj as the Managing Director & Chief Executive Officer of the company for five consecutive years, effective April 1. Additionally, Abhinav Bindra has been appointed as a Non-executive Independent Director of the company for five years, effective May 20. The Board has also approved an additional fund infusion of up to Rs 1,500 crore in the company's subsidiary, Bajaj Auto Credit, in one or more tranches. Zydus Lifesciences The pharmaceutical company has received final approval from the United States Food and Drug Administration (USFDA) to manufacture Apalutamide tablets in a 60 mg strength. Apalutamide is an androgen receptor inhibitor used for the treatment of patients with metastatic castration-sensitive prostate cancer. Apalutamide tablets had annual sales of $1,099.8 million in the United States, according to IQVIA MAT January 2025. GR Infraprojects The company has received a Letter of Acceptance from the National Highways Authority of India for a project worth Rs 4,262.78 crore. The project involves the construction of the Agra-Gwalior Greenfield road in Uttar Pradesh, Rajasthan, and Madhya Pradesh on a DBFOT pattern under the BOT (Toll) Mode, as part of the NH(O) scheme. ESAF Small Finance Bank The Board will meet on March 21 to consider fund raising through the issuance of non-convertible debentures (Tier II bonds) on a preferential basis. Granules India The company's subsidiary, Granules Europe at Bath, United Kingdom, has been voluntarily dissolved, effective March 18, due to a strategic change in the business model. Westlife Foodworld Akshay Jatia has been elevated to Chief Executive Officer (CEO) of the company, replacing Amit Jatia, who will cease to be a key managerial personnel, effective March 18. Amit Jatia and Akshay Jatia will continue as directors of the company, with no change in the composition of the Board of Directors. Akshay Jatia is currently the Executive Director (Whole Time Director) of the company. Strides Pharma Science As part of right-sizing the group entities and eliminating non-operating entities, the company's step-down subsidiary, Generic Partners UK, has been voluntarily dissolved, effective March 18. Generic Partners UK was a non-operating company, and its contribution to the consolidated turnover of the company for FY24 was nil. TVS Supply Chain Solutions Andrew Jones has resigned as CEO, Europe of the company. He will be relieved of his duties, effective May 31. Life Insurance Corporation of India LIC has issued a clarification note on media reports that the company is looking to enter the health insurance business. In this regard, LIC stated that it is still in advanced talks with a standalone health insurance company to acquire a substantial stake to broaden the Corporation's footprint in the health insurance market. However, no binding agreement has been entered into. The execution and consummation of the deal are subject to regulatory approvals, and there can be no guarantee or assurance of the execution/consummation of the potential deal. Dr Reddy’s Laboratories The company, along with Nasdaq-listed global biotech company Alvotech, announced that the US Food and Drug Administration (FDA) has accepted a 351(k) Biologic License Application (BLA) submission for AVT03, developed by Alvotech. AVT03 is a proposed biosimilar of Prolia (denosumab) and Xgeva (denosumab). TD Power Systems The company has received approvals from the BSE and National Stock Exchange India for the reclassification of Lavanya Sankaran from the promoter & promoter group to the public shareholder category. Larsen & Toubro The Board meeting is scheduled for March 21 to consider fund raising via a debt issue. Bharat Petroleum Corporation In a significant advancement in sustainable aviation, Bharat Petroleum Corporation (BPCL) has entered into a quadripartite Memorandum of Understanding (MoU) with BluJ Aerospace, the Agency for New and Renewable Energy Research and Technology (ANERT), the Government of Kerala, and Cochin International Airport (CIAL) to develop the first hydrogen-fueled Vertical Take-off and Landing (VTOL) aircraft ecosystem globally. Zen Technologies The company has completed the investment and acquired a 45.33% stake in Bhairav Robotics. Bhairav has now become an associate company of Zen Technologies. Uflex The company's subsidiary, Flex Middle East, FZE, Dubai, has incorporated a step-down subsidiary, Flex Films AZB AFEZCO, in Azerbaijan. This new subsidiary will set up a facility for manufacturing biaxially oriented polypropylene (BOPP) packaging film in Azerbaijan and sell it in the domestic market as well as in other adjoining CIS and European countries. Bulk Deals Brookfield India Real Estate Trust REIT Sponsors BSREP India Office Holdings Pte Ltd and BSREP India Office Holdings IV Pte Ltd sold 1.57 crore units in the REIT at an average price of Rs 283 per unit, and 1.54 crore units at an average price of Rs 283.04 per unit, respectively. 360 ONE Portfolio Managers and 360 ONE Prime acquired 1.18 crore units in the REIT at an average price of Rs 283 per unit. Jyoti Structures Sun-N-Sand Hotels bought a 0.58% stake in the company at an average price of Rs 17.09 per share. SME Listing on March 19 Super Iron Foundry Stocks Trade Ex-Dividend Power Finance CorporationAGI Infra Stocks in F&O ban BSEIndusInd BankHindustan CopperManappuram FinanceSAIL"
10 Mar 2025,"Maharashtra hikes tax on CNG vehicles by 1%, additional 6% tax on select EVs; shares of car makers, MGL fall",https://www.moneycontrol.com/news/business/stocks/maharashtra-hikes-tax-on-cng-vehicles-by-1-additional-6-tax-on-select-evs-shares-of-car-makers-mgl-fall-12960812.html,"During his Budget speech, Deputy CM and Finance Minister Ajit Pawar said the tax hike on CNG vehicles is estimated to generate an additional Rs 150 crore in revenue for the state. ",Ajit Pawar,"The shares of EV and CNG vehicle makers, along with related OEMs fell on March 10 as Maharashtra announced a hike in the motor tax levied on compressed natural gas (CNG) and PNG four wheelers by one percent. This is expected to generate Rs 150 crore in additional revenue for the state in the upcoming financial year. Currently, the motor vehicle tax levied on such cars ranges between 7 to 9 percent, based on vehicle and price. An additional 6 percent tax on electric vehicles prices above Rs 30 lakh was also announced as part of the state's annual Budget unveiled by the state Finance Minister Ajit Pawar. This is expected to generate an additional Rs 170 crore in revenue for the state in the upcoming financial year. Notably, the budget also proposed to impose 7 percent motor vehicle tax on vehicles used for construction work and light goods carrying vehicles. This is expected to generate Rs 625 crore in additional revenue for the state in FY26. The proposed changes are set to take effect from April 1 with the beginning of the financial year 2026. Ajit Pawar, who is also the Deputy Chief Minister of Maharashtra, presented the first full Budget of the Mahayuti 2.0 government on March 10. The shares of Maruti Suzuki and Mahanagar Gas (MGL) fell nearly a percent, Tata Motors shares closed with marginal losses, and Mahindra & Mahindra (M&M) shares declined over a percent at close. Hyundai Motors shares recorded strong losses, partly due to other news flow around the company, and Bajaj Auto shares ended nearly 3 percent lower at close. At close, Nifty Auto ended with significant losses on March 10, down nearly 1.22 percent. Maharashtra ranked second in terms of EV registrations between 2019 and 2024, second only to Uttar Pradesh. It registered 4.39 lakh EVs during the period out of the total 36.4 lakh registrations in India, as per government data for 2024. (With inputs from CNBC-TV18)"
03 Mar 2025,"Bajaj Auto top loser in BSE Auto index after hitting 52-week low as February sales skid, knocking off Bajaj Finserv shares",https://www.moneycontrol.com/news/business/stocks/bajaj-auto-top-loser-in-bse-auto-index-after-hitting-52-week-low-as-february-sales-skid-knocking-off-bajaj-finserv-shares-12954807.html,"Overall, the company's total domestic sales dropped 11 percent to 1.83 lakh units, while exports surged 21 percent to 1.69 lakh units.",Bajaj Auto,"The shares of Bajaj Auto dropped nearly 3 percent to hit a fresh 52-week low of Rs 7,683 apiece on March 3. This comes after the company reported a 14 percent fall in domestic 2-wheeler sales in the month of February. Bajaj Finserv, which offers financing schemes on Bajaj Auto vehicles, also saw strong selling pressure, falling over 2 percent to trade at Rs 1,831 apiece. In an exchange filing, Bajaj Auto said it sold 1.46 lakh 2-wheelers in India in February 2025. This marks a fall of 14 percent from the 1.71 lakh 2-wheelers it sold in February 2024. The company's 2-wheeler exports however jumped 23 percent on-year to 1.53 lakh units during the month. In the segment of commercial vehicles, Bajaj Auto recorded a rise of 3 percent in domestic sales, while exports fell 2 percent. Overall, the company's total domestic sales dropped 11 percent to 1.83 lakh units, while exports surged 21 percent to 1.69 lakh units. Bajaj Auto shares are currently the top loser on the BSE Auto index. Meanwhile, the company's peer Hero MotoCorp also saw a strong decline in its share price on March 3. Hero MotoCorp shares fell nearly 2 percent to trade at Rs 3,630 apiece. This comes after the automaker announced that it sold 3.88 lakh units (including domestic and foreign sales) in February 2025. This marks a fall of over 17 percent from the 4.68 lakh sales it had recorded in February 2024. Hero MotoCorp's domestic sales tumbled 20 percent on-year to 3.57 units. EV-maker Ola Electric meanwhile announced on February 28 that it has sold over 25,000 units in February so far, backed by a strong S1 portfolio and sales-and-service network of 4,000 stores across the country. In its press release, the company further said that it has captured a market share of over 28 percent in the EV 2-wheeler segment."
03 Mar 2025,"Stocks to Watch Today: Tata Motors, Paytm, TVS Motor, NLC India, Piramal Enterprises, International Gemmological Institute, M&M in focus on 3 March",https://www.moneycontrol.com/news/business/markets/stocks-to-watch-today-tata-motors-paytm-tvs-motor-nlc-india-piramal-enterprises-international-gemmological-institute-m-m-in-focus-on-3-march-12954332.html,"Stocks To Watch, Mar 3: Stocks like Foseco India, Rana Sugars, Maruti Suzuki India, Hyundai Motor India, Eicher Motors, Escorts Kubota, SML Isuzu, Atul Auto, VST Tillers, Dr Agarwals Health Care, Bajaj Auto, Indian Overseas Bank, Voltas, Mankind Pharma, Ujjivan Small Finance Bank, Dalmia Bharat, and Tata Communications will be in focus on March 3.",Stocks to Watch Today,"Let's catch up on the latest news from the stock market. From significant investments to major deals, quarterly earnings, auto sales, appointments, order wins, and acquisitions, here’s a quick look at which stocks will be in focus in today's trade: Quarterly Earnings International Gemmological Institute India Q4 (Consolidated YoY) Profit grows 45% to Rs 113.8 crore Vs Rs 78.4 crore Revenue increases 6% to Rs 265 crore Vs Rs 249.9 crore Foseco India Q4 (YoY) Profit jumps 19.8% to Rs 19.5 crore Vs Rs 16.3 crore Revenue rises 11.6% to Rs 136.5 crore Vs Rs 122.3 crore Company recommends a final dividend of Rs 25 per share Rana Sugars Q3 (Standalone YoY) Profit zooms 158.2% to Rs 14.2 crore Vs Rs 5.5 crore Revenue increases 15.8% to Rs 390.3 crore Vs Rs 337.2 crore Monthly Auto Sales Tata Motors (February YoY) Total sales decline 8.2% to 79,344 units Vs 86,406 units Total domestic sales drop 9% to 77,232 units Vs 84,834 units Commercial vehicle sales down 7% at 32,533 units Vs 35,085 units Passenger vehicle sales (including EV) fall 9% to 46,811 units Vs 51,321 units Maruti Suzuki India (February YoY) Total sales increase 1% to 1,99,400 units Vs 1,97,471 units Domestic sales grow 3.5% to 1,74,379 units Vs 1,68,544 units Exports fall 13.5% to 25,021 units Vs 28,927 units Production grows 5.1% to 1,87,414 units Vs 1,78,261 units Hyundai Motor India (February) Total sales at 58,727 units Domestic sales at 47,727 units Export sales at 11,000 units Mahindra and Mahindra Automobile (February YoY) Total sales grow 14.8% to 83,702 units Vs 72,923 units Passenger vehicle sales increase 18.9% to 50,420 units Vs 42,401 units Exports zoom 99% to 3,061 units Vs 1,539 units Three-wheeler sales rise 3.8% to 6,395 units Vs 6,158 units Mahindra and Mahindra Tractor (February YoY) Tractor sales increase 18% to 25,527 units Vs 21,672 units Domestic sales jump 19% to 23,880 units Vs 20,121 units Exports sales up 6% at 1,647 units Vs 1,551 units TVS Motor Company (February YoY) Total sales grow 10% to 4.03 lakh units Vs 3.68 lakh units Two-wheeler sales increase 10% to 3.91 lakh units Vs 3.57 lakh units Electric vehicle sales up 34% at 24,017 units Vs 17,959 units Exports zoom 26% to 1,24,993 units Vs 98,856 units Three-wheeler sales jump 14% to 12,087 units Vs 10,614 units Eicher Motors (February YoY) Royal Enfield sales soar 19% to 90,670 units Vs 75,935 units Royal Enfield Exports jump 23% to 9,871 units Vs 8,013 units VECV sales grow 9% to 8,092 units Vs 7,424 units Escorts Kubota (February YoY) Tractor sales increase 11.4% to 8,590 units Vs 7,709 units Domestic sales up 9.6% at 7,968 units Vs 7,269 units Exports sales grow 41.4% to 622 units Vs 440 units SML Isuzu (February YoY) Sales zoom 27.5% to 1,288 units Vs 1,010 units Cargo vehicles sales up 15.3% at 468 units Vs 406 units Passenger vehicles sales grow 35.8% to 820 units Vs 604 units Atul Auto (February YoY) Total sales increase 26% to 2,900 units Vs 2,300 units Domestic sales up 11.3% at 2,360 units Vs 2,120 units VST Tillers Tractors (February YoY) Total sales fall 21.8% to 3,260 units Vs 4,170 units Power Tillers sales drop 21.8% to 2,952 units Vs 3,773 units Tractors sales down 22.4% at 308 units Vs 397 units Stocks to Watch Dr Agarwal's Health Care Dr Agarwal's Health Care will be in focus on March 3 as the lock-in period for 50% of the shares in the company's IPO anchor book opens today. One 97 Communications (Paytm) The company has received a show cause notice from the Directorate of Enforcement for alleged contraventions of certain provisions of the Foreign Exchange Management Act (FEMA) between 2015 and 2019. The notice pertains to its acquisition of two subsidiaries—Little Internet and Nearbuy India (formerly Groupon)—along with certain directors and officers. The alleged contraventions involve transactions amounting to Rs 611.17 crore. Bajaj Auto The company has received a tax demand order amounting to Rs 138.53 crore for FY21 from the Deputy Commissioner of State Tax, Pune. The demand primarily relates to a differential tax liability between the specific HSN classification adopted by the company (GST rate of 18%) and the general HSN classification of auto parts as determined by tax authorities (GST rate of 28%). Indian Overseas Bank The bank has received a demand from the Deputy Commissioner, Large Taxpayers Unit, Chennai, for a GST liability of Rs 699.52 crore, inclusive of interest and penalties, for the Annual Scrutiny Assessment Year 2020-21. The penalty imposed by the authority amounts to Rs 35.26 crore. NLC India The Navratna company has received a Letter of Award for a 200 MW wind power project from SJVN at a tariff of Rs 3.74 per kWh. Voltas The company has completed the transfer of its direct investment (92% stake) in Saudi Ensas Company for Engineering Services WLL, Kingdom of Saudi Arabia, to Universal MEP Projects Pte, Singapore (UMPPL), for Rs 61.84 crore. As UMPPL is a step-down wholly-owned subsidiary, Voltas’ economic interest in Saudi Ensas Company for Engineering Services WLL remains intact, and the entity continues to be a wholly-owned subsidiary. Mankind Pharma The Income Tax Authority has raised an additional tax demand (including interest) of Rs 111.68 crore for the Assessment Year 2021-22. Ujjivan Small Finance Bank The bank has completed the sale of a stressed loan portfolio, including a written-off loans pool with an outstanding value of Rs 364.51 crore, to an Asset Reconstruction Company (ARC) for Rs 34.26 crore. Dalmia Bharat The company has announced a strategic investment of Rs 3,520 crore in Maharashtra and Karnataka. This includes the establishment of a 3.6 MnTPA (million tonnes per annum) clinker unit and a 3 MnTPA grinding unit at the Belgaum plant, Karnataka, along with a new greenfield split grinding unit with a capacity of 3 MnTPA in Pune, Maharashtra. Piramal Enterprises The company has received a tax demand order from the GST Department, Maharashtra, for the tax period 2020-21, amounting to Rs 1,502 crore, including interest and penalties. The demand primarily pertains to the slump sale of its pharma business to Piramal Pharma in FY21, along with the transfer of its subsidiary companies for Rs 4,487 crore. Mazagon Dock Shipbuilders Biju George has been given additional charge as Chairman & Managing Director of the company for one month, effective March 1. He currently serves as the Director (Shipbuilding) of the company. MSTC The company has received an income tax demand order of Rs 105.55 crore for the Assessment Year 2019-20 from the Income Tax Department. Tata Communications The company has completed the sale of its entire stake in its wholly-owned subsidiary, Tata Communications Payment Solutions. As a result, Tata Communications Payment Solutions has ceased to be a subsidiary of the company. NCC The company received an order worth Rs 218.82 crore in February. The order pertains to the transportation division and has been awarded by a state government. Aurobindo Pharma The company has completed the acquisition of an 80% stake in its step-down subsidiary, Tergene Biotech, from Auro Vaccines for Rs 10.76 crore. Auro Vaccines is a wholly-owned step-down subsidiary of Aurobindo Pharma, and with this acquisition, Tergene Biotech has now become a direct subsidiary. RailTel Corporation of India The company has received a work order worth Rs 26.37 crore from the Cuttack Development Authority. Aditya Birla Real Estate The company's subsidiary, Birla Estates, has secured bookings worth approximately Rs 500 crore through the sale of over 300 units of Birla Trimaya Phase III – The Park in Bengaluru. Tech Mahindra The Board has approved the merger of Comviva Technologies USA Inc. with its parent company, Comviva Technologies Americas Inc. Comviva Technologies Americas Inc. is a wholly-owned subsidiary of Comviva Technologies India and a step-down subsidiary of Tech Mahindra. Bulk Deals Coforge Motilal Oswal Mutual Fund has acquired a 0.5% stake in the company at an average price of Rs 7,367.94 per share, amounting to Rs 250.1 crore. Generic Engineering Construction and Projects Unlisted Assets has acquired 2.9 lakh shares in the company at an average price of Rs 27.68 per share from Divam Sharma. Home First Finance Company India iShares Core MSCI Emerging Markets ETF has picked up a 0.55% stake in Home First at an average price of Rs 1,007.25 per share. IndusInd Bank Integrated Core Strategies (Asia) Pte has sold a 0.65% stake in IndusInd Bank at an average price of Rs 986.74 per share, amounting to Rs 501.94 crore. KEI Industries Motilal Oswal Mutual Fund has acquired a 1.2% stake in KEI Industries at an average price of Rs 3,105.49 per share, amounting to Rs 367.09 crore. TeamLease Services Nippon India Mutual Fund has acquired a 1.6% stake in TeamLease at an average price of Rs 1,865 per share. Meanwhile, Goldman Sachs Funds - Goldman Sachs India Equity Portfolio has sold a 1% stake at the same price. Kisan Mouldings Promoter entity Apollo Pipes has acquired an additional 6 lakh shares in the company at an average price of Rs 46.50 per share. Block Deals ITC SEI Trust Company, acting as a trustee on behalf of Allspring Emerging Markets Equity CIT, has acquired a 0.02% stake in ITC at an average price of Rs 401.60 per share from Wells Fargo Emerging Markets Equity CIT. SME Listing on March 3 Beezaasan Explotech Stock Trades Ex-Dividend Aayush Wellness"
