Date,Title,URL,Article Description,Article Text,Article Content
28 Aug 2025,Coal India Appoints S K Maimud Alli as Executive Director,https://www.moneycontrol.com/news/business/markets/coal-india-appoints-s-k-maimud-alli-as-executive-director-alpha-article-13497028.html,Coal India Appoints S K Maimud Alli as Executive Director,,"Coal India Limited has announced the appointment of Shri S K Maimud Alli as Executive Director - Materials Management, effective November 11, 2024. This promotion makes him a Senior Management Personnel, one level below the Board of Directors, according to a disclosure made under Regulation 30 of SEBI (Listing Obligations and Disclosure Requirements), Regulations 2015. Shri S K Maimud Alli, aged about 58 years, holds a BSc. Engg (Mining) and an MBA. He joined Coal India Limited on October 10, 1990, and brings over 30 years of experience in the field of Procurement. Senior Management PersonnelSI. No.Name (S/Shri)DesignationBrief Profile1Sri SK Maimud AlliExecutive Director (Materials Management)Shri SK Maimud Alli aged about 58 years is a BSc. Engg (Mining) and MBA. Shri SK Maimud Alli has joined Coal India Limited on 10-10-1990 and has over 30 years of experience in the field of Procurement. The announcement was made to the Bombay Stock Exchange and the National Stock Exchange of India Limited on August 28, 2025. The scrip code for Bombay Stock Exchange is 533278, and the ISIN for National Stock Exchange of India Limited is INE522F01014. The Company Secretary and Compliance Officer, B. P. Dubey, has disclosed this information."
26 Aug 2025,"Sensex settles 850 pts lower, Nifty below 24,750: US tariff worries among key factors behind market decline",https://www.moneycontrol.com/news/business/markets/sensex-declines-500-pts-nifty-near-24-800-us-tariff-worries-among-key-factors-behind-market-decline-13488512.html,"Sensex, Nifty declined as persistent foreign fund outflows and subdued global cues weighed on market sentiments. ","Sensex, Nifty see profit-booking in August 26 trade. ","The equity benchmark indices Sensex and Nifty declined over 1 percent on Tuesday, marking their steepest fall in over three months, after the US issued a draft notice proposing additional tariffs on Indian imports. The benchmarks last saw a similar sharp drop on May 20. Sensex benchmark tumbled 849.37 points, or 1.04 percent, to close at 80,786.54. During the day, the index nosedived 949.93 points, or 1.16 percent, to hit a low of 80,685.98. The Nifty dropped 255.70 points, or 1.02 percent, to finish at 24,712.05. In the intra-day session, it dived 278.15 points, or 1.11 percent, to hit a low of 24,689.60. Sun Pharmaceutical Industries, Shriram Finance, Tata Steel, Dr. Reddy's Laboratories and Coal India were among the major laggards, declining up to 3 percent intraday. Key factors behind the decline: 1) US tariff concerns: The United States has issued a draft order to implement an additional 25 percent tariff on Indian imports, effective August 27. The Department of Homeland Security said the move was linked to ""threats to the US by the government of the Russian Federation,"" with India included under the new levies. Prashanth Tapse, Senior VP (Research), Mehta Equities Ltd, said ""The biggest headwind for Indian markets remains whether Nifty can scale the 'Wall of Worry' around the 50 percent Trump tariff set to kick in on August 27, which threatens to make almost all of India's USD 86.5 billion exports to the US commercially unviable."" US issues notice for extra 25% tariff on India beginning August 27 2) Weak global cues: Asian markets were trading lower, with Japan’s Nikkei 225, South Korea’s Kospi, Hong Kong’s Hang Seng and Shanghai’s SSE Composite in the red. US markets also closed lower overnight, while Wall Street futures pointed to further weakness, raising concerns of continued pressure on emerging markets, including India. Stock Market LIVE Updates 3) FII selling: Foreign Institutional Investors (FIIs) offloaded equities worth Rs 2,466.24 crore on Monday, according to exchange data. Analysts said sustained outflows remain a drag on market sentiment and liquidity. 4) Rupee under pressure: The rupee declined 22 paise to 87.78 against the US dollar in early trade on Tuesday amid concerns over the impending US tariffs. Forex dealers said strong dollar demand from importers and tariff uncertainty weighed on the domestic currency. 5) Volatility index: The India VIX, a measure of market volatility, rose more than 5 percent to 12.38, signalling higher risk perception among investors. Technical view Anand James, Chief Market Strategist at Geojit Financial Services, said ""Inability to close above the 25,000-25,033 region yesterday suggests that buyers are not keen on chasing prices higher. This leaves room for dips. Upswing possibility could diminish if Nifty slips below 24,870, but it would require a direct fall below 24,740 to initiate downside plays."""
07 Aug 2025,"Coal India Allows Power Sale in Exchanges from August 1, 2025",https://www.moneycontrol.com/news/business/markets/coal-india-allows-power-sale-in-exchanges-from-august-1-2025-alpha-article-13414032.html,"Coal India Allows Power Sale in Exchanges from August 1, 2025",,"Coal India Limited (CIL) has cleared the way for the sale of un-requisitioned surplus (URS) power generated by thermal power plants that use CIL's linkage coal under long and medium term fuel supply agreements (FSAs), effective from August 1, 2025. This decision allows power to be sold in the power market and exchanges. Previously, power purchase agreements (PPAs) using CIL's linkage coal were restricted to selling electricity generated within the confines of the PPAs. The earlier provisions disallowed the sale of power generated from long and medium term FSAs in the power market and exchanges. In alignment with the revised SHAKTI policy, CIL has removed the restriction on selling power in the open market. This change applies uniformly to all existing and future long and medium term power FSAs and extends to all power generators, including Central and State Gencos and independent power plants. According to a senior official, CIL has been strengthening its relationships with consumers, and this policy enables the power sector to meet the consistent demand for affordable power. The increased availability of surplus power in the exchanges is expected to keep spot prices in check, making power more affordable. A year ago, in August, CIL facilitated supplies beyond the Annual Contracted Quantity (ACQ) to thermal power plants (TPPs), including IPPs, by removing a provision that limited coal supplies to a maximum of 120% of ACQ. For the current fiscal year, CIL has approximately 650 million tonnes of FSAs in place for the power sector."
05 Aug 2025,Buy Coal India; target of Rs 450: Sharekhan,https://www.moneycontrol.com/news/business/stocks/buy-coal-india-target-of-rs-450-sharekhan-2-13392904.html,"Sharekhan is bullish on Coal India has recommended buy rating on the stock with a target price of Rs 450 in its research report dated August 04, 2025.",Buy,"Sharekhan's research report on Coal India Company reported a revenue of Rs. 35,842 crore, a decline of 1.7% y-o-y. Volume offtake decreased while the realization was almost flat. Adj. operating profit (ex-OBR) of Rs. 11,126 crore was down 3.6% y-o-y and inline with estimate. Consolidated PAT of Rs. 8,743 crore was down 20.2% y-o-y because of lower other income and higher depreciation. Coal India’s volume growth is expected to improve with the addition of thermal capacities. Also, IPO of its subsidiaries would help in some value unlocking. Outlook Valuation of 6.1x/5.8x its FY26/FY27 EPS estimates is attractive, and the stock offers a high dividend yield of ~7%. We maintain a Buy with an unchanged PT of Rs. 450. For all recommendations report, click here Coal India - 05082025 - khan"
04 Aug 2025,Buy Coal India; target of Rs 480: Motilal Oswal,https://www.moneycontrol.com/news/business/earnings/buy-coal-india-target-of-rs-480-motilal-oswal-3-13381555.html,"Motilal Oswal is bullish on Coal India has recommended buy rating on the stock with a target price of Rs 480 in its research report dated July 31, 2025.",BUY,"Motilal Oswal's research report on Coal India 1QFY26 revenue came in at INR358b (-2% YoY and -5% QoQ) against our est. of INR372b. Adj. EBITDA (excluding OBR exp) stood at INR111b (-4% YoY and -1% QoQ) against our estimate of INR115b. EBITDA/t stood at INR582 (flat YoY and +4% QoQ) vs. our est. of INR600/t. APAT at INR87b (-20% YoY and -9% QoQ) was in line with our est. The company declared an interim dividend of INR5.5per share in 1Q. Production stood at 183.3mt (-3 YoY and -23% QoQ) and Offtake stood at 190.6mt (-4% YoY and -5% QoQ). Outlook At CMP, the stock is trading at 3.3x FY27E EV/EBITDA. We reiterate our BUY rating with a TP of INR480 (premised on 4.5x on FY27E EV/EBITDA). For all recommendations report, click here Coal India_01082025_Motilal Oswal"
01 Aug 2025,"Coal India Consolidated June 2025 Net Sales at Rs 35,842.19 crore, down 1.71% Y-o-Y",https://www.moneycontrol.com/news/business/earnings/coal-india-consolidated-june-2025-net-sales-at-rs-35842-19-crore-down-1-71-y-o-y-13367560.html,,,"Reported Consolidated quarterly numbers for Coal India are: Net Sales at Rs 35,842.19 crore in June 2025 down 1.71% from Rs. 36,464.61 crore in June 2024. Quarterly Net Profit at Rs. 8,743.38 crore in June 2025 down 20.22% from Rs. 10,959.47 crore in June 2024. EBITDA stands at Rs. 14,137.28 crore in June 2025 down 12.86% from Rs. 16,223.13 crore in June 2024. Coal India EPS has decreased to Rs. 14.19 in June 2025 from Rs. 17.78 in June 2024. Coal India shares closed at 376.35 on July 30, 2025 (NSE) and has given -4.94% returns over the last 6 months and -27.93% over the last 12 months. "
01 Aug 2025,Coal India shares decline marginally amid high volume in today's session,https://www.moneycontrol.com/news/business/stocks/coal-india-shares-decline-marginally-amid-high-volume-in-today-s-session-alpha-article-13365949.html,"With the stock currently trading at Rs 375.05, Coal India reflects a slight downturn amid high trading activity.",,"Shares of Coal India were trading at Rs 375.05 on Friday as of 10:43 am, witnessing a marginal decrease of 0.35% in today's session. The stock experienced high volume and a volume surge during this period. The stock is part of the Nifty 50 index.Financial PerformanceThe following table presents Coal India's consolidated quarterly financial performance:HeadingJun 2024Sep 2024Dec 2024Mar 2025Jun 2025RevenueRs 36,464.61 CroreRs 30,672.88 CroreRs 35,779.78 CroreRs 37,824.54 CroreRs 35,842.19 CroreNet ProfitRs 10,858.15 CroreRs 6,137.66 CroreRs 8,420.23 CroreRs 9,423.80 CroreRs 8,589.95 CroreEPS17.7810.2113.8015.5814.19The revenue for the quarter ending June 2025 stood at Rs 35,842.19 Crore, while in the previous quarter ending March 2025, it was Rs 37,824.54 Crore. The net profit for the quarter ending June 2025 was Rs 8,589.95 Crore, compared to Rs 9,423.80 Crore in the quarter ending March 2025. The EPS for June 2025 stood at 14.19, while in March 2025, it was 15.58. The following table presents Coal India's consolidated yearly financial performance:Heading20212022202320242025RevenueRs 90,026.01 CroreRs 109,713.50 CroreRs 138,251.91 CroreRs 142,323.98 CroreRs 143,368.92 CroreNet ProfitRs 12,705.14 CroreRs 17,387.01 CroreRs 28,133.08 CroreRs 36,942.30 CroreRs 34,839.84 CroreEPS20.6128.1745.7060.6957.37BVPS59.9771.1094.14135.62160.81ROE34.7740.2349.2045.2135.67Debt to Equity0.160.080.070.080.09The revenue increased from Rs 142,323.98 Crore in 2024 to Rs 143,368.92 Crore in 2025. Net profit decreased from Rs 36,942.30 Crore in 2024 to Rs 34,839.84 Crore in 2025. The EPS also experienced a slight decrease, moving from 60.69 in 2024 to 57.37 in 2025.Income StatementThe following table presents the yearly consolidated income statement for Coal India:Mar 2025Mar 2024Mar 2023Mar 2022Mar 2021SalesRs 143,368 CroreRs 142,323 CroreRs 138,251 CroreRs 109,713 CroreRs 90,026 CroreOther IncomeRs 9,470 CroreRs 7,969 CroreRs 6,550 CroreRs 3,904 CroreRs 3,792 CroreTotal IncomeRs 152,838 CroreRs 150,293 CroreRs 144,802 CroreRs 113,618 CroreRs 93,818 CroreTotal ExpenditureRs 105,451 CroreRs 101,087 CroreRs 106,109 CroreRs 89,451 CroreRs 75,161 CroreEBITRs 47,387 CroreRs 49,205 CroreRs 38,693 CroreRs 24,166 CroreRs 18,656 CroreInterestRs 883 CroreRs 819 CroreRs 684 CroreRs 541 CroreRs 644 CroreTaxRs 11,664 CroreRs 11,443 CroreRs 9,875 CroreRs 6,237 CroreRs 5,307 CroreNet ProfitRs 34,839 CroreRs 36,942 CroreRs 28,133 CroreRs 17,387 CroreRs 12,705 CroreThe following table presents the quarterly consolidated income statement for Coal India:Jun 2025Mar 2025Dec 2024Sep 2024Jun 2024SalesRs 35,842 CroreRs 37,824 CroreRs 35,779 CroreRs 30,672 CroreRs 36,464 CroreOther IncomeRs 1,615 CroreRs 3,937 CroreRs 2,143 CroreRs 1,505 CroreRs 1,884 CroreTotal IncomeRs 37,458 CroreRs 41,761 CroreRs 37,922 CroreRs 32,177 CroreRs 38,349 CroreTotal ExpenditureRs 25,628 CroreRs 28,816 CroreRs 25,976 CroreRs 23,953 CroreRs 24,078 CroreEBITRs 11,830 CroreRs 12,945 CroreRs 11,946 CroreRs 8,224 CroreRs 14,270 CroreInterestRs 265 CroreRs 241 CroreRs 225 CroreRs 208 CroreRs 208 CroreTaxRs 2,974 CroreRs 3,280 CroreRs 3,301 CroreRs 1,878 CroreRs 3,203 CroreNet ProfitRs 8,589 CroreRs 9,423 CroreRs 8,420 CroreRs 6,137 CroreRs 10,858 CroreCash FlowThe following table presents the yearly consolidated cash flow statement for Coal India:Mar 2025Mar 2024Mar 2023Mar 2022Mar 2021Operating ActivitiesRs 29,199 CroreRs 18,103 CroreRs 35,686 CroreRs 41,087 CroreRs 10,559 CroreInvesting ActivitiesRs -10,076 CroreRs -4,485 CroreRs -23,422 CroreRs -26,481 CroreRs 338 CroreFinancing ActivitiesRs -13,308 CroreRs -13,899 CroreRs -13,661 CroreRs -13,441 CroreRs -8,455 CroreOthersRs 0 CroreRs 0 CroreRs 0 CroreRs 0 CroreRs 0 CroreNet Cash FlowRs 5,814 CroreRs -281 CroreRs -1,397 CroreRs 1,165 CroreRs 2,443 CroreBalance SheetThe following table presents the yearly consolidated balance sheet for Coal India:Mar 2025Mar 2024Mar 2023Mar 2022Mar 2021Share CapitalRs 6,162 CroreRs 6,162 CroreRs 6,162 CroreRs 6,162 CroreRs 6,162 CroreReserves & SurplusRs 92,942 CroreRs 76,567 CroreRs 51,082 CroreRs 36,980 CroreRs 30,354 CroreCurrent LiabilitiesRs 64,741 CroreRs 61,272 CroreRs 68,734 CroreRs 57,402 CroreRs 51,642 CroreOther LiabilitiesRs 96,351 CroreRs 93,669 CroreRs 85,227 CroreRs 79,697 CroreRs 73,619 CroreTotal LiabilitiesRs 260,198 CroreRs 237,672 CroreRs 211,206 CroreRs 180,243 CroreRs 161,779 CroreFixed AssetsRs 105,249 CroreRs 94,628 CroreRs 69,582 CroreRs 59,574 CroreRs 52,895 CroreCurrent AssetsRs 96,193 CroreRs 103,883 CroreRs 108,082 CroreRs 92,842 CroreRs 84,724 CroreOther AssetsRs 58,754 CroreRs 39,160 CroreRs 33,541 CroreRs 27,826 CroreRs 24,159 CroreTotal AssetsRs 260,198 CroreRs 237,672 CroreRs 211,206 CroreRs 180,243 CroreRs 161,779 CroreContingent LiabilitiesRs 0 CroreRs 263,307 CroreRs 159,863 CroreRs 171,067 CroreRs 161,610 CroreFinancial RatiosKey financial ratios for Coal India are as follows:RatioMar 2021Mar 2022Mar 2023Mar 2024Mar 2025Basic EPS (Rs.)20.6128.1745.7060.6957.37Diluted EPS (Rs.)20.6128.1745.7060.6957.37Book Value / Share (Rs.)59.9771.1094.14135.62160.81Dividend/Share (Rs.)16.0017.0024.2525.5026.50Face Value1010101010Gross Profit Margin (%)24.8426.0631.3639.3039.43Operating Margin (%)20.7222.0227.9834.5733.05Net Profit Margin (%)14.1115.8420.3425.9524.30Return on Networth / Equity (%)34.7740.2349.2045.2135.67ROCE (%)16.9319.6727.1527.8924.24Return On Assets (%)7.859.6313.3315.7313.58Current Ratio (X)1.641.621.571.701.49Quick Ratio (X)1.471.491.451.531.29Debt to Equity (x)0.160.080.070.080.09Interest Coverage Ratios (X)28.9452.8163.3868.2763.98Asset Turnover Ratio (%)55.640.010.020.630.58Inventory Turnover Ratio (X)10.060.000.001.260.993 Yr CAGR Sales (%)2.404.9819.9525.7314.313 Yr CAGR Net Profit (%)34.53-0.2229.7970.5241.56P/E (x)6.326.504.687.156.94P/B (x)2.202.612.303.232.48EV/EBITDA (x)3.103.062.234.373.91P/S (x)0.891.030.951.881.71Corporate ActionsCoal India's board approved the first interim dividend for FY 2025-26, according to a corporate action announcement on July 31, 2025. Additionally, the unaudited financial results (standalone & consolidated) for the quarter ended June 30, 2025, were declared on the same date. Earlier dividends include:An interim dividend of Rs 5.60 per share (56%) was announced on January 15, 2025, with an effective date of January 31, 2025.An interim dividend of Rs 15.75 per share (157.5%) was announced on October 14, 2024, effective November 5, 2024.A final dividend of Rs 5.00 per share (50%) was announced on May 2, 2024, effective August 16, 2024.Moneycontrol analysis indicates a very bearish sentiment on the stock as of today. With the stock currently trading at Rs 375.05, Coal India reflects a slight downturn amid high trading activity."
01 Aug 2025,"Coal India Standalone June 2025 Net Sales at Rs 355.31 crore, down 8.83% Y-o-Y",https://www.moneycontrol.com/news/business/earnings/coal-india-standalone-june-2025-net-sales-at-rs-355-31-crore-down-8-83-y-o-y-13365639.html,,,"Reported Standalone quarterly numbers for Coal India are: Net Sales at Rs 355.31 crore in June 2025 down 8.83% from Rs. 389.71 crore in June 2024. Quarterly Net Profit at Rs. 115.97 crore in June 2025 up 32.6% from Rs. 87.46 crore in June 2024. EBITDA stands at Rs. 189.03 crore in June 2025 up 41.19% from Rs. 133.88 crore in June 2024. Coal India EPS has increased to Rs. 0.19 in June 2025 from Rs. 0.14 in June 2024. Coal India shares closed at 376.35 on July 30, 2025 (NSE) and has given -4.94% returns over the last 6 months and -27.93% over the last 12 months. "
01 Aug 2025,"Stocks to Watch Today: Coal India, Shanti Gold, Swiggy, PB Fintech, Chalet Hotels, RR Kabel, JSW Energy, Aarti Industries, ITC, Eicher Motors in focus on 1 August",https://www.moneycontrol.com/news/business/markets/stocks-to-watch-today-coal-india-shanti-gold-swiggy-pb-fintech-chalet-hotels-rr-kabel-jsw-energy-aarti-industries-itc-eicher-motors-in-focus-on-1-august-13363554.html,"Stocks to Watch Today, 1 August: Stocks like Coal India, Shanti Gold International, Swiggy, PB Fintech, Chalet Hotels, RR Kabel, JSW Energy, Aarti Industries, ITC, Eicher Motors, and Gujarat Gas will be in focus on August 1.","Stocks to Watch Today, 1 August","Let's catch up on the latest news from the stock market. From significant investments to major deals, quarterly earnings, fund raising and order wins, here’s a quick look at which stocks will be in focus in today's trade: Results Today ITC, Adani Power, Tata Power Company, UPL, LIC Housing Finance, Delhivery, GlaxoSmithKline Pharmaceuticals, Godrej Properties, Graphite India, G R Infraprojects, JK Lakshmi Cement, Jupiter Life Line Hospitals, Multi Commodity Exchange of India, Narayana Hrudayalaya, Symphony, and Tube Investments of India will announce their quarterly earnings on August 1. Results on August 2 ABB India, AJAX Engineering, Balaji Amines, Federal Bank, Finolex Industries, Medplus Health Services, and Utkarsh Small Finance Bank will release their quarterly results on August 2 Quarterly Earnings Eicher Motors Q1 (Consolidated YoY) Profit grows 9.4% to Rs 1,205.2 crore Vs Rs 1,101.5 crore Revenue soars 14.8% to Rs 5,041.8 crore Vs Rs 4,393 crore Coal India Q1 (Consolidated YoY) Profit declines 20.2% to Rs 8,734.2 crore Vs Rs 10,943.6 crore Revenue drops 4.4% to Rs 35,842.2 crore Vs Rs 37,503.9 crore Board declares interim dividend at Rs 5.5 per share for FY26 Swiggy Q1 (Consolidated YoY) Loss widens sharply to Rs 1,197 crore Vs loss of Rs 611 crore Revenue zooms 54% to Rs 4,961 crore Vs Rs 3,222 crore Food delivery business grows 18.6% to Rs 1,800 crore Vs Rs 1,518 crore Quick commerce revenue surges 115.5% to Rs 806 crore Vs Rs 374 crore Supply chain and distribution revenue soars 78.2% to Rs 2,259 crore Vs Rs 1,268 crore PB Fintech Q1 (Consolidated YoY) Profit jumps 40.6% to Rs 84.6 crore Vs Rs 60.2 crore Revenue increases 33.4% to Rs 1,348 crore Vs Rs 1,010.5 crore Chalet Hotels Q1 (Consolidated YoY) Profit spikes 235% to Rs 203.2 crore Vs Rs 60.7 crore Revenue zooms 147.8% to Rs 894.6 crore Vs Rs 361 crore Chambal Fertilisers & Chemicals Q1 (Consolidated YoY) Profit grows 22.4% to Rs 548.9 crore Vs Rs 448.3 crore Revenue increases 15.5% to Rs 5,697.6 crore Vs Rs 4,933.2 crore City Union Bank Q1 (YoY) Profit grows 15.7% to Rs 305.9 crore Vs Rs 264.5 crore Revenue increases 14.7% to Rs 625.3 crore Vs Rs 545.2 crore Gross NPA drops to 2.99% Vs 3.09% (QoQ) Net NPA declines 1.2% Vs 1.25% (QoQ) Neuland Laboratories Q1 (Consolidated YoY) Profit sinks 85.8% to Rs 13.9 crore Vs Rs 97.9 crore Revenue falls 33.4% to Rs 292.8 crore Vs Rs 439.6 crore Thermax Q1 (Consolidated YoY) Profit zooms 38.4% to Rs 151.5 crore Vs Rs 109.4 crore Revenue slips 1.6% to Rs 2,150.2 crore Vs Rs 2,184.4 crore TeamLease Services Q1 (Consolidated YoY) Profit grows 27.7% to Rs 26.5 crore Vs Rs 20.8 crore Revenue increases 12.1% to Rs 2,891.4 crore Vs Rs 2,580 crore TCPL Packaging Q1 (Consolidated YoY) Profit drops 29.6% to Rs 22.3 crore Vs Rs 31.7 crore Revenue rises 4.7% to Rs 424.7 crore Vs Rs 405.6 crore Restaurant Brands Asia Q1 (Consolidated YoY) Loss narrows to Rs 41.9 crore Vs loss of Rs 49.4 crore Revenue grows 7.9% to Rs 697.7 crore Vs Rs 646.7 crore Timken India Q1 (YoY) Profit rises 8.2% to Rs 104.2 crore Vs Rs 96.3 crore Revenue increases 3.2% to Rs 808.8 crore Vs Rs 783.7 crore Barbeque Nation Hospitality Q1 (Consolidated YoY) Loss widens to Rs 16.4 crore Vs loss of Rs 4.8 crore Revenue drops 2.8% to Rs 297 crore Vs Rs 305.7 crore RR Kabel Q1 (Consolidated YoY) Profit zooms 39.4% to Rs 89.8 crore Vs Rs 64.4 crore Revenue jumps 13.9% to Rs 2,058.6 crore Vs Rs 1,808.1 crore Sanofi India Q2 (YoY) Profit declines 32.8% to Rs 69.5 crore Vs Rs 103.4 crore Revenue falls 12.3% to Rs 406.3 crore Vs Rs 463.5 crore Great Eastern Shipping Company Q1 (Consolidated YoY) Profit tanks 37.9% to Rs 504.5 crore Vs Rs 811.9 crore Revenue drops 20.3% to Rs 1,201.5 crore Vs Rs 1,508.2 crore JSW Energy Q1 (Consolidated YoY) Profit zooms 42.4% to Rs 743.1 crore Vs Rs 521.8 crore Revenue surges 78.6% to Rs 5,143.4 crore Vs Rs 2,879.5 crore Aarti Industries Q1 (Consolidated YoY) Profit sinks 68.6% to Rs 43 crore Vs Rs 137 crore Revenue falls 9.5% to Rs 1,676 crore Vs Rs 1,851 crore Mankind Pharma Q1 (Consolidated YoY) Profit declines 18.1% to Rs 444.6 crore Vs Rs 543 crore Revenue grows 24.5% to Rs 3,570.4 crore Vs Rs 2,868 crore Sundram Fasteners Q1 (Consolidated YoY) Profit rises 4.6% to Rs 148.4 crore Vs Rs 141.8 crore Revenue increases 2.4% to Rs 1,533.4 crore Vs Rs 1,497.7 crore Indegene Q1 (Consolidated YoY) Profit soars 32.7% to Rs 116.4 crore Vs Rs 87.7 crore Revenue jumps 12.5% to Rs 760.8 crore Vs Rs 676.5 crore Niva Bupa Health Insurance Company Q1 (YoY) Loss widens sharply to Rs 91.44 crore Vs loss of Rs 18.8 crore Gross premiums written grows 11.5% to Rs 1,632 crore Vs Rs 1,464.2 crore Net premium written grows 11.8% to Rs 1,287.9 crore Vs Rs 1,151.6 crore Stocks to Watch Auto Stocks Automobile stocks will be in focus today as companies release their sales volume numbers for the month of July. Gujarat Gas The company has collaborated with Waree Energy by signing a Gas Sales Agreement for the supply of 50,000 scmd of PNG to its lithium-ion cell manufacturing unit at Valsad, Gujarat. This partnership will pave the way for sustainable energy solutions and help reduce the carbon footprint. The plant is currently under construction and is expected to be commissioned in Q4 of the current FY26. Alfa Transformers Bikash Kumar Dutt has resigned from his position as Chief Financial Officer (CFO) of the company, effective July 31. Deepak Nitrite The company's subsidiary, Deepak Chem Tech, has issued 50 lakh 9% Optionally Convertible Redeemable Preference Shares (OCRPS), with a face value of Rs 100 each, aggregating to Rs 50 crore, to the parent company. RPP Infra Projects The company has received a letter of acceptance for a new work order worth Rs 1.43 crore. The order involves the supply, erection, testing, commissioning, and certification of one Kone make stretcher-cum-passenger elevator for a service building, including civil and electrical work at NNTPS. PNB Housing Finance Girish Kousgi has resigned as Managing Director and Chief Executive Officer of the company to pursue opportunities outside, effective October 28, 2025. Bulk Deals SG Mart Sunil Singhania-owned Abakkus Diversified Alpha Fund has offloaded 8 lakh shares at Rs 325 per share, while Abakkus Growth Fund-2 sold 8 lakh shares at Rs 325.06 per share. The total value of these shares is Rs 52 crore. V2 Retail Motilal Oswal Mutual Fund sold 1.9 lakh shares (equivalent to half a percent) at Rs 1,868.3 per share, amounting to Rs 35.5 crore. EPACK Durable India Advantage Fund S4-I sold 20 lakh shares in EPACK (equivalent to 2.08 percent) at Rs 380.37 per share, amounting to Rs 76.07 crore. As of June 2025, the fund held a 2.55 percent stake in the company. UPL partly paid Morgan Stanley Asia Singapore Pte continued to buy UPL partly paid shares for the third consecutive session, acquiring an additional 15.8 lakh shares at Rs 520.54 per share, valued at Rs 82.2 crore. However, Rajasthan Global Securities sold 4.85 lakh partly paid shares at Rs 518.12 per share, and Shreyans Vasantkumar Mehta offloaded 4.95 lakh partly paid shares at Rs 523.64 per share. Mainboard Listing on August 1 Shanti Gold International SME Listing on August 1 Shree RefrigerationsSellowrap IndustriesPatel Chem Specialities Stocks Trade Ex-Dividend Maruti Suzuki IndiaEicher MotorsBharat Heavy ElectricalsUnited SpiritsVarun BeveragesBata IndiaADC India CommunicationsAndhra PaperAmara Raja Energy & MobilityArkade DevelopersBalaji AminesBatliboiBDH IndustriesBengal Tea & FabricsCello WorldChennai Petroleum CorporationCholamandalam Financial HoldingsCochin Minerals & RutilesCity Union BankData Patterns (India)Dhunseri Tea & IndustriesDhunseri VenturesEndurance TechnologiesGalaxy SurfactantsGandhar Oil RefineryGateway DistriparksGretex Corporate ServicesInternational Travel HouseJai CorpJoindre Capital ServicesKaira Can CompanyKaycee IndustriesLT FoodsMajestic AutoMaricoMarksans PharmaMindteck (India)Munjal ShowaNarayana HrudayalayaPNB Housing FinancePradeep MetalsPravegPremier EnergiesPTC IndiaRECRedtapeSaksoftS H KelkarTasty Bite EatablesTamilnad Mercantile BankUflexVidhi Specialty Food IngredientsWim PlastWPIL Stock Trades Ex-Date for Rights Cyber Media India"
29 Jul 2025,"Coal India Q1 preview: Revenue, operating profit likely to dip on weak volumes, higher costs",https://www.moneycontrol.com/news/business/earnings/coal-india-q1-preview-revenue-operating-profit-likely-to-dip-on-weak-volumes-higher-costs-13343622.html,"According to the average estimates from five brokerages polled by Moneycontrol, revenue for the quarter is projected at Rs 34,500 crore, down 9 percent quarter-on-quarter and over 5 percent year-on-year.",coal india,"Coal India is likely to report a decline in operating profit for the June quarter, both on a sequential and year-on-year basis, primarily due to lower volumes, weaker dispatches and increased supply from captive mines. Higher cost of production too has weighed on profitability. The firm will report its earnings on 31 July. According to the average estimates from five brokerages polled by Moneycontrol, revenue for the quarter is projected at Rs 34,500 crore, down 9 percent quarter-on-quarter and over 5 percent year-on-year. The EBITDA for Coal India is estimated at Rs 11,350 crore, reflecting a 4 percent sequential decline and a 21 percent fall compared to the same quarter last year. Net profit is likely to come in at Rs 8,664 crore, down 4 percent quarter-on-quarter but up 6 percent year-on-year.  E-auction realisations are expected at Rs 2,550 per tonne compared to Rs 2,411 per tonne a year ago, supported by stable imported prices over the past two-to-three quarters. Blended realisations are estimated at Rs 1,704 per tonne, up 2 percent year-on-year, supported by higher e-auction prices of Rs 2,650 per tonne, marking a 10 percent rise. Analysts have modelled 11 percent volume contribution from e-auction sales for the quarter. However, offtake declined 5 percent year-on-year in the June quarter. EBITDA per tonne (excluding overburden removal costs) is projected at Rs 571, marginally lower than Rs 576 a year ago. Lower volumes (down 4 percent year-on-year to 190 million tonne) and a one percent drop in blended realisations (to Rs 1,650 per tonne) are expected to pull EBITDA and EBITDA per tonne down by 20 percent and 16 percent year-on-year to Rs 9,200 crore and Rs 485, respectively. Fuel Supply Agreement (FSA) realisation is expected to rise by 2 percent year-on-year to Rs 1,555 per ton, while e-auction prices are estimated to have declined 8 percent to Rs 2,225 per tonne. Both FSA and e-auction volumes are likely to fall by 3 percent to 168 million tonne and 14 percent to 20 million tonne, respectively Factors Impacting Earnings Volumes: The decline in EBITDA is primarily attributed to consistently lower volumes and only moderate premiums in e-auction amid subdued thermal coal prices. Coal India’s EBITDA is expected to decline 20 percent year-on-year, driven by a 4 percent drop in volumes and a one percent decline in blended realisation, along with a rise in cost of production. Dispatches: CIL's dispatches fell 5 percent as supply from captive mines increased, affecting Coal India’s offtake. Total dispatches stood at 190 million tons in Q1FY26, down 4.5 percent year-on-year, impacting the company’s earnings performance for the quarter. What to Watch in Earnings Key monitorables include dividend, volume and dispatch trends, movement in e-auction and FSA realisations, cost of production pressures, and the management’s guidance on demand outlook, pricing strategy, and inventory levels."
28 Jul 2025,India crossed coal production target of 1 billion tonnes in a year for the first time ever,https://www.moneycontrol.com/news/business/economy/india-crossed-coal-production-target-of-1-billion-tonnes-in-a-year-for-the-first-time-ever-13337748.html,"India's domestic coal production target will be raised to 1.13 BT by FY30. For Coal India, a target of 1 BT production by FY27 has also been outlined, Coal and Mines Minister G Kishan Reddy said.","The minister said, going forward, to reduce dependence on import and meet domestic requirement through indigenous sources, India's total coal production target for FY30 is being projected to be 1.5 BT.","India has crossed the coal production target of 1 billion tonnes (BT) for the first time ever in the fiscal year gone by, according to a written reply by Coal and Mines Minister G Kishan Reddy in the Rajya Sabha on July 28, and a target of 1 BT by FY27 from Coal India alone has now been prepared. This production target will be raised to 1.13 BT by FY30, the minister said. During FY25, Coal India had produced 781.07 MT of coal, clocking a growth of 0.94%. The ramp up has resulted in India meeting most of its coal requirement through indigenous production, and while the nation still imports coal, it mainly consists of essential items like coking coal and higher grade non-coking coal, for which domestic production is limited either due to scarce reserves or its unavailability. The minister said, going forward, to reduce dependence on import and meet domestic requirement through indigenous sources, India's total coal production target for FY30 is being projected to be 1.5 BT. This, the minister said, will lead to a reduction in non-essential import. This production target turns out to be an annual growth rate of 6-7% in the next few coming years. Read More: Coal India's 'attractiveness' based on cheap valuation an 'optical illusion' Some of the initiatives undertaken to ramp up domestic production include Single Window Clearance, amendment regulation to allow captive mines to sell up to 50% of annual production after meeting end use requirement, technological improvement, expansion of existing projects, and auction of coal blocks for commercial mining. India has already allowed 100% Foreign Direct Investment for commercial mining. The Coal Ministry has taken steps to expedite development of coal blocks. In addition to that, captive mines owners are now allowed to sell up to 50% of their annual production in the open market after meeting end use requirement for the plant linked with the mine. Aside of that, auction of commercial mining on revenue sharing basis had been launched in 2020. Under this scheme, a rebate of 50% has been allowed for coal produced earlier than scheduled date of production. The Centre also offers incentives on coal gasification or liquefication. The terms of commercial coal mining have been liberalised, with no restriction on utilization, among several other liberal parameters to encourage operationalizing of coal mines. In addition, Coal India has adopted several measures to increase coal production. To boost coal import substitution, Centre has raised the Annual Contract Quantity (ACQ) of gas, or the maximum quantity that can delivered for transportation for any given year. The government has also launched a Coking Coal Mission to enhance coking coal supply to Steel sector, in an effort to reduce import, while taking steps to step up domestic production. The tenure of coking coal linkages has also been revised for up to 30 years, with an intended aim of coal imports substitution, the minister said."
25 Jul 2025,Coal India Appoints Ashish Chatterjee as Government Nominee Director,https://www.moneycontrol.com/news/business/markets/coal-india-appoints-ashish-chatterjee-as-government-nominee-director-alpha-article-13325254.html,Coal India Appoints Ashish Chatterjee as Government Nominee Director,,"Coal India Limited (CIL) announced the appointment of Ashish Chatterjee as a Part-time Official Director (Government Nominee Director) to its board, effective July 24, 2025. This appointment is until further notice.Appointment DetailsParticularsDetailsNameAshish ChatterjeeDIN07688473PositionPart-time Official Director (Government Nominee Director)Date of AppointmentJuly 24, 2025Ashish Chatterjee, a 1999 batch IAS officer from the Tamil Nadu cadre, brings over 25 years of administrative experience to the board. He holds a Bachelor's degree in Chemical Engineering from the Indian Institute of Technology. Prior to this appointment, Chatterjee has held several key positions in both the state and central governments. In Tamil Nadu, he served as District Collector for Viluppuram, Kanchipuram, and Tiruvallur districts, contributing to governance and developmental initiatives. He also worked in Urban Development and City Governance in the Corporation of Chennai. At the central level, Chatterjee has served in the Ministry of Commerce & Industries and as Joint Secretary in the Ministry of Petroleum & Natural Gas, where he was involved in policy formulation and sectoral oversight. He has also served as a Government Nominee Director on the Boards of GAIL (India) Ltd. Currently, Chatterjee is serving as Additional Secretary & Financial Advisor in the Ministry of Steel, Government of India. He also holds positions as Government Nominee Director on the Boards of SAIL and NMDC. Coal India Limited has confirmed that Ashish Chatterjee is not related to any other director of the company and is not debarred from holding the office of Director by any order of SEBI or any other authority. "
24 Jul 2025,"Sensex down 500 pts, Nifty below 25,100: Nestle Q1 results among key factors behind market decline",https://www.moneycontrol.com/news/business/markets/sensex-down-400-pts-nifty-below-25-050-fii-selling-among-key-factors-behind-market-decline-13319060.html,"Sensex, Nifty snapped previous day gains to decline on Thursday as weak Nestle India Q1 results weighed on investor sentiment towards the broader FMCG pack.","Sensex, Nifty snapped previous day gains to decline on Thursday after selling in heavyweight stocks and foreign institutional investor (FII) outflows.","The benchmark indices gave up early gains and traded lower at around noon on Thursday, dragged by selling in heavyweight stocks and foreign institutional investor (FII) outflows. Despite a positive start, the Sensex failed to carry forward the momentum and fell later in the trade. The benchmark tanked 542.47 points, or 0.66 percent, to settle at 82,184.17. During the day, it tumbled 679.42 points, or 0.82 percent, to 82,047.22. The Nifty dropped 157.80 points, or 0.63 percent, to 25,062.10. Nestle India, Trent, Shriram Finance, Tech Mahindra and Coal India were among the major laggards, declining up to 5 percent. Here are the key factors weighing on the market: 1) Nestle India earnings miss: Nestle India reported a 13.4 percent year-on-year decline in consolidated net profit at Rs 646.6 crore for Q1 FY26, missing Street expectations. Analysts had projected a profit of Rs 751 crore, according to a Moneycontrol poll of nine brokerages. The drop was largely due to higher raw material costs and increased expenses related to its manufacturing expansion plans. The weaker results weighed on investor sentiment towards the broader FMCG pack, as rising input costs and margin pressures remain a concern across the sector. Nestle India Q1 net profit falls 13.4% on-year to Rs 647 cr; appoints Manish Tiwary as CMD 2) FII selling: FIIs net sold equities worth Rs 4,209.11 crore on Wednesday. Continued foreign selling reduces liquidity and often adds pressure on stock prices, especially in large-cap segments. Stock Market LIVE Updates 3) Weakness in heavyweights: Shares of Trent, Tech Mahindra, and Infosys were among major drags on the Nifty50 index. Selling in index heavyweights tends to have a broader impact on benchmark performance, leading to wider market weakness. Infosys, despite reporting an 8.7 percent rise in June quarter net profit, narrowed its full-year revenue forecast, which affected sentiment. 4) Rising crude prices: Brent crude futures rose 0.31 percent to USD 68.72 a barrel. Higher crude prices raise input costs for companies, widen the current account deficit, and can lead to inflationary pressures, negatively impacting investor sentiment. 5) Global trade tensions: The European Union has proposed 30 percent tariffs on USD 117 billion worth of US goods if the US enforces similar duties on EU exports after August 1. The development has renewed concerns over global trade disruptions. Meanwhile, uncertainty continues over the final announcement of the India-US trade deal, which investors are closely tracking. 6) Selling pressure in IT stocks: The Nifty IT index fell nearly 2 percent, led by sharp declines in midcap IT services firms. Persistent Systems Ltd and Coforge Ltd dropped 9 percent each, trading at Rs 5,099 and Rs 1,688 respectively. The fall in these two stocks alone dragged the index by 128 points. Additionally, Infosys slipped around 1 per cent, and due to its 39.3 per cent weightage in the Nifty IT index, it contributed a 150-point decline. Persistent Systems reported 3.9 per cent sequential growth in revenue for the quarter (3.3 per cent in constant currency terms) to $389.7 million. Growth was driven by its BFSI vertical (up 9 per cent QoQ) and Software, Hi-Tech & Emerging Industries (up 3.6 per cent), while Healthcare & Lifesciences declined 1.9 per cent due to a planned offshore shift by some large clients. Nifty IT crashes 2% as fall in Persistent Systems, Coforge, Infosys shares weighs Technical view Anand James, Chief Market Strategist at Geojit Financial Services, said there are no signs of exhaustion yet after Nifty hit the initial target of 25,215, although a horizontal resistance remains. ""With directional indicators not pointing to strong momentum for a breakout, consolidation is expected. A break above 25,400 could confirm the maturity of a descending broadening wedge pattern. Key supports are at 25,174 and 25,113, which need to hold to maintain the positive bias,"" James added."
22 Jul 2025,"Coal India's 'attractiveness' based on cheap valuation an 'optical illusion', says Choice Institutional Equities",https://www.moneycontrol.com/news/business/markets/coal-india-s-attractiveness-based-on-cheap-valuation-an-optical-illusion-says-choice-broking-13307387.html,"Coal India is allocated coal mines without having to bid for them, hence, according to the brokerage, the PSU is fulfilling the government's mandate of supplying coal to the nation. ","The brokerage in its note said that the base case scenario for its target price is Rs 290/share, while the upside (10-15% probability event) assigns a value of Rs 500/share, and the downside scenario (10-15% probability event) values the stock at Rs 225/share.","Shares of Coal India, world's largest coal producer, flat on a YTD basis, could be a 'Value Trap' according to Choice Institutional Equities, as the 'attractiveness' based on cheap valuation is an 'optical illusion', rating the stock as a 'Sell'. ""The stock trades at cheap valuation multiples of ~5x/9x/1x FY27E forward EV/EBITDA, P/E and EV/CE respectively. These headline multiples make the stock look attractive, but we believe it is a Value Trap as these metrics conceal more than they reveal,"" said a Choice Institutional Equities note. The brokerage has cited five key 'pillars' to its investment thesis which has gone into the bearish call on Coal India. 1) Pricing: The brokerage said the discounted pricing compared to imported coal, and an unfavourable sales mix has made CIL's business model 'questionable', making the brokerage believe that its motto is 'not profit driven'. At the current Fuel Supply Agreements (FSA), Coal India does not recover its cost of production, Choice Institutional Equities said. 2) Big capex, flat EBIT momentum: The note has compared Coal India's situation to 'running on a tread mill to cover distance'. Over FY26E-29E, CIL will spend a whopping Rs 80,000 crore, which amounts to around 53% of the operating cash flow on capex, yet its EBIT growth is expected to be negative over FY24-29E, said Choice Institutional Equities. 3) Restrictions on cash: Coal India's net cash balance of around Rs 32,800 crore amounts to 14% of its market capitalisation, but there are provisions worth Rs 74,500 crore which may need to be set off against this cash balance. 4) Falling GCV: The Gross Calorific Value (GCV) of Coal India's output has been trending lower over the past 10 years, hurting realisations and profitability. Choice Institutional Equities said it sees 'no reason' to believe this trend would reverse. 5) After capex, all free cash flow paid as dividends: Choice Institutional Equities said it believes a realistic way to value Coal India would be to focus on its dividend paying potential. The brokerage in its note said that the base case scenario for its target price is Rs 290/share, while the upside (10-15% probability event) assigns a value of Rs 500/share, and the downside scenario (10-15% probability event) values the stock at Rs 225/share. Coal India is allocated coal mines without having to bid for them, hence, according to the brokerage, the PSU is fulfilling the government's mandate of supplying coal to the nation. However, Choice Institutional Equities added that any 'reversal' in government policy to align coal prices with a 'profit maximization motive' will challenge its Sell recommendation."
15 Jul 2025,"Coal India to Consider Interim Dividend, Q1 FY26 Results on July 31",https://www.moneycontrol.com/news/business/markets/coal-india-to-consider-interim-dividend-q1-fy26-results-on-july-31-alpha-article-13280700.html,"The Trading Window will re-open on August 4, 2025, allowing company insiders to trade in the company's securities after the financial results and dividend decisions have been made public",,"Coal India Ltd has announced that a meeting of its Board of Directors will be held on July 31, 2025, to consider and approve the Un-Audited Financial Results (Standalone & Consolidated) for the first quarter ended June 30, 2025. The board will also consider declaration of the 1st Interim Dividend for FY 2025-26, if any.Key DatesParticularsDetailsBoard Meeting DateJuly 31, 2025PurposeTo consider Q1 FY26 results and 1st interim dividendTrading Window Closure DateJuly 1, 2025Trading Window Re-opening DateAugust 4, 2025Board Meeting DetailsThe Board of Directors of Coal India Limited is scheduled to meet on Thursday, July 31, 2025, to review and approve the Un-Audited Financial Results of the Company (Standalone & Consolidated) for the 1st quarter ended June 30, 2025. This decision will be made after the results are reviewed by the Audit Committee of the Board.Interim Dividend ConsiderationIn addition to the financial results, the Board will also consider and declare the payment of the 1st Interim Dividend for the financial year 2025-26, if deemed appropriate.Trading Window ClosureThe company has already closed its “Trading Window"" under the “CODE OF INTERNAL PROCEDURES AND CONDUCT FOR PREVENTION OF INSIDER TRADING IN SECURITIES OF COAL INDIA LIMITED"" from July 1, 2025. This measure is in place to prevent insider trading and ensure fair market practices.Trading Window Re-openingThe Trading Window will re-open on August 4, 2025, allowing company insiders to trade in the company's securities after the financial results and dividend decisions have been made public.Compliance and DisclosuresThis notice is issued pursuant to Regulation 29 & 33 of the SEBI (Listing Obligations and Disclosure Requirements) Regulations, 2015. The information is also available on the company's website and the websites of the Bombay Stock Exchange (BSE) and National Stock Exchange of India (NSE). "
26 Jun 2025,"PSUs should find a place in investors' portfolios; SBI, BEL, Coal India among top picks: Motilal Oswal",https://www.moneycontrol.com/news/business/markets/psus-should-find-a-place-in-investors-portfolios-sbi-bel-coal-india-among-top-picks-motilal-oswal-13179991.html,Motilal Oswal said that several PSU sectors have posted a very sharp turnaround in profit and creating unexpected shareholder value. ,The BSE PSU index's current market capitalization stands 14 percent below its all-time high.,"Public sector enterprises (PSUs) were known for their sluggish growth, debt-laden balance sheets, and poor performance. However, since the COVD-19 pandemic, Indian PSUs have been one of the most remarkable stories of Indian capital markets, noted domestic brokerage Motilal Oswal. Several PSU sectors have posted a very sharp turnaround in profit and creating unexpected shareholder value. As a cohort, the PSUs posted an unprecedented 36 percent profit after tax (PAT) CAGR during FY20-25, feeding into the 32 percent CAGR for the BSE PSU Index and a consistent expansion in PSUs’ share in overall profits to an impressive 38 percent. However, after a remarkable post-pandemic rebound, PSU earnings growth moderated in FY25, weighed down by the high base of a robust 43 percent YoY increase in FY24 and a decline in O&G sector earnings. ""While some cyclical moderation did set in in FY25, key building blocks and an enabling environment for sustained profitable performance for several PSUs look intact. Consequently, PSU names in sectors with policy/demand tailwinds or structural growth potential should find a meaningful place in long-term investor portfolios, in our view,"" said the brokerage. The brokerage said its top PSU ideas are State Bank of India Ltd, Hindustan Aeronautics Ltd, Bharat Electronics Ltd, Power Grid Corporation of India Ltd, and Coal India Ltd. For the brokerage's PSU coverage universe, it sees a 10 percent PAT CAGR over FY25-27, primarily driven by the BFSI and O&G sectors, based on conservative assumptions relative to the FY25 base. ""Logistics, Capital Goods, and Metals are also expected to contribute positively. Incremental profit growth is likely to be led by BFSI (53 percent), followed by O&G (20 percent) and Metals (12 percent),"" added the report. Follow our market blog to catch all the live updates Further, the brokerage noted that over the past year, the market capitalization of the BSE PSU Index hit an all-time high of Rs 74 lakh crore in July 2024, driven by consistent rerating trends. It then declined by 31 percent to Rs 51 lakh crore in February 2025 amid the broad market correction before recovering 25 percent to Rs 64 lakh crore in June 2025. The index’s current market capitalization stands 14 percent below its all-time high (up 5 percent inthe year 2025 so far). Owing to the market correction (between October 2024 and March 2025), theP/E ratio of the BSE PSU Index has come down to 11.7x, from 13.8x in July 2024, though it is up from 9.8x in February 2025."
06 Jun 2025,"Stocks to Watch Today: IREDA, Bajaj Finserv, Ashoka Buildcon, Praj Industries, JSW Energy, Coal India, Imagicaaworld Entertainment, 3B Films in focus on 6 June",https://www.moneycontrol.com/news/business/markets/stocks-to-watch-today-ireda-bajaj-finserv-ashoka-buildcon-praj-industries-jsw-energy-coal-india-imagicaaworld-entertainment-3b-films-in-focus-on-6-june-13101213.html,"Stocks to watch, 6 June: Stocks like Khadim India, 3B Films, Hilton Metal Forging, KCP, Imagicaaworld Entertainment, Coal India, JSW Energy, Praj Industries, Ashoka Buildcon, Bajaj Finserv, Aditya Birla Fashion and Retail, Chambal Fertilisers and Chemicals, and Manappuram Finance will be in focus on June 6.","Stocks to Watch Today, 6 June","Let's catch up on the latest news from the stock market. From significant investments to major deals, order wins, and fund raising, here’s a quick look at which stocks will be in focus in today's trade: Quarterly Earnings Allied Digital Services Q4 (Consolidated YoY) Net loss stands at Rs 8.67 crore Vs profit at Rs 11.62 crore Revenue grows 15.6% to Rs 204.4 crore Vs Rs 176.8 crore Total expenses spike 46% to Rs 230.9 crore Vs Rs 158.1 crore Other income zooms to Rs 37.5 crore Vs Rs 0.14 crore Stocks to Watch Bajaj Finserv Promoter entities Bajaj Holdings and Jamnalal Sons are likely to sell up to a 1.94% stake in Bajaj Finserv via block deals, reports CNBC-TV18 quoting sources. The total block size may be around Rs 5,828 crore, with a floor price of Rs 1,880 per share. Indian Renewable Energy Development Agency (IREDA) IREDA has opened its Qualified Institutional Placement (QIP) on June 5 and set the floor price at Rs 173.83 per share. The company may also offer a discount of up to 5% on the floor price. Ashoka Buildcon The company has received letters of intent worth Rs 1,387.2 crore from the Motor Vehicles Department, Maharashtra, for various circles (Nagpur, Mumbai, Pune, Marathwada, Konkan, and Western Maharashtra). The project involves the design, implementation, integration, operation, and maintenance of an intelligent traffic management system on various stretches in these circles for a period of 10 years. Praj Industries Enersur S.A., a Paraguay-based renewable energy company, has selected Praj Industries for its next major project. Praj will support the development, assessment, and phased implementation of a biorefinery project in Paraguay. JSW Energy The company has commissioned 281 MW of organic renewable energy capacity, comprising 215 MW of solar capacity and 66 MW of wind capacity, taking its total installed capacity to 12,499 MW. Further, JSW Renew Energy Three, a step-down subsidiary, has signed a Power Purchase Agreement (PPA) with Adani Electricity Mumbai for 250 MW of STU-connected wind capacity. The PPA, signed for a supply period of 25 years, is priced at a tariff of Rs 3.65/kWh. The project in Maharashtra is expected to be commissioned within the next 24 months. Coal India Coal India (CIL) has executed a non-binding Memorandum of Understanding (MoU) with Indian Port Rail & Ropeway Corporation in Kolkata for the development of rail infrastructure for CIL and its subsidiaries. Imagicaaworld Entertainment The company has executed a facility agreement worth Rs 275 crore with HDFC Bank to avail a loan for financing the purchase of the park business undertaking—Wet’n Joy (Amusement Park and Water Park) at Lonavala and Wet’n Joy (Water Park and Saiteerth Devotional Theme Park) at Shirdi—from Giriraj Enterprises. KCP K Ramakrishna has been designated as the CEO of the cement business (head of the cement division) of the company, effective June 5. He currently serves as the Senior President of the cement division. NTPC Green Energy The company has commenced operations of the first part capacity of 110.25 MW out of the 1,255 MW Khavda-I Solar PV project of its subsidiary, NTPC Renewable Energy. Lloyds Engineering Works The Board has approved the allotment of 30.85 crore partly paid-up equity shares at a price of Rs 32 per share to the company’s eligible equity shareholders on a rights basis. Of this amount, Rs 16 per share has been paid on allotment, and the remaining amount will be payable in not more than two calls. Zinka Logistics Solutions The shareholding of Accel India IV (Mauritius) and Accel Growth Fund V LP in the company has been reduced by 2.73%, to 10.81% from 13.54%, following the completion of an open market transaction on June 3. Zaggle Prepaid Ocean Services The company has agreed to acquire a 100% stake in Greenedge Enterprises from the existing shareholders for Rs 27 crore. It has executed a non-binding term sheet for the said acquisition. The acquisition of Greenedge is expected to strengthen Zaggle’s offerings in the loyalty and rewards segment, as well as the travel segment. Hawkins Cookers The company has commenced commercial operations at its fourth factory in India, located in Jaunpur, Uttar Pradesh. Mphasis The company has launched its Centre of Excellence for financial services in Buenos Aires, Argentina. It has onboarded 50 technology experts and plans to scale up to 200 by the end of the year. Power Grid Corporation of India The company has commissioned the project—Transmission Network Expansion in Gujarat to increase ATC from ISTS, Part-C. Ceat The Board will meet on June 10 to consider the issuance of non-convertible debentures worth up to Rs 500 crore on a private placement basis. Power and Instrumentation (Gujarat) The company has received a third work order from Nyati Engineering & Construction. The contract pertains to the power supply system electrical work at the Udaipur Air Terminal in Rajasthan and is valued at Rs 6.25 crore. Nila Spaces The company’s subsidiary, Nila Urban Living, has awarded the construction contract worth Rs 129.25 crore for its upcoming premium residential development at GIFT City to Riveria Infrastructures. The project is scheduled to be completed over 27 months from the date of commencement. Tejas Networks The company has received Rs 123 crore from the Department of Telecommunications under the Production Linked Incentive (PLI) Scheme for telecom and networking products. The said amount is the first tranche, amounting to 85 percent of the eligible incentive for Q3FY25. The remainder is expected to be released subsequently. R Systems International The company has executed the sale deed to sell land and building at Noida, Uttar Pradesh, along with some assets, for Rs 50.5 crore. Bulk Deals Hilton Metal Forging Promoter Yuvraj Hiralal Malhotra has sold a 0.56% stake (1.31 lakh shares) in the company. Khadim India Bandhan Mutual Fund has sold 1 lakh shares in Khadim India. SME Listing on June 6 3B Films Stocks Trade Ex-Dividend Bank of BarodaTata SteelContainer Corporation of IndiaHDFC Asset Management CompanyHigh Energy Batteries IndiaICICI Lombard General Insurance CompanyIFGL RefractoriesIndiaMART InterMESHJSW EnergyDr Lal PathLabsL&T Technology ServicesMaithan AlloysNicco Parks & ResortsPanchsheel OrganicsQGO FinanceRamkrishna ForgingsTAAL EnterprisesTechnocraft Industries (India)Torrent PowerToss The Coin Stock Trades Ex-Date for Spin Off Khadim India Stock Trades Ex-Bonus Shilchar Technologies Stock Trades Ex-date for Buyback SIS Stock Trades Ex-Date for Rights Som Datt Finance Corporation Stocks in F&O Ban Aditya Birla Fashion and RetailChambal Fertilisers and ChemicalsManappuram Finance"
03 Jun 2025,Coal India Shares Fall Over 1.2% Amid High Trading Volume in Today's Session,https://www.moneycontrol.com/news/business/stocks/coal-india-shares-fall-over-1-2-amid-high-trading-volume-in-today-s-session-alpha-article-13089469.html,"Despite the decline in share price during today's trading, Coal India maintains a significant presence within the NIFTY 50 STOCKS.",,"During today's session, Coal India shares witnessed a decline of 1.25 percent to Rs 394.70. This movement was accompanied by a substantial trading volume of 2,066,273 shares. Coal India is one of the NIFTY 50 STOCKS. Financial Performance Overview Analyzing Coal India's financial performance provides insights into its current market position. The following data reflects the company's consolidated financial results. Revenue:YearValue (Cr)Mar 202437,410.39Jun 202436,464.61Sep 202430,672.88Dec 202435,779.78Mar 202537,824.54Net Profit:YearValue (Cr)Mar 20248,566.06Jun 202410,858.15Sep 20246,137.66Dec 20248,420.23Mar 20259,423.80EPS:YearValueMar 202414.09Jun 202417.78Sep 202410.21Dec 202413.80Mar 202515.58The annual consolidated financial data provides a broader perspective on Coal India's performance. Key metrics include:HeadingMar 2021Mar 2022Mar 2023Mar 2024Mar 2025Sales90,026 Cr109,713 Cr138,251 Cr142,323 Cr143,368 CrOther Income3,792 Cr3,904 Cr6,550 Cr7,969 Cr9,470 CrTotal Income93,818 Cr113,618 Cr144,802 Cr150,293 Cr152,838 CrTotal Expenditure75,161 Cr89,451 Cr106,109 Cr101,087 Cr105,451 CrEBIT18,656 Cr24,166 Cr38,693 Cr49,205 Cr47,387 CrInterest644 Cr541 Cr684 Cr819 Cr883 CrTax5,307 Cr6,237 Cr9,875 Cr11,443 Cr11,664 CrNet Profit12,705 Cr17,387 Cr28,133 Cr36,942 Cr34,839 CrKey Financial Ratios The per-share ratios for Coal India provide a detailed look at profitability and valuation:MetricMar 2021Mar 2022Mar 2023Mar 2024Mar 2025Basic EPS (Rs.)20.6128.1745.7060.6957.37Diluted EPS (Rs.)20.6128.1745.7060.6957.37Book Value/Share (Rs.)59.9771.1094.14135.62160.81Dividend/Share (Rs.)16.0017.0024.2525.5026.50Face Value1010101010Market Sentiment According to Moneycontrol analysis as of May 27, 2025, the sentiment for Coal India is bullish."
03 Jun 2025,"Sensex down 700 pts, Nifty nears 24,500: Weak global cues, 9 other factors behind market decline",https://www.moneycontrol.com/news/business/markets/sensex-down-250-pts-nifty-below-24-650-global-cues-other-factors-behind-market-decline-today-13089187.html,"Sensex, Nifty declined amid rising crude oil prices and sustained foreign fund outflows. Heightened geopolitical tensions also weighed on investor sentiment.","Sensex, Nifty decline in early trade on Tuesday. ","The benchmark equity indices declined in early trade on Tuesday amid weak global cues, rising crude oil prices and sustained foreign fund outflows. Heightened geopolitical tensions and nervousness ahead of key RBI MPC outcome also weighed on investor sentiment. The Sensex dropped 636.24 points or 0.78 percent to 80,737.51, while the Nifty slipped 174.10 points or 0.70 percent to 24,542.50. Among the laggards were Coal India, Apollo Hospitals, Bajaj Finance, Hindustan Unilever and Maruti Suzuki India, falling up to 2 percent. Here are the key triggers behind Tuesday’s market slide: 1. Continued Foreign Fund Outflows: Foreign Institutional Investors (FIIs) remained net sellers in the Indian equity market. On Monday alone, they offloaded shares worth Rs 2,589.47 crore, adding pressure on domestic stocks. 2. Crude Oil Prices Edge Up: Brent crude, the international benchmark, rose 0.57 percent to USD 65 a barrel. The surge followed lower-than-expected output hikes from OPEC+ and escalating tensions involving Ukraine and Iran. Higher crude prices pose a risk for India, which imports over 85 percent of its oil requirement. Stock Market LIVE Updates 3. Geopolitical Uncertainty Escalates: Tensions in Eastern Europe and West Asia have resurfaced. Ukrainian President Volodymyr Zelenskyy warned of continued drone attacks on Russia unless Moscow stops its offensive. In parallel, Iran is close to rejecting US proposals on nuclear talks, according to reports. 4. Global Trade Concerns: Trade tensions between the US and China resurfaced after former President Donald Trump accused Beijing of violating a mutual agreement to roll back tariffs. The US administration is reportedly planning to double tariffs on steel and aluminium to 50 percent, raising fresh concerns over global trade flows. 5. Weak Global Cues: Wall Street Futures were trading in the red during early Indian hours, signalling a flat to negative opening on Wall Street. Investors are cautious ahead of a packed week of data and central bank commentary, including the European Central Bank’s expected rate cut and key US economic releases. 6. Focus on US Jobs Data: US jobs data due later this week is being closely watched. Economists expect payrolls to rise by around 130,000 in May, with the unemployment rate likely to stay at 4.2 percent. Any surprise on either side could influence global risk appetite and bond yields. 7. RBI MPC Meet in Focus: Back home, all eyes are on the Reserve Bank of India’s Monetary Policy Committee (MPC) meeting outcome due on June 6. The committee began its three-day deliberation on Tuesday. While a status quo on rates is widely expected, commentary on inflation and liquidity will be keenly analysed. 8. Rupee Under Pressure: The rupee weakened by 10 paise to 85.49 against the US dollar in early trade, weighed down by higher crude prices, a stronger greenback, and foreign fund outflows. Market volatility ahead of the RBI policy announcement also added to pressure on the domestic currency. 9. Global Economic Signals: Besides US jobs data, investors are awaiting updates on US manufacturing and services activity. The numbers will give cues on the strength of the world’s largest economy and influence expectations around the Federal Reserve’s next move. 10. OECD Lowers Growth Outlook: The Organisation for Economic Cooperation and Development (OECD) on Tuesday lowered India’s GDP growth forecast for FY26 by 10 basis points to 6.3 percent and for FY27 by 20 basis points to 6.4 percent, citing expectations that interest rate cuts in the country will end by late 2025. It expects the Reserve Bank of India (RBI) to reduce policy rates by another 25 basis points by end-2025. It projected headline inflation to ease to 4.1 percent in FY26 and further to 4.0 per cent in FY27. On the global front, the OECD said the United States’ economic growth is likely to slow to 1.6 percent this year from 2.8 percent in 2024."
02 Jun 2025,"Coal India May Output Dips 1.4% YoY, Offtake Falls 7.8%",https://www.moneycontrol.com/news/business/stocks/coal-india-may-output-dips-1-4-yoy-offtake-falls-7-8-alpha-article-13086052.html,"Coal India May Output Dips 1.4% YoY, Offtake Falls 7.8%",," State-owned mining behemoth Coal India Ltd (CIL) on June 2, 2025, announced its provisional production and off-take performance for May 2025 and for the cumulative period of April-May 2025. The Maharatna company reported a 1.4% year-on-year (YoY) decline in its consolidated coal production to 63.5 million tonnes (MT) for May 2025, down from 64.4 MT in May 2024. The company's consolidated coal off-take also experienced a more pronounced decrease, falling by 7.8% YoY to 64.0 MT in May 2025 from 69.4 MT in the corresponding month of the previous year. For the first two months of the financial year 2025-26 (April-May 2025), Coal India's cumulative production stood at 125.6 MT, a marginal dip of 0.5% compared to 126.2 MT produced during April-May 2024. Cumulative off-take for April-May 2025 was 128.5 MT, marking a 3.9% decrease from 133.7 MT in the same period of the previous fiscal year. The data was released in a regulatory filing to the stock exchanges in compliance with Regulation 30 of the SEBI (LODR) Regulations 2015.Coal Production Performance (Provisional)In May 2025, Coal India's overall production was 63.5 MT. While some subsidiaries showed growth, others experienced a decline, contributing to the slight overall drop. For the April-May 2025 period, the cumulative production was 125.6 MT, nearly flat compared to the previous year, indicating a mixed start to the fiscal year for its various mining operations.Coal Production (Figs in Mill Te) (Provisional)Subsidiary Co.Actual May'25Actual Same Period Last Year (May'24)% Growth (May'25 vs May'24)Actual Apr'25-May'25Actual Same Period Last Year (Apr'24-May'24)% Growth (Apr'25-May'25 vs Apr'24-May'24)ECL4.03.92.9%8.07.82.2%BCCL3.13.7-18.0%6.47.1-8.7%CCL6.26.7-7.7%12.112.8-5.0%NCL12.412.12.5%24.623.93.0%WCL6.16.2-1.2%12.512.7-1.0%SECL13.813.80.1%27.827.9-0.4%MCL17.918.0-0.6%33.934.0-0.3%NEC0.00.0147.1%0.10.0160.0%CIL (Total)63.564.4-1.4%125.6126.2-0.5%Subsidiary-wise Production Analysis:Delving into the subsidiary performance for May 2025 production:Mahanadi Coalfields Limited (MCL) was the largest contributor with 17.9 MT, though this was a slight 0.6% YoY decrease from 18.0 MT. Cumulatively, for Apr-May'25, MCL produced 33.9 MT, down 0.3% YoY.South Eastern Coalfields Limited (SECL) produced 13.8 MT, nearly flat with a marginal 0.1% YoY growth. Its Apr-May'25 output was 27.8 MT, a slight dip of 0.4% YoY.Northern Coalfields Limited (NCL) reported a 2.5% YoY increase in production to 12.4 MT. For Apr-May'25, NCL's production grew by 3.0% YoY to 24.6 MT.Eastern Coalfields Limited (ECL) saw a 2.9% YoY rise in production to 4.0 MT. Its cumulative production for Apr-May'25 was 8.0 MT, up 2.2% YoY.Western Coalfields Limited (WCL) produced 6.1 MT, a 1.2% YoY decline. Cumulatively, WCL's output for Apr-May'25 was 12.5 MT, down 1.0% YoY.Central Coalfields Limited (CCL) recorded a 7.7% YoY drop in production to 6.2 MT. For Apr-May'25, CCL's production fell by 5.0% YoY to 12.1 MT.Bharat Coking Coal Limited (BCCL) experienced a significant 18.0% YoY decline in production, outputting 3.1 MT. Its cumulative production for Apr-May'25 was 6.4 MT, down 8.7% YoY.North Eastern Coalfields (NEC) reported production of 0.0 MT (likely rounded) in May 2025, same as last year, yet the company reported a 147.1% growth, suggesting a very low base. For Apr-May'25, NEC produced 0.1 MT against 0.0 MT last year, a 160.0% growth.Coal Off-take Performance (Provisional)Coal India's consolidated off-take in May 2025 stood at 64.0 MT, a 7.8% decrease from the 69.4 MT recorded in May 2024. This indicates a reduction in coal dispatch to consumers, primarily power plants and other industries. The cumulative off-take for April-May 2025 was 128.5 MT, down 3.9% from 133.7 MT in the corresponding period of the previous fiscal year.Off-take (Figs in Mill Te) (Provisional)Subsidiary Co.Actual May'25Actual Same Period Last Year (May'24)% Growth (May'25 vs May'24)Actual Apr'25-May'25Actual Same Period Last Year (Apr'24-May'24)% Growth (Apr'25-May'25 vs Apr'24-May'24)ECL4.24.5-6.2%8.48.6-2.4%BCCL3.23.4-5.1%6.36.6-4.6%CCL6.58.1-20.3%13.615.0-9.2%NCL11.212.3-9.3%23.223.7-2.3%WCL5.86.2-7.4%11.812.1-2.5%SECL15.516.5-5.9%30.732.0-4.0%MCL17.718.4-4.0%34.635.7-3.1%NEC0.00.0-50.0%0.00.1-60.0%CIL (Total)64.069.4-7.8%128.5133.7-3.9%Subsidiary-wise Off-take Analysis:The decline in overall off-take was reflected across most subsidiaries in May 2025:MCL led in off-take with 17.7 MT, but this was 4.0% lower YoY. Its cumulative off-take for Apr-May'25 was 34.6 MT, down 3.1% YoY.SECL dispatched 15.5 MT, a 5.9% YoY decrease. For Apr-May'25, SECL's off-take fell by 4.0% YoY to 30.7 MT.NCL's off-take was 11.2 MT, down 9.3% YoY. Cumulatively, for Apr-May'25, NCL's off-take was 23.2 MT, a 2.3% decrease YoY.CCL saw the steepest percentage decline in off-take among major subsidiaries, with dispatches falling 20.3% YoY to 6.5 MT. Its Apr-May'25 off-take was 13.6 MT, down 9.2% YoY.ECL's off-take decreased by 6.2% YoY to 4.2 MT. For Apr-May'25, its off-take was 8.4 MT, down 2.4% YoY.WCL reported an off-take of 5.8 MT, down 7.4% YoY. Cumulatively, WCL's off-take for Apr-May'25 was 11.8 MT, down 2.5% YoY.BCCL's off-take fell by 5.1% YoY to 3.2 MT. Its cumulative off-take for Apr-May'25 was 6.3 MT, down 4.6% YoY.NEC's off-take was 0.0 MT (rounded) in May 2025, a 50.0% decline from 0.0 MT (rounded) last year, again indicating a very small base. For Apr-May'25, NEC's off-take was 0.0 MT compared to 0.1 MT last year, a 60.0% decline.Regulatory Disclosure and Market ContextThe provisional operational figures were disclosed by Mr. B. P. Dubey, Company Secretary & Compliance Officer of Coal India Limited. This information is crucial for investors and market analysts as it provides an early insight into the company's operational efficiency and sales volume, which are key drivers of its financial performance. Coal India's production and off-take numbers are closely watched as the company accounts for over 80% of India's domestic coal output and plays a vital role in meeting the energy demands of the nation, particularly for the power sector. The decline in both production and off-take in May 2025, and for the initial two months of FY26, might be a point of attention for stakeholders, pending further details on the reasons behind these trends, such as demand fluctuations, weather conditions, or logistical factors. The company's performance in the coming months will be critical in determining its trajectory for the fiscal year. Coal India Limited's Scrip Code on BSE is 533278 and its ISIN on NSE is INE522F01014. "
02 Jun 2025,Coal India subsidiary Bharat Coking Coal files IPO papers,https://www.moneycontrol.com/news/business/ipo/coal-india-subsidiary-bharat-coking-coal-files-ipo-papers-13084450.html,"Bharat Coking Coal IPO | The issue will be entirely an offer for sale, as BCCL will not issue any fresh shares",Bharat Coking Coal IPO,"State-owned Coal India arm Bharat Coking Coal (BCCL) has filed draft papers with market regulator Sebi for its initial public offering. The issue will be entirely an offer for sale, as BCCL will not issue any fresh shares. Coal India (CIL) plans to sell up to 46.5 crore shares. ""The draft red herring prospectus…of Bharat Coking Coal was filed with SEBI, BSE and NSE,"" CIL said in a filing to BSE. DRHP is a preliminary document that a company files with Sebi for a public offer. ""The DRHP filing pertains to the proposed initial public offering (IPO) of BCCL comprising an offer for sale of up to 46,57,00,000 equity shares by Coal India Limited, which remains subject to receipt of applicable approvals, market conditions, and other relevant considerations,"" the company said. BCCL, established with a mandate to mine and supply high-grade coking coal, plays a pivotal role in fuelling the nation's steel sector, which relies heavily on the company's coal for production and manufacturing processes. The development comes days after CIL arm Coal Central Mine Planning & Design Institute (CMPDIL) filed draft papers with Sebi for its initial public offering. Coal India accounts for over 80 percent of domestic coal output. CIL has reported a 12 percent rise in consolidated net profit at Rs 9,604.02 crore for March quarter 2025 on the back of higher income. The company had posted a net profit of Rs 8,572.14 crore in the year-ago period."
02 Jun 2025,"Stocks to Watch Today: Tata Motors, M&M, Niva Bupa, Alembic Pharma, IRCON, Godrej Properties, Titagarh, AstraZeneca, Genus Power, Nykaa in focus on 2 June",https://www.moneycontrol.com/news/business/markets/stocks-to-watch-today-tata-motors-m-m-niva-bupa-alembic-pharma-ircon-godrej-properties-titagarh-astrazeneca-genus-power-nykaa-in-focus-on-2-june-13083367.html,"Stocks to Watch, 2 June: Stocks like TVS Motor Company, Eicher Motors, Hero MotoCorp, Maruti Suzuki India, Indian Energy Exchange,Indigo Paints, Manappuram Finance, Tata Motors, Mahindra and Mahindra, Niva Bupa Health Insurance Company, Alembic Pharmaceuticals, IRCON International, Godrej Properties, Titagarh Rail Systems, AstraZeneca Pharma India, Genus Power Infrastructures, and FSN E-Commerce Ventures Nykaa will be in focus on June 2.",Shares of Niva Bupa Health Insurance have risen by 23.4 per cent in the last six months.,"Let's catch up on the latest news from the stock market. From significant investments to major deals, quarterly earnings, order wins, and auto sales, here’s a quick look at which stocks will be in focus in today's trade: Results Today Manoj Jewellers, N2N Technologies, Panorama Studios International, Retro Green Revolution, and Vasudhagama Enterprises will release their quarterly earnings on June 2. Quarterly Earnings Titagarh Rail Systems Q4 (Consolidated YoY) Profit falls 18.4% to Rs 64.5 crore Vs Rs 79 crore Revenue declines 4.5% to Rs 1,005.6 crore Vs Rs 1,052.4 crore AstraZeneca Pharma India Q4 (YoY) Profit zooms 47.5% to Rs 58.3 crore Vs Rs 39.5 crore Revenue increases 25.4% to Rs 480.5 crore Vs Rs 383.2 crore Board recommends dividend of Rs 32 per equity share Genus Power Infrastructures Q4 (Consolidated YoY) Profit surges 406.5% to Rs 123.3 crore Vs Rs 24.3 crore Revenue grows 123% to Rs 936.8 crore Vs Rs 420.1 crore FSN E-Commerce Ventures Nykaa Q4 (Consolidated YoY) Profit spikes 192.9% to Rs 20.3 crore Vs Rs 6.93 crore Revenue grows 23.6% to Rs 2,061.8 crore Vs Rs 1668 crore Apollo Hospitals Enterprise Q4 (Consolidated YoY) Profit zooms 60.4% to Rs 414.5 crore Vs Rs 258.4 crore Revenue rises 13.1% to Rs 5,592.2 crore Vs Rs 4,943.9 crore Board recommends a final dividend of Rs 10 per share Inox Wind Q4 (Consolidated YoY) Profit spikes 379.6% to Rs 190.3 crore Vs Rs 39.7 crore Revenue jumps 141.6% to Rs 1,274.8 crore Vs Rs 527.7 crore Spandana Sphoorty Financial Q4 (Consolidated YoY) Loss stands at Rs 434.3 crore Vs profit of Rs 128.6 crore Revenue falls 38% to Rs 414.8 crore Vs Rs 669.1 crore Board approves issuance of non-convertible debentures up to Rs 4,000 crore on private placement basis, in tranches Ashiana Housing Q4 (YoY) Profit grows 13.8% to Rs 19.7 crore Vs Rs 17.4 crore Revenue falls 27% to Rs 201.5 crore Vs Rs 275.7 crore Puravankara Q4 (Consolidated YoY) Loss widens to Rs 88 crore Vs loss of Rs 6.7 crore Revenue tanks 41.1% to Rs 541.6 crore Vs Rs 920 crore Sun TV Network Q4 (Consolidated YoY) Profit drops 10.4% to Rs 371.6 crore Vs Rs 414.7 crore Revenue declines 2.2% to Rs 940.6 crore Vs Rs 961.3 crore Automobile Sales for May Bajaj Auto (YoY) Total sales grow 8% to 3.84 lakh units Vs 3.55 lakh units Domestic sales flat at 2.25 lakh units Vs 2.25 lakh units Exports zoom 22% to 1.58 lakh units Vs 1.30 lakh units Hyundai Motor India (YoY) Total sales decline to 58,701 units Vs 60,774 units Domestic sales fall to 43,861 units Vs 44,374 units Export sales drop to 14,840 units Vs 16,400 units Ashok Leyland (YoY) Total sales grow 5% to 15,484 units Vs 14,682 units M&HCV sales increase 11% to 10,282 units Vs 9,243 units LCV sales drop 4% to 5,202 units Vs 5,439 units TVS Motor Company (YoY) Total sales jump 17% to 4.31 lakh units Vs 3.69 lakh units 2-wheeler sales increase 16% to 4.16 lakh units Vs 3.59 lakh units Electric vehicle sales grow 50% to 27,976 units Vs 18,674 units Exports up 22% to 1.18 lakh units Vs 96,966 units 3-wheeler sales soar 46% to 15,109 units Vs 10,324 units Eicher Motors VECV (YoY) Total sales grow 7.3% to 7,402 units Vs 6,901 units Eicher Motors Royal Enfield (YoY) Total sales increase 26% to 89,429 units Vs 71,010 units Exports surge 82% to 13,609 units Vs 7,479 units Hero MotoCorp (YoY) Total sales grow 1.92% to 5.07 lakh units Vs 4.98 lakh units Domestic sales increase 2% to 4.88 lakh units Vs 4.79 lakh units Exports up 0.17% to 18,704 units Vs 18,673 units Maruti Suzuki India (YoY) Total sales rise 3.2% to 1.8 lakh units Vs 1.74 lakh units Domestic sales fall 5.3% to 1.48 lakh units Vs 1.57 lakh units Exports zoom 80% to 31,219 units Vs 17,367 units Tata Motors (YoY) Total sales fall 8.6% to 70,187 units Vs Rs 76,766 units Domestic sales down 10% at 67,429 units Vs 75,173 units Passenger vehicles sales drop 11% to 42,040 units Vs 47,075 units Commercial vehicle sales decline 5% to 28,147 units Vs 29,691 units Mahindra and Mahindra (Automobile YoY) Total sales grow 17% to 84,110 units Passenger vehicle sales up 21% at 52,431 units Vs 43,218 units Exports increase 37% to 3,652 units Vs 2,671 units 3-wheeler sales soar 11% to 6,635 units Vs 5,967 units Mahindra and Mahindra (Tractor YoY) Total sales jump 10% to 40,643 units Vs 37,109 units Domestic sales grow 10% to 38,914 units Vs 35,237 units Exports fall 8% to 1,729 units Vs 1,872 units Stocks to Watch Niva Bupa Health Insurance Company Reports from CNBC-TV18, quoting sources, indicate that Fettle Tone and Krishnan Ramchandra are likely to sell up to 7.2% of their stake in Niva Bupa Health Insurance Company through block deals. The expected block size for the transaction is around Rs 1,082 crore. Alembic Pharmaceuticals The United States Food and Drug Administration (US FDA) has issued a Form 483 with four observations for Alembic Pharmaceuticals' API-I & II units at Panelav. The inspection took place between May 26 and May 31, 2025, and was a routine, unannounced cGMP inspection. None of the observations were related to data integrity. IRCON International The company has received an Engineering, Procurement, and Construction (EPC) order worth Rs 1,068.34 crore from East Central Railway. The order involves the construction of a new broad gauge (BG) rail bridge, including the sub-structure for a double-line track and the superstructure for a single-line track, across the river Ganga between Bikramshila and Katareah stations on the New Railway Line Project. Godrej Properties Godrej Properties, a leading real estate developer, has acquired a 14-acre land parcel in Kharadi-Wagholi, Pune. The company plans to develop a premium group housing project with a potential developable area of 3.7 million square feet, estimated to generate a revenue potential of Rs 4,200 crore. Cipla The United States Food and Drug Administration (USFDA) conducted a current Good Manufacturing Practices (cGMP) inspection at the company’s manufacturing facility in Bommasandra, Bengaluru, during May 26–30, 2025, and issued one observation in Form 483. Meanwhile, the Board has approved the appointment of Prabhakarn Balakrishnan Nair as Senior Management Personnel and Global Chief Manufacturing Officer of the company, effective July 1. MOIL The company has reduced the prices of all chemical grades and manganese ore fines by 5–15%, effective June 2. Zydus Lifesciences The company has received tentative approval from the United States Food and Drug Administration (USFDA) for Rifaximin tablets. Rifaximin is used for the treatment of irritable bowel syndrome with diarrhea (IBS-D) in adults. As per IQVIA MAT March 2025 data, Rifaximin tablets recorded annual sales of $2,672.9 million in the United States. Adani Energy Solutions The company has won a Rs 1,660 crore inter-state transmission project in Maharashtra. With this addition, its transmission order book now stands at Rs 61,600 crore. Meanwhile, the Board has approved fund raising of up to Rs 4,300 crore via Qualified Institutional Placement (QIP) or other modes. Coal India The company has filed draft papers for the IPO of its subsidiary, Bharat Coking Coal, with SEBI, NSE, and BSE. The proposed IPO will comprise an offer for sale of up to 46.57 crore shares by Coal India. Dr Reddy's Laboratories The company has received a notice from the Assistant Commissioner of Income Tax, Hyderabad, demanding tax amounting to Rs 2,395.81 crore for the Assessment Year 2020–21. Bulk Deals Indian Energy Exchange Dalmia Cement (Bharat) has sold a 0.57% stake in Indian Energy Exchange at an average price of Rs 200.71 per share. As of March 2025, Dalmia Cement held a 4.17% stake in the company. Indigo Paints Peak XV Partners Investments V and IV have exited Indigo Paints by selling their entire 3.18% shareholding at an average price of Rs 1,046.45 per share. Kotak Mahindra Mutual Fund was the buyer for the 3.18% stake. Stocks Trade Ex-Date for Income Distribution (InvIT) Cube Highways TrustNational Highways Infra Trust Stock in F&O Ban Manappuram Finance"
09 May 2025,Buy Coal India; target of Rs 450: Sharekhan,https://www.moneycontrol.com/news/business/stocks/buy-coal-india-target-of-rs-450-sharekhan-13018647.html,"Sharekhan is bullish on Coal India has recommended buy rating on the stock with a target price of Rs 450 in its research report dated May 08, 2025.",Buy,"Sharekhan's research report on Coal India Company reported a revenue of Rs. 37,825 crore and it was up 1.1% y-o-y. Volume offtake and blended realizations both witnessed a slight decline. Adj. operating profit (ex-OBR) of Rs. 11,229 crore was up 14.1% y-o-y. Consolidated PAT of Rs. 9,604 crore was up 10.6% y-o-y because of higher other income. Coal India’s volume growth is expected to improve with the addition of thermal capacities. Pricing should also improve with the Rs. 300/tonne additional levy in NCL (subsidiary). Outlook Valuation of 6.2x/5.9x its FY26/FY27 EPS estimates is attractive, and the stock offers a high dividend yield of ~7%. We maintain a Buy with an unchanged PT of Rs. 450. For all recommendations report, click here Coal India - 09052025 - khan"
08 May 2025,Buy Coal India; target of Rs 475: Emkay Global Financial,https://www.moneycontrol.com/news/business/stocks/buy-coal-india-target-of-rs-475-emkay-global-financial-13017019.html,"Emkay Global Financial recommended buy rating on Coal India with a target price of Rs 475 in its research report dated May 08, 2025.",Buy,"Emkay Global Financial's research report on Coal India COAL reported a strong quarterly performance, with Q4FY25 EBITDA at Rs132.9bn (+2.5% vs Emkay; +17.3% vs consensus). The performance in Q4 profitability is on the back of better-than-expected e-auction premiums, lower employee cost, and lower reversal from stripping activity. While we estimate Coal India’s production reaching 820mt in FY26 from 781mt in FY25, we expect e-auction premiums to normalize to around 50%, directionally taking cue from the declining global benchmark thermal coal prices. Outlook Valuations remain undemanding, with 1-year forward P/E of 7x vs 10-year average of 9.7x. We therefore retain BUY with unchanged Mar-26E target price of Rs475. For all recommendations report, click here Coal India - 07052025 - emkay"
08 May 2025,"Stocks to Watch Today: Bharti Airtel, Kfin Technologies, Nazara Tech, Dabur, Blue Star, Voltas, Symphony, United Breweries, Coal India in focus on 8 May",https://www.moneycontrol.com/news/business/markets/stocks-to-watch-today-bharti-airtel-kfin-technologies-nazara-tech-dabur-blue-star-voltas-symphony-united-breweries-coal-india-in-focus-on-8-may-13016610.html,"Stocks to Watch, 08 May: Stocks like Tata Chemicals, Mangalore Chemicals and Fertilizers, Sonata Software, Satin Creditcare Network, Somany Ceramics, Niva Bupa Health Insurance Company, Kfin Technologies, Astral, Mahindra and Mahindra, Suven Pharmaceuticals, and Vodafone Idea will be in focus on May 8.",Stocks to Watch Today,"Let's catch up on the latest news from the stock market. From significant investments to major deals, quarterly earnings, acquisitions, and appointments, here’s a quick look at which stocks will be in focus in today's trade: Results Today Larsen & Toubro, Titan Company, Asian Paints, Britannia Industries, Bharat Forge, Biocon, Escorts Kubota, Union Bank of India, Canara Bank, Aarti Industries, Chambal Fertilisers & Chemicals, Dilip Buildcon, IIFL Finance, Jindal Stainless, Kalyan Jewellers India, Multi Commodity Exchange of India, Pidilite Industries, REC, and Zee Entertainment Enterprises will announce their quarterly earnings on May 8. Quarterly Earnings Coal India Q4 (Consolidated YoY) Profit grows 12% to Rs 9,604 crore Vs Rs 8,572.1 crore Revenue falls 1% to Rs 37,824.5 crore Vs Rs 38,213.5 crore Board recommends final dividend of Rs 5.15 per share for FY25 Coal India has executed a non-binding Memorandum of Understanding (MoU) with AM Green Ammonia (India), for supplying renewable power to AM Green’s green ammonia project in Kandla or any other facility from 4.5 GW renewable energy project/s of Coal India. Voltas Q4 (Consolidated YoY) Profit zooms 107% to Rs 241 crore Vs Rs 116.4 crore Revenue grows 13.4% to Rs 4,767.6 crore Rs 4,203 crore Board recommends dividend of Rs 7 per share United Breweries Q4 (Standalone YoY) Profit increases 20.5% to Rs 97.4 crore Vs Rs 80.8 crore Revenue grows 8.9% to Rs 2,321.4 crore Vs Rs 2,131.5 crore Board recommends dividend of Rs 10 per share Tata Chemicals Q4 (Consolidated YoY) Loss narrows to Rs 56 crore Vs loss of Rs 850 crore Revenue rises 1% to Rs 3,509 crore Vs Rs 3,475 crore Board recommends dividend of Rs 11 per share for FY25 Board approves fund raising up to Rs 200 crore via issuance of NCDs Symphony Q4 (Consolidated YoY) Profit zooms 64.6% to Rs 79 crore Vs Rs 48 crore Revenue soars 47% to Rs 488 crore Vs Rs 332 crore Board recommends final dividend of Rs 8 per share Mangalore Chemicals and Fertilizers Q4 (YoY) Profit spikes 231.2% to Rs 16 crore Vs Rs 4.8 crore Revenue declines 1.6% to Rs 773.8 crore Vs Rs 786.4 crore Sonata Software Q4 (Consolidated QoQ) Profit rises 2.4% to Rs 107.5 crore Vs Rs 105 crore Revenue falls 8% to Rs 2,617.2 crore Vs Rs 2,842.8 crore Board recommends final dividend of Rs 4.40 per share Satin Creditcare Network Q4 (Standalone YoY) Profit sinks 67.2% to Rs 41 crore Vs Rs 125.3 crore Net interest income declines 10% to Rs 324.2 crore Vs Rs 359.7 crore Somany Ceramics Q4 (Consolidated YoY) Profit drops 30.7% to Rs 21.3 crore Vs Rs 30.8 crore Revenue grows 4.3% to Rs 769 crore Vs Rs 737.5 crore Niva Bupa Health Insurance Company Q4 (YoY) Profit increases 31.2% to Rs 206 crore Vs Rs 157 crore Gross premiums written jumps 18.1% to Rs 2,078.7 crore Vs Rs 1,759.4 crore Net premium written rises 21% to Rs 1,672.1 crore Vs Rs 1,381.9 crore Underwriting profit falls 12.2% to Rs 57.6 crore Vs Rs 65.6 crore Operating profit tanked 43% YoY to Rs 94.9 crore Vs Rs 166.8 crore Blue Star Q4 (Consolidated YoY) Profit grows 20.6% to Rs 193.6 crore Vs Rs 160.5 crore Revenue jumps 20.8% to Rs 4,019 crore Vs Rs 3,327.8 crore Board recommends final dividend of Rs 9 per share Blue Star re-appoints Vir S Advani as Chairman & Managing Director for five years effective April 1, 2026 Dabur India Q4 (Consolidated YoY) Profit falls 8.3% to Rs 312.7 crore Vs Rs 341.2 crore Revenue increases 0.6% to Rs 2,830.1 crore Vs Rs 2,814.6 crore Stocks to Watch Kfin Technologies General Atlantic PE is likely to sell approximately 6% of the total shares outstanding in the company via block deals, reports CNBC-TV18, quoting sources. Astral The company has completed the acquisition of a 100% equity stake in Al-Aziz Plastics. Nazara Technologies The National Company Law Tribunal (NCLT), Mumbai, has approved the company's resolution plan for the acquisition of Smaaash Entertainment. Mahindra and Mahindra The company's production grew by 20.3%, reaching 85,925 units in April 2025, compared to 71,445 units in the same month the previous year. Sales for April increased by 17.7%, totaling 80,789 units, and exports surged by 82%, to 3,381 units compared to the corresponding month last year. Suven Pharmaceuticals The company has changed its name from Suven Pharmaceuticals to Cohance Lifesciences. Reliance Industries Reliance Jio added 21.74 lakh users in March 2025, compared to an addition of 17.65 lakh users in February. Bharti Airtel The telecom operator added 12.50 lakh subscribers in March 2025, compared to an addition of 15.93 lakh users in February. Vodafone Idea The company lost 5.41 lakh users in March 2025, compared to a loss of 20,720 users in February. Stock Trades Ex-Date for Rights Trans India House Impex Stock Trades Ex-Date for Split Rajasthan Tube Manufacturing Company Stocks Trade Ex-Dividend Gravita IndiaOracle Financial Services Software Stock Trades Ex-Date for Income Distribution RITES Brookfield India Real Estate Trust REIT Stocks in F&O ban Central Depository ServicesManappuram FinanceRBL Bank"
07 May 2025,"Coal India Standalone March 2025 Net Sales at Rs 473.43 crore, down 3% Y-o-Y",https://www.moneycontrol.com/news/business/earnings/coal-india-standalone-march-2025-net-sales-at-rs-473-43-crore-down-3-y-o-y-13016492.html,,,"Reported Standalone quarterly numbers for Coal India are: Net Sales at Rs 473.43 crore in March 2025 down 3% from Rs. 488.05 crore in March 2024. Quarterly Net Profit at Rs. 3,148.87 crore in March 2025 down 5.62% from Rs. 3,336.22 crore in March 2024. EBITDA stands at Rs. 3,211.58 crore in March 2025 down 6.56% from Rs. 3,437.12 crore in March 2024. Coal India EPS has decreased to Rs. 5.11 in March 2025 from Rs. 5.41 in March 2024. Coal India shares closed at 378.25 on May 05, 2025 (NSE) and has given -13.12% returns over the last 6 months and -17.05% over the last 12 months. "
07 May 2025,"Coal India Consolidated March 2025 Net Sales at Rs 37,824.54 crore, up 1.11% Y-o-Y",https://www.moneycontrol.com/news/business/earnings/coal-india-consolidated-march-2025-net-sales-at-rs-37824-54-crore-up-1-11-y-o-y-13016461.html,,,"Reported Consolidated quarterly numbers for Coal India are: Net Sales at Rs 37,824.54 crore in March 2025 up 1.11% from Rs. 37,410.39 crore in March 2024. Quarterly Net Profit at Rs. 9,604.02 crore in March 2025 up 10.62% from Rs. 8,682.20 crore in March 2024. EBITDA stands at Rs. 15,727.37 crore in March 2025 up 15.8% from Rs. 13,581.71 crore in March 2024. Coal India EPS has increased to Rs. 15.58 in March 2025 from Rs. 14.09 in March 2024. Coal India shares closed at 378.25 on May 05, 2025 (NSE) and has given -13.12% returns over the last 6 months and -17.05% over the last 12 months. "
07 May 2025,"Coal India Q4 results: Net profit rises 12% to Rs 9,604 crore, firm declares Rs 5.15 dividend",https://www.moneycontrol.com/news/business/earnings/coal-india-q4-results-net-profit-rises-12-to-rs-9-604-crore-firm-declares-rs-5-15-dividend-13016278.html,"Coal India Q4 results: Revenue falls marginally to Rs 37,825 crore","Coal India Q4 results: Net profit rises 12% to Rs 9,604 crore, firm declares Rs 5.15 dividend","PSU major Coal India Ltd on May 7 reported 12 percent increase in consolidated net profit at Rs 9,604 crore for the quarter ended March 31, 2025. It reported consolidated net profit of Rs 8,572 crore in the year-ago period. The firm declared a final dividend of Rs 5.15 per share for FY25. The firm's consolidated revenue from operations decreased marginally to Rs 37,825 crore in Q4FY25 as against Rs 38,213 crore in Q4FY24. The company's earnings before interest, tax, depreciation, and amortization (EBITDA) increased by 15 percent to Rs 15,727.15 crore in the fourth quarter of this fiscal over Rs 13,631.70 crore in the year-ago period. The EBITDA margin stood at 37.7 percent in the reporting quarter compared to 33.7 percent in the corresponding period in the previous fiscal. CIL's total expenses in the fourth quarter marginally increased to Rs 29,057 crore from Rs 28,950 crore in the corresponding quarter of the previous fiscal. The company said coal production remained nearly the same at 201 million tonnes during the quarter, up from 202 million tonnes in the comparable quarter last year. Off-take of coal was at 201 million tonnes, compared to 202 million tonnes in the year ago quarter. Meanwhile, shares of Coal India on May 7 closed Rs 384.2 apiece on NSE, 1.57 percent lower against its previous closing."
22 Apr 2025,"Stocks to Watch Today: HUL, Coal India, Gandhar Oil Refinery, Nureca, Paytm, HG Infra, Tata Power, Anant Raj in focus on 22 April",https://www.moneycontrol.com/news/business/markets/stocks-to-watch-today-hul-coal-india-gandhar-oil-refinery-nureca-paytm-hg-infra-tata-power-anant-raj-in-focus-on-22-april-13000357.html,"Stocks to Warch, 22 Apr: Stocks like Rajratan Global Wire, Alok Industries, Tata Investment Corporation, Himadri Speciality Chemical, Pitti Engineering, Mahindra Logistics, Vedanta, Brigade Enterprises, Gujarat Alkalies and Chemicals, and Mazagon Dock Shipbuilders will be in focus on April 22.",Stocks to Watch Today,"Let's catch up on the latest news from the stock market. From significant investments to major deals, quarterly earnings, appointments and acquisitions, here’s a quick look at which stocks will be in focus in today's trade: Results Today HCL Technologies, Mahindra & Mahindra Financial Services, Tata Communications, Havells India, AU Small Finance Bank, Waaree Energies, Cyient DLM, Delta Corp, Hathway Cable & Datacom, Choice International, Huhtamaki India, and Vardhman Special Steels will announce their quarterly earnings on April 22. Quarterly Earnings Rajratan Global Wire Q4 (Consolidated YoY) Profit sinks 25% to Rs 15.2 crore Vs Rs 20.25 crore Revenue rises 4.9% to Rs 251.4 crore Vs Rs 239.6 crore Alok Industries Q4 (Consolidated YoY) Loss narrows to Rs 74.5 crore Vs loss of Rs 215.9 crore Revenue declines 35.1% to Rs 953 crore Vs Rs 1,469.3 crore Anil Kumar Mungad resigns as Chief Financial Officer of the company, effective April 29 Tata Investment Corporation Q4 (Consolidated YoY) Profit plunges 37.6% to Rs 37.7 crore Vs Rs 60.5 crore Revenue drops 71.2% to Rs 16.4 crore Vs Rs 57.1 crore Board recommends a dividend of Rs 27 per share Anant Raj Q4 (Consolidated YoY) Profit zooms 51.5% to Rs 118.6 crore Vs Rs 78.3 crore Revenue grows 22.2% to Rs 540.7 crore Vs Rs 442.6 crore Himadri Speciality Chemical Q4 (Consolidated YoY) Profit jumps 35.1% to Rs 155.6 crore Vs Rs 115.2 crore Revenue falls 3.6% to Rs 1,134.6 crore Vs Rs 1,177 crore Board approves acquisition of 100% stake in Elixir Carbo for Rs 7.5 crore in cash Pitti Engineering Q4 (Consolidated YoY) Profit sinks 21.4% to Rs 36.1 crore Vs Rs 46 crore Revenue surges 39.6% to Rs 468.8 crore Vs Rs 335.9 crore Mahindra Logistics Q4 (Consolidated YoY) Net loss narrows to Rs 6.75 crore Vs loss of Rs 12.85 crore Revenue increases 8.2% to Rs 1,569.5 crore Vs Rs 1,450.8 crore Hemant Sikka, President of farm equipment business, to be Managing Director & CEO (Designate) of Mahindra Logistics Rampraveen Swaminathan resigns as Managing Director and Chief Executive Officer of the company Stocks to Watch Vedanta Promoter entity Twin Star Holdings (borrower) has signed a Facility Agreement for $530 million with lenders. Vedanta Resources and Welter Trading are guarantors to the agreement. The Facility Agreement has been entered into for the purpose of servicing the financial indebtedness of the VRL Group, covering transaction expenses contemplated under the finance documents and for general corporate purposes of the borrower. Twin Star Holdings is a related party of Vedanta and is classified as a member of the promoter group, holding 40.02% of shares in Vedanta. Tata Power Company The company’s renewable energy subsidiary, Tata Power Renewable Energy (TPREL), has signed a Power Purchase Agreement (PPA) to co-develop a 131 MW wind-solar hybrid renewable energy project. Hindustan Unilever The company has completed the acquisition of 90.5% shareholding in Uprising through a combination of primary infusion and secondary acquisition for a total cash consideration of Rs 2,706.4 crore. HG Infra Engineering HG Infra has been declared a qualified bidder by Gujarat Urja Vikas Nigam for 300 MW/600 MWh (out of the total project capacity of 500 MW/1000 MWh) for the setting up of standalone battery energy storage systems in Gujarat. Gandhar Oil Refinery (India) The company has signed a non-binding Memorandum of Understanding (MoU) with the Jawaharlal Nehru Port Authority (JNPA) to participate at Vadhvan Port for the development of a terminal for handling containers, bulk, and liquid cargo and to create supporting infrastructure. The estimated investment for the project is approximately Rs 1,000 crore, with operations expected to commence in 2030. One 97 Communications (Paytm) The company’s subsidiary, Paytm Money, has announced new cost-effective interest rates and a revised brokerage structure for its recently launched Pay Later (MTF - Margin Trading Facility) offering. The platform aims to enhance affordability for both retail and high-value investors. Nureca The company has received formal approval from the Government of Punjab, Department of Industries & Commerce (Invest Punjab), for the establishment of a new manufacturing facility in Sundra, SAS Nagar, Punjab. The unit will focus on the manufacturing of health and wellness equipment. Coal India The company has signed a non-binding Memorandum of Understanding (MoU) with Damodar Valley Corporation (DVC) to set up a 2×800 MW coal-fired ultra supercritical power plant in Jharkhand. DVC is a power generator operating in West Bengal and Jharkhand. Brigade Enterprises The company has signed a Joint Development Agreement for a plotted development project in Malur, East Bengaluru, spanning approximately 20 acres. The gross development value of the project is around Rs 175 crore, with a total development potential of 0.45 million square feet. Gujarat Alkalies and Chemicals The company has dispatched its first consignment of Benzyl Chloride from its new plant at Dahej. The company has established a 30,000 TPA Chlorotoluene plant at Dahej with an estimated project cost of Rs 350 crore. Mazagon Dock Shipbuilders Capt (IN Retd) Jagmohan has been appointed as Chairman & Managing Director on the Board of the company, effective April 21 until his superannuation on September 30, 2029. As a result, Biju George, Director (Shipbuilding), ceased to hold the additional charge of Chairman & Managing Director, effective April 21. Stock Trades Ex-Date for Amalgamation Rane Engine ValveRane Brake Lining Stocks in F&O ban Tata Elxsi, Angel One, Hindustan Copper, IREDA, Manappuram Finance Stocks removed from F&O ban National Aluminium Company"
18 Apr 2025,"Coal India arm SECL enters into Rs 7,040-cr pact with TMC Mineral Resources",https://www.moneycontrol.com/news/business/coal-india-arm-secl-enters-into-rs-7-040-cr-pact-with-tmc-mineral-resources-12998149.html,"Under this agreement, large-scale coal production will be undertaken using paste filling technology in the Singhali underground coal mine located in SECL's Korba area","Coal India arm SECL enters into Rs 7,040-cr pact with TMC Mineral Resources","Coal India arm SECL on Friday said it has entered into a Rs 7,040-crore pact with TMC Mineral Resources for undertaking large-scale coal production using paste filling technology. Paste filling is a modern underground mining method that eliminates the need to acquire surface land. After coal extraction, the mined-out voids are filled with a specially prepared paste made from fly ash, crushed overburden from opencast mines, cement, water, and binding chemicals. This process prevents land subsidence and ensures the structural stability of the mine. ""South Eastern Coalfields Ltd (SECL) is set to become the first coal PSU in India to adopt paste fill technology for coal mining... To implement this innovative underground mining technology, SECL has signed a Rs 7,040 crore agreement with TMC Mineral Resources Pvt Ltd,"" the public sector unit said in a statement. Under this agreement, large-scale coal production will be undertaken using paste filling technology in the Singhali underground coal mine located in SECL's Korba area. Over a period of 25 years, the project is expected to produce approximately 8.4 million tonnes of coal. The Singhali underground mine was approved in 1989 for a production capacity of 0.24 million tonnes per year and commenced operations in 1993. Presently, the mine has 8.45 million tonnes of extractable reserves of non-coking coal. It was developed using the Bord and Pillar method, employing load haul dumpers and universal drilling machines for underground operations. However, the surface area above the mine is densely occupied -- with villages, high-tension electricity lines, and a public works department road -- rendering the traditional caving methods unfeasible due to safety and environmental concerns. With the introduction of paste filling technology, mining activities in this area can now proceed without disturbing the surface infrastructure. The successful implementation of this technology in Singhali is expected to pave the way for resuming operations in other underground mines where similar land constraints exist."
02 Apr 2025,"Stocks to Watch Today: CSB Bank, Siemens, Zaggle Prepaid, Coal India, Hyundai Motor, NMDC, MOIL, Hindustan Copper in focus on 2 April",https://www.moneycontrol.com/news/business/markets/stocks-to-watch-today-csb-bank-siemens-zaggle-prepaid-coal-india-hyundai-motor-nmdc-moil-hindustan-copper-in-focus-on-2-april-12982075.html,"Stocks to Watch, 2 Apr: Stocks like Hi-Tech Pipes, Syngene International, Tata Steel, Biocon, Vaibhav Global, Tata Consumer Products, MOIL, JSW Energy, Quess Corp, Indian Bank, Pidilite Industries, Jana Small Finance Bank, SJVN, Power Grid Corporation of India, Shriram Finance, Polycab India, and Godawari Power & Ispat will be in focus on April 2.",Stocks to Watch Today,"Let's catch up on the latest news from the stock market. From significant investments to major deals, quarterly earnings, appointments and acquisitions, here’s a quick look at which stocks will be in focus in today's trade: Quarterly Earnings (Updates) CSB Bank Q4 (Provisional Numbers YoY) Total deposits grow 24.03% to Rs 36,861 crore Vs Rs 29,719 crore CASA increases 10.31% to Rs 8,918 crore Vs Rs 8,085 crore Gross advances jump 29.59% to Rs 31,843 crore Vs Rs 24,572 crore Hi-Tech Pipes Q4 (YoY) Hi-Tech Pipes: The company has reported sales for Q4 FY25 of 1,16,032 MT, growing 8% compared to 1,07,721 MT in Q4 FY24, driven by sustained demand across infrastructure and construction sectors. Monthly Auto Sales Hyundai Motor India (March YoY) Total monthly sales up 2.6% at 67,320 units Domestic sales stand at 51,820 units Exports stand at 15,500 units Tata Motors (March YoY) Total sales grow 0.5% to 92,994 units Vs 92,559 units Domestic sales drop 0.35% to 90,500 units Vs 90,822 units Commercial vehicle sales decline 3% to 41,122 units Vs 42,262 units Passenger vehicle sales (including EV) increase 3% to 51,872 units Vs 50,297 units Stocks to Watch Coal India The Board has approved an increase in the notified price of coal by Rs 10 per tonne (i.e., from the existing Rs 10 per tonne to Rs 20 per tonne for non-coking and Rs 10 per tonne for coking coal for regulated and non-regulated sectors across Coal India), effective April 16. RITES The company has mutually agreed with UP State Bridge Corporation (UPSBCL) to foreclose the agreement for consultancy services for construction supervision of civil works. Due to interpretation issues of certain provisions of the agreement, it was difficult for the company to continue with the execution of the agreement under the existing terms. In October 2024, it had received a Letter of Acceptance from UPSBCL for supervision, monitoring, quality control, and work zone safety for the construction of bridges, rail over/under bridges, flyovers, and elevated roads in several districts of Uttar Pradesh. Zaggle Prepaid Ocean Services The company has signed a Master Services Agreement with Truecaller International LLP, providing the Zaggle Save (employee expense management & benefits) for one year. Syngene International The Board approved the appointment of Peter Bains as an Additional Director, designated as Managing Director & Chief Executive Officer of the company, effective April 1, subject to the approval of the shareholders of the company. Siemens The National Company Law Tribunal (NCLT), Mumbai, has sanctioned the Scheme of Arrangement between Siemens and Siemens Energy India, providing for the demerger of the company's energy business to Siemens Energy India. Tata Steel The company acquired 1,24,90,000 equity shares worth Rs 12.49 crore in the Indian Foundation for Quality Management (IFQM). Post the acquisition, the company’s aggregate shareholding in IFQM has increased from 9.09% to 16.66%. Biocon The Board will meet on April 4 to consider the fund-raising via issuance of commercial papers. Vaibhav Global The company has received a draft assessment order from the Income Tax Department, Jaipur, for the assessment year 2022-23, wherein major adjustments amounting to Rs 204.86 crore on transfer pricing issues have been proposed. The expected overall financial implication will be determined only upon passing of the final assessment order. Based on the internal assessment, the company does not expect any material financial impact. Hindustan Copper In FY25, the Matanjkhand Copper Project (MCP), the company's flagship unit in Madhya Pradesh, achieved an annual ore production of 27.25 lakh tonnes (the highest-ever yearly ore production since inception), which is 103% of the annual target. MCP has processed 24.34 lakh tonnes of copper ore during the year and achieved 97% of the annual target. The annual metal in concentrate (MIC) production stood at 19,270 tonnes in FY25. Tata Consumer Products The company has received an assessment order for the financial year 2021-22, demanding tax of Rs 262.08 crore (including interest). The Assessing Officer has proposed certain additions/disallowances with respect to the returned income. The company believes that the demand is not maintainable and is in the process of preferring an appeal against the said order. MOIL The prices of all ferro grades of manganese ore with manganese content of Mn-44% and above have been increased by 3%, effective April 1 for the month of April. The prices of all other ferro grades of manganese ore with manganese content below Mn-44% have been increased by 0.5%. Further, the prices of SMGR (Mn-30%, Mn-25%, and Mn-20%) and fines grades increased by 0.5%, and prices of all chemical grades rose by 3%. JSW Energy The company has added 3.6 GW of generation capacity during FY25, marking the highest annual capacity addition. The installed generation capacity at the end of FY25 stands at 10.9 GW, significantly surpassing the 10 GW capacity target set for FY25. In the fourth quarter of FY25, the company added 2.8 GW of operational capacity. Quess Corp Kamal Pal Hoda will relinquish his position as Group Chief Financial Officer of the company due to his transition to a new role as Executive Director & CEO of Bluspring Enterprises. The Board has approved the appointment of Sushanth Pai as the Chief Financial Officer of the company, effective April 1. Indian Bank The Government has appointed Venkatachalam Anand as the Chief Vigilance Officer (CVO) of the bank, effective April 1. The current CVO, Vishesh Kumar Srivastava, has been transferred to Bank of Baroda as CVO. Pidilite Industries The Board has approved the appointment of Sudhanshu Vats as Managing Director and the appointment of Kavinder Singh as Joint Managing Director, effective April 10. Jana Small Finance Bank Sudhir Madhavan has resigned from the position of Head of Microfinance and Gold Loan Business (RFS) of the bank to pursue an opportunity outside the bank, effective April 30. K S Raman (Executive Director) will take over as ED & Head of RFS of the bank, effective May 1. The successor of K S Raman as the Head of Credit will be announced in due course. SJVN The company's subsidiary SJVN Green Energy has completed the trial run of 241.77 MW capacity in Phase-I of the 1,000 MW Bikaner Solar Power Project on March 31. The said capacity is currently under operation and is all set to achieve COD on April 2. Maruti Suzuki India The country's largest car maker has announced a total production of 1,94,901 units in March, up 16.9% from the production of 1,66,730 units in the same month last year. Power Grid Corporation of India The Board will meet on April 4 to consider fund-raising via issuance of NCDs. Additionally, the company has been declared the successful bidder to establish an inter-state transmission system for the evacuation of power from Mahan Energen Generating Station in Madhya Pradesh under the build, own, operate, and transfer (BOOT) basis. The project comprises a 400kV D/C transmission line and associated bays at the existing Rewa PS (PG) sub-station in Madhya Pradesh. Shriram Finance The Reserve Bank of India has approved the company's acquisition of 100% equity stake in Shriram Overseas Investments (SOIPL) from Shriram Investments Holdings. The RBI also approved the appointment of Umesh Revankar, Executive Vice Chairman, and Parag Sharma, Managing Director & CFO of the company, as Directors on the board of Shriram Overseas Investments. Polycab India The company has received an assessment order for FY23 from the Income Tax Department, Mumbai, demanding Rs 8.53 crore for disallowance of certain expenditures and additions. Godawari Power & Ispat The mining activities at the Boria Tibu iron ore mines have been temporarily suspended effective April 1 due to the expiry of the mining plan approval. Operations at the mines will be resumed after receiving renewal approval from the Indian Bureau of Mines, which is expected to take around 10 days. Sansera Engineering MMRFIC Technology, an associate company of Sansera Engineering, has signed a Memorandum of Understanding (MoU) with the Indian Institute of Technology Madras (IITM) for the development of RISC-V based Secure SoC. NMDC The iron ore production declined sharply by 27% to 3.55 MT in March 2025, compared to 4.86 MT in March 2024, but iron ore sales grew by 6.3% to 4.21 MT, from 3.96 MT in the same period. Bulk Deals Galaxy Surfactants ICICI Prudential Mutual Fund has acquired 5.95 lakh shares in the company at an average price of Rs 2,092 per share, valued at Rs 124.47 crore. SME Listing on April 2 Shri Ahimsa NaturalsATC Energies System Stocks Trade Ex-Dividend RailTel Corporation of IndiaMSTCADC India Communications Stocks Trade Ex-Bonus Ranjeet MechatronicsCapital Trade Links"
01 Apr 2025,Coal India hikes prices for coking and non-coking coal from April 16,https://www.moneycontrol.com/news/business/companies/coal-india-hikes-prices-for-coking-and-non-coking-coal-from-april-16-12981764.html,Coal India accounts for over 80 percent of domestic coal production,"The state-owned firm produced 781.1 MT of coal in 2024-25, nearly 7 percent less than the company's target for the financial year","Coal India on April 1 announced an increase of Rs 10 per ton in the prices of coking and non-coking coal starting from April 16. The state-run company said its board approved the enhancement of ""notified price of coal by Rs 10 per ton i.e from existing Rs 10 per ton to Rs 20 per ton for non-coking and Rs 10 per ton for coking coal for regulated and non-regulated sectors across CIL towards contribution to the corpus of CMPS-1998"". The new prices will be effective from April 16, the coal producer said. Meanwhile, the state-owned firm produced 781.1 MT of coal in 2024-25, nearly 7 percent less than the company's target for the financial year. CIL's coal production target for 2024-25 was 838 million tonnes (MT). However, coal production by CIL grew marginally by one per cent in FY25, over the year-ago period, the public sector enterprise said in a regulatory filing. CIL's coal production in March dropped by 3.1 per cent to 85.8 million tonnes over the year-ago period. The output was 88.6 MT in the same month of FY24. The subsidiaries of the coal behemoth, which registered a decline in production are Central Coalfields Ltd (CCL), Western Coalfields Ltd (WCL) and South Eastern Coalfields Ltd (SECL). Coal India accounts for over 80 per cent of domestic production. With PTI inputs"
18 Mar 2025,"Trade Spotlight: How should you trade Coal India, Kotak Mahindra Bank, Varun Beverages, Shriram Finance, JSW Steel, and others on March 18?",https://www.moneycontrol.com/news/business/markets/trade-spotlight-how-should-you-trade-coal-india-kotak-mahindra-bank-varun-beverages-shriram-finance-jsw-steel-and-others-on-march-18-12967236.html,The momentum is expected to continue in the upcoming session. Below are some trading ideas for the near term.,Top Buy Ideas,"The benchmark indices bounced back with half a percent gains on March 17, making a good start to the week after the correction in the previous week. However, the market breadth remained in favour of the bears, with 1,639 shares declining compared to 1,024 rising shares on the NSE. The momentum is expected to continue in the upcoming session. Below are some trading ideas for the near term: Jigar S Patel, Senior Manager - Equity Research at Anand Rathi Coal India | CMP: Rs 385.75  In the latest session, Coal India broke above the R3 Camarilla daily resistance of Rs 383 and closed above Rs 385, signaling bullish momentum after consolidating between Rs 370-380. The RSI (Relative Strength Index) forming a double bottom near the 50 mark further strengthens the bullish outlook. This breakout indicates potential upside in the coming sessions. Traders may consider entering long positions in the Rs 385-386 zone, with an upside target of Rs 415. Strategy: Buy Target: Rs 415 Stop-Loss: Rs 370 Varun Beverages | CMP: Rs 507.25  In the latest session, Varun Beverages broke out of its six-day consolidation and closed above it, signaling bullish momentum. This consolidation occurred above the R3 Camarilla daily pivot, strengthening the breakout's significance. Additionally, a trendline violation in both price action and RSI further confirms the bullish outlook. Traders may consider entering long positions in the Rs 500-510 zone, with an upside target of Rs 555. Strategy: Buy Target: Rs 555 Stop-Loss: Rs 480 Tata Motors | CMP: Rs 661  Tata Motors has found support at the 50% retracement level of its rally from March 2020 to July 2024, aligning with key quarterly S1 support levels. Additionally, the weekly RSI has formed an impulsive V-shaped structure below the oversold zone of 30, indicating a potential rebound in the coming sessions. Traders may consider entering long positions above Rs 670, with a target of Rs 740. Strategy: Buy Target: Rs 740 Stop-Loss: Rs 635 Jay Thakkar, Vice President & Head of Derivatives and Quant Research at ICICI Securities Kotak Mahindra Bank Futures | CMP: Rs 1,994.75  Kotak Mahindra Bank has seen significant additions in the Puts, right from the Rs 1,900 strike until Rs 1,980, thus forming a good Put base. However, there is only one strike—Rs 2,000—that has the highest Call open interest, which, when taken off, could lead to sharp short covering. The stock has been facing a hurdle at the Rs 2,000 level on a closing basis for the past 7-8 occasions. Hence, once this range is taken off, a swift upward move can’t be ruled out, mainly due to Call unwinding initially. On the futures front, the stock continues to witness short covering, and above Rs 2,000 levels, it will fuel the upside rally with further short covering. Strategy: Buy Target: Rs 2,060, Rs 2,100 Stop-Loss: Rs 1,945 REC Futures | CMP: Rs 411.25  REC Futures have witnessed significant short additions, and the open interest is at its lifetime peak. There has been a positive divergence in the prices, as open interest has made a new high, whereas the prices haven’t, indicating a higher probability of a bounce back on account of short covering. The sector overall has witnessed short covering, and with the market expected to bounce back, the risk:reward is favourable on the long side. The options activity suggests that once the shorts are getting covered slowly, there has been an increase in the Puts until the Rs 410 strike, along with Call unwinding from Rs 380 to Rs 400 strikes. This has improved the PCR (Put-Call Ratio), jumping to 1.01 levels. Strategy: Buy Target: Rs 424, Rs 435 Stop-Loss: Rs 399 Asian Paints Futures | CMP: Rs 2,227.9  Asian Paints has managed to bounce back from its recent lows and has managed to hold on to these levels, showing a pause in the downward momentum. The futures open interest has been slowly reducing with the prices bouncing back, indicating some short covering that may continue from hereon. This is supported by the correction in crude oil prices and the weakening of the dollar. There have been significant additions in the Rs 2,200 Put, indicating it to be a strong near-term support, whereas Rs 2,300 has the highest Call open interest, making it the immediate target. Strategy: Buy Target: Rs 2,300, Rs 2,360 Stop-Loss: Rs 2,180 Anshul Jain, Head Of Research at Lakshmishree Investments Som Distilleries & Breweries | CMP: Rs 129  Som Distilleries & Breweries has been forming a 193-day-long rounding bottom/VCP pattern on the daily chart, with a noticeable volume surge on the right side as it approaches the neckline. The March 7's candle saw over 2x the 50-day average volume, while Thursday’s session recorded a 2.25x surge, signaling strong institutional accumulation near the pivot. A decisive breakout above Rs 130 could trigger a sharp rally, with an initial target of Rs 150. Traders should watch for confirmation above this key level. Strategy: Buy Target: Rs 150 Stop-Loss: Rs 120 Shriram Finance | CMP: Rs 623.25  Shriram Finance has been shaping a 98-day-long rounding bottom pattern, with a crucial neckline at Rs 645. Last week’s correction occurred on low volumes, staying below the 50-day average, indicating a lack of strong selling pressure. Monday’s open = low candle signals the start of a fresh upmove from the 10-20 EMA spread. The stock is now approaching the Rs 645 neckline, and a breakout above this level could propel it toward the Rs 700 mark in the near term. Strategy: Buy Target: Rs 700 Stop-Loss: Rs 600 JSW Steel | CMP: Rs 1,005.7  JSW Steel has been forming a 91-day-long cup and handle pattern, with volumes on the right side going silent—often a precursor to a breakout. A strong volume move above Rs 1,020 could trigger an initial rally toward Rs 1,100. The metal sector is showing notable relative strength, with JSW Steel leading the pack. With metals set to outperform in the next rally, a confirmed breakout could offer a strong trading opportunity in the coming sessions. Strategy: Buy Target: Rs 1,100 Stop-Loss : Rs 980"
10 Mar 2025,"Stocks to Watch Today: Lupin, Tata Power, Nazara Tech, Shilpa Medicare, GMR Airports, IRB Infra, Railtel, Shyam Metalics in focus on 10 March",https://www.moneycontrol.com/news/business/markets/stocks-to-watch-today-lupin-tata-power-nazara-tech-shilpa-medicare-gmr-airports-irb-infra-railtel-shyam-metalics-in-focus-on-10-march-12960206.html,"Stocks to Watch, Mar 10: Stocks like India Pesticides, HFCL, NDR Auto Components, JSW Steel, GR Infraprojects, Biocon, Oil and Natural Gas Corporation, Container Corporation of India, Thangamayil Jewellery, Hinduja Global Solutions, IRB Infrastructure Developers, and AstraZeneca Pharma will be in focus on March 10.",Stocks to Watch Today,"Let's catch up on the latest news from the stock market. From significant investments to major deals, order wins, appointments and acquisitions, here’s a quick look at which stocks will be in focus in today's trade: Stocks to Watch Narayana Hrudayalaya The company's overseas subsidiary, Health City Cayman Islands (HCCI), has entered into a Joint Venture Agreement with 2070 Health Inc., W Health Ventures GP LLC, and Everhope Oncology. The joint venture aims to establish and operate a network of healthcare centers in India, specifically for the treatment of cancer patients, with a focus on chemotherapy services. India Pesticides The company has signed a Power Purchase Agreement and a Shareholders Agreement with Fourth Partner Solar Power (a special purpose vehicle formed by Fourth Partner Energy) to source solar power from the said SPV for 25 years from the commencement of commercial operations. HFCL The company's subsidiary, HTL, has received a contract worth Rs 44.36 crore from the Indian Army for the supply of tactical optical fiber cable assemblies. RailTel Corporation of India The company has received a work order worth Rs 28.29 crore from Northern Railway. The order involves indoor and outdoor double distant signaling work. Meanwhile, the board will consider a second interim dividend for FY25 on March 12. Additionally, the company has received another work order worth Rs 47.50 crore from East Central Railway. Nazara Technologies The gaming and sports media platform has divested its 94.85% stake in OpenPlay Technologies to Moonshine Technology for Rs 104.33 crore. The transaction will be executed through the issuance of Moonshine’s compulsory convertible preference shares (CCPS) to Nazara and other sellers. OpenPlay Technologies runs the popular rummy platform, Classic Rummy, while Moonshine is the parent company of India’s biggest poker platform, PokerBaazi. NDR Auto Components The company has received an offer letter from Maharashtra Industrial Township (MITL), offering 26.39 acres of land in Chhatrapati Sambhaji Nagar, Maharashtra, for Rs 37.60 crore for future expansion. JSW Steel The company reported consolidated crude steel production for February 2025 at 24.07 lakh tonnes, growing 12% over 21.50 lakh tonnes in the same month last year. Capacity utilization at Indian operations stood at 93.5% for February. Shilpa Medicare The United States Food and Drug Administration (USFDA) conducted an inspection at Unit-1 of the company's subsidiary, Shilpa Pharma Lifesciences, at Raichur from March 3-7, 2025. Post-inspection, the company received one observation in Form 483, which is procedural in nature. Tata Power The company's subsidiary, Tata Power Renewable Energy, has signed a Memorandum of Understanding (MoU) with the Government of Andhra Pradesh to develop up to 7,000 MW of renewable energy projects, including solar, wind, and hybrid projects with or without storage solutions. The estimated investment in these projects stands at up to Rs 49,000 crore. GR Infraprojects The board has approved an interim dividend of Rs 12.50 per equity share for FY25 and the proposal for divestment of a 100% equity stake in the company's wholly owned subsidiary, GR Galgalia Bahadurganj Highway (GGBHPL). Biocon The company's subsidiary, Biocon Biologics, announced the successful results of a pivotal Phase 3 study comparing Yesintek (Biocon Biologics’ biosimilar to Ustekinumab) with the reference product Stelara (Ustekinumab) in adult patients with moderate to severe chronic plaque psoriasis (PsO). Oil and Natural Gas Corporation The company's subsidiary, ONGC Petro Additions (OPaL), has received a letter from the Development Commissioner, Dahej Special Economic Zone, granting final exit to OPaL from the Dahej Special Economic Zone. Accordingly, OPaL shall operate as a domestic tariff area (DTA) unit with effect from March 8. Further, this exit from SEZ will improve OPaL's competitiveness for supplies made to the DTA. Container Corporation of India CONCOR has signed a Memorandum of Understanding (MoU) with The Energy and Resources Institute (TERI) for setting up a Centre of Excellence (COE) for green and sustainable logistics at TERI. GMR Airports The company has acquired an additional 10% stake in its subsidiary, Delhi International Airport (DIAL), from Fraport AG Frankfurt Airport Services Worldwide. Post this acquisition, the company’s shareholding in DIAL has increased from 64% to 74%. Thangamayil Jewellery The board has approved the allotment of 36.42 lakh equity shares at an issue price of Rs 1,400 per rights equity share to eligible equity shareholders or applicants. Hinduja Global Solutions After approval from the Republic of the Philippines Securities and Exchange Commission, the company's step-down subsidiary, Diversify Intelligent Staffing Solutions Inc., merged with another step-down subsidiary, Diversify ISS BGC Inc. With this merger, Diversify Intelligent Staffing Solutions Inc. ceased to exist effective March 7, 2025. IRB Infrastructure Developers Toll collections in February grew by 14.4% to Rs 528.7 crore, compared to Rs 462.2 crore in the same month last year. Further, the per-day toll revenue for February 2025 increased 18% YoY to Rs 18.9 crore per day, compared to Rs 15.9 crore per day. AstraZeneca Pharma India The company has received permission from the Central Drugs Standard Control Organisation to import, sell, and distribute Durvalumab solution. Durvalumab is indicated for the treatment of patients with limited-stage small cell lung cancer (LS-SCLC). The approval paves the way for the marketing of Durvalumab solution for infusion 120 mg/2.4 ml and 500 mg/10 ml (Imfinzi) in India. Coal India The company has inked a Memorandum of Understanding (MoU) with the Indian Institute of Technology, Hyderabad, for establishing a Centre of Clean Coal Energy and Net Zero (CLEANZ) at Hyderabad. Allcargo Gati The board has approved the sale of the company's fuel stations in Indore and Bengaluru for Rs 7.5 crore. NMDC The board members will be meeting on March 17 to consider the declaration of an interim dividend for FY25. Mahindra and Mahindra The company's production in February 2025 grew by 10.4% year-on-year to 81,302 units, while sales increased by 13% to 80,641 units, and export sales jumped 99% to 3,061 units during the same period. Bharat Heavy Electricals (BHEL) The High Court of Delhi has upheld an interim award in favour of BHEL amounting to Rs 115 crore with interest at 18% per annum, effective 30 days from the date of the award (July 27, 2017), against RattanIndia Power. Lupin The pharma major has launched Rivaroxaban tablets (USP, 2.5 mg) in the United States after final approval of its Abbreviated New Drug Application from the US FDA. The drug is bioequivalent to Xarelto tablets by Janssen Pharmaceuticals and is used to reduce the risk of major cardiovascular events in patients with coronary artery disease and thrombotic vascular events in patients with peripheral artery disease. Alembic Pharmaceuticals The USFDA conducted a scheduled inspection at the company’s bioequivalence facility in Vadodara from March 3-7. The USFDA issued a Form 483 with one procedural observation. The company will provide a comprehensive response within the stipulated period. Shyam Metalics and Energy Stainless steel sales grew by 110% YoY to 8,552 MT in February 2025, while stainless steel average realizations increased 10% YoY to Rs 1.29 lakh per MT. IndusInd Bank The Reserve Bank of India (RBI) has approved re-appointment of Sumant Kathpalia as Managing Director & CEO of IndusInd Bank for one year effective March 24, 2025. Omaxe The real estate developer's subsidiary Omaxe World Street has launched New Singapore in Faridabad, with a project value of Rs 600 crore. NIIT Learning Systems The company's subsidiary NIIT (USA) Inc, has invested $1 million in 8% convertible notes of StriVR Labs Inc., USA as a part of its strategic initiatives. HCL Infosystems Promoter Shiv Nadar has executed a Gift Deed to transfer a 47% stake in HCL Corp and a 47% shareholding in Vama Delhi to his daughter, Roshni Nadar Malhotra. Stock Trades Ex-Date for Rights Vipul OrganicsA B Infrabuild Stock Trades Ex-Date for Spin Off Kesoram Industries Stock Trades Ex-Bonus SBC Exports Stocks in F&O ban Hindustan CopperManappuram Finance"
06 Mar 2025,"Coal India, Amber Enterprises, Varun Beverages shares jump up to 9% on higher sales hope after IMD's heatwave warnings",https://www.moneycontrol.com/news/business/markets/coal-india-amber-enterprises-varun-beverages-shares-jump-up-to-9-amid-imd-s-heatwave-warnings-12958030.html,"IMD said it is expecting above-normal temperatures and heatwave days across India from March onwards, following an unusually warm February.",AC,"Makers of air conditioners and cool beverages and power companies saw an uptick in their stock prices on March 6 as investors expect stronger sales in the upcoming summer season. The stocks have seen a strong surge in recent days, after the Indian Meteorological Department (IMD) said it is expecting above-normal temperatures and heatwave days across India from March onwards, following an unusually warm February. Amber Enterprises shares jumped over 9 percent to hit an intraday high of Rs 6,350 apiece. The company manufactures complete Room Air Conditioning (RAC) solutions of various specifications and ratings, along with printed circuit boards (PCBs). Whirlpool, which manufactures fridges among other items, also recorded strong gains. The shares of the company jumped nearly 3 percent to trade at Rs 986 apiece. Shares of air conditioner-maker Voltas, meanwhile, surged nearly 2 percent to trade at Rs 1,411 .50 apiece. V-guard Industries, which produces invertors for consumer appliances, also saw a surge in its share price. The stock increased nearly 2 percent to trade at Rs 329 per share. The rise in the summer-linked stocks pushed the Nifty Consumer Durables index into the green territory. Additionally, the shares of Pepsi-bottler Varun Beverages jumped nearly 3 percent to trade at Rs 489.60. Despite today's gains, the stock is still close to its 52-week low of Rs 419.55 which it had hit earlier this month. Global brokerage Jefferies kept a 'Buy' rating for the stock with a target price of Rs 715. As summer temperatures rise, so does the need for power. Power stocks saw a strong uptick as a result. Coal India shares surged nearly 4 percent to trade at Rs 383 apiece. The stock has made notable gains after hitting a fresh 52-week low of Rs 349 per share on February 17. ICICI Securities maintained a ‘Buy’ call on the stock, with a target price of Rs 440 per share. NTPC shares meanwhile jumped over 2 percent to trade at Rs 334 apiece. This stock too has made some recovery after hitting a 52-week low of Rs 293 per share on February 17. The rise in the stock prices fueled the rally in Nifty Energy, which rose nearly 2 percent to hover around 31,711. The meteorological department had on February 28 said that the maximum and minimum temperatures are likely to remain above the normal benchmarks during March, except for certain parts. India is also likely to see above-normal heatwave days between March and May. ""Heatwaves pose significant risks to vulnerable populations, including the elderly, children, and those with pre-existing health conditions, leading to heatstroke, dehydration, and strain on infrastructure...Citizens are strongly encouraged to utilize these resources to proactively take personal precautions, such as staying hydrated, avoiding peak sun hours, and seeking cool environments, thereby minimizing the adverse health impacts of heatwaves,"" IMD said. Following the Q3FY25 GDP numbers, the Chief Economic Advisor V Anantha Nageswaran was asked about the impact of an unusually warm February on the economy, to which he replied saying the government is taking a number of measures to adapt to the challenges of climate change and global warming."
04 Mar 2025,Buy Coal India; target of Rs 440: ICICI Securities,https://www.moneycontrol.com/news/business/stocks/buy-coal-india-target-of-rs-440-icici-securities-12955624.html,"ICICI Securities is bullish on Coal India recommended buy rating on the stock with a target price of Rs 440 in its research report dated March 04, 2025.",BUY,"ICICI Securities research report on Coal India We see CIL’s FY25 performance to be impacted by possibly stagnant volumes, though e-auction price remains relatively stable. Key points: 1) Production and offtake volumes until Feb’25–YTD was impacted by rake unavailability, inclement monsoons and ongoing production issues at SECL. 2) Additional revenue from the additional levy at NCL mines likely at INR 38bn for FY26E. 3) Pithead inventory at 94mt as on end-Feb’25. 4) Relatively firm Indonesian prices (compared to South Africa) likely to aid e-auction prices in the near-term. Outlook We have pruned our sales volume growth estimate for FY25/FY26 to 1%/4% (earlier 3%/5%). Our revised TP works out to INR 440 (earlier INR 455) on an unchanged 7.5x FY27E EPS. Maintain BUY. For all recommendations report, click here Coal India - 03032025 - isc"
03 Mar 2025,"Sensex, Nifty close flat as tariff woes keep markets on edge; broader indices mixed",https://www.moneycontrol.com/news/business/markets/sensex-nifty-flat-after-earlier-slide-global-trade-woes-keep-markets-on-edge-12954790.html,"The broader market displayed a mixed trend, with the BSE Midcap index remaining rising 0.3 percent while the BSE Smallcap index declined 0.7 percent.","March typically sees lower investment activity as investors focus on financial year-end obligations, further limiting buying interest.","The Sensex and Nifty closed flat on March 3, after falling over half a percent around noon. While oil & gas and financial services stocks dragged the Nifty lower, IT stocks provided some support. Volatility ruled the session as global trade concerns kept investor sentiment fragile. The indices had opened higher, attempting a rebound after their longest monthly losing streak since 1996. A surprise uptick in domestic growth briefly lifted spirits, but persistent global uncertainties quickly erased those gains. At close, the Sensex was down 22 points at 73,176, while the Nifty rose 19 points, to 22,143. Market breadth remained weak, with 769 stocks advancing and 1,898 declining on the NSE. In the previous session, both indices had plunged nearly 2 percent to nine-month lows. Concerns over slowing domestic growth and aggressive U.S. tariffs have dragged the Nifty and Sensex down 19 percent and 18 percent, respectively, from their September peaks. Meanwhile, the broader small- and mid-cap indices have tumbled over 20 percent from their record highs, officially entering bear market territory. Relentless foreign selling has deepened the market downturn, with FIIs offloading Rs 58,988 crore worth of Indian equities in February. Domestic investors, however, have been a counterforce, purchasing stocks worth Rs 64,853 crore. ""The primary factor driving the sell-off is the continued selling by FIIs,"" said Ravi Diyora, Director of Research at Kunvarji Group. ""Another major concern is Donald Trump’s policies, which change overnight, adding to market uncertainty."" Follow our live blog for all the market action A lackluster Q3 FY25 earnings season has only made matters worse. ""Over the last two to three quarters, fewer than 50 percent of Nifty 50 companies have managed to beat earnings expectations. This is the first time since COVID that we've seen such a trend. Earnings downgrades and missed estimates have contributed to the ongoing market decline."" Adding to the pressure, March typically sees lower investment activity as investors focus on financial year-end obligations, further limiting buying interest. Fresh data released on February 28 showed India's economy grew 6.2 percent in the October-December quarter, driven by robust government and consumer spending. However, optimism was short-lived. ""As strong as the GDP numbers seem, they don’t fully account for the impact of new tariff uncertainties,"" Diyora pointed out. On March 2, U.S. Commerce Secretary Howard Lutnick confirmed that tariffs on Canada and Mexico will take effect on March 4, but President Trump has yet to decide whether to stick with the planned 25 percent level. Meanwhile, India’s trade minister Piyush Goyal has begun a trip to the United States to pursue trade negotiations, with weeks to go before Trump’s proposed reciprocal tariffs take shape. During Prime Minister Narendra Modi’s visit to the U.S. last month, both nations agreed to finalize the first segment of a trade deal by fall 2025, with an ambitious goal of reaching $500 billion in bilateral trade by 2030. The broader market displayed a mixed trend, with the BSE Midcap index remaining rising 0.3 percent while the BSE Smallcap index declined 0.7 percent. Also Read | Angel One, BSE, other capital market stocks fall up to 10%, extend losses for 6th session; what's causing the decline? Among sectoral indices, Nifty IT rose 0.8 percent as brokerage commentary turned positive after Salesforce guided for 7-8 percent growth in FY26. Nifty Oil & Gas shed over 1 percent, dragged down by RIL, ONGC, and IGL. Reliance Industries, the second-heaviest stock on the benchmark indices, fell 3 percent to a 16-month low. Bloomberg reported that Reliance New Energy risks a fine due to delays in setting up a battery cell plant. On the Nifty 50, the biggest losers were HDFC Bank, Bajaj Finserv, RIL, Coal India, and Bajaj Auto which declined almost 2 percent. Meanwhile, BPCL, JSW Steel, Eicher Motors, Grasim, and BEL emerged as the top gainers, climbing 2-5 percent. Shares of Coal India tumbled over 2 percent as its February business update indicated a decline in production, hurting investor sentiment. Meanwhile, Coffee Day Enterprises surged 20 percent after the NCLAT Chennai bench dismissed a bankruptcy plea filed by IDBI Trusteeship over a Rs 228 crore default. Vatsal Bhuva, Technical Analyst at LKP Securities sees the immediate resistance for Nifty at 22,300, and the key support at 22,000. ""If this support is breached on a closing basis, the next support lies at 21,800."""
03 Mar 2025,"Sensex, Nifty fall 0.5% each; 12 of 13 sectoral indices in the red, broader markets underperform",https://www.moneycontrol.com/news/business/markets/sensex-nifty-fall-0-5-each-12-of-13-sectoral-indices-in-the-red-broader-markets-underperform-12954621.html,"The broader market took a beating, with the BSE Midcap index down nearly 2 percent and the BSE Smallcap index sliding 3 percent.","Concerns over slowing domestic growth and aggressive U.S. tariffs have dragged the Nifty and Sensex down 19 percent and 18 percent, respectively, from their September peaks.","The Sensex and Nifty slipped half a percent around noon on March 3, dragged down by oil & gas and financial services stocks, as global trade concerns kept investor sentiment fragile. The indices had opened higher, attempting a rebound after their longest monthly losing streak since 1996. A surprise uptick in domestic growth provided some relief, but global trade uncertainties continued to weigh on sentiment, erasing early gains. At 11.50 AM, the Sensex was down 330 points or 0.5 percent at 72,865, while the Nifty declined 100 points or 0.5 percent to 22,015. On the NSE, 337 stocks advanced, while 2,280 declined. In the previous session, both indices had plunged nearly 2 percent to nine-month lows. Concerns over slowing domestic growth and aggressive U.S. tariffs have dragged the Nifty and Sensex down 19 percent and 18 percent, respectively, from their September peaks. Meanwhile, the broader small- and mid-cap indices have slipped over 20 percent from record highs, officially entering bear market territory. Relentless foreign selling has deepened the market downturn, with FIIs offloading Rs 58,988 crore worth of Indian equities in February. Domestic investors, however, have stepped in, purchasing stocks worth Rs 64,853 crore. ""The main triggers for the sustained FII selling in India have been the high valuations and the attractive US bond yields,""said V K Vijayakumar, Chief Investment Strategist at Geojit Financial Services. However, he noted that large-cap valuations are now reasonable, with financials looking particularly attractive. Follow our live blog for all the market action ""US 10-year bond yields have declined to 4.2 percent. So, there is a possibility of FIIs reducing their selling, going forward."" On the growth front, Vijayakumar highlighted positive signals. ""The Q3 GDP growth numbers picking up from 5.6 percent in Q2 to 6.2 percent in Q3 and suggesting above 7 percent growth in Q4 is indicative of cyclical recovery which bodes well for the stock market,"" he said. He also sees the market correction as a buying opportunity for long-term investors. ""It is difficult to predict when the market will bottom out. But this is the time to start buying without bothering about the near-term volatility."" The broader market took a beating, with the BSE Midcap index down nearly 2 percent and the BSE Smallcap index sliding 3 percent. Among sectoral indices, only Nifty IT traded in the green, rising 0.4 percent as brokerage commentary turned positive after Salesforce guided for 7-8 percent growth in FY26. Nifty Oil & Gas was the worst-hit, shedding 2 percent, dragged down by Reliance Industries (RIL), ONGC, and GAIL. Reliance Industries, the second-heaviest stock on the benchmark indices, fell 3 percent to a 16-month low, heading for its worst session in five months. Bloomberg reported that Reliance New Energy risks a fine due to delays in setting up a battery cell plant. On the Nifty 50, the biggest losers were Adani Enterprises, Bajaj Finserv, IndusInd Bank, RIL, and Coal India, which declined 2-4 percent. Meanwhile, Infosys, Wipro, Grasim, Eicher Motors, and UltraTech emerged as the top gainers, climbing close to 2 percent. Shares of Coffee Day Enterprises  tumbled 4 percent as its February business update indicated a decline in production, hurting investor sentiment. Meanwhile, Coffee Day Enterprises surged 20 percent after the NCLAT Chennai bench dismissed a bankruptcy plea filed by IDBI Trusteeship over a Rs 228 crore default. Prashanth Tapse, Senior VP (Research) at Mehta Equities, said that Nifty remains technically weak below 24,073, with downside risks at 22,000 and 21,281."
03 Mar 2025,Coal India shares burn 4% on weak February business update,https://www.moneycontrol.com/news/business/markets/coal-india-shares-burn-4-on-weak-february-business-update-12954513.html,"With Coal India achieving only 83 percent of its annual production target by February, investors remain cautious about the company falling short of its FY25 goal by year-end.",Coal India shares have fallen over 21% in the last one year.,"Shares the state-miner Coal India tumbled 4 percent on March 3 as the company's business update for February, marked by a fall in production, dented investor sentiment. At 10.08 am, shares of Coal India were trading at Rs 357.95 on the NSE. The stock has lost over 21 percent of its value in the past one year. Coal India’s production in February declined 0.8 percent on year to 74.1 MT, bringing its full-year output to 695.3 MT, up 1.5 percent on year. However, the full-year output as yet reflects just 83 percent of Coal's India's FY25 target of 838 MT target. This means that to meet its annual guidance, the company must produce 142 MT in March, the final month of the financial year, a feat the Street remains skeptical about. Follow our market blog to catch all the live action Offtake also slipped 4.8 percent on year to 62.1 MT in February, while year-to-date offtake rose a meagre 1.3 percent to 693.4 MT. Brokerage firm Morgan Stanley flagged the fall in offtakes as a ""key negative"", attributing it to sluggish power demand and inventory digestion concerns, which could further impact volumes. The brokerage also cautioned that Coal India’s earnings for Q4FY25 and FY26 may come under pressure due to the fall in offtakes, unless economic activity picks up sharply.  Despite that, the firm kept its 'overweight' rating on the stock, with a Rs 525 price target that implies a 46 percent potential upside."
03 Mar 2025,"Trade Spotlight: How should you trade HDFC Bank, Coal India, Granules, BSE, Ipca Labs, UltraTech Cement, and others on March 3?",https://www.moneycontrol.com/news/business/markets/trade-spotlight-how-should-you-trade-hdfc-bank-coal-india-granules-bse-ipca-labs-ultratech-cement-and-others-on-march-3-12954333.html,"The rebound after a severe fall can't be ruled out, but the sustainability is key to watch. Below are some trading ideas for the near term.","Buy, Sell Ideas","The benchmark indices recorded a consolidation breakout with a massive sell-off on February 28, losing nearly 2 percent, with market breadth consistently favouring bears. About 2,278 shares declined compared to 346 rising shares on the NSE. The rebound after a severe fall can't be ruled out, but the sustainability is key to watch. Below are some trading ideas for the near term: Rajesh Palviya, Senior Vice President Research (Head Technical Derivatives) at Axis Securities Bharat Heavy Electricals | CMP: Rs 179.17  BHEL is trending lower, forming a series of lower tops and bottoms on the daily and weekly charts, signaling a sustained downtrend. With the current close, the stock has decisively broken down its past one-month support zone of Rs 184 on a closing basis, which signals a bearish bias. The stock is sustaining below its 20, 50, 100, and 200-day SMAs, which reconfirms further weakness. The daily, weekly, and monthly strength indicator RSI (Relative Strength Index) is in negative territory, indicating rising weakness. Investors/traders should sell or exit this stock, with an expected downside of Rs 165-145, and its upside resistance zone is Rs 190-200. Strategy: Sell Target: Rs 165, Rs 145 Stop-Loss: Rs 190 UltraTech Cement | CMP: Rs 10,128.5  Since June 2024, UltraTech Cement has been consolidating within a broad range (Rs 12,100-10,500), indicating a sideways trend. However, with Friday's sell-off, the stock decisively broke down its multiple support zone of Rs 10,500 on a closing basis, signaling a change of trend towards the downside. The stock is sustaining below its 20, 50, 100, and 200-day SMAs, which reconfirms further weakness. The daily, weekly, and monthly strength indicator RSI is in negative territory, indicating rising weakness. The daily and weekly ""Bollinger bands"" sell signal suggests increased momentum. Investors/traders should sell or exit this stock, with an expected downside of Rs 9,700-9,500 and an upside resistance zone of Rs 10,500-10,800. Strategy: Sell Target: Rs 9,700, Rs 9,500 Stop-Loss: Rs 10,500 Ipca Laboratories | CMP: Rs 1,355.35  Recently, Ipca Laboratories has confirmed a downtrend, forming a series of lower tops and bottoms on the daily chart. It has also violated the past four weeks' multiple support zone of Rs 1,380 on a closing basis, indicating further weakness. The stock is sustaining below its 20, 50, 100, and 200-day SMAs, which reconfirms further weakness. The daily, weekly, and monthly strength indicator RSI is in negative territory, indicating rising weakness. The daily and weekly ""Bollinger bands"" sell signal suggests increased momentum. Investors/traders should sell or exit this stock, with an expected downside of Rs 1,250-1,175 and an upside resistance zone of Rs 1,425-1,460. Strategy: Sell Target: Rs 1,250, Rs 1,175 Stop-Loss: Rs 1,425 Ameya Ranadive, CMT, CFTe, Senior Technical Analyst at Stoxbox BSE | CMP: Rs 4,633.7  BSE fell over 10% on Friday, reinforcing a strong bearish momentum. The stock has broken below the crucial support of Rs 5,050, confirming a sell-on-rise strategy. Any rebound toward Rs 4,800 can be used as a shorting opportunity, with downside targets placed at Rs 4,200 and Rs 4,100. The RSI at 36 indicates weak momentum, while the Average Directional Index (ADX) signals an intensifying bearish trend. Additionally, price rejection near Rs 5,100 suggests that buyers are failing to absorb the selling pressure, keeping the sentiment negative. As long as BSE trades below Rs 5,100, the broader trend remains weak, favouring a bearish stance. Traders should look for sustained lower highs and failed intraday recoveries as confirmation of further downside. A decisive breakout above Rs 5,100 would invalidate this view, but until then, selling on rallies remains the preferred approach. Strategy: Sell Target: Rs 4,200, Rs 4,100 Stop-Loss: Rs 4,800 Granules India | CMP: Rs 461.8  Granules India declined nearly 9% on Friday. The stock has decisively breached the key support zone of Rs 505-500, confirming a sell-on-rise strategy. Any pullback toward Rs 480 can be used as a shorting opportunity, with downside targets placed at Rs 435 and Rs 420. The RSI at 28 signals oversold conditions; however, the lack of reversal signs suggests that weakness could persist. The ADX indicates a strengthening bearish trend, while repeated price rejection from the Rs 529-Rs 535 resistance zone reinforces the negative sentiment. Despite the oversold RSI, caution is warranted as stocks in strong downtrends often remain oversold for an extended period. A sustained move above Rs 510 would negate this bearish view, but as long as the stock remains below this level, the overall structure remains weak. Strategy: Sell Target: Rs 435, Rs 420 Stop-Loss: Rs 480 LIC Housing Finance | CMP: Rs 496.9  LIC Housing Finance continues to trend lower within a well-defined falling channel, indicating sustained bearish momentum. The stock has witnessed strong selling pressure over the last three sessions, supported by high volumes, reinforcing the weakness. Additionally, it is trading below all key exponential moving averages (10, 50, 100, and 200-EMA), further strengthening the bearish outlook. Any pullback toward Rs 505 can be utilized as a shorting opportunity, with downside targets placed at Rs 477 and Rs 470. The RSI at 29.51 suggests oversold conditions, but the absence of reversal signals indicates that the weakness is likely to persist. The ADX confirms a strengthening bearish trend, while repeated price rejection from the Rs 517-Rs 526 resistance zone suggests that sellers remain in control. Despite the oversold RSI, a reversal is unlikely unless the stock decisively moves above Rs 520, which would negate the bearish outlook. Until then, the broader trend remains weak, favouring a sell-on-rise approach. Strategy: Sell Target: Rs 477, Rs 470 Stop-Loss: Rs 505 Osho Krishan, Senior Analyst - Technical & Derivative Research at Angel One Coal India | CMP: Rs 369.35  Coal India has been on a stellar down run, eroding nearly 30 percent from its peak of Rs 517. Currently, the counter is hovering near the 20 DEMA, portraying a consolidation phase. However, in the shorter duration, the counter has been witnessing some buying traction and seems to have a counter-trend with a supportive bullish trend indicated by the SuperTrend indicator. Also, the 14-period RSI and MACD (Moving Average Convergence Divergence) align well with the undertone, adding a bullish quotient. Hence, we recommend buying Coal India around Rs 360-355. Strategy: Buy Target: Rs 400 Stop-Loss: Rs 340 HDFC Bank | CMP: Rs 1,732.4  HDFC Bank has seen a decent recovery from the 200 DSMA and is now placed above the short-term EMAs on the daily chart. The recent buying traction has been backed by a rise in trading volumes, attributing to positive development in the counter. Additionally, the counter is comfortably placed above the SuperTrend indicator, adding to its bullish quotient. Simultaneously, the MACD indicator has surged to the zero line from lower levels, suggesting potential momentum in the near future. Hence, we recommend buying HDFC Bank around Rs 1,730-Rs 1,720. Strategy: Buy Target: Rs 1,850 Stop-Loss: Rs 1,630 SRF | CMP: Rs 2,795.40  SRF has experienced a significant bull run from the zone of Rs 2,200 in the last couple of trading months and has witnessed a multi-week breakout of the Rs 2,700 subzone. The counter is placed above all its significant EMAs on the daily time frame structure, suggesting inherent strength, and is anticipated to continue the same in the near term. The neckline of the breakout is likely to provide a cushion, while the stock seems likely to enter uncharted territory in the upcoming period. Hence, we recommend buying SRF around Rs 2,750-Rs 2,730. Strategy: Buy Target: Rs 3,000 Stop-Loss: Rs 2,600"
