Date,Title,URL,Article Description,Article Text,Article Content
22 Aug 2025,Grasim Industries share price falls 2.01% in Friday's trading session,https://www.moneycontrol.com/news/business/stocks/grasim-industries-share-price-falls-2-01-in-friday-s-trading-session-alpha-article-13479275.html,"With the stock's last traded price at Rs 2,823.30, Grasim Industries has seen a decline of 2.01% in today's trading session.",,"Grasim Industries' stock experienced a downturn in Friday's session, declining by 2.01% to Rs 2,823.30. Grasim Industries is included as one of the stocks in the benchmark NIFTY 50 index. Financial Overview: The following tables provide a detailed look at Grasim Industries' financial performance. Consolidated Income Statement (Quarterly)Jun 2024Sep 2024Dec 2024Mar 2025Jun 2025RevenueRs 33,860.75 CroreRs 33,562.85 CroreRs 34,792.85 CroreRs 44,267.26 CroreRs 40,118.08 CroreNet ProfitRs 2,235.67 CroreRs 1,014.26 CroreRs 1,833.89 CroreRs 2,804.84 CroreRs 2,698.41 CroreEPS18.255.8613.4722.2220.91The revenue for the quarter-ending June 2025 stood at Rs 40,118.08 Crore, up from Rs 33,860.75 Crore in June 2024. The net profit for the quarter-ending June 2025 was Rs 2,698.41 Crore, compared to Rs 2,235.67 Crore in June 2024. Consolidated Income Statement (Annual)20212022202320242025RevenueRs 76,397.81 CroreRs 95,701.13 CroreRs 117,627.08 CroreRs 130,978.48 CroreRs 148,477.89 CroreNet ProfitRs 6,560.02 CroreRs 10,310.22 CroreRs 10,869.24 CroreRs 9,836.97 CroreRs 7,459.54 CroreEPS65.57114.98103.9885.2955.57BVPS1,558.521,764.721,866.801,335.131,432.80ROE6.579.978.676.343.80Debt to Equity0.950.961.291.521.88The annual revenue increased from Rs 130,978.48 Crore in 2024 to Rs 148,477.89 Crore in 2025. However, the net profit decreased from Rs 9,836.97 Crore in 2024 to Rs 7,459.54 Crore in 2025. Annual Income StatementMar 2025Mar 2024Mar 2023Mar 2022Mar 2021SalesRs 148,477 CroreRs 130,978 CroreRs 117,627 CroreRs 95,701 CroreRs 76,397 CroreOther IncomeRs 1,459 CroreRs 1,264 CroreRs 3,612 CroreRs 821 CroreRs 1,051 CroreTotal IncomeRs 149,936 CroreRs 132,242 CroreRs 121,239 CroreRs 96,522 CroreRs 77,449 CroreTotal ExpenditureRs 126,908 CroreRs 109,354 CroreRs 100,677 CroreRs 79,499 CroreRs 62,144 CroreEBITRs 23,028 CroreRs 22,888 CroreRs 20,561 CroreRs 17,022 CroreRs 15,305 CroreInterestRs 12,500 CroreRs 9,277 CroreRs 6,043 CroreRs 4,776 CroreRs 5,723 CroreTaxRs 3,068 CroreRs 3,774 CroreRs 3,648 CroreRs 1,936 CroreRs 3,022 CroreNet ProfitRs 7,459 CroreRs 9,836 CroreRs 10,869 CroreRs 10,310 CroreRs 6,560 CroreQuarterly Income StatementJun 2025Mar 2025Dec 2024Sep 2024Jun 2024SalesRs 40,118 CroreRs 44,267 CroreRs 34,792 CroreRs 33,562 CroreRs 33,860 CroreOther IncomeRs 342 CroreRs 383 CroreRs 368 CroreRs 395 CroreRs 300 CroreTotal IncomeRs 40,460 CroreRs 44,650 CroreRs 35,161 CroreRs 33,958 CroreRs 34,160 CroreTotal ExpenditureRs 35,879 CroreRs 37,415 CroreRs 30,226 CroreRs 31,495 CroreRs 30,736 CroreEBITRs 4,581 CroreRs 7,234 CroreRs 4,935 CroreRs 2,462 CroreRs 3,424 CroreInterestRs 816 CroreRs 3,407 CroreRs 2,497 CroreRs 580 CroreRs 480 CroreTaxRs 1,066 CroreRs 1,022 CroreRs 604 CroreRs 867 CroreRs 708 CroreNet ProfitRs 2,698 CroreRs 2,804 CroreRs 1,833 CroreRs 1,014 CroreRs 2,235 CroreConsolidated Cash FlowMar 2025Mar 2024Mar 2023Mar 2022Mar 2021Operating ActivitiesRs -17,169 CroreRs -10,719 CroreRs -12,685 CroreRs 7,037 CroreRs 14,700 CroreInvesting ActivitiesRs -23,982 CroreRs -23,113 CroreRs -13,686 CroreRs -3,543 CroreRs -9,216 CroreFinancing ActivitiesRs 42,977 CroreRs 33,908 CroreRs 26,469 CroreRs -6,733 CroreRs -8,013 CroreOthersRs 668 CroreRs 0 CroreRs -25 CroreRs 0 CroreRs 0 CroreNet Cash FlowRs 2,495 CroreRs 75 CroreRs 71 CroreRs -3,239 CroreRs -2,529 CroreConsolidated Balance SheetMar 2025Mar 2024Mar 2023Mar 2022Mar 2021Share CapitalRs 147 CroreRs 143 CroreRs 142 CroreRs 142 CroreRs 131 CroreReserves & SurplusRs 97,373 CroreRs 87,975 CroreRs 78,196 CroreRs 75,261 CroreRs 65,084 CroreCurrent LiabilitiesRs 104,026 CroreRs 92,432 CroreRs 69,532 CroreRs 57,884 CroreRs 52,009 CroreOther LiabilitiesRs 298,989 CroreRs 231,986 CroreRs 189,332 CroreRs 156,105 CroreRs 149,829 CroreTotal LiabilitiesRs 500,535 CroreRs 412,539 CroreRs 337,205 CroreRs 289,394 CroreRs 267,056 CroreFixed AssetsRs 134,544 CroreRs 98,697 CroreRs 82,536 CroreRs 75,552 CroreRs 70,777 CroreCurrent AssetsRs 93,610 CroreRs 86,387 CroreRs 94,365 CroreRs 82,905 CroreRs 83,028 CroreOther AssetsRs 272,381 CroreRs 227,453 CroreRs 160,303 CroreRs 130,937 CroreRs 113,250 CroreTotal AssetsRs 500,535 CroreRs 412,539 CroreRs 337,205 CroreRs 289,394 CroreRs 267,056 CroreContingent LiabilitiesRs 16,240 CroreRs 15,428 CroreRs 17,863 CroreRs 28,947 CroreRs 17,241 CroreFinancial RatiosMar 2021Mar 2022Mar 2023Mar 2024Mar 2025Basic EPS (Rs.)65.57114.98103.9885.2955.57Diluted Eps (Rs.)65.50114.98103.8885.2955.50Book Value [Excl. Reval Reserve]/Share (Rs.)1,558.521,764.721,866.801,335.131,432.80Dividend/Share (Rs.)9.0010.0010.0010.0010.00Face Value22222Gross Profit Margin (%)25.7622.2021.4221.7220.01Operating Margin (%)20.4817.8517.5517.9015.67Net Profit Margin (%)8.8911.319.247.515.02Return on Networth / Equity (%)6.579.978.676.343.80ROCE (%)7.277.387.717.325.86Return On Assets (%)1.612.602.021.360.74Current Ratio (X)1.601.431.360.930.90Quick Ratio (X)1.481.271.200.790.75Debt to Equity (x)0.950.961.291.521.88Interest Coverage Ratios (X)2.734.454.173.072.38Asset Turnover Ratio (%)28.600.130.150.350.33Inventory Turnover Ratio (X)12.332.612.4910.6010.183 Yr CAGR Sales (%)16.5914.5225.1230.9424.563 Yr CAGR Net Profit (%)21.8993.7434.4422.46-14.94P/E (x)22.1214.4715.7026.8246.99P/B (x)1.461.451.371.711.82EV/EBITDA (x)9.6610.349.8911.6913.93P/S (x)1.251.150.911.161.20Corporate Actions Grasim Industries announced a final dividend of Rs. 10.00 per share (500%) on May 22, 2025, with an effective date of August 12, 2025. Further, the company had a stock split on 06 Oct, 2016, with old FV of 10 and new FV of 2. Moneycontrol analysis on August 18, 2025, indicated a very bullish sentiment on the stock. With the stock's last traded price at Rs 2,823.30, Grasim Industries has seen a decline of 2.01% in today's trading session."
21 Aug 2025,Grasim Industries shares see volume surge in today's session,https://www.moneycontrol.com/news/business/stocks/grasim-industries-shares-see-volume-surge-in-today-s-session-alpha-article-13476545.html,Moneycontrol analysis as of 2025-08-14 indicates a bullish sentiment on the stock.,,"Shares of Grasim Industries experienced a notable trading session with a volume surge, trading at Rs 2,880.00, a 0.53% increase. At 3:24 pm, the stock's movement was marked by high trading activity. Grasim Industries is included as one of the stocks in the benchmark NIFTY 50 index. Financial Performance: The following table summarizes the consolidated quarterly financial performance of Grasim Industries:HeadingJun 2024Sep 2024Dec 2024Mar 2025Jun 2025RevenueRs 33,860.75 CroreRs 33,562.85 CroreRs 34,792.85 CroreRs 44,267.26 CroreRs 40,118.08 CroreNet ProfitRs 2,235.67 CroreRs 1,014.26 CroreRs 1,833.89 CroreRs 2,804.84 CroreRs 2,698.41 CroreEPS18.255.8613.4722.2220.91In terms of quarterly results, the revenue for the quarter-ending June 2025 stood at Rs 40,118.08 Crore, up from Rs 33,860.75 Crore in June 2024. The net profit for the quarter-ending June 2025 was Rs 2,698.41 Crore, compared to Rs 2,235.67 Crore in June 2024. The EPS for the quarter-ending June 2025 was 20.91, up from 18.25 in June 2024. The following table summarizes the consolidated yearly financial performance of Grasim Industries:Heading20212022202320242025RevenueRs 76,397.81 CroreRs 95,701.13 CroreRs 117,627.08 CroreRs 130,978.48 CroreRs 148,477.89 CroreNet ProfitRs 6,560.02 CroreRs 10,310.22 CroreRs 10,869.24 CroreRs 9,836.97 CroreRs 7,459.54 CroreEPS65.57114.98103.9885.2955.57BVPS1,558.521,764.721,866.801,335.131,432.80ROE6.579.978.676.343.80Debt to Equity0.950.961.291.521.88In terms of yearly results, the revenue for the year-ending March 2025 stood at Rs 148,477.89 Crore, up from Rs 76,397.81 Crore in 2021. The net profit for the year-ending March 2025 was Rs 7,459.54 Crore, compared to Rs 6,560.02 Crore in 2021. The EPS for the year-ending March 2025 was 55.57, down from 65.57 in 2021. The debt to equity ratio for the year-ending March 2025 was 1.88, up from 0.95 in 2021. Income Statement: The following table presents the consolidated annual income statement:Mar 2025Mar 2024Mar 2023Mar 2022Mar 2021SalesRs 148,477 CroreRs 130,978 CroreRs 117,627 CroreRs 95,701 CroreRs 76,397 CroreOther IncomeRs 1,459 CroreRs 1,264 CroreRs 3,612 CroreRs 821 CroreRs 1,051 CroreTotal IncomeRs 149,936 CroreRs 132,242 CroreRs 121,239 CroreRs 96,522 CroreRs 77,449 CroreTotal ExpenditureRs 126,908 CroreRs 109,354 CroreRs 100,677 CroreRs 79,499 CroreRs 62,144 CroreEBITRs 23,028 CroreRs 22,888 CroreRs 20,561 CroreRs 17,022 CroreRs 15,305 CroreInterestRs 12,500 CroreRs 9,277 CroreRs 6,043 CroreRs 4,776 CroreRs 5,723 CroreTaxRs 3,068 CroreRs 3,774 CroreRs 3,648 CroreRs 1,936 CroreRs 3,022 CroreNet ProfitRs 7,459 CroreRs 9,836 CroreRs 10,869 CroreRs 10,310 CroreRs 6,560 CroreThe sales for the year-ending March 2025 were Rs 148,477 Crore, which is an increase compared to Rs 130,978 Crore in March 2024. The following table presents the consolidated quarterly income statement:Jun 2025Mar 2025Dec 2024Sep 2024Jun 2024SalesRs 40,118 CroreRs 44,267 CroreRs 34,792 CroreRs 33,562 CroreRs 33,860 CroreOther IncomeRs 342 CroreRs 383 CroreRs 368 CroreRs 395 CroreRs 300 CroreTotal IncomeRs 40,460 CroreRs 44,650 CroreRs 35,161 CroreRs 33,958 CroreRs 34,160 CroreTotal ExpenditureRs 35,879 CroreRs 37,415 CroreRs 30,226 CroreRs 31,495 CroreRs 30,736 CroreEBITRs 4,581 CroreRs 7,234 CroreRs 4,935 CroreRs 2,462 CroreRs 3,424 CroreInterestRs 816 CroreRs 3,407 CroreRs 2,497 CroreRs 580 CroreRs 480 CroreTaxRs 1,066 CroreRs 1,022 CroreRs 604 CroreRs 867 CroreRs 708 CroreNet ProfitRs 2,698 CroreRs 2,804 CroreRs 1,833 CroreRs 1,014 CroreRs 2,235 CroreCash Flow:Mar 2025Mar 2024Mar 2023Mar 2022Mar 2021Operating ActivitiesRs -17,169 CroreRs -10,719 CroreRs -12,685 CroreRs 7,037 CroreRs 14,700 CroreInvesting ActivitiesRs -23,982 CroreRs -23,113 CroreRs -13,686 CroreRs -3,543 CroreRs -9,216 CroreFinancing ActivitiesRs 42,977 CroreRs 33,908 CroreRs 26,469 CroreRs -6,733 CroreRs -8,013 CroreOthersRs 668 CroreRs 0 CroreRs -25 CroreRs 0 CroreRs 0 CroreNet Cash FlowRs 2,495 CroreRs 75 CroreRs 71 CroreRs -3,239 CroreRs -2,529 CroreBalance Sheet:Mar 2025Mar 2024Mar 2023Mar 2022Mar 2021Share CapitalRs 147 CroreRs 143 CroreRs 142 CroreRs 142 CroreRs 131 CroreReserves & SurplusRs 97,373 CroreRs 87,975 CroreRs 78,196 CroreRs 75,261 CroreRs 65,084 CroreCurrent LiabilitiesRs 104,026 CroreRs 92,432 CroreRs 69,532 CroreRs 57,884 CroreRs 52,009 CroreOther LiabilitiesRs 298,989 CroreRs 231,986 CroreRs 189,332 CroreRs 156,105 CroreRs 149,829 CroreTotal LiabilitiesRs 500,535 CroreRs 412,539 CroreRs 337,205 CroreRs 289,394 CroreRs 267,056 CroreFixed AssetsRs 134,544 CroreRs 98,697 CroreRs 82,536 CroreRs 75,552 CroreRs 70,777 CroreCurrent AssetsRs 93,610 CroreRs 86,387 CroreRs 94,365 CroreRs 82,905 CroreRs 83,028 CroreOther AssetsRs 272,381 CroreRs 227,453 CroreRs 160,303 CroreRs 130,937 CroreRs 113,250 CroreTotal AssetsRs 500,535 CroreRs 412,539 CroreRs 337,205 CroreRs 289,394 CroreRs 267,056 CroreContingent LiabilitiesRs 16,240 CroreRs 15,428 CroreRs 17,863 CroreRs 28,947 CroreRs 17,241 CroreFinancial Ratios:Mar 2025Mar 2024Mar 2023Mar 2022Mar 2021Basic EPS (Rs.)55.5785.29103.98114.9865.57Diluted Eps (Rs.)55.5085.29103.88114.9865.50Book Value /Share (Rs.)1,432.801,335.131,866.801,764.721,558.52Dividend/Share (Rs.)10.0010.0010.0010.009.00Face Value22222Gross Profit Margin (%)20.0121.7221.4222.2025.76Operating Margin (%)15.6717.9017.5517.8520.48Net Profit Margin (%)5.027.519.2411.318.89Return on Networth (%)3.806.348.679.976.57ROCE (%)5.867.327.717.387.27Return On Assets (%)0.741.362.022.601.61Current Ratio (X)0.900.931.361.431.60Quick Ratio (X)0.750.791.201.271.48Debt to Equity (x)1.881.521.290.960.95Interest Coverage Ratios (X)2.383.074.174.452.73Asset Turnover Ratio (%)0.330.350.150.1328.60Inventory Turnover Ratio (X)10.1810.602.492.6112.333 Yr CAGR Sales (%)24.5630.9425.1214.5216.593 Yr CAGR Net Profit (%)-14.9422.4634.4493.7421.89P/E (x)46.9926.8215.7014.4722.12P/B (x)1.821.711.371.451.46EV/EBITDA (x)13.9311.699.8910.349.66P/S (x)1.201.160.911.151.25Corporate Actions: Grasim Industries announced a final dividend of Rs 10 per share(500%) on May 22, 2025, with the effective date being August 12, 2025. Earlier corporate actions include: the announcement under Regulation 30 (LODR)-Analyst / Investor Meet - Intimation on August 12, 2025. Moneycontrol analysis as of 2025-08-14 indicates a bullish sentiment on the stock."
21 Aug 2025,This Nifty stock hit all-time high today: Grasim Industries shares gain 1.11% in morning trading,https://www.moneycontrol.com/news/business/stocks/this-nifty-stock-hit-all-time-high-today-grasim-industries-shares-gain-1-11-in-morning-trading-alpha-article-13474817.html,"With the stock's last traded price at Rs 2,896.60, Grasim Industries has marked a new all-time high in today's session.",,"Shares of Grasim Industries reached an all-time high of Rs 2,898.00 on the NSE, with the stock currently trading at Rs 2,896.60, a gain of 1.11% in Thursday's session. Grasim Industries stock is a constituent of the Nifty 50 index. Financial Snapshot Grasim Industries has demonstrated significant financial activity. The consolidated revenue for the quarter-ending June 2025 stood at Rs 40,118.08 Crore, up from Rs 33,860.75 Crore in June 2024. The net profit for the same period was Rs 2,698.41 Crore, compared to Rs 2,235.67 Crore in the previous year. The EPS for June 2025 was Rs 20.91, up from Rs 18.25 in June 2024. Here's a detailed look at the quarterly financial performance:HeadingJun 2024Sep 2024Dec 2024Mar 2025Jun 2025RevenueRs 33,860.75 CroreRs 33,562.85 CroreRs 34,792.85 CroreRs 44,267.26 CroreRs 40,118.08 CroreNet ProfitRs 2,235.67 CroreRs 1,014.26 CroreRs 1,833.89 CroreRs 2,804.84 CroreRs 2,698.41 CroreEPS18.255.8613.4722.2220.91The company's annual financial performance is as follows:Heading20212022202320242025RevenueRs 76,397.81 CroreRs 95,701.13 CroreRs 117,627.08 CroreRs 130,978.48 CroreRs 148,477.89 CroreNet ProfitRs 6,560.02 CroreRs 10,310.22 CroreRs 10,869.24 CroreRs 9,836.97 CroreRs 7,459.54 CroreEPS65.57114.98103.9885.2955.57BVPS1,558.521,764.721,866.801,335.131,432.80ROE6.579.978.676.343.80Debt to Equity0.950.961.291.521.88The revenue has increased by approximately 24.56% in 2025 compared to 2024. The net profit has decreased from Rs 9,836.97 Crore in March 2024 to Rs 7,459.54 Crore in March 2025. Consolidated Income Statement:Mar 2025Mar 2024Mar 2023Mar 2022Mar 2021SalesRs 148,477 CroreRs 130,978 CroreRs 117,627 CroreRs 95,701 CroreRs 76,397 CroreOther IncomeRs 1,459 CroreRs 1,264 CroreRs 3,612 CroreRs 821 CroreRs 1,051 CroreTotal IncomeRs 149,936 CroreRs 132,242 CroreRs 121,239 CroreRs 96,522 CroreRs 77,449 CroreTotal ExpenditureRs 126,908 CroreRs 109,354 CroreRs 100,677 CroreRs 79,499 CroreRs 62,144 CroreEBITRs 23,028 CroreRs 22,888 CroreRs 20,561 CroreRs 17,022 CroreRs 15,305 CroreInterestRs 12,500 CroreRs 9,277 CroreRs 6,043 CroreRs 4,776 CroreRs 5,723 CroreTaxRs 3,068 CroreRs 3,774 CroreRs 3,648 CroreRs 1,936 CroreRs 3,022 CroreNet ProfitRs 7,459 CroreRs 9,836 CroreRs 10,869 CroreRs 10,310 CroreRs 6,560 CroreCash Flow:Mar 2025Mar 2024Mar 2023Mar 2022Mar 2021Operating ActivitiesRs -17,169 CroreRs -10,719 CroreRs -12,685 CroreRs 7,037 CroreRs 14,700 CroreInvesting ActivitiesRs -23,982 CroreRs -23,113 CroreRs -13,686 CroreRs -3,543 CroreRs -9,216 CroreFinancing ActivitiesRs 42,977 CroreRs 33,908 CroreRs 26,469 CroreRs -6,733 CroreRs -8,013 CroreOthersRs 668 CroreRs 0 CroreRs -25 CroreRs 0 CroreRs 0 CroreNet Cash FlowRs 2,495 CroreRs 75 CroreRs 71 CroreRs -3,239 CroreRs -2,529 CroreBalance Sheet:Mar 2025Mar 2024Mar 2023Mar 2022Mar 2021Share CapitalRs 147 CroreRs 143 CroreRs 142 CroreRs 142 CroreRs 131 CroreReserves & SurplusRs 97,373 CroreRs 87,975 CroreRs 78,196 CroreRs 75,261 CroreRs 65,084 CroreCurrent LiabilitiesRs 104,026 CroreRs 92,432 CroreRs 69,532 CroreRs 57,884 CroreRs 52,009 CroreOther LiabilitiesRs 298,989 CroreRs 231,986 CroreRs 189,332 CroreRs 156,105 CroreRs 149,829 CroreTotal LiabilitiesRs 500,535 CroreRs 412,539 CroreRs 337,205 CroreRs 289,394 CroreRs 267,056 CroreFixed AssetsRs 134,544 CroreRs 98,697 CroreRs 82,536 CroreRs 75,552 CroreRs 70,777 CroreCurrent AssetsRs 93,610 CroreRs 86,387 CroreRs 94,365 CroreRs 82,905 CroreRs 83,028 CroreOther AssetsRs 272,381 CroreRs 227,453 CroreRs 160,303 CroreRs 130,937 CroreRs 113,250 CroreTotal AssetsRs 500,535 CroreRs 412,539 CroreRs 337,205 CroreRs 289,394 CroreRs 267,056 CroreContingent LiabilitiesRs 16,240 CroreRs 15,428 CroreRs 17,863 CroreRs 28,947 CroreRs 17,241 CroreKey Financial Ratios:Mar 2025Mar 2024Mar 2023Mar 2022Mar 2021Basic EPS (Rs.)55.5785.29103.98114.9865.57Diluted Eps (Rs.)55.5085.29103.88114.9865.50Book Value /Share (Rs.)1,432.801,335.131,866.801,764.721,558.52Dividend/Share (Rs.)10.0010.0010.0010.009.00Face Value22222Gross Profit Margin (%)20.0121.7221.4222.2025.76Operating Margin (%)15.6717.9017.5517.8520.48Net Profit Margin (%)5.027.519.2411.318.89Return on Networth (%)3.806.348.679.976.57ROCE (%)5.867.327.717.387.27Return On Assets (%)0.741.362.022.601.61Current Ratio (X)0.900.931.361.431.60Quick Ratio (X)0.750.791.201.271.48Debt to Equity (x)1.881.521.290.960.95Interest Coverage (X)2.383.074.174.452.73Asset Turnover Ratio (%)0.330.350.150.1328.60Inventory Turnover Ratio (X)10.1810.602.492.6112.333 Yr CAGR Sales (%)24.5630.9425.1214.5216.593 Yr CAGR Net Profit (%)-14.9422.4634.4493.7421.89P/E (x)46.9926.8215.7014.4722.12P/B (x)1.821.711.371.451.46EV/EBITDA (x)13.9311.699.8910.349.66P/S (x)1.201.160.911.151.25Corporate Actions Grasim Industries announced a final dividend of Rs.10.00 per share (500%) on May 22, 2025, with an effective date of August 12, 2025. Other corporate actions include intimation of schedule of Analysts / Institutional Investor Meet, Intimation under Regulations 33 and 47 of SEBI (LODR) Regulation, 2015 and Audio Recording - Earnings Call. The company had also announced bonus issue on February 11, 1988, with bonus ratio of 3:4 and exbonus date as October 18, 1988. Grasim Industries had rights issue with announce date as October 16, 2023, existing ratio as 179 and offered ratio as 6. The exrights date was January 10, 2024. A stock split was announced on August 11, 2016, with an exsplit date of October 6, 2016, changing the face value from Rs 10 to Rs 2. Moneycontrol analysis on August 14, 2025, indicated a bullish sentiment on the stock. Grasim Industries is included as one of the stocks in the benchmark Nifty 50 index. With the stock's last traded price at Rs 2,896.60, Grasim Industries has marked a new all-time high in today's session."
18 Aug 2025,Grasim Industries shares jump 3.11% amid volume surge,https://www.moneycontrol.com/news/business/stocks/grasim-industries-shares-jump-3-11-amid-volume-surge-alpha-article-13462945.html,"With the stock currently trading at Rs 2,851, Grasim Industries has seen a significant surge in price and trading activity in today's session.",,"Shares of Grasim Industries were trading higher in Monday's session, with the stock currently priced at Rs 2,851. This represents a 3.11% increase from its previous close, accompanied by a surge in trading volume. The stock is among the top gainers on Nifty 50. Financial Snapshot: Here is a summary of Grasim Industries' financial performance: Consolidated Quarterly Performance:HeadingJun 2024Sep 2024Dec 2024Mar 2025Jun 2025RevenueRs 33,860.75 CroreRs 33,562.85 CroreRs 34,792.85 CroreRs 44,267.26 CroreRs 40,118.08 CroreNet ProfitRs 2,235.67 CroreRs 1,014.26 CroreRs 1,833.89 CroreRs 2,804.84 CroreRs 2,698.41 CroreEPS18.255.8613.4722.2220.91The revenue for the quarter-ending June 2025 stood at Rs 40,118.08 Crore, which is an increase compared to Rs 33,860.75 Crore in June 2024. The net profit for the quarter-ending June 2025 was Rs 2,698.41 Crore, compared to Rs 2,235.67 Crore in June 2024. Consolidated Yearly Performance:Heading20212022202320242025RevenueRs 76,397.81 CroreRs 95,701.13 CroreRs 117,627.08 CroreRs 130,978.48 CroreRs 148,477.89 CroreNet ProfitRs 6,560.02 CroreRs 10,310.22 CroreRs 10,869.24 CroreRs 9,836.97 CroreRs 7,459.54 CroreEPS65.57114.98103.9885.2955.57BVPS1,558.521,764.721,866.801,335.131,432.80ROE6.579.978.676.343.80Debt to Equity0.950.961.291.521.88The revenue for the year-ending 2025 increased to Rs 148,477.89 Crore compared to Rs 130,978.48 Crore in 2024. Net profit for the year-ending 2025 stood at Rs 7,459.54 Crore, while it was Rs 9,836.97 Crore in 2024. Consolidated Yearly Income Statement:Mar 2025Mar 2024Mar 2023Mar 2022Mar 2021SalesRs 148,477 CroreRs 130,978 CroreRs 117,627 CroreRs 95,701 CroreRs 76,397 CroreOther IncomeRs 1,459 CroreRs 1,264 CroreRs 3,612 CroreRs 821 CroreRs 1,051 CroreTotal IncomeRs 149,936 CroreRs 132,242 CroreRs 121,239 CroreRs 96,522 CroreRs 77,449 CroreTotal ExpenditureRs 126,908 CroreRs 109,354 CroreRs 100,677 CroreRs 79,499 CroreRs 62,144 CroreEBITRs 23,028 CroreRs 22,888 CroreRs 20,561 CroreRs 17,022 CroreRs 15,305 CroreInterestRs 12,500 CroreRs 9,277 CroreRs 6,043 CroreRs 4,776 CroreRs 5,723 CroreTaxRs 3,068 CroreRs 3,774 CroreRs 3,648 CroreRs 1,936 CroreRs 3,022 CroreNet ProfitRs 7,459 CroreRs 9,836 CroreRs 10,869 CroreRs 10,310 CroreRs 6,560 CroreConsolidated Quarterly Income Statement:Jun 2025Mar 2025Dec 2024Sep 2024Jun 2024SalesRs 40,118 CroreRs 44,267 CroreRs 34,792 CroreRs 33,562 CroreRs 33,860 CroreOther IncomeRs 342 CroreRs 383 CroreRs 368 CroreRs 395 CroreRs 300 CroreTotal IncomeRs 40,460 CroreRs 44,650 CroreRs 35,161 CroreRs 33,958 CroreRs 34,160 CroreTotal ExpenditureRs 35,879 CroreRs 37,415 CroreRs 30,226 CroreRs 31,495 CroreRs 30,736 CroreEBITRs 4,581 CroreRs 7,234 CroreRs 4,935 CroreRs 2,462 CroreRs 3,424 CroreInterestRs 816 CroreRs 3,407 CroreRs 2,497 CroreRs 580 CroreRs 480 CroreTaxRs 1,066 CroreRs 1,022 CroreRs 604 CroreRs 867 CroreRs 708 CroreNet ProfitRs 2,698 CroreRs 2,804 CroreRs 1,833 CroreRs 1,014 CroreRs 2,235 CroreAccording to the information available on corporate actions, the company announced Analyst/Investor Meet - Intimation on August 12, 2025. It also announced Newspaper Publication on August 9, 2025 and Audio Recording - Earnings Call on August 8, 2025. Grasim Industries announced a final dividend of Rs 10 per share (500%) on May 22, 2025, with the effective date being August 12, 2025. Moneycontrol analysis on August 11, 2025, indicated very bullish sentiment for the stock. With the stock currently trading at Rs 2,851, Grasim Industries has seen a significant surge in price and trading activity in today's session."
14 Aug 2025,Buy Grasim Industries; target of Rs 3480: ICICI Securities,https://www.moneycontrol.com/news/business/earnings/buy-grasim-industries-target-of-rs-3480-icici-securities-13455844.html,"ICICI Securities is bullish on Grasim Industries has recommended buy rating on the stock with a target price of Rs 3480 in its research report dated August 11, 2025.",BUY,"ICICI Securities's research report on Grasim Industries Grasim Industries (Grasim) has kicked-off FY26 on a strong footing. Its standalone entity’s (SA) Q1FY26 EBITDA has not only beat our estimate (at INR 3.85bn, up 18% YoY; I-Sec: INR 2.55bn), revenues of the new business segments (paints/B2B ecommerce) too have pleasantly surprised; also, EBITDA losses are in check. New segments’ revenue rose 13% QoQ (12% ahead of our estimate) while EBITDA loss (of INR 3bn vs. INR 3.15bn in Q4FY25) stood in-line. Q1FY26’s performance now presents a potential upward bias – 1) for FY26E SA EBITDA; and 2) to our revenues estimate for the new segments. Being conservative, we keep our earnings estimates intact and maintain BUY. Incorporating the increase in our fair value estimate for Grasim’s key holding – UltraTech Cement (61% of SoTP) – the revised TP stands at INR 3,480 (INR 3,363 earlier). Outlook We maintain our current earnings forecast. Retain BUY with a revised TP of INR 3,480 (Exhibit 5 for SoTP working). For all recommendations report, click here Grasim Industries_13082025_ICICI Securities"
11 Aug 2025,Buy Grasim; target of Rs 3500: Motilal Oswal,https://www.moneycontrol.com/news/business/earnings/buy-grasim-target-of-rs-3500-motilal-oswal-13435113.html,"Motilal Oswal is bullish on Grasim has recommended buy rating on the stock with a target price of Rs 3500 in its research report dated August 09, 2025.",BUY,"Motilal Oswal's research report on Grasim GRASIM’s 1QFY26 performance was above our estimates, led by higherthan- estimated: 1) profitability in the VSF and chemical segments and 2) revenue in high-growth businesses (Paint and B2B). Standalone EBITDA increased ~18% YoY to INR3.8b (~74% beat). OPM contracted 55bp YoY to 4.2% (vs. 2.5% est.). It reported a net loss of INR1.2b vs. a net loss of INR521m in 1QFY25 and INR2.1b in 4QFY25. Outlook We reiterate our BUY rating with a TP of INR3,500 as we value its: 1) holding in listed subsidiaries by assigning a discount of 35% on our TP for coverage companies, 2) standalone business at 6x Jun’27E EV/EBITDA, 3) paint business at 2x of investments, 4) B2B e-commerce at 1.5x of Jun’27E (TTM) revenue, and 5) renewable business at 10x FY27E EV/EBITDA. For all recommendations report, click here Grasim_11082025_Motilal Oswal"
11 Aug 2025,"Grasim Industries shares gain 3% on positive Q1 show, brokerages bullish",https://www.moneycontrol.com/news/business/grasim-industries-shares-gain-3-on-positive-q1-show-brokerages-bullish-13434791.html,Grasim Industries shares rallied three percent as brokerages reiterated their bullishness on the firm following its June quarter earnings show. ,Grasim Industries,"Grasim Industries, the flagship business of the Aditya Birla Group, saw its shares rally over three percent on the Monday, August 11 session, after reporting its earnings show for the quarter ended June 30, 2025. The Aditya Birla Group firm posted a 32 percent sequential jump in net profit for Q1FY26, coming in at Rs 1,419 crore versus Rs 1,075 crore in the preceding quarter. Revenue from operations for the quarter ended June 2025 stood at Rs 40,118 crore, up 16 percent year-on-year from Rs 34,610 crore in the same period last year. The firm's management highlighted that the paints business posted double-digit QoQ growth even as the broader organized decorative paint industry remained sluggish. Notably, 65 percent of Birla Opus revenue is now derived from premium and luxury paint products. The brand has expanded distribution to over 8,000 towns in under a year. At 12.45 p.m., shares of Grasim were quoting Rs 2,744.1, higher by 2 percent on the NSE. Motilal Oswal said Follow our market blog to catch all the live updates’s Q1FY26 results exceeded expectations, driven by stronger-than-estimated profitability in the VSF and chemical segments, along with higher revenue from its high-growth paint and B2B businesses. While core segments recorded improved profitability and stable demand, Motilal Oswal flagged that shifting global trade dynamics could pose near-term challenges. Paints and B2B e-commerce continue to grow steadily with expanding distribution and product portfolios, and the brokerage maintained its ‘buy’ rating with a target price of Rs 3,500. ICICI Securities said Grasim’s Q1FY26 performance indicates a potential upside risk to its FY26 standalone EBITDA forecast and revenue estimates for the new segments. However, taking a conservative approach, the brokerage has kept its earnings estimates unchanged and maintained a ‘buy’ rating. Factoring in a higher fair value for key holding UltraTech Cement, which accounts for 61 percent of its SOTP valuation, ICICI Securities has revised its target price to Rs 3,480 from Rs 3,363 earlier. Follow our market blog to catch all the live updates"
11 Aug 2025,Grasim Industries shares rise 2.96% in early trade,https://www.moneycontrol.com/news/business/stocks/grasim-industries-shares-rise-2-96-in-early-trade-alpha-article-13433916.html,"With the stock currently trading at Rs 2,771.20, Grasim Industries demonstrates a positive growth trajectory in today's early trading session.",,"Shares of Grasim Industries gained 2.96% to trade at Rs 2,771.20 in early trade. The stock's movement is a notable shift from its previous close, reflecting positive investor activity during the session. At 09:16 am, the stock demonstrated strong momentum on the NSE. Here's a detailed look at Grasim Industries' financial performance: Financial Performance: The following tables provide an overview of Grasim Industries' consolidated financial data. Income Statement - Quarterly (Consolidated):Jun 2025Mar 2025Dec 2024Sep 2024Jun 2024SalesRs 40,118 CroreRs 44,267 CroreRs 34,792 CroreRs 33,562 CroreRs 33,860 CroreOther IncomeRs 342 CroreRs 383 CroreRs 368 CroreRs 395 CroreRs 300 CroreTotal IncomeRs 40,460 CroreRs 44,650 CroreRs 35,161 CroreRs 33,958 CroreRs 34,160 CroreTotal ExpenditureRs 35,879 CroreRs 37,415 CroreRs 30,226 CroreRs 31,495 CroreRs 30,736 CroreEBITRs 4,581 CroreRs 7,234 CroreRs 4,935 CroreRs 2,462 CroreRs 3,424 CroreInterestRs 816 CroreRs 3,407 CroreRs 2,497 CroreRs 580 CroreRs 480 CroreTaxRs 1,066 CroreRs 1,022 CroreRs 604 CroreRs 867 CroreRs 708 CroreNet ProfitRs 2,698 CroreRs 2,804 CroreRs 1,833 CroreRs 1,014 CroreRs 2,235 CroreIn the quarter ending June 2025, Grasim Industries reported sales of Rs 40,118 Crore, which is higher compared to Rs 33,860 Crore in June 2024. The net profit for the same period was Rs 2,698 Crore, up from Rs 2,235 Crore in the previous year. Income Statement - Yearly (Consolidated):Mar 2025Mar 2024Mar 2023Mar 2022Mar 2021SalesRs 148,477 CroreRs 130,978 CroreRs 117,627 CroreRs 95,701 CroreRs 76,397 CroreOther IncomeRs 1,459 CroreRs 1,264 CroreRs 3,612 CroreRs 821 CroreRs 1,051 CroreTotal IncomeRs 149,936 CroreRs 132,242 CroreRs 121,239 CroreRs 96,522 CroreRs 77,449 CroreTotal ExpenditureRs 126,908 CroreRs 109,354 CroreRs 100,677 CroreRs 79,499 CroreRs 62,144 CroreEBITRs 23,028 CroreRs 22,888 CroreRs 20,561 CroreRs 17,022 CroreRs 15,305 CroreInterestRs 12,500 CroreRs 9,277 CroreRs 6,043 CroreRs 4,776 CroreRs 5,723 CroreTaxRs 3,068 CroreRs 3,774 CroreRs 3,648 CroreRs 1,936 CroreRs 3,022 CroreNet ProfitRs 7,459 CroreRs 9,836 CroreRs 10,869 CroreRs 10,310 CroreRs 6,560 CroreThe annual sales for the year ending March 2025 stood at Rs 148,477 Crore, compared to Rs 130,978 Crore in the previous year. Net profit for the year ending March 2025 was Rs 7,459 Crore, down from Rs 9,836 Crore in March 2024. Key Financial Ratios (Consolidated):Mar 2025Mar 2024Mar 2023Mar 2022Mar 2021Basic EPS (Rs.)55.5785.29103.98114.9865.57Diluted EPS (Rs.)55.5085.29103.88114.9865.50Book Value /Share (Rs.)1,432.801,335.131,866.801,764.721,558.52Dividend/Share (Rs.)10.0010.0010.0010.009.00Face Value22222As of March 2025, the basic EPS stood at Rs 55.57, while the book value per share was Rs 1,432.80. The company declared a dividend of Rs 10 per share. Cash Flow (Consolidated):Mar 2025Mar 2024Mar 2023Mar 2022Mar 2021Operating ActivitiesRs -17,169 CroreRs -10,719 CroreRs -12,685 CroreRs 7,037 CroreRs 14,700 CroreInvesting ActivitiesRs -23,982 CroreRs -23,113 CroreRs -13,686 CroreRs -3,543 CroreRs -9,216 CroreFinancing ActivitiesRs 42,977 CroreRs 33,908 CroreRs 26,469 CroreRs -6,733 CroreRs -8,013 CroreOthersRs 668 CroreRs 0 CroreRs -25 CroreRs 0 CroreRs 0 CroreNet Cash FlowRs 2,495 CroreRs 75 CroreRs 71 CroreRs -3,239 CroreRs -2,529 CroreBalance Sheet (Consolidated):Mar 2025Mar 2024Mar 2023Mar 2022Mar 2021Share CapitalRs 147 CroreRs 143 CroreRs 142 CroreRs 142 CroreRs 131 CroreReserves & SurplusRs 97,373 CroreRs 87,975 CroreRs 78,196 CroreRs 75,261 CroreRs 65,084 CroreCurrent LiabilitiesRs 104,026 CroreRs 92,432 CroreRs 69,532 CroreRs 57,884 CroreRs 52,009 CroreOther LiabilitiesRs 298,989 CroreRs 231,986 CroreRs 189,332 CroreRs 156,105 CroreRs 149,829 CroreTotal LiabilitiesRs 500,535 CroreRs 412,539 CroreRs 337,205 CroreRs 289,394 CroreRs 267,056 CroreFixed AssetsRs 134,544 CroreRs 98,697 CroreRs 82,536 CroreRs 75,552 CroreRs 70,777 CroreCurrent AssetsRs 93,610 CroreRs 86,387 CroreRs 94,365 CroreRs 82,905 CroreRs 83,028 CroreOther AssetsRs 272,381 CroreRs 227,453 CroreRs 160,303 CroreRs 130,937 CroreRs 113,250 CroreTotal AssetsRs 500,535 CroreRs 412,539 CroreRs 337,205 CroreRs 289,394 CroreRs 267,056 CroreContingent LiabilitiesRs 16,240 CroreRs 15,428 CroreRs 17,863 CroreRs 28,947 CroreRs 17,241 CroreKey Ratios (Consolidated):Mar 2025Mar 2024Mar 2023Mar 2022Mar 2021Debt to Equity (x)1.881.521.290.960.95Interest Coverage Ratios (X)2.383.074.174.452.73P/E (x)46.9926.8215.7014.4722.12P/B (x)1.821.711.371.451.46EV/EBITDA (x)13.9311.699.8910.349.66P/S (x)1.201.160.911.151.25The debt-to-equity ratio as of March 2025 stood at 1.88. The P/E ratio was 46.99, and the P/B ratio was 1.82. Corporate Actions: Grasim Industries has announced a final dividend of Rs 10 per share (500%) with the effective date being August 12, 2025. The company had also announced a stock split on August 11, 2016, with the ex-split date being October 6, 2016. Moneycontrol's sentiment analysis, conducted on August 4, 2025, indicates a very bullish outlook for the stock. With the stock currently trading at Rs 2,771.20, Grasim Industries demonstrates a positive growth trajectory in today's early trading session."
08 Aug 2025,"Grasim Q1 net loss widens to Rs 118 crore, revenue up 34 percent at Rs 9,223 crore",https://www.moneycontrol.com/news/business/grasim-q1-net-loss-widens-to-rs-118-crore-revenue-up-34-percent-at-rs-9-223-crore-13422681.html,Grasim's standalone revenue rose while June quarter operating margin declined to 4.41 percent as against 5.07 percent in the same quarter a year ago.,Grasim Industries,"Aditya Birla Group-owned Grasim Industries saw its net loss widen to Rs 118 crore on a standalone basis for the June quarter compared to Rs 52 crore a year ago, on the back of Grasim's continued Rs 10,000 crore investment into its decorative paints business - Birla Opus - as well as other new-age businesses such as e-commerce. Margins were also impacted by higher input costs in the key cellulosic fibre segment, the company reported. The standalone revenue grew by 34 percent on year to Rs 9,223 crore, while operating margin fell to 4.41 percent as against 5.07 percent in the same quarter a year ago. Earnings before interest, taxes, depreciation, and amortisation (EBITDA) on a standalone basis improved to Rs 528 crore, compared to Rs 418 crore in the year-ago period. Birla Opus build-up continues In a press release, Grasim said that the Birla Opus business reported a ""double-digit"" revenue growth for the quarter on a sequential basis, although it did not detail the exact revenues from the segment. The release added that as per its internal estimates, Birla Opus is now the third largest paints brand in India. Grasim noted that the organised paint industry grew by 5 percent year-on-year, with a slight de-growth excluding Birla Opus. Of the Rs 10,000 crore planned capital expenditure on the paints business, it has spent Rs 9,555 crore till June, Grasim said in the release. The company plans to have a total paint manufacturing capacity of 1.332 billion litres per annum across six manufacturing plants across India. Five of them are up and running, while the sixth one, at Kharagpur in West Bengal, is currently under trial production, and its expected to be commercialised in the ongoing quarter. In its decorative paint business, Grasim has set a break-even timeline of three years from the start of full-scale operations, with the management having expressed confidence in meeting the timeline. The company has scaled up its dealer onboarding programme, as well as marketing spends and influencer outreach. Fibre segment pressures For cellulosic staple fibre (CSF) and cellulosic fashion yarn (CFY), which are used extensively in the apparel and allied industries, the company reported pressures due to higher input costs, and lower export volumes. Segment revenue during the quarter increased by 7 percent year-on-year to Rs 4,043 crore, but EBITDA declined by 20 percent to Rs 322 crore. Domestic CSF volumes grew by 2 percent year-on-year. Grasim, however, noted that overall CSF sales volumes declined by 1 percent to 209,000 tonne, owing to a decline in exports. Despite CFY volumes growing by 6 percent year-on-year, realisations suffered due to competition from cheaper Chinese imports. Chemicals business improves Revenue from the chemicals vertical grew by 16 percent to Rs 2,391 crore, on the back of caustic soda sale volumes growing by 8 percent year-on-year, even as international spot prices remained largely flat during the quarter. The company indicated that despite improving realisations, oversupply continued in some product categories. In specialty chemicals, where Grasim has aimed to ramp up its capacity, the company said that realisation is being impacted due to cheap imports and higher input costs. Consolidated results On a consolidated basis, Grasim reported a 32 percent growth in net profit for the June quarter at Rs 1,419 crore, backed by the strong performance of cement business - UltraTech Cement - which declared its financial results in July. Grasim's consolidated revenue was higher by 16 percent year-on-year at Rs 40,118 crore. Grasim owns a 56 percent stake in UltraTech, India's largest cement maker, whose net profit grew by 49 percent year-on-year to Rs 2,226 crore, on the back of strong pricing and volume growth during the quarter. The company declared its Q1 financial results during market hours. Its shares were under pressure throughout trading, having closed on August 8 at Rs 2,691.60 apiece on the National Stock Exchange."
05 Aug 2025,"Trade Spotlight: How should you trade Kaynes Technology, Jindal Stainless, Hero MotoCorp, CCL Products, Grasim Industries and others on August 5?",https://www.moneycontrol.com/news/business/markets/trade-spotlight-how-should-you-trade-kaynes-technology-jindal-stainless-hero-motocorp-ccl-products-grasim-industries-and-others-on-august-5-13388162.html,The market is expected to remain in consolidation mode until it gives a decisive close above short-term moving averages. Below are some short-term trading ideas to consider.,Top Buy Ideas for August 5,"The benchmark indices snapped a two-day losing streak, with the Nifty 50 gaining 0.6 percent on August 4, and market breadth favouring the bulls. A total of 1,659 shares saw buying interest compared to 1,058 shares that declined on the NSE. The market is expected to remain in consolidation mode until it gives a decisive close above short-term moving averages. Below are some short-term trading ideas to consider: Mehul Kothari, Deputy Vice President - Technical Research, Anand Rathi Shares and Stock Brokers Kaynes Technology India | CMP: Rs 6,297  Recently, Kaynes Technology reversed after testing its trendline and successfully broke above the descending trendline with strong volume, signalling renewed buying interest. This breakout, supported by increased participation, indicates a shift in trend. From a technical standpoint, the MACD has generated a bullish crossover near the zero line, which often acts as a reliable confirmation of building momentum. This confluence of price breakout and indicator strength suggests that the stock may be entering a new upward phase. Traders should monitor follow-through price action for confirmation, as the setup points toward a potential continuation of the bullish trend in the near term. Traders may consider entering long positions in the Rs 6,300–6,200 zone. Strategy: Buy Target: Rs 6,900 Stop-Loss: Rs 6,000 Mazagon Dock Shipbuilders | CMP: Rs 2,767.2  Mazagon Dock Shipbuilders has recently experienced a significant correction from its peak of Rs 3,775, resulting in a 30% decline. At the current juncture, the price has tested the 200-day exponential moving average (DEMA) and the 200-day simple moving average (SMA), as indicated in the chart. Historically, Mazagon Dock Shipbuilders has signalled a bullish reversal after testing both averages. Additionally, volume has been increasing from the recent low, observed on both daily and hourly scales. Traders may consider entering long positions in the Rs 2,780–2,750 zone. Strategy: Buy Target: Rs 3,100 Stop-Loss: Rs 2,550 Jay Thakkar, Vice President & Head of Derivatives and Quant Research at ICICI Securities Jindal Stainless | CMP: Rs 728  Jindal Stainless Futures has provided a breakout from sideways consolidation, accompanied by a decrease in open interest, indicating short covering. Since the stock was introduced in the F&O segment, it has mostly witnessed short buildup. Now, with this strong upward momentum, the stock is likely to see further short covering. On the lower side, Rs 680 is a crucial support level as there have been significant Put additions, while the Rs 770 strike has the highest Call open interest, making it a near-term resistance. The stock is trading well above its maximum pain and modified maximum pain levels of Rs 700 and Rs 725, respectively. It is also trading well above its 20-day VWAP (volume-weighted average price) level of Rs 685, providing good support in the Rs 725–680 zone. Buy Jindal Stainless Futures in the range of Rs 732–738. Strategy: Buy Target: Rs 800, Rs 830 Stop-Loss: Rs 705 Hero MotoCorp | CMP: Rs 4,535.9  Hero MotoCorp has provided a breakout from a prolonged consolidation phase, with a decrease in open interest indicating short covering. The previous up move was also driven by short covering. The recent monthly sales numbers are positive, and with the price providing a breakout, one can expect a Rs 250 up move from the breakout level of Rs 4,400—targeting Rs 4,650, and potentially Rs 4,750 thereafter. On the downside, immediate support lies at Rs 4,400 on a closing basis. As long as this level holds, upward price movement can be expected. The stock is trading above its 20-day VWAP, which is approximately Rs 4,300. It is also trading well above its maximum pain and modified maximum pain levels of Rs 4,400 and Rs 4,490, respectively, which will act as support in the near term. Buy Hero MotoCorp Futures in the range of Rs 4,520–4,450. Strategy: Buy Target: Rs 4,650, Rs 4,750 Stop-Loss: Rs 4,400 LTIMindtree | CMP: Rs 5,089  LTIMindtree Futures had fallen due to short buildup but has bounced back on account of short covering. The recent short buildup seems to have been covered, leading to consolidation. As a result, a bounce back is expected. It has taken support at the lower end of the range, making Rs 4,950 a critical support level in the near term. Although it is trading below its maximum pain and 20-day VWAP levels of Rs 5,100 and Rs 5,160, respectively, the stock is likely to witness upward momentum. The overall IT sector is oversold, and a bounce back in the Nifty could lead to a relief rally in IT stocks. Buy LTIMindtree Futures in the range of Rs 5,070–5,050. Strategy: Buy Target: Rs 5,300, Rs 5,400 Stop-Loss: Rs 4,950 Vidnyan S Sawant, Head of Research at GEPL Capital CCL Products | CMP: Rs 927.6  CCL Products has been forming higher bottoms on the monthly chart since 2020, highlighting a strong and sustained long-term uptrend. On the weekly timeframe, the stock bounced from its 200-week EMA in April 2025 and has maintained upward momentum. It is now consolidating near its all-time highs, showing relative strength amid broader market weakness. Technically, it continues to trade above its 12-week and 26-week EMAs, affirming the bullish structure. The MACD remains in buy mode, supporting the ongoing uptrend and signalling momentum strength. Strategy: Buy Target: Rs 1,088 Stop-Loss: Rs 875 Shyam Metalics and Energy | CMP: Rs 977.65  Shyam Metalics continues to exhibit a robust long-term uptrend, consistently forming higher highs and higher lows on the monthly chart. In July 2025, the stock broke above its September 2024 swing high, marking a new all-time high and signalling accelerating momentum. On the weekly chart, it confirmed a cup-and-handle breakout last week, supported by a bullish candlestick and strong volume, reflecting solid buyer participation. The stock trades well above its 12-week, 26-week, and 50-week EMAs, reinforcing trend strength. The MACD remains in buy mode, validating sustained bullish momentum. Strategy: Buy Target: Rs 1,122 Stop-Loss: Rs 927 Grasim Industries | CMP: Rs 2,787.8  Grasim Industries continues to exhibit strong bullish price action across multiple timeframes. On the weekly chart, the formation of higher highs and higher lows confirms a well-established bullish structure. On the daily timeframe, the stock witnessed a bullish mean reversion from its 100-day EMA in July 2025, signalling renewed buying interest. It remains firmly positioned above its key 5-, 12-, 25-, and 50-week EMAs, underscoring sustained trend strength. Additionally, the MACD stays in positive territory, further validating the ongoing bullish momentum. Strategy: Buy Target: Rs 3,070 Stop-Loss: Rs 2,679"
15 Jul 2025,Grasim Industries Fully Repays ₹500 Crore Commercial Paper,https://www.moneycontrol.com/news/business/markets/grasim-industries-fully-repays-500-crore-commercial-paper-alpha-article-13280887.html,Grasim Industries Fully Repays ₹500 Crore Commercial Paper,,"Grasim Industries Limited has fully repaid ₹500 crore to the holders of Commercial Paper (CP) with ISIN INE047A14AH1 on July 15, 2025, as per the regulatory filing. This repayment aligns with SEBI Master Circular No. SEBI/HO/DDHS/P0D1/P/CIR/2024/54 dated May 22, 2024.Commercial Paper Repayment DetailsParticularsDetailsISININE047A14AH1Type of repaymentFullReason for repaymentMaturityQuantity redeemed (no. of CP)10,000Due date for repayment / maturity15/07/2025Actual date for repayment15/07/2025Amount repaid₹500 croreOutstanding amountNilRepayment DetailsThe full repayment of the commercial paper, amounting to ₹500 crore, was executed on July 15, 2025. This action has brought the outstanding amount to nil, indicating the completion of the company's obligation under the specified ISIN.Regulatory ComplianceGrasim Industries has confirmed that the repayment complies with the guidelines outlined in the SEBI Master Circular No. SEBI/HO/DDHS/P0D1/P/CIR/2024/54, dated May 22, 2024. This announcement follows the corporate disclosure made on May 26, 2025, regarding the record date for these Commercial Papers.Company InformationGrasim Industries Limited, a part of the Aditya Birla Group, is headquartered in Mumbai and has its registered office in Birlagram, Nagda."
14 Jul 2025,Grasim Industries shares gain 1.23% amid volume surge in today's session,https://www.moneycontrol.com/news/business/stocks/grasim-industries-shares-gain-1-23-amid-volume-surge-in-today-s-session-alpha-article-13274386.html,"With the stock currently trading at Rs 2,796.00, Grasim Industries is experiencing a surge in trading volume during today's session.",,"Grasim Industries shares are trading with a gain of 1.23% at Rs 2,796.00 in Monday's session, with high volume. The stock is among the top gainers on Nifty 50 as of 10:15 am. Financial Performance: Consolidated Quarterly Performance: The consolidated quarterly financial performance shows fluctuations in revenue and net profit over the past five quarters. Here’s a summary:Revenue: The revenue for the quarter-ending March 2025 was Rs 44,267.26 Crore, compared to Rs 37,727.13 Crore for the quarter-ending March 2024.Net Profit: The net profit for the quarter-ending March 2025 was Rs 2,804.84 Crore, compared to Rs 2,627.88 Crore for the quarter-ending March 2024.EPS: The EPS for the quarter-ending March 2025 stood at Rs 22.22, compared to Rs 20.69 for the quarter-ending March 2024.Consolidated Yearly Performance: The consolidated yearly financial performance indicates consistent growth in revenue but a decline in net profit and EPS over the past five years. Here’s a summary:Revenue: The revenue for the year-ending March 2025 was Rs 148,477.89 Crore, an increase from Rs 130,978.48 Crore for the year-ending March 2024.Net Profit: The net profit for the year-ending March 2025 was Rs 7,459.54 Crore, a decrease from Rs 9,836.97 Crore for the year-ending March 2024.EPS: The EPS for the year-ending March 2025 was Rs 55.57, down from Rs 85.29 for the year-ending March 2024.BVPS: The BVPS decreased to Rs 1,432.80 in March 2025 from Rs 2,092.45 in March 2024.ROE: The ROE decreased to 3.80% in March 2025 from 6.34% in March 2024.Debt to Equity: The debt to equity ratio increased to 1.88 in March 2025 from 1.52 in March 2024.Income Statement (Annual): The following table presents the key figures from the income statement:Mar 2025Mar 2024Mar 2023Mar 2022Mar 2021SalesRs 148,477 CroreRs 130,978 CroreRs 117,627 CroreRs 95,701 CroreRs 76,397 CroreOther IncomeRs 1,459 CroreRs 1,264 CroreRs 3,612 CroreRs 821 CroreRs 1,051 CroreTotal IncomeRs 149,936 CroreRs 132,242 CroreRs 121,239 CroreRs 96,522 CroreRs 77,449 CroreTotal ExpenditureRs 126,908 CroreRs 109,354 CroreRs 100,677 CroreRs 79,499 CroreRs 62,144 CroreEBITRs 23,028 CroreRs 22,888 CroreRs 20,561 CroreRs 17,022 CroreRs 15,305 CroreInterestRs 12,500 CroreRs 9,277 CroreRs 6,043 CroreRs 4,776 CroreRs 5,723 CroreTaxRs 3,068 CroreRs 3,774 CroreRs 3,648 CroreRs 1,936 CroreRs 3,022 CroreNet ProfitRs 7,459 CroreRs 9,836 CroreRs 10,869 CroreRs 10,310 CroreRs 6,560 CroreThe company's sales increased by 13.36% in March 2025 compared to March 2024. The net profit decreased by 24.16% in March 2025 compared to March 2024. Income Statement (Quarterly): The following table presents the key figures from the income statement:Mar 2025Dec 2024Sep 2024Jun 2024Mar 2024SalesRs 44,267 CroreRs 34,792 CroreRs 33,562 CroreRs 33,860 CroreRs 37,727 CroreOther IncomeRs 383 CroreRs 368 CroreRs 395 CroreRs 300 CroreRs 427 CroreTotal IncomeRs 44,650 CroreRs 35,161 CroreRs 33,958 CroreRs 34,160 CroreRs 38,154 CroreTotal ExpenditureRs 37,415 CroreRs 30,226 CroreRs 31,495 CroreRs 30,736 CroreRs 33,856 CroreEBITRs 7,234 CroreRs 4,935 CroreRs 2,462 CroreRs 3,424 CroreRs 4,297 CroreInterestRs 3,407 CroreRs 2,497 CroreRs 580 CroreRs 480 CroreRs 463 CroreTaxRs 1,022 CroreRs 604 CroreRs 867 CroreRs 708 CroreRs 1,206 CroreNet ProfitRs 2,804 CroreRs 1,833 CroreRs 1,014 CroreRs 2,235 CroreRs 2,627 CroreThe sales for the quarter ending March 2025 increased by 17.33% compared to the quarter ending March 2024. The net profit for the quarter ending March 2025 increased by 6.72% compared to the quarter ending March 2024. Cash Flow: The following table presents the key figures from the cash flow statement:Mar 2025Mar 2024Mar 2023Mar 2022Mar 2021Operating ActivitiesRs -17,169 CroreRs -10,719 CroreRs -12,685 CroreRs 7,037 CroreRs 14,700 CroreInvesting ActivitiesRs -23,982 CroreRs -23,113 CroreRs -13,686 CroreRs -3,543 CroreRs -9,216 CroreFinancing ActivitiesRs 43,642 CroreRs 33,908 CroreRs 26,469 CroreRs -6,733 CroreRs -8,013 CroreOthersRs 3 CroreRs 0 CroreRs -25 CroreRs 0 CroreRs 0 CroreNet Cash FlowRs 2,495 CroreRs 75 CroreRs 71 CroreRs -3,239 CroreRs -2,529 CroreBalance Sheet: The following table presents the key figures from the balance sheet:Mar 2025Mar 2024Mar 2023Mar 2022Mar 2021Share CapitalRs 136 CroreRs 143 CroreRs 142 CroreRs 142 CroreRs 131 CroreReserves & SurplusRs 97,373 CroreRs 87,975 CroreRs 78,196 CroreRs 75,261 CroreRs 65,084 CroreCurrent LiabilitiesRs 107,523 CroreRs 92,432 CroreRs 69,532 CroreRs 57,884 CroreRs 52,009 CroreOther LiabilitiesRs 295,502 CroreRs 231,986 CroreRs 189,332 CroreRs 156,105 CroreRs 149,829 CroreTotal LiabilitiesRs 500,535 CroreRs 412,539 CroreRs 337,205 CroreRs 289,394 CroreRs 267,056 CroreFixed AssetsRs 131,414 CroreRs 98,697 CroreRs 82,536 CroreRs 75,552 CroreRs 70,777 CroreCurrent AssetsRs 93,610 CroreRs 86,387 CroreRs 94,365 CroreRs 82,905 CroreRs 83,028 CroreOther AssetsRs 275,511 CroreRs 227,453 CroreRs 160,303 CroreRs 130,937 CroreRs 113,250 CroreTotal AssetsRs 500,535 CroreRs 412,539 CroreRs 337,205 CroreRs 289,394 CroreRs 267,056 CroreContingent LiabilitiesRs 0 CroreRs 5,540 CroreRs 17,863 CroreRs 28,947 CroreRs 17,241 CroreKey Financial Ratios: Key financial ratios for Grasim Industries show:Basic EPS (Rs.): 55.57 as of March 2025 compared to 85.29 as of March 2024.Diluted Eps (Rs.): 55.50 as of March 2025 compared to 85.29 as of March 2024.Book Value [Excl. Reval Reserve]/Share (Rs.): 1,432.80 as of March 2025 compared to 2,092.45 as of March 2024.Dividend/Share (Rs.): 10.00 as of March 2025 and 10.00 as of March 2024.Regarding margin ratios:Gross Profit Margin (%): 20.01 as of March 2025 compared to 21.72 as of March 2024.Operating Margin (%): 15.67 as of March 2025 compared to 17.90 as of March 2024.Net Profit Margin (%): 5.02 as of March 2025 compared to 7.51 as of March 2024.Regarding return ratios:Return on Networth / Equity (%): 3.80 as of March 2025 compared to 6.34 as of March 2024.ROCE (%): 5.92 as of March 2025 compared to 7.32 as of March 2024.Return On Assets (%): 0.74 as of March 2025 compared to 1.36 as of March 2024.Regarding liquidity ratios:Current Ratio (X): 0.87 as of March 2025 compared to 0.93 as of March 2024.Quick Ratio (X): 0.73 as of March 2025 compared to 0.79 as of March 2024.Regarding leverage ratios:Debt to Equity (x): 1.88 as of March 2025 compared to 1.52 as of March 2024.Interest Coverage Ratios (X): 2.38 as of March 2025 compared to 3.07 as of March 2024.Regarding turnover ratios:Asset Turnover Ratio (%): 0.33 as of March 2025 compared to 0.35 as of March 2024.Inventory Turnover Ratio (X): 1.84 as of March 2025 compared to 3.61 as of March 2024.Regarding growth ratios:3 Yr CAGR Sales (%): 24.56 as of March 2025 compared to 30.94 as of March 2024.3 Yr CAGR Net Profit (%): -14.94 as of March 2025 compared to 22.46 as of March 2024.Regarding valuation ratios:P/E (x): 46.99 as of March 2025 compared to 26.82 as of March 2024.P/B (x): 1.82 as of March 2025 compared to 1.71 as of March 2024.EV/EBITDA (x): 13.93 as of March 2025 compared to 11.69 as of March 2024.P/S (x): 1.20 as of March 2025 compared to 1.16 as of March 2024.Corporate Actions: Grasim Industries has announced several corporate actions, including:Compliances-Certificate under Reg. 74 (5) of SEBI (DP) Regulations, 2018 for the quarter ended 30th June 2025, as announced on July 10, 2025.Intimation under Regulation 30(13) of SEBI LODR Regulations 2015, announced on July 01, 2025.Intimation of schedule of Analysts / Institutional Investor Meet, announced on June 30, 2025.The company has a history of dividend payouts, with a final dividend of Rs.10.00 per share (500%) being announced on May 22, 2024, and paid out on August 06, 2024. Similar dividends were announced in previous years as well. Other corporate actions include a bonus issue on February 11, 1988, a rights issue on October 16, 2023, and a stock split on August 11, 2016. Moneycontrol analysis on July 7, 2025, indicated a bullish sentiment for the stock. With the stock currently trading at Rs 2,796.00, Grasim Industries is experiencing a surge in trading volume during today's session."
03 Jul 2025,"Sensex slips 600 pts from day's high, Nifty at 25,400: 3 reasons behind sharp pullback",https://www.moneycontrol.com/news/business/markets/sensex-slips-650-pts-from-day-s-high-nifty-below-25-400-3-reasons-behind-sharp-pullback-13223573.html,"Sensex, Nifty pared morning gains amid selling in financial and metal shares. Lack of clarity on India-US trade deal also weighed on investor sentiment.","Sensex, Nifty see profit-booking on July 3. ","The benchmark equity indices gave up early gains and ended lower on Thursday as foreign fund outflows, weakness in the rupee and uncertainty over the India-US trade deal weighed on investor sentiment. Sensex dropped by 170.22 points or 0.20 percent to settle at 83,239.47. During the day, it jumped 440.4 points or 0.52 percent to 83,850.09. The Nifty declined by 48.10 points or 0.19 percent to 25,405.30. SBI Life Insurance Company, Kotak Mahindra Bank, Bajaj Finserv, JSW Steel and Grasim Industries were among the major laggards, declining up to 3 percent. Traders attributed the sharp pullback to the following key factors: 1) Rupee Depreciation: The Indian rupee weakened by 8 paise to 85.70 against the US dollar amid renewed global risk aversion and continued foreign capital outflows. According to forex dealers, the rupee remained range-bound due to the Reserve Bank of India’s cautious stance. 2) Foreign Institutional Investor (FII) Selling: FIIs remained net sellers in the equity market, offloading shares worth Rs 1,561.62 crore on Wednesday, as per exchange data. Heavy FII selling exerts pressure on domestic equities and reflects cautious global sentiment toward emerging markets. 3) India-US Trade Deal Uncertainty: Market participants were also concerned over the lack of clarity in the ongoing India-US trade negotiations. Talks, led by Commerce Ministry Special Secretary Rajesh Agarwal from the Indian side, entered the seventh day on July 3, with the Indian delegation extending its stay in Washington multiple times since June 27. India is seeking exemptions from reciprocal tariffs, including a 10 percent blanket levy, and a rollback of steep US duties on steel (50 percent) and aluminium (25 percent), as well as auto parts. In return, the US is pushing for greater access to its agricultural and dairy products — a demand India has been hesitant to accept. Vinod Nair, Head of Research at Geojit Investments said, ""The domestic equity market continued to consolidate as profit booking followed last week's sharp rally. Investors remain watchful of developments surrounding the potential U.S.–India trade agreement, with the 90-day pause nearing its end. FIIs have turned cautious in the recent days due to premium valuation."" Donald Trump's lopsided trade deal with Vietnam may have lessons for India In Asian markets, South Korea's Kospi, Japan's Nikkei 225 index and Shanghai's SSE Composite index settled higher while Hong Kong's Hang Seng ended lower. European markets were trading on a mixed note. The US markets ended mostly higher on Wednesday."
30 Jun 2025,"Trade Spotlight: How should you trade Apollo Hospitals, ASK Automotive, IndusInd Bank, Ashok Leyland, Laurus Labs, LT Foods, and others on June 30?",https://www.moneycontrol.com/news/business/markets/trade-spotlight-how-should-you-trade-apollo-hospitals-ask-automotive-indusind-bank-ashok-leyland-laurus-labs-lt-foods-and-others-on-june-30-13200587.html,"Overall, the trend continues to favour the bulls, although some consolidation may occur following a two-week rally. Below are some short-term trading ideas to consider.",Top Buy Ideas for June 30,"Indian equity benchmarks maintained their northward momentum for the fourth consecutive day, with the Nifty 50 rising 0.35 percent on June 27. Market breadth remained positive, with approximately 1,448 shares advancing versus 1,162 declining on the NSE. Overall, the trend continues to favour the bulls, although some consolidation may occur following a two-week rally. Below are some short-term trading ideas to consider: Rajesh Palviya, Senior Vice President Research (Head Technical Derivatives) at Axis Securities Apollo Hospitals Enterprises | CMP: Rs 7,308.5  With Friday’s gains, Apollo Hospitals Enterprises has decisively surpassed the past couple of months’ multiple resistance zone around Rs 7,185 on a closing basis, indicating further strength. This breakout is accompanied by substantial volumes, signifying increased participation. The daily Bollinger Bands buy signal indicates rising momentum. The stock is well-positioned above its 20-, 50-, 100-, and 200-day SMAs, all of which are also inching up alongside prices—reaffirming the bullish trend. The daily and weekly RSI indicate rising strength. Strategy: Buy Target: Rs 7,550, Rs 7,800 Stop-Loss: Rs 7,185 ASK Automotive | CMP: Rs 523.5  ASK Automotive is in a strong uptrend, forming a series of higher tops and bottoms across all timeframes. With the latest weekly close, the stock has decisively broken through its multiple resistance zone at Rs 495 on a closing basis, reflecting bullish sentiment. This breakout is accompanied by strong volumes, indicating increased market participation. The stock is trading above its 20-, 50-, 100-, and 200-day SMAs, which are all trending upward, further confirming the bullish trend. Daily and weekly Bollinger Bands buy signals show increased momentum, while the RSI across daily, weekly, and monthly charts signals rising strength. Strategy: Buy Target: Rs 585, Rs 650 Stop-Loss: Rs 504 IndusInd Bank | CMP: Rs 857.7  On the daily chart, IndusInd Bank has exhibited a short-term trend reversal, trending higher while forming a series of higher tops and bottoms. The stock has confirmed a trendline breakout at Rs 855 on a closing basis, supported by strong volumes that reflect increased participation. It is comfortably positioned above its 20-, 50-, and 100-day SMAs, reinforcing a bullish trend. Both daily and weekly RSI indicators point to rising strength. Strategy: Buy Target: Rs 910, Rs 950 Stop-Loss: Rs 830 Rajesh Bhosale, Technical Analyst at Angel One Ashok Leyland | CMP: Rs 249.73  After four weeks of consolidation, Ashok Leyland saw strong positive traction last week, gaining over 6 percent. Viewed in the context of the rally from its April swing low, the recent consolidation forms a classic Flag and Pole pattern—a strong continuation setup. This suggests that the uptrend is likely to resume in the near term. Supporting this outlook, the RSI has crossed above 70, indicating robust strength behind the move. Hence, we recommend buying the stock around Rs 250–247. Strategy: Buy Target: Rs 270 Stop-Loss: Rs 239 Grasim Industries | CMP: Rs 2,861.1  For the past seven months, Grasim Industries had consistently faced resistance around the Rs 2,800 level. However, last week, the stock decisively broke above this key hurdle, confirming a breakout from an Inverse Head and Shoulders pattern. The breakout is backed by a noticeable surge in volume, which adds conviction. Additionally, the RSI has generated a fresh buy crossover with its signal line, and prices are now comfortably trading above all major moving averages—reinforcing the bullish view. We recommend buying Grasim Industries around Rs 2,860–2,850. Strategy: Buy Target: Rs 3,050 Stop-Loss: Rs 2,760 Laurus Labs | CMP: Rs 701.8  Laurus Labs has delivered a long-term breakout by surpassing its 2021 high, marking a significant structural shift. In the short term, the trend remains strong, with prices consistently forming higher highs and higher lows. Notably, the volume on up moves has been significantly higher than on down moves, indicating strong participation. Momentum oscillators remain in positive territory, supporting a bullish view. Hence, we recommend buying Laurus Labs around Rs 702–698. Strategy: Buy Target: Rs 750 Stop-Loss: Rs 679 Anshul Jain, Head of Research at Lakshmishree Investments LT Foods | CMP: Rs 483.25  LT Foods broke out of a 176-day Cup-and-Handle pattern at Rs 450 in early June. A sharp post-breakout shakeout briefly dragged prices below Rs 400, flushing out weak longs while preserving the core bullish structure. Since then, the stock has reclaimed its pivot and registered a fresh breakout, reflecting renewed strength. With weak hands eliminated, the structure is now lighter and well-positioned for a larger up move. Momentum oscillators, having cooled from overbought territory, are now curling higher—suggesting ample room for an extended rally in the coming sessions. Strategy: Buy Target: Rs 555 Stop-Loss: Rs 460 Go Digit General Insurance | CMP: Rs 361.8  Go Digit General has broken out of a 135-day-long Rounding Bottom pattern, with the right shoulder forming a tight 4-inside-bar mini coil—an ideal structure for an explosive follow-through. The breakout has occurred at Rs 360, with immediate support at Rs 330. While base volumes were relatively low, they were notably accumulative on up candles, indicating quiet accumulation. Momentum indicators are well-aligned and poised to support further gains. With structure, support, and sentiment in sync, the stock appears well-positioned for a sustained upmove in the upcoming sessions. Strategy: Buy Target: Rs 450 Stop-Loss: Rs 330 Mahindra and Mahindra | CMP: Rs 3,203.3  The CNX Auto Index is on the verge of a bullish breakout, led by Mahindra & Mahindra, which is forming a 185-day-long Inverse Head and Shoulders pattern. A breach and sustained move above Rs 3,250 will confirm the breakout, potentially opening the path for a swift rally toward Rs 3,700. The volume profile supports this move, and momentum indicators are turning bullish—acting as early signals of an impending breakout. A sector-wide move led by heavyweight names suggests broad participation and strength in the auto space. Strategy: Buy Target: Rs 3,500 Stop-Loss: Rs 3,100"
24 Jun 2025,"Grasim Consolidated March 2025 Net Sales at Rs 44,267.26 crore, up 17.34% Y-o-Y",https://www.moneycontrol.com/news/business/earnings/grasim-consolidated-march-2025-net-sales-at-rs-44267-26-crore-up-17-34-y-o-y-13169523.html,,,"Reported Consolidated quarterly numbers for Grasim Industries are: Net Sales at Rs 44,267.26 crore in March 2025 up 17.34% from Rs. 37,727.13 crore in March 2024. Quarterly Net Profit at Rs. 1,495.90 crore in March 2025 up 9.2% from Rs. 1,369.82 crore in March 2024. EBITDA stands at Rs. 9,133.51 crore in March 2025 up 47.4% from Rs. 6,196.42 crore in March 2024. Grasim EPS has increased to Rs. 22.22 in March 2025 from Rs. 20.69 in March 2024. Grasim shares closed at 2,723.70 on June 20, 2025 (NSE) and has given 7.82% returns over the last 6 months and 8.29% over the last 12 months. "
16 Jun 2025,JSW Paints may have bought itself a lifeline with AkzoNobel India stake purchase,https://www.moneycontrol.com/news/business/jsw-paints-may-have-bought-itself-a-lifeline-with-akzo-nobel-india-stake-purchase-13126999.html,"JSW Paints, which has failed to capture a meaningful market share in decorative paints business, is reported to have emerged as the winning bidder for AkzoNobel NV's stake in its India subsidiary, AkzoNobel India, for around Rs 9,000 crore",JSW Group launched its paints business in 2019,"As global giant AkzoNobel NV nears the sale of its India subsidiary, AkzoNobel India Ltd, to JSW Paints, analysts and industry observers say the JSW Group-backed entity, which has failed to capture a meaningful share in India's $8.5-billion decorative paints market, may have bought itself a lifeline. The fight for market share is expected to intensify as paint sales slow due to sluggish urban consumer spending and lengthened repainting cycles. Moneycontrol reported last week that JSW Group promoters the Sajjan Jindal family is preparing to pledge its stakes in flagship JSW Steel, as well as JSW Paints, to fund the proposed acquisition, worth around Rs 9,000 crore. The group is in talks with a clutch of global banks and private credit players to arrange the financing. A consortium of Indigo Paints and private equity firm Advent International had also put in a binding bid for AkzoNobel's stake, while Pidilite Industries had also evinced interest in the bid, albeit only for AkzoNobel's decorative business. The stake sale process is being managed by investment banking arm of Citibank. Analysts say that with AkzoNobel's Dulux being a brand with a long-standing manufacturing and market presence in India, any large promoter will be well-placed to use the brand to erode market share of other players in a fiercely-competitive business, where the earlier dominance of Asian Paints is being challenged by new entrants, such as Grasim's Birla Opus, and Pidilite's HAISHA Paints. ""There could be potential revival of the Dulux brand under the new owner with pan-India operations, as AkzoNobel is not an aggressive player and currently operates primarily in North India. JSW Paints will get a strong brand like Dulux and a strong distribution network of Akzo. Pricing and margins can come down further as Akzo expands aggressively beyond north India under the new owner,"" said Amit Agrawal, senior vice president of fundamental research, Kotak Securities. According to a senior paint industry executive, Dulux, despite the relative non-aggression of their promoters in marketing the brand, remains a formidable presence in some markets, even giving established brands a run for their money in key markets. AkzoNobel India has six manufacturing plants located across the country. ""AkzoNobel's Dulux is a brand that has succeeded due to its lengthy presence in the Indian market, and word-of-mouth marketing. It also has a manufacturing presence in nearly all the country, and a legacy dealer network. In some markets, it competes directly with premium brands like Asian Paints' Royale, despite the presence of Berger Paints, Kansai Nerolac, and others,"" the executive said. Fight For Market Share Despite recent market share erosion due to the entry of Birla Opus, industry sources say that Asian Paints remains the market leader, with a market share of around 52 percent as on March 31. This is lower than nearly 60 percent in the previous year, with Birla Opus gaining more share at its expense. Asian Paints is followed by Berger Paints at 20 percent, with AkzoNobel and Kansai Nerolac's  market share in the low single digits. Grasim Industries-owned Birla Opus, which was launched by the Aditya Birla Group firm with an investment of Rs 10,000 crore, has a market share nearing double digits in the decorative paints segment, market sources said. In comments after its Q4 and FY25 results, Grasim's management said that the decorative and wall putty businesses together have already reached double digit percentages in terms of market share. Grasim plans to have its 1.33 billion litres per year capacity fully up and running later this year, having already operationalised five of the six plants, and has aggressively onboarded dealers in most major markets. Analysts, however, said the decorative paints segment remains in a flux amid increased competition, poor pricing power and demand from urban markets continuing to be weak. Asian Paints' Q4 revenues declined by more than 4 percent year-on-year, with a steeper 45 percent decline in profit, while AkzoNobel India, despite a 5 percent increase in revenue, reported declines in both EBIT and profits for the quarter. 2025 will make it six years since JSW Paints' big bang launch in paints, with a large marketing spend, as well as significant leg-up from group flagship JSW Steel in the form of investments,  Rs 750 crore over a three year period, and both of JSW Paints' manufacturing facilities are co-located with key JSW Steel facilities at Vijayanagar in Karnataka, and at Vasind in Maharashtra. The two plants have a total capacity of 150,000 kilolitres (KL) per annum. The Vasind facility manufactures industrial coatings, while the Vijayanagar facility is dedicated towards decorative paints. Despite the company's topline crossing the Rs 2,000 crore-mark at the end of FY24, and achieving break-even on an operating profit basis, industry insiders say that there is more to the story than the sizeable revenue, with the company currently having negligible market share in the decorative paints business. This is despite aggressive dealer onboarding activity, as well as marketing, with the company sponsoring multiple teams in this year's Indian Premier League. Last year, the company also hired Ashish Rai, a FMCG industry veteran, to helm its decorative paints business, to corner more market share in the segment and reach its topline goal of Rs 5,000 crore by the end of the ongoing financial year. ""While JSW Paints does not provide the break-up of the revenue, most of its topline comes from the sale of its industrial coatings, in which JSW Steel itself is a large customer, as it has a large, coated steel business. As it stands, the company has almost no market share in decorative paints, and despite strong sales in the coatings business, the real money lies in decorative paints. JSW Paints needs a strong brand like Dulux in its stable, especially as competition is increasing with the entry of Aditya Birla Group-owned Grasim in the business with a big investment,"" said an industry source. Moneycontrol has written to the JSW Group for its plans with AkzoNobel India's business, brands, and its strategy for the decorative paints business, and the story will be updated once the responses are received. The source also noted that the JSW Group will be spared the hassle of listing its paints business separately, which it did with its ports business, if it can acquire AkzoNobel India and carry out a reverse merger. The Group has received approval from the Securities and Exchange Board of India (SEBI) to list its cement business, JSW Cement, with a public listing expected in the latter half of the year."
10 Jun 2025,"UltraTech Cement, Grasim Industries rally up to 4% as Morgan Stanley remains bullish",https://www.moneycontrol.com/news/business/markets/ultratech-cement-grasim-industries-rally-up-to-4-as-morgan-stanley-remains-bullish-13107250.html,"Morgan Stanley has an over-weight rating on Grasim Industries and UltraTech Cements, with both the players likely to see strong growth over the next few quarters. ","Morgan Stanley hiked its target price on UltraTech Cement to Rs 14,000 per share. ","Cement players Grasim Industries Ltd and UltraTech Cement Ltd rallied sharply in trade on Tuesday, June 10, after international brokerage Morgan Stanley reiterated its bullishness on the two firms. Morgan Stanley has an over-weight rating on Grasim Industries shares, with a target price of Rs 3,500 per share. There are multiple opportunities playing out that could support the stock’s medium-term upside. The brokerage added that further value is being unlocked in the paints business, while new-age ventures are scaling up quickly. With holding company discounts continuing to moderate, Morgan Stanley named Grasim Industries among its top picks. At 11.30 am, UltraTech Cement shares were trading at Rs 11,423 per share, higher by 1.5 percent, while Grasim Industries stock was quoting Rs 2,711, up 3.9 percent on the NSE. Follow our live blog to catch all the updates Morgan Stanley also upgraded its price target on UltraTech Cement from Rs 13,650 per share, to Rs 14,000 each. The brokerage believes the company will be a strong earnings compounder over the coming years, backed by strong volume growth potential and multiple revenue levers., while also highlighting the ongoing cost optimisation efforts and notes that the stock’s premium valuations are justified. UltraTech Cement is Morgan Stanley’s preferred pick in the cement sector. The firm has steadily gained volume market share in recent years, supported by its nationwide footprint, growing network of in-house retail outlets, and strong brand appeal, despite its already significant scale. According to Morgan Stanley, the company’s volumes are projected to grow at a 10 percent CAGR over the next three years, outpacing the broader industry’s estimated CAGR of 7.5 percent. The brokerage attributed this outperformance to UltraTech Cement’s ability to drive volume growth across regions by leveraging local pricing trends, increasing the share of premium products and direct sales, and expanding its retail footprint. This, it noted, gives UltraTech an edge in maintaining a better pricing trajectory than the broader industry. With pricing expected to remain largely flat over the near term, Morgan Stanley believes UltraTech’s strategy is particularly important as the sector prioritises absorbing existing capacity over chasing aggressive volume growth."
10 Jun 2025,Grasim Industries Shares Surge 4.55% Amid High Volume Trading,https://www.moneycontrol.com/news/business/stocks/grasim-industries-shares-surge-4-55-amid-high-volume-trading-alpha-article-13107181.html,"With Grasim Industries' shares currently trading at Rs 2727.30, the company's stock performance today reflects a notable increase driven by high volume, amid existing bearish sentiments.",,"During today's trading session, Grasim Industries experienced a significant surge, with its shares climbing by 4.55% to reach Rs 2727.30. The increase was supported by high trading volumes, indicating strong investor interest in the stock. The stock is a constituent of both the NIFTY 50 and NIFTY 100 indices, reflecting its importance in the Indian stock market. The high volume and price surge suggest renewed market activity in Grasim Industries. Financial Performance Overview Grasim Industries' financial performance provides context for its recent stock activity. Here’s a summary of the company’s consolidated financial results: Quarterly Results:March 2025: Revenue of Rs 44,267.26 Crores, Net Profit of Rs 2,804.84 Crores, and EPS of Rs 22.22December 2024: Revenue of Rs 34,792.85 Crores, Net Profit of Rs 1,833.89 Crores, and EPS of Rs 13.47September 2024: Revenue of Rs 33,562.85 Crores, Net Profit of Rs 1,014.26 Crores, and EPS of Rs 5.86June 2024: Revenue of Rs 33,860.75 Crores, Net Profit of Rs 2,235.67 Crores, and EPS of Rs 18.25March 2024: Revenue of Rs 37,727.13 Crores, Net Profit of Rs 2,627.88 Crores, and EPS of Rs 20.69Annual Results:March 2025: Revenue of Rs 148,477.89 Crores, Net Profit of Rs 7,459.54 Crores, and EPS of Rs 55.57March 2024: Revenue of Rs 130,978.48 Crores, Net Profit of Rs 9,836.97 Crores, and EPS of Rs 85.29March 2023: Revenue of Rs 117,627.08 Crores, Net Profit of Rs 10,869.24 Crores, and EPS of Rs 103.98March 2022: Revenue of Rs 95,701.13 Crores, Net Profit of Rs 10,310.22 Crores, and EPS of Rs 114.98March 2021: Revenue of Rs 76,397.81 Crores, Net Profit of Rs 6,560.02 Crores, and EPS of Rs 65.57Key Financial Ratios (Annual - March 2025):Basic EPS: Rs 55.57Book Value per Share: Rs 1,432.80Dividend per Share: Rs 10.00Return on Networth / Equity: 3.80%Debt to Equity Ratio: 1.88P/E Ratio: 46.99P/B Ratio: 1.82The latest Moneycontrol analysis indicates a bearish sentiment as of June 3, 2025, which contrasts with today's positive stock movement. These financial metrics provide a detailed view of Grasim Industries' performance and valuation. With Grasim Industries' shares currently trading at Rs 2727.30, the company's stock performance today reflects a notable increase driven by high volume, amid existing bearish sentiments."
03 Jun 2025,"Stocks to Watch Today: HCL Technologies, Zinka Logistics, Biocon, Torrent Power, Jindal Stainless, Frontier Springs, Prostarm Info Systems in focus on 3 June",https://www.moneycontrol.com/news/business/markets/stocks-to-watch-today-hcl-technologies-zinka-logistics-biocon-torrent-power-jindal-stainless-frontier-springs-prostarm-info-systems-in-focus-on-3-june-13088464.html,"Stocks to Watch Today, 3 Jun: Stocks like Zinka Logistics Solutions, HCL Technologies, Biocon, Torrent Power, Jindal Stainless, Frontier Springs, Apeejay Surrendra Park Hotels, Transrail Lighting, Kerala Ayurveda, Emcure Pharmaceuticals, UCO Bank, AU Small Finance Bank, and Prostarm Info Systems will be in focus on June 3.","Stocks to Watch Today, 3 June","Let's catch up on the latest news from the stock market. From significant investments to major deals, order wins, and acquisitions, here’s a quick look at which stocks will be in focus in today's trade: Results Today Lucent Industries, Padmanabh Alloys & Polymers, Punjab Communications, and Sybly Industries will announce their quarterly earnings on June 3. Earnings Manoj Jewellers FY25 (YoY) Profit jumps to Rs 4.76 crore Vs Rs 3.19 crore Revenue soars to Rs 59.6 crore Vs Rs 43.35 crore Stocks to Watch Zinka Logistics Solutions Quickroutes International is likely to sell a 9 percent stake in Zinka, targeting to raise Rs 647 crore, reports CNBC-TV18, quoting sources. The floor price has been fixed at Rs 405 per share. As of March 2025, Quickroutes held a 9.01 percent stake in the company. HCL Technologies The global technology company announced a strategic partnership with UiPath to accelerate agentic automation for UiPath customers worldwide. The partnership will drive large-scale transformation for enterprises across industries, enabling more intelligent and self-sufficient business process operations that require minimal human intervention. Biocon The biopharmaceutical company has received approval in India for its Liraglutide drug substance, and its wholly owned subsidiary, Biocon Pharma, has received approval for its Liraglutide drug product (6 mg/ml solution for injection in pre-filled pen and cartridge) from the Drugs Controller General of India (CDSCO). This is the generic version of Victoza, indicated for the treatment of insufficiently controlled Type 2 Diabetes Mellitus. Torrent Power The company has signed a long-term Sales and Purchase Agreement (SPA) with BP Singapore Pte, a subsidiary of global energy company bp, for the supply of up to 0.41 MMTPA of LNG from 2027 to 2036. The LNG procured under this agreement will be utilised to operate its 2,730 MW combined cycle gas-based power plants (GBPPs) in India. It will also support the Torrent Group’s City Gas Distribution (CGD) arm, Torrent Gas, to ensure reliable supply of gas for households, commercial and industrial consumers, and CNG vehicles. Jindal Stainless The company has acquired a 33.64 percent equity stake in Oyster Green Hybrid One, a special purpose vehicle formed in collaboration with Oyster Renewable Energy, to develop a 282 MW hybrid renewable energy project to meet the power requirements of its plants. The company is committed to invest up to Rs 132 crore in Oyster Green for the commissioning of the project, expected by the third quarter of FY26. In the current tranche, upon achievement of milestones, an amount of Rs 79.20 crore is being invested. Frontier Springs The company has received orders for air spring assemblies worth Rs 92.6 crore from Rail Coach Factory, Kapurthala, and Modern Coach Factory, Raebareli. Man Industries (India) The Board has approved a proposal to raise up to Rs 300 crore through a preferential allotment of convertible warrants and equity shares to a promoter group entity and non-promoters, respectively. Grasim Industries The Board has approved the issuance of non-convertible debentures (NCDs) worth up to Rs 1,000 crore, in one or more tranches, on a private placement basis. Apeejay Surrendra Park Hotels The company has signed a Hotel Management Agreement with Goyal Parmarthik Trust for the upcoming Zone by THE PARK, Mathura, located at Aanyor, Uttar Pradesh. Including this new hotel, the company currently operates 35 hotels across India. Additionally, the company has entered into a Limited Liability Agreement with Anand Goyal and Nidhi Goyal for the incorporation of a Limited Liability Partnership (LLP), in which the company will hold a 51% capital contribution. The said LLP will build, own, and operate a hotel on an 18,000 square metre land parcel in Jaipur, Rajasthan. Transrail Lighting The EPC company has secured fresh orders worth ?534 crore across domestic and international geographies. With this, the company’s order intake in FY26 has crossed Rs 1,600 crore, driven by its core Transmission & Distribution (T&D) segment. Kerala Ayurveda The company has received approval from ACRA, the Singapore regulator, for the acquisition of a 51 percent stake in the equity share capital of Om Vedic Heritage Centre Pte by its subsidiary Ayurvedic Academy Inc. Emcure Pharmaceuticals The company has entered into two power transfer agreements to purchase electricity generated by Torrent Urja 37 (TUPL), a wholly owned subsidiary of Torrent Green Energy, to meet its energy requirements in Gujarat. UCO Bank Sumit Khandelwal, General Manager, has been designated as the Chief Financial Officer (CFO) of the bank with immediate effect, replacing Sujoy Dutta, General Manager. United Breweries The company has decided to close its brewery unit at Baikampady, Mangalore, Karnataka, effective June 30, 2025. It has initiated a strategic capacity consolidation and is pursuing expansion at the Nanjangud Brewery in Mysuru, where it is making significant investments to enhance supply chain efficiencies. The closure of the Mangalore brewery will not impact business performance in Karnataka, the company said. Maruti Suzuki India The company has announced production of 1,95,882 units in the month of May, an increase of 1.4 percent over 1,93,207 units produced in the previous month. Adani Group Companies US prosecutors are investigating whether Gautam Adani's companies imported Iranian liquefied petroleum gas (LPG) into India through their Mundra port, the Wall Street Journal (WSJ) reported. A WSJ investigation found tankers traveling between Mundra in Gujarat and the Persian Gulf exhibited characteristics that experts say are common among ships evading sanctions. The US Department of Justice is reviewing the activities of several LPG tankers used to ship cargoes to Adani Enterprises. However, Adani has categorically denied any deliberate engagement in sanctions evasion or trade involving Iranian-origin LPG, and stated that it is not aware of any investigation by US authorities on this subject. Bulk Deals Schloss Bangalore WF Asian Reconnaissance Fund, the Hong Kong-based hedge fund managed by Ward Ferry Management, has acquired 16.83 lakh shares (0.5 percent stake) in the Leela Hotels operator at an average price of Rs 434.13 per share. Thomas Scott (India) Stellar Wealth Partners India Fund I LP sold 62,568 shares (0.42 percent stake) in the company at an average price of Rs 297.4 per share. Niva Bupa Health Insurance Company Fettle Tone LLP sold 8.14 crore equity shares in the insurance company at an average price of Rs 82.76 per share, and 9.14 crore shares at an average price of Rs 82.11 per share, amounting to a 9.46 percent stake worth Rs 1,425.2 crore. Additionally, Krishnan Ramachandran sold 1 crore shares at an average price of Rs 82.3 per share. Together, Fettle Tone LLP and Krishnan Ramachandran sold a 10.01 percent stake in the company. However, DSP Mutual Fund and SBI Mutual Fund acquired 6.48 crore shares (3.5 percent stake) in the company at an average price of Rs 82 per share, valued at Rs 531.49 crore. Further, M Pallonji and Co bought 1.35 crore shares in Niva Bupa at an average price of Rs 83.95 per share. As of March 2025, Fettle Tone LLP held a 17.47 percent stake in Niva Bupa. Deepak Builders & Engineers India Yuyu Family Private Trust bought 2.85 lakh shares in the company at an average price of Rs 142.01 per share. Block Deals AU Small Finance Bank Tata AIG General Insurance Company acquired 9.01 lakh shares (0.12 percent stake) in the small finance bank at an average price of Rs 693 per share, from Leapfrog Rural Inclusion (India). Mainboard Listing Prostarm Info Systems SME Listing Blue Water LogisticsAstonea LabsNikita Papers Stocks Trade Ex-Dividend Larsen & ToubroAtishayNuvama Wealth ManagementSunshield Chemicals Stock Trades Ex-Date for Rights Rajnish Wellness Stock Trades Ex-Date for Income Distribution (InvIT) Capital Infra Trust Stock in F&O Ban Manappuram Finance"
02 Jun 2025,Grasim Industries stock declines nearly 1% in today's trade,https://www.moneycontrol.com/news/business/stocks/grasim-industries-stock-declines-nearly-1-in-today-s-trade-alpha-article-13085599.html,"The stock is currently influenced by bearish sentiment, according to a Moneycontrol analysis as of 2025-05-27.",,"Grasim Industries' stock experienced a downturn, declining by 0.97% to Rs 2,521.20 in today's session. This movement reflects a slight bearish sentiment as the stock navigates current market dynamics. The stock is included in the NIFTY 50 STOCKS index. Financial Performance Overview: The financial data reveals the consolidated performance of Grasim Industries over the recent years. Revenue Trends: Grasim Industries has demonstrated substantial revenue growth over the past five years. The annual revenue increased from Rs 76,397.81 Cr in 2021 to Rs 148,477.89 Cr in 2025. Recent quarterly data shows a revenue of Rs 44,267.26 Cr for March 2025, compared to Rs 37,727.13 Cr in March 2024. Net Profit: The company's net profit has seen fluctuations. The annual net profit was Rs 7,459.54 Cr in 2025, down from Rs 9,836.97 Cr in 2024. The quarterly net profit for March 2025 stood at Rs 2,804.84 Cr, up from Rs 2,627.88 Cr in March 2024. Earnings Per Share (EPS): The EPS also reflects these changes, with the annual EPS at Rs 55.57 in 2025, compared to Rs 85.29 in 2024. The quarterly EPS for March 2025 was Rs 22.22, up from Rs 20.69 in March 2024. Key Financial Ratios: Analyzing the financial ratios provides further insights into the company's performance:RatioMar 2021Mar 2022Mar 2023Mar 2024Mar 2025Basic EPS (Rs.)65.57114.98103.9885.2955.57Book Value/Share (Rs.)1,558.521,764.721,866.802,092.451,432.80Return on Equity (%)6.579.978.676.343.80Debt to Equity0.950.961.291.521.88P/E (x)22.1214.4715.7026.8246.99P/B (x)1.461.451.371.711.82Cash Flow: The cash flow statement provides insights into the company's liquidity. The net cash flow for March 2025 was Rs 2,495 Cr, compared to Rs 75 Cr in March 2024. Operating activities showed a cash flow of -Rs 17,169 Cr for March 2025, while financing activities resulted in Rs 43,642 Cr. Balance Sheet: The balance sheet data indicates the company's financial structure. Total assets stood at Rs 500,535 Cr in March 2025, up from Rs 412,539 Cr in March 2024. Total liabilities also increased from Rs 412,539 Cr in March 2024 to Rs 500,535 Cr in March 2025. The stock is currently influenced by bearish sentiment, according to a Moneycontrol analysis as of 2025-05-27."
29 May 2025,Buy Grasim Industries; target of Rs 2950: Sharekhan,https://www.moneycontrol.com/news/business/stocks/buy-grasim-industries-target-of-rs-2950-sharekhan-13060781.html,"Sharekhan is bullish on Grasim Industries has recommended buy rating on the stock with a target price of Rs 2950 in its research report dated May 27, 2025.",buy,"Sharekhan's research report on Grasim Industries Standalone revenues stood at Rs. 8,926 crore up 32% y-o-y while EBITDA fell 58% to Rs. 221 crore. Five out of six planned factories are operational, adding 1,096 MLPA capacity in FY25, representing 21% of India’s organised decorative paints capacity. The final plant at Kharagpur will open in H1FY26, bringing the total capacity to 1,332 MLPA. Birla Pivot has reached an ARR of Rs. 5,000 crore in less than two years, with revenue growing 3.3x compared to FY24. If the current growth rate continues, the goal of hitting Rs. 8,500 crore may be achieved even sooner. Outlook We retain a Buy rating with a revised PT of Rs. 2,950, as the company continues to capitalise on growth opportunities, particularly in its paints business. For all recommendations report, click here Grasim Industries - 29052025 - khan"
23 May 2025,"Despite paints slowdown, Grasim 'positive' about Birla Opus break-even timelines, market share",https://www.moneycontrol.com/news/business/despite-paints-slowdown-grasim-positive-about-birla-opus-break-even-timelines-market-share-13043136.html,"The company's management also noted that Birla Opus has reached a ""high-single digit"" market share in the paints segment, and has touched 10 percent including the group's wall putty business",The company plans Birla Opus' market share to reach double-digits in FY26,"Aditya Birla Group flagship Grasim Industries Ltd's management told investors in its post-Q4 earnings call that despite an ongoing slowdown in volumes and price struggles in the decorative paints industry, it still remains optimistic of breaking even in its new decorative paints business, branded Birla Opus, within three years of the launch of full operations. The company's management also noted that Birla Opus has reached a ""high-single digit"" market share in the paints segment, and has touched 10 percent, including the group's wall putty business. Grasim added that it is targeting a double-digit market share for Birla Opus alone in FY26. Grasim is investing Rs 10,000 crore in the business to set up six plants across India, five of which have already been commissioned. The sixth one, at Kharagpur in West Bengal, is expected to head into trial production in June. The six plants will have a combined capacity of 1.332 billion litres per annum, which can be expanded by around 400-500 million litres per annum, at ""minimum cost"". ""The Rs 10,000 crore guidance within three years of full-scale operations takes into account that three years is a long period and you will have periods of some slowdown in periods of growth. As far as we are concerned, we are positive that the medium-term outlook will improve, while the market has been slow. So I think a couple of quarters here and there doesn't worry us, because the outlook for India is going to be bright,"" said Pavan K. Jain, chief financial officer at Grasim Industries. The company has also spent significant resources on onboarding dealers, ""influencers"" such as painters and contractors, as well as company-owned and operated experience centres in major cities. Most major decorative paint players have experienced low levels of volume and revenue growth, due to a marked slowdown in urban consumption, even as the rural market remains on the stronger end. The lack of control by companies over pricing has also been coupled with an intensified fight for market share, with incumbent players such as Asian Paints, Berger Paints, and others losing market shares to new entrants such as Birla Opus. As for pricing in the market, the management said that it is currently providing discounting or volume additions in some of its products. However, it also highlighted that around 65 percent of the portfolio of Birla Opus is premium or luxury products, including its Calista brand and its various sub-brands. The management added that it is also poised to gain more market share in the east after the Kharagpur plant is fully up and running, which can also help reduce logistics costs."
23 May 2025,"Grasim Consolidated March 2025 Net Sales at Rs 44,267.26 crore, up 17.34% Y-o-Y",https://www.moneycontrol.com/news/business/earnings/grasim-consolidated-march-2025-net-sales-at-rs-44267-26-crore-up-17-34-y-o-y-13043438.html,,,"Reported Consolidated quarterly numbers for Grasim Industries are: Net Sales at Rs 44,267.26 crore in March 2025 up 17.34% from Rs. 37,727.13 crore in March 2024. Quarterly Net Profit at Rs. 1,495.90 crore in March 2025 up 9.2% from Rs. 1,369.82 crore in March 2024. EBITDA stands at Rs. 9,133.51 crore in March 2025 up 47.4% from Rs. 6,196.42 crore in March 2024. Grasim EPS has increased to Rs. 22.22 in March 2025 from Rs. 20.69 in March 2024. Grasim shares closed at 2,674.60 on May 21, 2025 (NSE) and has given 2.92% returns over the last 6 months and 9.77% over the last 12 months. "
23 May 2025,"Grasim Standalone March 2025 Net Sales at Rs 8,925.75 crore, up 31.89% Y-o-Y",https://www.moneycontrol.com/news/business/earnings/grasim-standalone-march-2025-net-sales-at-rs-8925-75-crore-up-31-89-y-o-y-13042146.html,,,"Reported Standalone quarterly numbers for Grasim Industries are: Net Sales at Rs 8,925.75 crore in March 2025 up 31.89% from Rs. 6,767.51 crore in March 2024. Quarterly Net Loss at Rs. 287.99 crore in March 2025 up 34.69% from Rs. 440.93 crore in March 2024. EBITDA stands at Rs. 447.47 crore in March 2025 down 43.13% from Rs. 786.84 crore in March 2024. Grasim shares closed at 2,674.60 on May 21, 2025 (NSE) and has given 2.92% returns over the last 6 months and 9.77% over the last 12 months. "
16 May 2025,"Trade Spotlight: How should you trade Ashok Leyland, HDFC AMC, Grasim, UltraTech Cement, ONGC, Macrotech Developers and others on May 16?",https://www.moneycontrol.com/news/business/markets/trade-spotlight-how-should-you-trade-ashok-leyland-hdfc-amc-grasim-ultratech-cement-ongc-macrotech-developers-and-others-on-may-16-13028176.html,Bulls appear to be in healthy momentum and may continue driving the market rally further. Below are some short-term trading ideas to consider.,Stocks to Buy for short term,"The benchmark indices recorded a strong consolidation breakout on May 15, with the Nifty 50 rising 1.6 percent to hit a seven-month high. The market breadth remained in favour of the bulls, with about 1,806 shares advancing against 798 declining on the NSE. Bulls appear to be in healthy momentum and may continue driving the market rally further. Below are some short-term trading ideas to consider: Chandan Taparia, Head Derivatives & Technicals, Wealth Management at Motilal Oswal Financial Services HDFC Asset Management Company | CMP: Rs 4,702.4  HDFC AMC has given a decisive range breakout on the daily chart, accompanied by a large-bodied bullish candle, signifying strong buying interest and momentum. The stock has consistently respected its 50-day Exponential Moving Average (DEMA), with every minor dip being absorbed quickly—indicating accumulation at lower levels. The MACD (Moving Average Convergence Divergence) is trending upward, reinforcing the bullish momentum and suggesting the recent breakout could see further follow-through. The overall structure remains constructive with potential for a sustained upside toward the Rs 5,000 mark. Strategy: Buy Target: Rs 5,000 Stop-Loss: Rs 4,570 Grasim Industries | CMP: Rs 2,824.8  Grasim Industries has witnessed a bullish breakout from a classic Flag and Pole pattern, a continuation pattern that typically signals the resumption of an existing uptrend. The breakout is supported by a notable surge in volumes, adding strength and credibility to the move. The RSI remains above 60 and is trending higher, reflecting strong momentum. With price sustaining above the breakout zone and broader market support, the stock looks poised for an upward move toward Rs 2,950 in the near term. Strategy: Buy Target: Rs 2,950 Stop-Loss: Rs 2,765 Ashok Leyland | CMP: Rs 239.36  Ashok Leyland has broken out of a consolidation zone on the daily timeframe, indicating a shift from a sideways phase to a trending move. The breakout is supported by improving sector sentiment, with buying seen across the Auto segment, enhancing stock-specific bullishness. The RSI is above 60 and rising, indicating increasing strength and momentum. With a strong base formation and volume expansion, the stock appears set to move toward Rs 255, offering a favourable risk-reward setup. Strategy: Buy Target: Rs 255 Stop-Loss: Rs 232 Om Mehra, Technical Research Analyst at Samco Securities ONGC | CMP: Rs 247.61  Oil & Natural Gas Corporation (ONGC) has displayed gradual strength over recent sessions and is now trading above its 50-day simple moving average, suggesting a shift toward a positive outlook. The price setup is improving, supported by consistent green closes and moderate volume build-up, indicating accumulation. The stock has also held above its short-term support base, strengthening the overall tone. The RSI stands at 56 and is trending upward with a steady slope, reflecting improving momentum without entering the overbought zone. The MACD has confirmed a positive crossover, with the histogram turning green—signalling a potential start of a new bullish phase. A sustained move above Rs 250 could lead to further upside toward recent swing highs. Strategy: Buy Target: Rs 264 Stop-Loss: Rs 238 DLF | CMP: Rs 709  DLF has delivered a decisive breakout above the ?700 resistance zone, supported by a strong bullish candle and a close near the day’s high. The stock has been gradually forming higher lows, and the breakout confirms a continuation of the emerging uptrend. The price is now trading well above the 20-day SMA, reaffirming strength in the short-term outlook. The RSI is at 58 with a positive slope, indicating rising momentum. The MACD has entered a clear bullish crossover, with histogram bars expanding on the positive side. Volume also showed an uptick on the breakout day, confirming participation. The setup suggests potential for further upside if it sustains above Rs 715. Strategy: Buy Target: Rs 745 Stop-Loss: Rs 688 UltraTech Cement | CMP: Rs 11,894  UltraTech Cement has broken out of a narrow consolidation band, after trading sideways between Rs 11,530 and RS 11,860. The breakout is supported by a strong bullish candle, which closed above the upper boundary and near the day’s high—signalling increased buying interest. The stock is now comfortably above the 9 EMA and 20 SMA, while the 50-day moving average is sloping upward, confirming a positive undertone. The RSI has turned upward and crossed 55, indicating renewed bullish momentum. The price has also crossed above the 23.6% Fibonacci retracement level of the previous decline, adding confirmation. Volume has shown a mild uptick, supporting the breakout structure. Sustaining above this zone may trigger follow-through buying and open the door for higher levels in the near term. Strategy: Buy Target: Rs 12,500 Stop-Loss: Rs 11,640 Hardik Matalia, Derivative Analyst at Choice Broking Macrotech Developers | CMP: Rs 1,371  Lodha is consolidating within a wide trading range, forming a Descending Triangle pattern on the daily chart. The stock is now on the verge of a breakout, with recent price action reflecting strong bullish intent. A robust bullish candle on the daily timeframe further reinforces the potential for a directional move. A breakout and sustained trade above the Rs 1,400 mark would confirm the pattern breakout and could set the stage for a short-term rally toward Rs 1,520. This level now acts as a crucial resistance zone, and a decisive move beyond it may open the path for further gains. Momentum indicators support this scenario—the RSI at 60.97 is showing an upward reversal, suggesting strengthening momentum. Additionally, Lodha has recently bounced above all key moving averages (short-, medium-, and long-term EMAs), signalling a shift toward bullish control and overall technical strength. From a price action perspective, the stock appears to be transitioning from a consolidation phase to an upward breakout, with renewed buying interest near its base—making the current setup favourable from a risk-reward standpoint. Strategy: Buy Target: Rs 1,520 Stop-Loss: Rs 1,300 Eris Lifesciences | CMP: Rs 1,482.4  Eris Lifesciences is showing signs of a potential breakout after a prolonged consolidation phase. The stock has been trading within a well-defined horizontal range, forming a rectangle pattern. This consolidation, following a strong prior uptrend, suggests a possible continuation pattern, with price currently hovering near the upper resistance of the range. A strong bullish candle has formed on the daily chart, closing near the upper boundary of the range—suggesting rising buying interest. A decisive and sustained breakout above the Rs 1,510–Rs 1,520 zone could confirm the pattern breakout, opening the door for a short-term rally toward Rs 1,660, based on the height of the consolidation range. Eris is trading above all major moving averages—short-term, medium-term, and long-term EMAs—indicating a well-aligned bullish trend. The convergence of these averages below current price lends additional strength and serves as dynamic support. Momentum indicators also support the bullish scenario—the RSI at 57.48 is trending upward, reflecting strengthening momentum and rising buyer interest. Volume patterns show steady accumulation near support and increasing activity near the breakout zone, hinting at institutional participation. Strategy: Buy Target: Rs 1,660 Stop-Loss: Rs 1,395 Linde India | CMP: Rs 7,154 Linde India has witnessed a strong breakout from both a descending trend line and a horizontal consolidation range. The price action reflects a significant bullish development, with the stock surging strongly and supported by a rise in volumes. The chart displays a clear descending trend line connecting lower highs since the April 2024 peak, which the stock has convincingly broken above. Simultaneously, it also broke out of a broad consolidation range that had capped prices for several months. This dual breakout signals a strong shift in market sentiment from sideways to bullish. The stock has reclaimed all key moving averages—including the 20 EMA (short-term), 50 EMA (medium-term), and 200 EMA (long-term)—adding further confirmation to the bullish setup. The alignment of these moving averages now offers strong support on any minor pullbacks. The RSI is at 72.43, entering the overbought zone—a signal of strength during breakout phases, especially when supported by volume expansion. Strategy: Buy Target: Rs 8,050 Stop-Loss: Rs 6,720"
28 Apr 2025,"Trade Spotlight: How should you trade Grasim, UltraTech Cement, Dalmia Bharat, MCX India, Navin Fluorine, Havells and others on April 28?",https://www.moneycontrol.com/news/business/markets/trade-spotlight-how-should-you-trade-grasim-ultratech-cement-dalmia-bharat-mcx-india-navin-fluorine-havells-and-others-on-april-28-13006150.html,"Following a significant run-up and subsequent profit booking, the index is expected to remain range-bound in the near term. Below are some trading ideas to consider for short term.",Stock Ideas For Short Term,"The benchmark indices remained under pressure for another session, with the Nifty 50 declining by 0.86 percent on April 25. Market breadth was dominated by bears, with 2,228 shares declining compared to only 341 advancing shares on the NSE. Following a significant run-up and subsequent profit booking, the index is expected to remain range-bound in the near term. Below are some trading ideas to consider for short term: Rajesh Palviya, Senior Vice President Research (Head Technical Derivatives) at Axis Securities Grasim Industries | CMP: Rs 2,734.8  On the weekly chart, Grasim Industries has decisively broken out of an 8–9 month ""down-sloping channel,"" indicating a resumption of the prior uptrend. The stock is trading well above its 20, 50, 100, and 200-day SMAs, which reinforces the bullish sentiment. The weekly strength indicator RSI (Relative Strength Index) is positive, suggesting that buying interest may persist at current levels. Investors should consider buying, holding, and accumulating this stock. Strategy: Buy Target: Rs 2,855, Rs 2,985 Stop-Loss: Rs 2,650 MCX India | CMP: Rs 6,052.5  MCX India has confirmed a trend reversal by forming a ""double bottom"" pattern on the weekly chart. Additionally, the breakout from a ""down-sloping"" trendline further reconfirms the trend reversal. The stock is trading above its 20, 50, 100, and 200-day SMAs, reflecting strong bullish sentiment. Both daily and weekly RSI indicators suggest that buying interest may emerge at current levels. A significant spike in volumes indicates increased participation. Investors should consider buying, holding, and accumulating this stock. Strategy: Buy Target: Rs 6,690, Rs 6,855 Stop-Loss: Rs 5,750 Steel Strips Wheels | CMP: Rs 205  Although Steel Strips Wheels has trended lower over the past year, the current weekly close has confirmed a breakout above a ""down-sloping trendline"" near the Rs 195 level. The daily, weekly, and monthly RSI indicators all suggest that buying interest may be present at current levels. The stock is positioned above its 20, 50, 100, and 200-day SMAs, confirming a bullish outlook. Rising volumes further validate increased investor interest. Investors should consider buying, holding, and accumulating this stock. Strategy: Buy Target: Rs 222, Rs 230 Stop-Loss: Rs 195 Rajesh Bhosale, Technical Analyst at Angel One Dalmia Bharat | CMP: Rs 1,965.9  Dalmia Bharat had been trading in a range for the past year and has now given a decisive breakout from a falling channel pattern on the weekly chart. This breakout is supported by a strong volume surge, adding conviction to the move. Additionally, the RSI Smoothened, which previously faced resistance around the 50 mark, has now crossed above it, indicating a bullish momentum shift. Given the overall setup, the uptrend is expected to continue. We recommend buying Dalmia Bharat around Rs 1,966–1,960. Strategy: Buy Target: Rs 2,160 Stop-Loss: Rs 1,870 Navin Fluorine International | CMP: Rs 4,448.7  Navin Fluorine International had been consolidating within a broad range of Rs 3,600–4,400 in recent weeks and has now broken out of this range. The move also resembles a Cup and Handle breakout on the weekly chart, strengthening the bullish bias. The breakout is accompanied by a sharp rise in volumes, which adds further conviction. The stock is currently trading well above all key moving averages, reinforcing the positive outlook. We recommend buying Navin Fluorine International around Rs 4,449-4,440. Strategy: Buy Target: Rs 4,800 Stop-Loss: Rs 4,280 Ajit Mishra, SVP - Research at Religare Broking Havells India | CMP: Rs 1,599.8  Havells India has retraced slightly towards the neckline area of the consolidation range after its initial surge post-breakout from a base formation between Rs 1,400–1,550 and its downward-sloping trendline. This pullback presents a fresh buying opportunity for those who missed the earlier breakout. Strategy: Buy Target: Rs 1,740 Stop-Loss: Rs 1,530 UltraTech Cement | CMP: Rs 12,237  We are witnessing noticeable traction in select cement stocks, and UltraTech Cement is leading from the front. The stock has reclaimed its record high and is trading on the verge of a breakout from a 9-month-long broadening formation. Traders can consider initiating fresh long positions at the mentioned levels. Strategy: Buy Target: Rs 13,600 Stop-Loss: Rs 11,500 Mahanagar Gas | CMP: Rs 1,279.6  Stocks from the gas distribution sector are under pressure, and Mahanagar Gas is moving in line with this trend. After a failed attempt to sustain above major moving averages, the stock has formed a fresh shorting pivot on the daily chart. Current indications favour a gradual decline from present levels. Strategy: Sell Target: Rs 1,130 Stop-Loss: Rs 1,360"
27 Apr 2025,"Chartist Talks: SBI Securities' Sudeep Shah shares Nifty, Bank Nifty outlook, FIIs positioning, 2 stock picks for next week",https://www.moneycontrol.com/news/business/markets/chartist-talks-sbi-securities-sudeep-shah-shares-nifty-bank-nifty-outlook-fiis-positioning-2-stock-picks-for-next-week-13005788.html,"In the case of Bank Nifty, Sudeep Shah of SBI Securities believes the presence of strong support levels and overall positive structure suggests that the index is unlikely to undergo a deep correction in the immediate term.",Sudeep Shah is the Deputy Vice President and Head of Technical and Derivative Research at SBI Securities ,"According to Sudeep Shah of SBI Securities, technical structure indicates that the upside momentum is losing steam, and Nifty is likely to enter a consolidation phase in the coming sessions as the market digests recent gains. In the case of Bank Nifty, he believes the presence of strong support levels and overall positive structure suggests that the index is unlikely to undergo a deep correction in the immediate term. Meanwhile, the FII data points toward a constructive yet balanced approach, where buying interest in cash markets is complemented by a guarded view in futures, indicating optimism with a layer of prudence, said the Deputy Vice President and Head of Technical and Derivative Research at SBI Securities in an interview with Moneycontrol. He picks Mphasis and Grasim Industries for next week. Do you think the Nifty has made a short-term top and will consolidate for a couple of weeks before finding a firm direction? The benchmark index, Nifty, extended its upside journey this week (ended April 25), continuing the sharp rally that began from the low of 21,743.65. Over the course of just 12 trading sessions, the index surged more than 2,600 points, reflecting strong bullish momentum. However, this rally hit a brief pause amid anticipated geopolitical tensions between India and Pakistan, triggering a minor throwback. Notably, the throwback was arrested near a key technical support — the neckline of a double bottom pattern, which coincides with the 8-day EMA. This level acted as a cushion, helping the index recover slightly before eventually closing the week at 24,039, registering a modest gain of 0.79 percent. On the weekly chart, Nifty has formed a small-bodied candle with a long upper shadow, a classic indication of selling pressure at higher levels. While the index remains above its short and long-term moving averages, it’s important to note that the slope of short-term averages is flattening, hinting at waning momentum. From an indicator perspective, the daily RSI (Relative Strength Index) remains in bullish territory, though it has started to trend lower, while the MACD (Moving Average Convergence Divergence) histogram has declined for the last two sessions, both suggesting fading bullish strength. Overall, the technical structure indicates that the upside momentum is losing steam, and Nifty is likely to enter a consolidation phase in the coming sessions as the market digests recent gains. Talking about crucial levels, the zone of 24,350-24,380 will act as a crucial hurdle for the index. If the index sustains above 24,380 levels, then we may witness a sharp upside rally up to the level of 24,600, followed by the 24,850 level in the short term. On the downside, the zone of 23,800-23,750 will act as important support for the index as the 23.6 percent Fibonacci retracement level of its prior upward move (21,744-24,365) is placed in that region. If the index slips below 23,750 levels, then the next crucial support is placed at the 23,350 levels. How are the FIIs positioning themselves after the recent rally? Over the last eight consecutive trading sessions, FIIs have emerged as net buyers in the Indian equity markets, signaling renewed confidence in domestic fundamentals. This buying spree reflects positive sentiment towards Indian equities. In the derivatives segment, the FII long-short ratio in index futures currently stands at 37.63 percent, suggesting a moderately cautious stance. While it’s not overly bullish, it indicates a gradual unwinding of short positions and buildup of long positions — a sign that FIIs are selectively participating in the uptrend but are still hedging against near-term volatility. Overall, the FII data points toward a constructive yet balanced approach, where buying interest in cash markets is complemented by a guarded view in futures, indicating optimism with a layer of prudence. What are your top two stock picks for the coming week? Mphasis The Nifty IT has witnessed a strong rebound last week. It has strongly outperformed frontline indices. The stock has surged above its short-term moving averages, i.e., 20 and 50-day EMA (Exponential Moving Average) levels. These averages are starting to edge higher, which is a bullish sign. Further, the daily RSI has surged above the 60 mark, and it is on a rising trajectory. Hence, we believe the stock is likely to continue its northward journey and test the level of Rs 2,800 in the short term. On the downside, the zone of Rs 2,420-2,400 is likely to provide the cushion in case of any immediate decline. Grasim Industries The stock is in an uptrend as it marks the sequence of higher tops and higher bottoms. Also, it is trading above its short and long-term moving averages. Most noteworthy, recently, the daily RSI took support near the 60 level and witnessed a rebound, which is a bullish sign as per RSI range shift rules. Hence, we recommend accumulating the stock in the zone of Rs 2,740-2,720 level with a stop-loss of Rs 2,640. On the upside, it is likely to test the level of Rs 2,900 in the short term. Are you bullish on UltraTech Cement and ICICI Bank? UltraTech Cement The stock is in a strong uptrend as it marks the sequence of higher tops and higher bottoms. Also, it is trading above its short and long-term moving averages. The daily RSI is in a bullish zone, and it is rising mode, which is a bullish sign. Hence, we believe the stock is likely to continue its northward journey in the short term. ICICI Bank After registering a high of Rs 1,436, the stock has witnessed a throwback. The throwback was halted near the 23.6 percent Fibonacci retracement level of its prior upward rally (Rs 1,265-Rs 1,436), and it coincides with the 20-day EMA level. Currently, the stock is trading above its short and long-term moving averages, which is a bullish sign. The daily RSI is in bullish territory. Going ahead, any sustainable move above the level of Rs 1420 will lead to resume its northward journey. Do you expect a major breakout in the Nifty FMCG index in May? No, a major breakout in the Nifty FMCG index is unlikely in May, as the weekly chart suggests a short-term consolidation phase. The index is expected to remain rangebound between 55,500 and 58,100. A decisive breakout or breakdown beyond this range could trigger a strong trending move in either direction. Are technical indicators suggesting that the Nifty Bank may not undergo a major correction despite near-term consolidation? Yes, technical indicators currently point towards a phase of consolidation rather than a major correction for Nifty Bank. The banking benchmark index has outperformed frontline indices in recent sessions and even registered a fresh all-time high of 56,098.70 during the first half of last week. Although the index witnessed a throwback after its peak, it managed to find support at the 8-day EMA, a sign of underlying strength. On the weekly chart, a small-bodied candle with both upper and lower shadows suggests some indecision at elevated levels, calling for near-term caution. However, the broader structure remains intact, with the index trading well above both its short and long-term moving averages — a distinctly bullish signal. While the daily RSI remains in the bullish zone, it is showing signs of easing, hinting at a possible pause or consolidation following the recent rally. Still, the presence of strong support levels and overall positive structure suggests that the index is unlikely to undergo a deep correction in the immediate term. Talking about crucial levels, the zone of 54,200-54,100 will act as immediate support for the index. Any sustainable move below the level of 54,100 will lead to further correction up to the level of 53,400. While on the upside, the zone of 55,500-55,600 will act as a crucial hurdle for the index. Any sustainable move above the level of 55,600 will lead to resuming its northward journey. In that case, the index is likely to test the level of 56,300, followed by 57,000 in the short term."
20 Apr 2025,"Trade Spotlight: How should you trade Power Grid, Bharat Dynamics, BHEL, GRM Overseas, NTPC, Indus Towers, and others on April 21?",https://www.moneycontrol.com/news/business/markets/trade-spotlight-how-should-you-trade-power-grid-bharat-dynamics-bhel-grm-overseas-ntpc-indus-towers-and-others-on-april-21-12998340.html,The mood on Dalal Street is likely to remain optimistic in the upcoming sessions. Below are some trading ideas for the near term.,Stocks To Buy For Next Week,"The benchmark indices staged a strong performance on April 17, driven by banking and financial services stocks. The Nifty 50 rallied 1.77 percent, while market breadth remained positive for the fourth consecutive session. A total of 1,638 shares witnessed buying interest compared to 919 shares that were under pressure on the NSE. The mood on Dalal Street is likely to remain optimistic in the upcoming sessions. Below are some trading ideas for the near term: Hardik Matalia, Derivative Analyst at Choice Broking Central Depository Services | CMP: Rs 1,241.9  CDSL is consolidating within a tight range near its demand zone after experiencing a sharp decline of nearly 47 percent from its peak levels. This prolonged consolidation phase suggests a potential base-building process, with the price stabilizing and preparing for a directional move. The stock is now on the verge of breaking out of this consolidation zone, supported by consistent trading volumes—indicating accumulation at lower levels. A sustainable move above Rs 1,260 could confirm the breakout and potentially trigger a short-term upside toward Rs 1,350. Momentum indicators support this view. The Relative Strength Index (RSI) stands at 56.23, currently trading within a range but showing early signs of upside potential. Additionally, the Stochastic RSI is indicating the possibility of a price breakout, further reinforcing the bullish bias and pointing toward strengthening underlying momentum. From a price action standpoint, the structure suggests that buyers are gradually regaining control. The stock's proximity to key support levels adds to the risk-reward attractiveness of the setup. Strategy: Buy Target: Rs 1,350 Stop-Loss: Rs 1,180 Power Grid Corporation of India | CMP: Rs 309  Power Grid Corporation has successfully broken out from a rounding bottom pattern on the daily chart. The breakout is supported by strong volumes, confirming bullish intent. With the stock holding above the key breakout zone of Rs 310, the momentum suggests potential upside toward the next resistance levels at Rs 340 and Rs 350. On the downside, Rs 300 acts as a strong support, offering a favourable risk-reward entry zone on minor pullbacks. Momentum indicators reinforce the bullish view. The RSI is at 69, reflecting strong upward momentum while nearing overbought territory. Importantly, the price is trading well above the 20-day, 50-day, and 200-day EMAs, indicating a healthy and sustained uptrend. Any short-term dip is likely to be absorbed quickly due to ongoing buying interest. Strategy: Buy Target: Rs 350 Stop-Loss: Rs 290 Oberoi Realty | CMP: Rs 1,640.7  Oberoi Realty has recently broken out of a prolonged consolidation phase near key support zones, signaling the end of accumulation and the beginning of a potential uptrend. The stock has confirmed a bullish breakout from a well-defined Double Bottom pattern on the daily timeframe—an established reversal formation. Simultaneously, it has also broken out of a Descending Triangle pattern, further validating the strength of the breakout. The breakout is supported by encouraging price action, with the stock rebounding strongly from lower levels and successfully crossing above its short-term EMA (20-day). It is now approaching the medium-term EMA (50-day), and a decisive move above this could pave the way toward testing the long-term EMA (200-day)—a development that would reinforce the shift from consolidation to a sustained uptrend. The RSI is at 54.70, trending upward and indicating improving momentum with ample room for further gains. The convergence of breakout patterns, improving volume participation, and the shift in EMA alignment all support a bullish bias in the near term. With the breakout now confirmed, a sustained move above Rs 1,660 strengthens the case for a continued rally toward the Rs 1,750–?1,800 zone, aligning with previous supply areas and technical resistance. Strategy: Buy Target: Rs 1,800 Stop-Loss: Rs 1,560 Rajesh Bhosale, Technical Analyst at Angel One Bharat Dynamics | CMP: Rs 1393.2  Over the past seven months, Bharat Dynamics has been consolidating within a range. However, after establishing a base near the 89-week EMA (Exponential Moving Average), it has now witnessed a strong bullish breakout in the form of a Double Bottom pattern. This breakout is further validated by a bullish gap on the weekly chart, which qualifies as a breakaway gap. Additionally, the RSI Smoothened has crossed above the 60 mark, signalling strong bullish momentum in this counter. Hence, we recommend buying Bharat Dynamics around Rs 1,393–Rs 1,385. Strategy: Buy Target: Rs 1,530 Stop-Loss: Rs 1,322 Bharat Heavy Electricals | CMP: Rs 227.39  On the daily chart, a strong bullish reversal is underway in BHEL with the breakout of an Inverse Head and Shoulders pattern, indicating the start of a higher top–higher bottom price structure. Adding to the bullish sentiment, there’s a bullish crossover between the 20 and 50 DEMA, while the breakout is backed by robust volume—reinforcing the strength of the move. Hence, we recommend buying BHEL around Rs 227–Rs 225. Strategy: Buy Target: Rs 247 Stop-Loss: Rs 216 GRM Overseas | CMP: Rs 323  GRM Overseas has confirmed a long-term breakout from a classic Cup and Handle pattern, following a consolidation phase lasting over two years. The volume behaviour aligns perfectly with the pattern, rising during up moves and tapering off during declines—signaling strong accumulation by strong hands. Moreover, the price is trading well above all key moving averages, reflecting a robust uptrend across major timeframes. Hence, we recommend buying GRM Overseas around Rs 323–Rs 320. Strategy: Buy Target: Rs 356 Stop-Loss: Rs 306 Om Mehra, Technical Research Analyst at Samco Securities NTPC | CMP: Rs 364  After a brief consolidation, NTPC has broken out of a bullish flag pattern, supported by a higher-low formation. The stock is trading above the 9, 20, and 50-day moving averages, indicating a strengthening short-term outlook. It has also surpassed the trendline resistance drawn from recent highs, reinforcing the continuation of the uptrend. The daily RSI is hovering around 63, maintaining a positive bias, while volumes have remained steady. The setup points to a potential continuation toward higher levels, supported by strong price action. Hence, based on this technical structure, one can initiate a long position at the CMP of Rs 364. Strategy: Buy Target: Rs 385 Stop-Loss: Rs 350 Five Star Business Finance | CMP: Rs 785.55  Five-Star Business Finance has given a breakout from a downward-sloping trendline that it held for several weeks, signalling a strong shift in momentum. The breakout is accompanied by a wide bullish candle and supportive volume action, indicating buying interest at higher levels. The price is now sustaining above key short-term moving averages (9 EMA and 20 SMA) and has crossed above the 50-day SMA, improving the short-term structure significantly. The pattern resembles a Descending Triangle breakout on the daily chart. The daily RSI has moved past the 60 mark and continues to trend upward, confirming strengthening momentum. A follow-through move above Rs 800 could open room for further upside as the stock emerges from a prolonged consolidation phase. Strategy: Buy Target: Rs 840 Stop-Loss: Rs 750 Indus Towers | CMP: Rs 397.90  Indus Towers has witnessed a breakout above the key horizontal resistance of Rs 390 following steady momentum. It has formed a saucer pattern, and the breakout is accompanied by a strong bullish candle with a close near the day’s high—confirming strong buying interest. The stock is currently trading above all key moving averages. The daily RSI is trending above the 70 mark, while the MACD histogram remains in positive territory, reflecting underlying strength. Sustained price action above Rs 400 could pave the way for further upside in the coming sessions. Strategy: Buy Target: Rs 430 Stop-Loss: Rs 380 Rajesh Palviya, Senior Vice President Research (Head Technical Derivatives) at Axis Securities Eternal (Zomato) | CMP: Rs 231.6  On the daily chart, Eternal has confirmed a ""descending triangle"" breakout at Rs 223 levels on a closing basis, indicating a short-term trend reversal. This breakout is accompanied by strong volumes, signaling increased participation. The daily RSI's positive crossover indicates rising strength in the accumulation zone. The stock is well-placed above its 20- and 50-day SMAs, which reconfirms bullish sentiment. Investors should consider buying, holding, and accumulating this stock. Strategy: Buy Target: Rs 251, Rs 265 Stop-Loss: Rs 218 Avenue Supermarts (DMart) | CMP: Rs 4,357.1  On the weekly chart, Avenue Supermarts has decisively broken out past the 6–8 weeks' ""multiple resistance"" zone of Rs 4,200 on a closing basis, signaling a strong comeback of bulls. The weekly ""Bollinger Band"" buy signal shows increased momentum. Friday's sharp volume spike indicates increased participation at the breakout zone. The daily, weekly, and monthly strength indicators, RSI, are in positive territory, suggesting buying may occur at current levels. Investors should consider buying, holding, and accumulating this stock. Strategy: Buy Target: Rs 4,785, Rs 4,900 Stop-Loss: Rs 4,200 Grasim Industries | CMP: Rs 2,760.7 On the weekly chart, Grasim has observed a ""down-sloping channel"" breakout, indicating the resumption of the prior uptrend. The stock has confirmed higher tops and bottoms on both the daily and weekly charts, indicating a positive bias. It is well-placed above its 20-, 50-, 100-, and 200-day SMAs, reaffirming bullish sentiment. The daily and weekly strength indicators, RSI, are in positive territory, suggesting buying may occur at current levels. Investors should consider buying, holding, and accumulating this stock. Strategy: Buy Target: Rs 2,875, Rs 2,950 Stop-Loss: Rs 2,700"
11 Apr 2025,Investors cheer Trump's tariff pause: These are the top gaining spaces,https://www.moneycontrol.com/news/business/markets/investors-cheer-trump-s-tariff-pause-these-are-the-top-gaining-spaces-12991559.html,"Sensex surged over 1,300 points, while Nifty closed nearly 2 percent higher.",Market,"Benchmark Indian indices surged on April 11, with Sensex rising over 1,300 points and Nifty 50 up nearly 2 percent following a relief rally on US President Trump's 90-day pause on tariffs, which is expected to provide relief to investors with exposure to external-oriented spaces. Here are the top gaining sectors on Dalal Street following the tariff pause: Pharma While Trump has not unveiled any specific plan related to the tariffs on pharma sector, the overall pause and ongoing talks about a US-India bilateral trade agreement (BTA) will likely benefit the sector. The Nifty Pharma index was up over 2 percent to 20,462. Laurus Labs shares were the top gainer on the index, rising over 7 percent. Other notable stocks include Granules (up over 4 percent), Cipla (up over 3 percent), Biocon (up over 3 percent), Dr Reddy’s Laboratories (up over 1 percent) and Sun Pharma (up over 2 percent). IT Most of the IT players derive major portions of their revenue from the US. Trump's tariffs triggered fears of US recession, which acted as a major negative for the stocks. However, after the pause on the tariffs, Goldman Sachs dropped their US recession forecast. This acted as a major positive for the sector, with IT stocks rallying in the morning. However, the stocks sharply fell during the day as dollar weakened amid escalating US-China trade war. Despite the sharp correction in few stocks, the Nifty index closed in the green. Persistent and LTI MindTree shares were the top gainers on the index, closing nearly 3 percent higher. Mphasis and Wipro shares followed, trading over 2 percent higher each. Infosys, Tech Mahindra and HCL Tech shares erased significant gains to close in the green marginal higher. Metals The Nifty Metal index was the top gaining index on the stock market, rising over 4 percent to close at 8,168. Tata Steel, which saw a strong slump after Trump’s reciprocal tariff plan, surged nearly 5 percent to close at Rs 133 apiece. Other notable stocks include Hindalco (up nearly 7 percent), JSW Steel (up nearly 5 percent), Adani Enterprises  (up over 4 percent), SAIL (up over 3 percent) and Vedanta (up nearly 3 percent). Auto Component The shares of auto component makers have surged as these companies have large exposure to the US market. Sona BLW shares were up 6 percent, while those of Samvardhana Motherson were trading nearly 5 percent higher. Aquaculture The shares of shrimp exporting companies also surged as these have strong export exposure to US, with significant portion of their revenue being driven by the American market. Notable stocks include Avanti Feeds (up over 5 percent), Apex Frozen Foods (up nearly 4 percent) and Coastal Corp (up nearly 9 percent). Electronic Components Stocks of electronics manufacturing services (EMS) firms in India saw a sharp uptick as global brands like Apple may continue to source parts from India following the tariff pause. Notably, the shares were already on the rise since reports emerged stating that Apple is planning to source more iPhones from India to the US to beat the tariffs imposed on China. Kaynes Tech shares were up over 5 percent, while PG Electroplast shares jumped over 8 percent. Dixon Tech shares also surged over 7 percent. Textile Indian textile players are expected may benefit from the 145 percent tariff imposed on China, which is the biggest supplier of textiles and apparel to the US. Prominent stocks include Grasim Industries (up 4 percent), Trident (up nearly 3 percent), Welspun Living (up over 9 percent) and Vardhman Textiles (up nearly 6 percent). Solar EPC India's solar engineering, procurement and construction (EPC) firms have significant exposure to the US market, and the tariff pause is set to benefit these companies. Premier Energies shares gained over 4 percent, while Waaree Energies shares were trading with marginal gains."
25 Mar 2025,"Current paints slowdown part of a cycle, slow sales more pronounced in cities: Birla Opus",https://www.moneycontrol.com/news/business/current-paints-slowdown-part-of-a-cycle-slow-sales-more-pronounced-in-cities-birla-opus-12974857.html,"Grasim Industries-owned Birla Opus paints' CEO Rakshit Hargave said that the business aims to finish FY25 with a high single-digit market share in the decorative paints business, while its first year in the business has turned out ""more or less"" on how it was envisaged","One year on from its launch, Birla Opus is targeting a high-single digit market share by the end of FY25","Birla Opus paints' chief executive officer (CEO) Rakshit Hargave said on Tuesday that while the decorative paints segments is going through a slowdown, it is part of a cycle that is expected to eventually reverse.  Hargave added that the company is on track to finish FY25 with a ""high single-digit"" market share, as paint makers compete to corner more market share over multiple quarters of slow sales. Industry analysts have expressed concerns about poor sales growth for decorative paints in India for the October-December quarter, despite a longer wedding and festival season. The market leader, Asian Paints, reported a 1.6 percent year-on-year growth in its decorative segment, with the company's leadership noting a marked slowdown in urban areas, as cycles have lengthened in the repainting segment. ""In the last six to nine months, there has been a slowdown. You can get the feeling from the dealers that the offtake has been slower than what it used to be, and the slowdown is more pronounced in the urban markets than the Tier-II or rural markets. But everybody believes that in paints, this is only a cycle, if the trend of the past 10-15 years is seen. It is part of a trough, where the cycle is at its lowest. We believe that it will recover, and it will do so very soon. We have to see at the end of this quarter if there has been a recovery, and maybe the market is slightly better. But we may have to wait a quarter or two to see whether the recovery is really happening,"" Hargave said at a media roundtable. He added that Grasim's board will decide at an ""appropriate time"" on classifying earnings from the paints business separately in the company's financial results, with Hargave pointing out that Opus is yet to start operating at full capacity. While the company has operationalised five out of its plants, it is planning to start full commercial production at its Kharagpur plant in West Bengal within the first two quarters of FY26. The Kharagpur plant's completion was largely hindered by inclement weather conditions. Including allied costs such as marketing and dealer onboarding, Aditya Birla Group-owned Grasim has committed Rs 10,000 crore to its paints business, for a total capacity of 1.332 billion litres per year, with Birla Opus having articulated a goal to challenge Asian Paints for market leadership. Hargave said that the first year of operations has turned out ""more or less"" to the level that the company had envisaged. He added that while the company has gained market share from a number of key players in the sector, it has gained more share from Asian Paints than the others. Grasim has planned to break even within three years after starting full-scale operations in its paints business, that is, with all six plants being in production commercially. Asked as to whether the leadership remains confident of the break-even timeline, Hargave added the company has a ""good grip"" on the strategy, while not having a ""crystal ball"" to see the future ahead of the market, and retaining a sense of agility to navigate the market effectively. Hargave was speaking after inaugurating one of Birla Opus' company-owned and operated paint studios in Worli, Mumbai, designed as an ""experience centre"" for potential customers, as well as for affiliated designers. The company has opened other experience centres in cities like Navi Mumbai, Delhi, Kolkata, and elsewhere. As for the company's dealer onboarding mission, Hargave said that Birla Opus is ""very close"" to its goal of getting 50,000 dealers on board by the end of FY25. He added that while the company will focus on adding new dealers to the network, it will also work to increase throughput per dealer in the next year, noting that dealers are sitting on ""apt"" levels of stocks, ensuring better returns on capital employed."
19 Mar 2025,Buy Grasim Industries; target of Rs 3093: ICICI Securities,https://www.moneycontrol.com/news/business/stocks/buy-grasim-industries-target-of-rs-3093-icici-securities-12968922.html,"ICICI Securities is bullish on Grasim Industries recommended buy rating on the stock with a target price of Rs 3093 in its research report dated March 19, 2025.",Buy,"ICICI Securities research report on Grasim Industries At our recently hosted Grasim Industries’ (Grasim) Investors Meet, the management exuded confidence on further ramp-up of its new paint business. Flushed with initial success of product/brand acceptability in the market, Grasim is on track to meet its guidance of seizing a high-single-digit industry market share (on Mar’25 exit basis). Further, buoyed by the success of its economy product range (fetching repeat orders from dealers), Grasim is all set to make its mark in premium decorative paint segment (fortified by recent commissioning of its plant in Mahad). With expected scale-up in institutional segment sales (over 6-9 months) and broader endeavour to operate at optimal capacity utilisation, Grasim reiterated its guidance of INR 100bn revenue and EBITDA breakeven in FY28. Outlook Tracking the beaming confidence, we see limited risk to our INR 40bn revenue estimate for the paint segment for FY26. Maintain BUY with an unchanged TP of INR 3,093. For all recommendations report, click here Grasim Industries - 19032025 - icici"
05 Mar 2025,"Stocks to Watch Today: Biocon, Coforge, GE Vernova, Power Grid, JSW Energy, Welspun Specialty, Rail Vikas Nigam in focus on 5 March",https://www.moneycontrol.com/news/business/markets/stocks-to-watch-today-biocon-coforge-ge-vernova-power-grid-jsw-energy-welspun-specialty-rail-vikas-nigam-in-focus-on-5-march-12956530.html,"Stocks To Watch, Mar 5: Stocks like Ola Electric Mobility, Grasim Industries, RHI Magnesita India, Apollo Hospitals Enterprise, Walchandnagar Industries, ABB India, Mindteck India, Ambuja Cements, Oil and Natural Gas Corporation, Force Motors, Avanti Feeds, Banswara Syntex, SpiceJet, and Manappuram Finance will be in focus on March 5.",Stocks to Watch Today,"Let's catch up on the latest news from the stock market. From significant investments to major deals, order wins, and acquisitions, here’s a quick look at which stocks will be in focus in today's trade: Stocks to Watch Biocon The company's subsidiary, Biocon Pharma, has received final approvals for its two ANDAs - Lenalidomide capsules and Dasatinib tablets - from the US Food and Drug Administration (US FDA). Lenalidomide is used to treat multiple myeloma, mantle cell lymphoma, and anemia in myelodysplastic syndromes in adults. Dasatinib tablets are used to treat Philadelphia chromosome-positive chronic myeloid leukemia. Biocon Pharma also received tentative approval for its ANDA for Rivaroxaban tablets, which are used in the treatment of deep vein thrombosis and pulmonary embolism. Coforge The digital services and solutions provider has signed a new agreement with Nasdaq-listed travel technology company Sabre Corporation to accelerate product delivery and launch additional innovative AI-enabled solutions. Adani Wilmar The company has signed a definitive agreement to acquire GD Foods Manufacturing (India), the owner of the 'Tops' brand. The acquisition will be executed in multiple tranches, with 80% of the shares to be acquired in the first tranche and the remaining 20% to be acquired over the next three years. Ola Electric Mobility The company has received a letter from IFCI regarding the non-achievement of Milestone-1 as per Schedule M of the Programme Agreement dated July 28, 2022. The company is actively engaged with the relevant authorities in this regard and is in the process of filing an appropriate response. The company's subsidiary, Ola Cell Technologies, has entered into a Programme Agreement with the Ministry of Heavy Industries for availing of the Production Linked Incentive Advanced Chemistry Cell (PLI ACC) scheme. GE Vernova T&D India The company has received three orders worth Rs 500 crore from Power Grid Corporation of India for the supply and installation of transformers and reactors under bulk procurement. Power Grid Corporation of India The company has been declared the successful bidder for three projects to establish an inter-state transmission system under the Build, Own, Operate, and Transfer (BOOT) basis. The three projects include the transmission system for the evacuation of power from the Rajasthan REZ Ph-V complex, augmentation of transformation capacity at Banaskantha (Raghanesda) PS (GIS), and the transmission system for the integration of Kurnool-IV REZ - Phase-I (for 4.5 GW). Grasim Industries The company has commenced the commercial production of Birla Opus Paints at its plant in Mahad, Maharashtra. With this, 5 out of its total 6 greenfield plants have commenced commercial production, and the installed capacity of decorative paints sold under the brand Birla Opus has reached 1,096 million litres per annum (MLPA). RHI Magnesita India The company's subsidiary, Intermetal Engineers (India), has executed a Share Purchase Agreement with Ashwath Technologies (Ashwath) and the existing shareholders to acquire 100% of Ashwath's shareholding for Rs 14 crore. Apollo Hospitals Enterprise The company plans to commission a comprehensive Oncology Centre, including India's first Proteus One Proton System along with ancillary equipment, over the next three years at a cost of Rs 250 crore. Walchandnagar Industries The company has announced a deal to acquire a 60.3% stake in AiCitta Intelligent Technology, a company engaged in R&D and the manufacture of unmanned ground vehicles (UGVs). Saint-Gobain Sekurit India Jeyendran Jayaseelan has resigned from his position as Chief Financial Officer of the company. He will cease to be associated with the company effective March 25, 2025. ABB India ABB Motion has announced a strategic investment through ABB Motion Ventures in the AI start-up UptimeAI, aiming to transform how industrial customers manage the health and performance of motors, drives, and related assets. The transaction consists of ABB taking a minority stake in UptimeAI. Mindteck India Anand Balakrishnan has resigned as Managing Director and Chief Executive Officer of the company, effective May 31, 2025. Ambuja Cements The Competition Commission of India has unconditionally approved the acquisition of a 72.8% stake in Orient Cement by Ambuja Cements. Welspun Specialty Solutions Bharat Heavy Electricals (BHEL, Trichy) has notified Welspun Specialty Solutions as the L1 bidder for the supply of 4,050 tons of stainless steel seamless boiler tubes for a series of supercritical thermal power projects. The total supply contract value will be Rs 231.77 crore. Oil and Natural Gas Corporation The company's subsidiary, ONGC Green, has acquired a 100% equity stake in PTC Energy for Rs 925 crore. PTC Energy is engaged in the renewable energy business and has an aggregate operational wind generation capacity of 288.80 MW. Further, PTC Energy operates 157 wind turbine generators (WTGs) across all its wind farms. JSW Energy The Competition Commission of India has approved the acquisition of KSK Mahanadi Power Company by the company. Rail Vikas Nigam The company has received a Letter of Acceptance for a project worth Rs 729.82 crore from HPSEBL. The project involves the development of distribution infrastructure at the Central Zone of Himachal Pradesh under the Revamped Reforms-based and Results-linked Distribution Sector Scheme (Loss Reduction Work). Force Motors The company announced total sales of 3,600 units in February 2025, growing 46.28% over the 2,461 units sold in February 2024. Bulk Deals Avanti Feeds IIFL Facilities Services acquired a 4.38% stake in the company at an average price of Rs 728 per share, from Thai Union Asia Investment Holding, amounting to Rs 435.15 crore. Banswara Syntex Cofipalux Invest S.A. sold a 2.92% stake in the company at an average price of Rs 121.66 per share, valued at Rs 12.16 crore. SpiceJet Plutus Wealth Management LLP acquired a 0.7% stake in the airline company at an average price of Rs 46 per share, amounting to Rs 41.4 crore. SME Listing on March 5 Shreenath Paper Products Stocks Trade Ex-Bonus Anand Rathi WealthVantage Knowledge Academy Stocks in F&O ban Manappuram Finance"
