Date,Title,URL,Article Description,Article Text,Article Content
29 Aug 2025,"Yes Bank shares jump 4% after report says SMBC set to infuse Rs 16,000 crore",https://www.moneycontrol.com/news/business/markets/yes-bank-shares-jump-4-after-report-says-smbc-set-to-infuse-rs-16-000-crore-13499072.html,"Yes Bank share price: The proposed infusion by the Japanese financial giant is aimed at strengthening Yes Bank's balance sheet, and is seen to be a precursor to SMBC taking an ownership position, ET reported",Yes Bank shares jump,"Yes Bank shares jumped nearly 4 percent in the morning trading hours of August 29. This comes after a report by the Economic Times said that SMBC is set to invest Rs 16,000 crore ($1.83 billion) in the Indian private lender through a combination of equity and debt. The proposed infusion by the Japanese financial giant is aimed at strengthening Yes Bank's balance sheet, and is seen to be a precursor to SMBC taking an ownership position, ET reported, citing people familiar with the matter. The reported infusion will comprise Rs 7,500 crore in equity, and Rs 8,500 crore in debt. This will be in addition to the Rs 13,500 crore that SMBC has committed to pay the lender's existing shareholders, including State Bank of India (SBI) and others, for acquiring a 20 percent stake in Yes Bank, the report further said. The Rs 16,000-crore infusion will be reflected in Yes Bank's books, while the Rs 13,500 crore will be paid to the bank's shareholders to facilitate their exit, according to the report. Moneycontrol couldn't independently verify the report. As part of the debt funding, SMBC will opt for yen-dominated bonds equivalent to Rs 8,500 crore, priced below 2 percent, to ensure low-cost, long-term funding, ET cited a source as saying. The equity infusion of Rs 7,500 crore will be done through a foreign currency convertible bonds (FCCBs), in order to boost its capital, the source added. Last week, Yes Bank said that the RBI has accorded approval to Japan-based Sumitomo Mitsui Banking Corporation (SMBC) to acquire up to 24.99 percent stake in the lender. This came after Yes Bank in May disclosed that SMBC proposed to acquire 20 percent holding in the lender through a secondary stake purchase of 13.19 percent stake from the State Bank of India (SBI) and 6.81 percent share from seven other shareholders. Other shareholders are Axis Bank, Bandhan Bank, Federal Bank, HDFC Bank, ICICI Bank, IDFC First Bank and Kotak Mahindra Bank. Yes Bank shares were trading at around Rs 19.41 apiece in the morning. The shares have gained nearly 16 percent in the past six months, and have a P/E ratio of over 21. Also read: Our LIVE blog on stock market updates"
28 Aug 2025,"Union Bank, PSB, other PSU bank stocks fall up to 2%, index extends losses for 6th session",https://www.moneycontrol.com/news/business/markets/union-bank-psb-other-psu-bank-stocks-fall-up-to-2-index-extends-losses-for-6th-session-13495903.html,"HDFC Bank, ICICI Bank and other private lender stocks also dropped. This pushed the Nifty Bank index down nearly 1%.",Banks stocks decline,"The shares of several PSU banks dropped in trade on August 28, pushing the sectoral index down into the red for the sixth consecutive session. The Nifty PSU Bank index was down nearly 0.7 percent to hover around 6,803 in the afternoon. The index has now dropped nearly 5 percent in six consecutive sessions of recording losses. Punjab & Sind Bank (PSB) was the top loser on the index, dropping nearly 2 percent to trade at around Rs 28 apiece. Union Bank of India, Bank of Maharashtra, UCO Bank and Bank of India shares fell more than 1 percent each. Punjab National Bank (PNB), Canara Bank and Central Bank of India shares fell around 1 percent each, while Bank of Baroda, Indian Bank, State Bank of India (SBI) and Indian Overseas Bank (IOB) shares were trading in the red with marginal losses. Private bank stocks also dropped, with AU Small Finance Bank shares being down nearly 2 percent. Heavyweights HDFC Bank and ICICI Bank were down over 1 percent each. Kotak Mahindra Bank, Canara Bank, Bank of Baroda and IDFC First Bank shares were down nearly 1 percent each. The sharp drop in bank stocks pushed the Nifty Bank index down nearly 0.9 percent to stand at 53,969 in the afternoon. ""Bank Nifty continues to remain sluggish. Bank Nifty, with a bearish candle formation, has broken below the important and crucial support zone at the 55,000 level to weaken the bias and sentiment, expecting a further slide with the next major support visible near the 53500 zone. For the bias to improve, the index needs to witness a revival and move past the significant 50EMA level at the 55700 zone to establish some conviction and thereafter expect a further rise in the coming days. Bankex with profit booking witnessed a slip down below the 61000 zone to weaken the bias, and further ahead, a decisive breach below the important support of the 200 DMA level of 59900 shall trigger fresh selling pressure with the next major and crucial support positioned near the 58300 zone. For the bias to improve, the index needs to move past the resistance hurdle of the 50EMA level of 62300 to anticipate further rise in the coming days. BankNifty would have the daily range of 53800-55000 levels,"" said Vaishali Parekh, Vice President - Technical Research at PL Capital, while explaining the technical side of the index. Notably, the Indian government has appointed global investment banking firm Goldman Sachs as the transaction advisor for the stake sale in four public sector banks - UCO Bank, Central Bank of India, Punjab & Sind Bank, and Indian Overseas Bank (IOB). The government will likely dilute its equity stake in each of the four banks by up to 5% over the next two to three years, CNBC-TV18 reported. Also read: Our LIVE blog on stock market updates"
26 Aug 2025,HDFC Bank shares adjust to bonus issue: Did the stock actually plunge 50% in one day?,https://www.moneycontrol.com/news/business/markets/hdfc-bank-shares-adjust-to-bonus-issue-did-the-stock-actually-plunge-50-in-one-day-13490156.html,HDFC Bank share price: The shares of India's largest private lender currently have a P/E ratio of over 41.,HDFC Bank bonus issue,"The shares of HDFC Bank closed at around Rs 972 apiece on August 26, which is around 50 percent lower than the previous closing price of Rs 1,964 apiece. This comes as the shares of India's largest private lender adjusted to a 1:1 bonus issue. HDFC Bank on July 19 had announced its first ever bonus issue of shares in the ratio of 1:1. The Mumbai-based private lender set August 27 (tomorrow) as the record date to determine the eligibility of the shareholders set to receive the bonus shares. Eligible shareholders will receive one bonus share for every single share of the company they own, as on record date. As stock markets will remain closed tomorrow on account of Ganesh Chaturthi, the stock adjustment may have taken effect today. While the issue of bonus shares increases the total number of shares issued and owned, it does not change the market capitalization of the company. This increases the overall liquidity of the stock. That is why, the price of HDFC Bank shares appears to have halved after the adjustment. Bonus issue essentially are free shares offered by a company from its reserves. Such issue is perceived to reflect on a firm's strong financials and growth potential. In actual terms, HDFC Bank shares dropped nearly 1 percent on August 26. The stock currently has a P/E ratio of over 41. Along with the bonus issue, the private lender had also announced a special interim dividend of Rs 5 per share, in its results for the first quarter of financial year 2026. HDFC Bank, on July 19, reported a decline in consolidated net profit to Rs 16,258 crore in Q1 FY26, down from Rs 16,475 crore a year ago, despite a one-time pre-tax gain of Rs 9,128 crore from the IPO of its subsidiary, HDB Financial Services. The bank's standalone net interest income (NII) expanded 5.4 percent to Rs 31,438 crore in Q1 FY26. The subdued bottom-line performance came as the bank made total provisions of Rs 14,442 crore, including Rs 9,000 crore in floating provisions and Rs 1,700 crore in contingent buffers, indicating caution over potential asset quality pressure. Also read: LIVE blog on stock market updates"
22 Aug 2025,"Bank Nifty sees profit booking, falls 0.9% ahead of Powell's speech; ICICI, HDFC Bank lead losses",https://www.moneycontrol.com/news/business/markets/bank-nifty-sees-profit-booking-falls-0-9-ahead-of-powell-s-speech-icici-hdfc-bank-lead-losses-13479234.html,"'We expect the index to extend consolidation in the range of 54,800-56,300. Only a movement beyond this range will signal the next directional move,' says Bajaj Broking Research","Bank Nifty sees profit booking, falls 0.9% ahead of Powell's speech; ICICI, HDFC Bank lead losses","Bank Nifty index faced more selling pressure than the benchmark indices Sensex and Nifty on August 22 by falling 0.9% with ICICI Bank and HDFC Bank leading the losses. The index fell 1.5% from its peak seen on August 18 with investors resorting to profit booking as they await rate cut cues from the speech of Federal Reserve Chair Jerome Powell at the Jackson Hole symposium. At 10:35 am on August 22, https://www.moneycontrol.com/india/stockpricequote/banks-private-sector/hdfcbank/HDF01HDFC Bank was the biggest loser among the 12 constituents of Bank Nifty by falling 1.5%, followed by ICICI Bank, which fell 0.9%. Kotak Mahindra Bank and Axis Bank were down 0.6% and 0.7%, respectively. At 10:35 am on August 22, Bank Nifty was trading 475 points lower at 55,282 (down 0.85%) while hitting intraday low of 55,218. ""The short-term trend remains neutral, with the index still capped below the super-trend resistance, which coincides with the 50% Fibonacci retracement. On the downside, the 23.6% retracement at 55,480 is providing a cushion, but a close below this level could trigger renewed weakness. A breakout above 56,020–56,100 would be required to confirm a meaningful continuation of the rebound. Nifty Bank is currently in a consolidation phase, where the upside may remain limited and short-term moves could stay choppy,"" said Derivatives Analysis Report by SAMCO Securities. ""Bank Nifty formed a bearish candle with a higher high and higher low signaling consolidation amid stock specific action. Buying demand in the last few sessions has emerged from the 100 days EMA. We expect the index to extend consolidation in the range of 54,800-56,300. Only a movement beyond this range will signal the next directional move. Key support area 54,800 and 55,000 — a region that aligns with the 100-day exponential moving average (EMA) and key Fibonacci retracement levels from the prior upward move. A breach below 54,800 will open downside towards 54,000 levels,"" said Bajaj Broking Research."
22 Aug 2025,"Sensex settles 700 pts lower, Nifty below 24,900: Tariff jitters among key factors behind market decline",https://www.moneycontrol.com/news/business/markets/sensex-falls-550-pts-nifty-near-24-900-jitters-ahead-of-powell-s-speech-among-key-factors-behind-market-decline-13478917.html,"Sensex, Nifty declined after about a week-long rally, dragged by IT and bank stocks as traders remained on edge ahead of US Fed Chair Jerome Powell's commentary.","Sensex, Nifty see profit-booking in August 22 trade. ","The benchmark equity indices Sensex and Nifty traded lower on Friday, snapping a six-day winning streak, as broad-based selling gathered pace amid investor caution prevailed ahead of US Federal Reserve Chair Jerome Powell’s awaited speech at the Jackson Hole symposium. Sensex dropped 693.86 points or 0.85 percent to 81,306.85, while the broader Nifty fell to 24,870.10, down 213.65 points or 0.85 percent. Sector-wise, all major indices traded in the red except pharma and consumer durables. Financials and the banking index fell up to 1 percent. IT shares, which had recorded a 3 percent rally in the previous three sessions, also fell up to one percent ahead of Powell’s remarks later in the day. Financials, IT, and select heavyweights led losses, with Hero MotoCorp, HCL Technologies, HDFC Bank, Grasim Industries and Asian Paints among the major laggards, declining up to 2 percent intraday. Bharat Electronics, Bajaj Finance, Mahindra & Mahindra, Sun Pharmaceutical Industries and Trent were the major gainers. Key factors weighing on the market: 1) Profit-booking: Profit-booking emerged after a six-day rally, with broad-based selling led by financials and IT stocks as major sectoral indices turned negative, barring pharma and consumer durables. There was selling in frontline banking stocks, including HDFC and ICICI Bank. Investors booked profits with recent gains after GST reforms announcement and an S&P sovereign rating upgrade. 2) Jitters ahead of Powell’s Jackson Hole speech: The investors remained cautious, as Powell's commentary is widely expected to shape US monetary policy in upcoming Fed meet in September. ""Market weakness stemmed from mounting uncertainty ahead of Federal Reserve Chair Jerome Powell’s Jackson Hole speech on Friday, where his remarks could significantly influence September’s monetary policy direction,"" said Devarsh Vakil, Head of Prime Research, HDFC Securities. Stock Market LIVE Updates 3) India Vix rises: The benchmark India Vix, a measure of market volatility, rose nearly 2 percent to 11.59 levels, signalling a pick-up in risk aversion. An uptick in VIX typically prompts traders to trim positions as expectations of volatility increase. 4) Additional tariff deadline approaches: Concerns over impending additional 25 percent US tariffs, effective August 27, further unsettled sentiment. ""The headwinds for the market from Trump tariffs will weigh on markets, constraining the rally of the last 6 days. If the penal tariff of 25% kicks in on August, the impact on India’s growth may be higher than the 20–30 basis points estimated with reciprocal tariffs,"" said Dr VK Vijayakumar, Chief Investment Strategist, Geojit Investments Limited. 5) Rupee declines: The rupee weakened by 11 paise to 87.36 against the US dollar in early trade, amid rising dollar demand. However, foreign portfolio inflows and easing crude oil prices prevented further losses, traders noted. 6) Peter Navarro comments weigh on sentiments: White House trade adviser Peter Navarro has once again accused India of “perpetuating” the Ukraine war, alleging that New Delhi is acting as a “laundromat for the Kremlin” and warned that the secondary tariffs against Indian goods will kick in from August 27. Peter Navarro says India doesn’t need Russian oil, warns secondary tariffs are coming 7) Brent crude rises: Oil prices increased on Friday, with Brent Crude futures rising nearly 0.3 percent to stand at around $67.85 per barrel. WTI Crude futures meanwhile rose 0.33 percent to hover near the $64 per barrel-mark. This comes as Russia-Ukraine war continues to escalate, with hopes of US-brokered peace talks seeming to fade. Technical outlook Anand James, Chief Market Strategist, Geojit Investments Limited, said recent upswings softened after nearing key resistance at 25,153. ""Directional indicators are yet to show enough momentum to continue pushing higher. But besides volatility expectations, the setup does not indicate a collapse either. For now, 25,033–24,977 may act as immediate downside markers,"" he said."
18 Aug 2025,"Street conservative on private banks amid margin squeeze, weak loan growth in Q1; time to relook?",https://www.moneycontrol.com/news/business/markets/street-conservative-on-private-banks-amid-margin-squeeze-weak-loan-growth-in-q1-time-to-relook-13460927.html,Analysts cautioned that the coming quarters may stay subdued as the full impact of repo rate cuts is yet to play out on profitability,Analysts warn of tough quarters ahead for private banks,"Shares of three major private lenders: Axis Bank, IndusInd Bank, and Kotak Mahindra Bank have declined sharply by as much as 10 percent in the past month as muted June quarter (Q1FY26) performance weighed on investor sentiment. Sluggish credit growth and margin contraction dragged earnings, forcing the Street to trim its bets on these banks. In contrast, heavyweights HDFC Bank and ICICI Bank managed to hold steady, reporting relatively resilient numbers that helped them trade flat to positive. Looking ahead, analysts expect the near-term outlook for private banks to stay subdued. The full impact of the 50 basis points repo rate cut is still to play out, while credit growth is yet to show meaningful acceleration. Mahesh Patil, CIO of Aditya Birla Sun Life AMC, said, “Margin compression is yet to show its full impact. Earlier, deposit growth was the sector’s challenge, but now the spotlight has shifted to credit growth, which is still not showing meaningful acceleration. Once this normalises, private lenders can stage a stronger performance as the year progresses.” ALSO READ: Finance Ministry to meet CEOs of state-owned banks to review Q1 performance on August 20 Private banks reported muted performance in Q1 as net interest margins (NIMs) came under pressure from repo rate cuts. This trend is expected to persist into Q2, before improving in the third quarter as deposit repricing begins to stabilise margins. Business growth in Q1 also remained modest, with deposit growth outpacing advances across most large private banks. While loan demand has improved after the rate cuts, margin pressure and elevated provisioning continue to act as drags. Manoj Bahety, founder and fund manager at Carnelian Asset Management, added, “Margins are expected to remain soft over the next few quarters as repo cuts pass through and liabilities get repriced. For those looking to play private banks, credit growth will be the key factor to watch. In a benign liquidity environment, we expect loan growth to return to the system and fee-based income to provide additional support to profitability.” Mutual fund houses have also turned cautious, staying underweight on private banks after a muted earnings season. Data from JM Financial showed that as private lenders account for 28 percent of the Nifty’s index weight and contribute nearly 37 percent of its profits, June quarter performance was weak, with net profit growth in low single digits. Among individual lenders, HDFC Bank reported advances of Rs 26.53 lakh crore in Q1FY26, up 7 percent year-on-year. While growth was slower than anticipated, management reiterated that credit expansion would remain in line with industry trends this fiscal. Meanwhile, PSU banks outshone private peers—Bank of Baroda reported a 13 percent rise in advances, with Bank of India and Bank of Maharashtra also delivering healthy growth supported by decent CD ratios and excess statutory liquidity ratio (SLR). For now, investors remain wary of the sector. With earnings pressure visible and credit growth still to pick up, the Street is keeping a close eye on whether the second half of the year brings relief for private banks. "
18 Aug 2025,"Bajaj Finance, Axis Bank, HDFC Bank shares rise up to 6% on S&P upgrade, GST reform cheer",https://www.moneycontrol.com/news/business/markets/bajaj-finance-axis-bank-hdfc-bank-shares-rise-up-to-6-on-s-p-upgrade-gst-reform-cheer-13461688.html,"The Nifty Bank index was up more than 1.3 percent to hover around 56,035, while the Nifty Financial Services index rose nearly 2 percent to stand at 26,810, as seen at 10.10 am.","Bajaj Finance, Axis Bank, HDFC Bank shares jump up to 6%: S&P upgrade among key factors","The shares of banks and non-banking financial institutions saw strong rise in the morning trading hours of August 18. The sharp rise in the share prices pushed the Nifty Bank and Nifty Financial Services indices higher in the deep green. The Nifty Bank index was up more than 1.3 percent to hover around 56,035, while the Nifty Financial Services index rose nearly 2 percent to stand at 26,810, as seen at 10.10 am. Here are some of the key reasons leading to the uptrend in the financial pocket of the stock market: S&P upgrade: International credit ratings agency S&P Global on August 15 upgraded ratings of top 10 financial institutions, saying that India's financial institutions will continue to ride the country's good economic growth momentum. S&P has raised long-term issuer credit ratings on seven Indian banks - State Bank of India (SBI), ICICI Bank, HDFC Bank, Axis Bank, Kotak Mahindra Bank, Union Bank of India, and Indian Bank, and three finance companies - Bajaj Finance, Tata Capital, and L&T Finance. ""We expect India's banks to maintain adequate asset quality, good profitability, and enhanced capitalization over the next 12-24 months. This is despite some pockets of stress,"" S&P said, adding, credit risk in the system has reduced. This boosted investor sentiment for the stocks, as well as the broader sector, a day after US-based agency raised India's sovereign credit rating. ""S&P upgrade...is a significant macro and structural positive for the overall Indian market, likely supporting incremental valuation expansion driven by lower bond yields and decreased risk perception. Moreover, a higher sovereign rating will drive better FPI debt flows and lead to better USDINR and GOI bond yields. Foreign currency-heavy borrowers can benefit from lower interest costs. Indian financial companies, such as Bajaj Finance, accessing the ECB market could see a 15-20bp reduction on their coupon payments,"" said Motilal Oswal Financial Services. GST reforms: While delivering his Independence Day speech, Prime Minister Narendra Modi hinted at the next generation of Goods and Services Tax (GST) reforms to be announced as a Diwali gift for consumers. The Centre has proposed to move towards ""simple tax"" with 2 slabs—""standard and merit"", with special rates applicable for only for select few items. According to reports, this will significantly reduce tax burden on consumers aiming to buy several items, like electronics and other consumer durables. More demand for consumer durables may in turn boost stocks like Bajaj Finance who offer affordable EMIs to consumers to purchase several goods. Broader market uptrend: The sharp rise in the share prices also comes amid broader optimism in the stock market today. Sensex jumped over 1,000 points to hover around 81,629, while Nifty crossed the key 25,000-mark level. HDFC AMC and several other stocks will likely be strongly benefitted from the optimism in the stock markets. Bajaj Finance shares jumped more than 6 percent, while Chola Finance, ICICI Prudential Life Insurance Company, Bajaj Finsev and SBI Life shares were up more than 4 percent, leading the strong gains on the Nifty Financial Services index. IndusInd Bank shares rose nearly 3 percent, while AU Small Finance Bank, IDFC First Bank and Kotak Mahindra Bank shares were up nearly 2 percent each. Heavyweights ICICI Bank, HDFC Bank and Axis Bank shares were up more than 1 percent each, while SBI and PNB shares were hovering in the green with marginal gains. Also read: Our LIVE blog on stock market updates"
12 Aug 2025,HDFC Bank share price falls 0.54% in early trade,https://www.moneycontrol.com/news/business/stocks/hdfc-bank-share-price-falls-0-54-in-early-trade-alpha-article-13441151.html,"Moneycontrol analysis from August 5, 2025, indicates a bearish sentiment on the stock.",,"Shares of HDFC Bank were trading lower in Tuesday's session, with the stock currently priced at Rs 1,984.80 on the NSE. At 09:20 am, the stock showed a decline of 0.54% from the previous close. HDFC Bank's revenue has shown steady growth over the last five quarters. The yearly data shows a consistent increase in revenue and net profit. HDFC Bank announced a bonus issue of 1:1, with the ex-bonus date fixed as August 26, 2025. The company also announced a special dividend of Rs 5 per share on July 21, 2025, with an effective date of July 25, 2025. Additionally, a final dividend of Rs 22 per share was announced on April 21, 2025, effective from June 27, 2025. Moneycontrol analysis from August 5, 2025, indicates a bearish sentiment on the stock."
11 Aug 2025,HDFC Bank share price gains 0.66% in early trade,https://www.moneycontrol.com/news/business/stocks/hdfc-bank-share-price-gains-0-66-in-early-trade-alpha-article-13434047.html,"Shares of HDFC Bank were trading higher in Monday's session, with the stock price at Rs 1,987.00, a 0.66% increase from the previous close.",,"Shares of HDFC Bank were trading higher in Monday's session, with the stock price at Rs 1,987.00, a 0.66% increase from the previous close, as of 9:30 am. Financial Overview: Key Financial Ratios (Consolidated Annual)RatioMar 2021Mar 2022Mar 2023Mar 2024Mar 2025Basic EPS (Rs.)57.8868.7782.6490.4292.81Diluted Eps (Rs.)57.6168.3182.2790.0192.39Book Value [Excl. Reval Reserve]/Share (Rs.)380.59445.99518.73600.77681.88Dividend/Share (Rs.)6.5015.5019.0019.5022.00Face Value11111Margin Ratios (Consolidated Annual):RatioMar 2021Mar 2022Mar 2023Mar 2024Mar 2025Net Interest Margin (%)3.853.643.673.213.47Operating Profit Margin (%)32.9634.9636.3725.7825.58Net Profit Margin (%)24.7828.0627.0223.0721.83Return Ratios (Consolidated Annual):RatioMar 2021Mar 2022Mar 2023Mar 2024Mar 2025Return on Networth / Equity (%)15.1715.3815.8914.0313.56ROCE (%)3.573.383.102.632.62Return On Assets (%)1.761.791.811.581.61Valuation and Other Ratios (Consolidated Annual):RatioMar 2021Mar 2022Mar 2023Mar 2024Mar 2025P/E (x)25.8121.3819.4816.0119.70P/B (x)3.923.303.102.412.68CASA (%)46.0748.1344.3738.1334.74Capital Adequacy Ratios (%)18.7918.9019.2618.8019.55Corporate Actions HDFC Bank announced a special dividend of Rs 5.00 per share (500%) on July 21, 2025, with an effective date of July 25, 2025. Additionally, a final dividend of Rs 22.00 per share (2200%) was announced on April 21, 2025, effective June 27, 2025. The company also announced a bonus issue with a bonus ratio of 1:1, the announcement date was July 19, 2025 and ex-bonus date was August 26, 2025. Shares of HDFC Bank were trading higher in Monday's session, with the stock price at Rs 1,987.00, a 0.66% increase from the previous close."
31 Jul 2025,"Nifty Bank jumps 1.4% from day's low as markets shrug off Trump tariff jitters; ICICI, Kotak Mahindra Bank lead recovery",https://www.moneycontrol.com/news/business/markets/nifty-bank-jumps-1-4-from-day-s-low-as-markets-shrug-off-trump-tariff-jitters-icici-kotak-mahindra-lead-recovery-13357223.html,"'The broader price structure continues to reflect a bullish bias, making dips a buying opportunity for positional traders,' said Hardik Matalia from Choice Equity Broking.",Bank Nifty recovers all losses,"The Nifty Bank index sharply rebounded from day’s low, amid a broad-based recovery in the stock market. This comes as the impact of Trump tariffs gradually faded away from the market. After US President Donald Trump announced 25 percent tariff and a penalty on India, Indian benchmark indices opened in the red with significant losses. However, Sensex and Nifty sharply recovered all losses later. Nifty Bank, which had declined more than 600 points in the morning to hit a low of 55,547, regained more than 750 points (1.4 percent) from that level to swing into the green territory. It is currently up nearly 150 points (0.27 percent) to stand at 56,300. The recovery was led by private banks, with Kotak Mahindra Bank and ICICI Bank leading gains, rising nearly 1 percent each. Axis Bank and Bank of Baroda shares gained more than 0.5 percent each. IDFC First Bank, HDFC Bank, AU Small Finance Bank and State Bank of India were hovering in the green with marginal gains. Punjab National Bank (PNB) shares dropped 2 percent, after weak Q1 results. Federal Bank, IndusInd Bank and Canara Bank shares were hovering in the red with marginal losses. On the technical front, the index has broken key resistance levels suggested by analysts. This may imply strong upside potential for the bank index. ""A sustained move above 56,275 could lead to a rally toward 57,000 and 57,630,"" said Hardik Matalia, Derivative Analyst - Research at Choice Equity Broking Private Limited. ""The broader price structure continues to reflect a bullish bias, making dips a buying opportunity for positional traders,"" he said. Motilal Oswal Wealth Management in its report stated that Bank Nifty's support is at 55,750, and then at 55,500. Resistance was quoted at 56,350, and then at 56,500. ""Now it has to hold above 56,000 zone for a bounce towards 56,350 then 56,500 levels while a hold below the same could see decline towards 55,750 then 55,500 zones,"" it said. US President Donald Trump on July 30 announced 25 percent tariffs and an additional penalty against India ahead of the August 1 deadline. In a post on Truth Social, Trump described India as America's ""friend"" but added that it will face 25 percent tariffs plus a penalty for buying Russian military equipment and oil. The US President reiterated that India has among the ""highest tariffs in the world"". ""Seasoned investors know markets rarely reprice on the headline alone. Beneath the volatility lies a set of divergent sectoral narratives that deserve attention,"" said Bhavik Joshi, Business Head at INVasset PMS."
29 Jul 2025,HDFC Bank shares gain 0.53% in today's session; over 60.8 lakh shares traded,https://www.moneycontrol.com/news/business/stocks/hdfc-bank-shares-gain-0-53-in-today-s-session-over-60-8-lakh-shares-traded-alpha-article-13343267.html,"With the stock's last traded price at Rs 2,019.10, HDFC Bank has seen a 0.53% increase from its previous close in today's session.",,"Shares of HDFC Bank were trading with gains in Tuesday's session, with the stock currently priced at Rs 2,019.10 on the NSE, a 0.53% increase from its previous close as of 1:20 pm. Over 60.8 lakh shares were traded in today's session.HDFC Bank FinancialsHere's a look at the key financial performance indicators for HDFC Bank:Consolidated Quarterly ResultsThe following table presents the consolidated quarterly results for key financial metrics of HDFC Bank.HeadingJun 2025Mar 2025Dec 2024Sep 2024Jun 2024RevenueRs 87,371 CroreRs 86,779 CroreRs 85,040 CroreRs 83,001 CroreRs 81,546 CroreNet ProfitRs 17,090 CroreRs 19,284 CroreRs 18,340 CroreRs 18,627 CroreRs 17,188 CroreEPS21.2324.6223.1123.4021.67The revenue for the quarter ending June 2025 stood at Rs 87,371 Crore, a slight increase compared to Rs 86,779 Crore in the quarter ending March 2025. Net profit for the same period was Rs 17,090 Crore, slightly lower than the Rs 19,284 Crore reported in the previous quarter.Consolidated Annual ResultsThe following table presents the consolidated annual results for key financial metrics of HDFC Bank.Heading20252024202320222021RevenueRs 336,367 CroreRs 283,649 CroreRs 170,754 CroreRs 135,936 CroreRs 128,552 CroreNet ProfitRs 73,440 CroreRs 65,447 CroreRs 46,149 CroreRs 38,151 CroreRs 31,857 CroreEPS92.8190.4282.6468.7757.88BVPS681.88600.77518.73445.99380.59ROE13.5614.0315.8915.3815.17NIM3.473.213.673.643.85The annual revenue for 2025 was Rs 336,367 Crore, up from Rs 283,649 Crore in 2024. The net profit increased from Rs 65,447 Crore in 2024 to Rs 73,440 Crore in 2025.Corporate ActionsHDFC Bank has announced several corporate actions. A special dividend of Rs 5 per share was announced on July 21, 2025, with an effective date of July 25, 2025. Additionally, a final dividend of Rs 22 per share was announced on April 21, 2025, with an effective date of June 27, 2025. The bank also announced a bonus issue on July 19, 2025, with a ratio of 1:1. The ex-bonus date is August 26, 2025, and the record date is August 27, 2025. With the stock's last traded price at Rs 2,019.10, HDFC Bank has seen a 0.53% increase from its previous close in today's session."
28 Jul 2025,Buy HDFC Bank; target of Rs 2300: Motilal Oswal,https://www.moneycontrol.com/news/business/earnings/buy-hdfc-bank-target-of-rs-2300-motilal-oswal-2-13336505.html,"Motilal Oswal is bullish on HDFC Bank has recommended buy rating on the stock with a target price of Rs 2300 in its research report dated July 24, 2025.",BUY,"Motilal Oswal's research report on HDFC Bank HDFC Bank’s (HDFCB) annual report highlights the bank’s focus on sustainable growth over the medium term as it continues to invest in strengthening its physical infrastructure and digital capabilities. The bank highlighted that it focused on taking singles in FY25 with aim to reduce CD ratio as per the regulatory guidance, and it is now well positioned to go for boundaries. After 5% YoY growth in FY25, the bank has suggested to grow inline with the system in current fiscal and higher than the system in FY27E. We estimate HDFCB to deliver loan growth of 10.7%/12.5% in FY26/FY27E. Outlook We estimate HDFCB to deliver FY27E RoA/RoE of 1.9%/14.9%. Reiterate BUY with a TP of INR2,300 (2.6x FY27E ABV + INR283 for subsidiaries). For all recommendations report, click here HDFC Bank_25072025_Motilal Oswal"
25 Jul 2025,Accumulate HDFC Bank; target of Rs 2274: Deven Choksey,https://www.moneycontrol.com/news/business/stocks/accumulate-hdfc-bank-target-of-rs-2274-deven-choksey-13325575.html,"Deven Choksey recommended accumulate rating on HDFC Bank with a target price of Rs 2274 in its research report dated July 25, 2025.",Accumulate,"Deven Choksey's research report on HDFC Bank For Q1FY26, Net interest income (NII) grew by 5.4% YoY (-2.0% QoQ) to INR 314.4 Bn., above our estimates by 4.8%, primarily driven by lower interest expenses on account of decline in cost of funds, reflecting efficient liability management. Pre-provision operating profit (PPoP) rose sharply by 49.6% YoY (+34.7% QoQ) to INR 357.3bn, above our estimates by 43.1%, driven by higher other income, positively impacted by realization of INR 100bn from stake sale in HDF Financial Services. Adjusted for the one-off other income, the PPoP stood at INR 257.3bn, above our estimates by 3.1%. Net profit for grew by 12.2% YoY (+3.1% Qo) to INR 181.6bn, above our estimates by 14.0%, driven by uptick in PPoP led by stake sale income, partially offset by accelerated provisions (~4.5x QoQ and ~4x our estimates). Outlook We HDFC Bank’s standalone business at INR 2,005.0 per share (based on 2.4x FY27E ABV), while we value its stake in the subsidiaries at INR 269.0 per share, implying a SOTP target price of INR 2,274. We reiterate our “ACCUMULATE” rating on the stock. For all recommendations report, click here HDFC BANK - 25072025 - deven"
23 Jul 2025,Buy HDFC Bank; target of Rs 2350: ICICI Securities,https://www.moneycontrol.com/news/business/buy-hdfc-bank-target-of-rs-2350-icici-securities-13312866.html,"ICICI Securities is bullish on HDFC Bank has recommended buy rating on the stock with a target price of Rs 2350 in its research report dated July 20, 2025.",BUY,"ICICI Securities's research report on HDFC Bank HDFC Bank (HDFCB) reported steady Q1FY26 results with PAT of INR 182bn, up 12% YoY, driven by 5% YoY rise in NII. It has utilised one-off gains from HDB stake sale (INR 91bn) and tax credit (INR 11bn) towards floating provisions (INR 90bn) and contingent provisions (INR 17bn). Adjusted RoA was stable at ~1.85%. Opex remains muted despite healthy addition of branches / manpower. Ex-agri, slippages were stable at 1.07% vs 1.02% /1.0% YoY/QoQ. Core NIM declined ~11bps (in line) to 3.35%, though reported was down 19bps. The share of borrowings and LDR continues to improve. Management reiterated its guidance of loan growth rising closer to system for FY26 and above system for FY27. HDFCB remains a beneficiary of sustained surplus systemic liquidity, in our view. Outlook The Board has approved an interim dividend of INR 5 and 1:1 bonus. Maintain BUY with an unchanged TP of INR 2,350. For all recommendations report, click here HDFC Bank_23072025_ICICI Securities"
22 Jul 2025,Buy HDFC Bank; target of Rs 2300: Emkay,https://www.moneycontrol.com/news/business/buy-hdfc-bank-target-of-rs-2300-emkay-13307814.html,"Emkay is bullish on HDFC Bank has recommended buy rating on the stock with a target price of Rs 2300 in its research report dated July 20, 2025.",BUY,"Emkay's research report on HDFC Bank HDFC Bank is gradually stepping up credit growth, although margin slipped by 23bps QoQ from a higher base in 4Q due to swift rate cuts and lower interest on IT refund. The bank registered one-off gains from HDB Fin OFS in the IPO which it prudently utilized to shore-up floating/contingent provision buffer to the tune of Rs107bn, with o/s now at Rs366bn/1.4% of loans; this hence makes the balance sheet (BS) much more resilient. With liquidity improving, HDFCB guides to further accelerate growth in H2FY26, in line with the system, and outpace the system growth in FY27 and thus reduce the growth gap with large peers. This, along with shifting portfolio mix toward retail/SME and substitution of high-cost eHDFCL borrowings with deposits, should drive-up the bank’s margins over FY27-28E and in turn the RoA to 1.9-2%. We retain BUY on HDFCB, Outlook While revising up our TP by ~5% to Rs2,300 (valuing the standalone bank at 2.5x Jun-27E ABV, and subs at Rs250/sh). For all recommendations report, click here HDFC Bank_22072025_Emkay"
22 Jul 2025,"Nifty, Sensex give up gains to trade flat while smallcaps outshine amid cooling volatility",https://www.moneycontrol.com/news/business/markets/nifty-tops-25-100-sensex-sees-strong-open-as-banking-stocks-continue-to-shine-volatility-cools-13306583.html,"Investors and traders will be eyeing a series of factors for further cues, ranging from the ongoing earnings season, trade deal chatter, along with institutional flows. ",The Nifty 50 and Sensex extended their gains for the second consecutive session in trade on July 22.,"The domestic equity markets opened on a positive note buoyed by favourable global cues on Tuesday, July 22, as the market sentiment remains cautiously optimistic. However, the market gave up its early gains to trade flat. At 09:45 a.m., the Sensex was up 87.99 points or 0.11 percent at 82,288.33, and the Nifty was up   20.05 points or 0.08 percent at 25,110.75. About 1786 shares advanced, 629 shares declined, and 137 shares were unchanged. The India VIX index, a measure of volatility and nervousness in the markets, continued to fall, sinking over one percent. Banking stocks retained their shine, with the Bank Nifty gaining following the strong earnings show from index heavyweights ICICI Bank and HDFC Bank. On the sectoral front, the media, metal, and realty indices traded with some gains. On the flip side, there was some selling pressure seen in pharma, IT, and healthcare companies. The broader markets were mixed, as the Nifty Midcap 100 index hovered close to the flatline, while the smallcap gauge Nifty Smallcap 100 outpaced the benchmarks to gain to rise 0.6 percent. Going ahead, the ongoing earnings season is likely to dictate the market momentum, with a slew of stock-specific moves likely. Additionally, the current FPI positioning will also be a key factor in determining the next leg of market momentum. For now, neutral-to-cautious sentiment prevails as traders await confirmation for the next decisive move. Trade deal progress The markets might find some optimism from the India-U.K. trade deal, which is likely to be approved by the Cabinet, according to sources, ahead of Prime Minister Narendra Modi’s upcoming visit to the U.K. and Maldives. PM Modi and U.K. Prime Minister Keir Starmer are expected to formally sign the Free Trade Agreement (FTA) on July 24. On the flip side, the trade deal between India and U.S. has been ruled out before the tariff deadline, August 1. According to sources, US President Donald Trump had proposed a deal similar to those signed with Indonesia and Vietnam. However, talks have stalled as the US insisted on imposing 20 percent tariffs on Indian goods while demanding zero tariffs in return, along with the inclusion of agriculture and dairy in the trade pact. The Indian government has refused to hold any further trade talks for the rest of the month. Jane Street in focus Market regulator the Securities and Exchange Board of India (Sebi) has confirmed through a press release that restrictions have been lifted against Jane Street Group. However, as per Sebi press release, Jane Street entities have been directed to cease and desist from directly or indirectly engaging in any fraudulent, manipulative or unfair trade practice or undertaking any activity, either directly or indirectly, that may be in breach of regulatory norm, including by dealing in securities using any of the patterns identified or alluded to in the interim order. Sebi press release further added that, entities have confirmed that they will comply with this. Global cues Overnight, the S&P 500 and the Nasdaq notched record high closes, lifted by Alphabet and other megacaps ahead of several earnings reports this week, while investors bet on potential trade deals to blunt economic damage from the Trump administration's global tariffs. The S&P 500 climbed 0.14 percent to end the session at 6,305.60 points. The Nasdaq gained 0.38 percent to 20,974.18 points, while the Dow Jones Industrial Average declined 0.04 percent to 44,323.07 points. Asian stocks posted a modest gain with Japanese markets staging a relief rally after Prime Minister Shigeru Ishiba said he would carry on as leader even after the ruling coalition lost its majority in the upper house election. Institutional flows On July 21, Foreign Portfolio Investors (FPIs) were net sellers to the tune of Rs 1,681 crore worth of shares in Indian equities, while domestic institutional investors (DIIs) net bought Rs 3,578 crore worth of shares, according to provisional NSE data. Technical levels For traders, 25,000 and 24,950 will act as key support areas. ""As long as the market is trading above 24,900, the pullback formation is likely to continue. On the upside, this bounce could extend to the 25,255 or 20-day SMA at 25,300. The uptrend could continue further, taking the market to 25,375. On the other hand, a drop below 24,950 would weaken the uptrend,"" said Shrikant Chouhan, Head Equity Research, Kotak Securities. Derivative outlook Derivatives landscape still reflects a bearish bias, though some signs of stability are emerging with put writers increasing their exposure. ""The 25,100 Call has seen aggressive writing, with open interest swelling to 80.41 lakh contracts, establishing it as the immediate resistance zone. Meanwhile, the 25,000 Put has attracted the highest open interest of 85.87 lakh contracts, reinforcing it as a strong near-term support level,"" said Dhupesh Dhameja, Derivatives Research Analyst, SAMCO Securities. Follow our markets blog to catch all the live updates"
21 Jul 2025,Buy HDFC Bank; target of Rs 2300: Motilal Oswal,https://www.moneycontrol.com/news/business/stocks/buy-hdfc-bank-target-of-rs-2300-motilal-oswal-13303273.html,"Motilal Oswal is bullish on HDFC Bank recommended buy rating on the stock with a target price of Rs 2300 in its research report dated July 20, 2025.",Buy,"Motilal Oswal's research report on HDFC Bank HDFC Bank (HDFCB) reported a 1QFY26 profit of INR181.6b (12% YoY growth, 4% beat), aided by tax reversals (tax rate of 15%). NII grew 5% YoY to INR314.4b (3% miss). Margin on total assets contracted 11bp QoQ to 3.35% from 3.46% (adjusted for interest income on IT refund). Other income was INR217.3b, boosted by gains from the stake sale in HDB Financial amounting to INR91.3b. Opex rose 5% YoY to INR174.3 (in line). Provisions spiked to INR144b as the bank made floating provisions of INR90b and contingency provisions of INR17b, prudently utilizing the stake sale gains in its subsidiary HDB Financial and other treasury gains. Fresh slippages stood at INR90b (INR68b ex-agri). The GNPA/NNPA ratios rose 7bp/4bp QoQ to 1.4%/0.5%. PCR stood broadly stable at 66.9%. Outlook We tweak our earnings estimates and project HDFCB to deliver an FY27E RoA/RoE of 1.9%/14.9%. Reiterate BUY with a TP of INR2,300 (premised on 2.6x FY27E ABV + INR284 for subsidiaries). For all recommendations report, click here HDFC Bank - 21072025 - Motilal"
21 Jul 2025,Buy HDFC Bank; target of Rs 2150: Prabhudas Lilladher,https://www.moneycontrol.com/news/business/stocks/buy-hdfc-bank-target-of-rs-2150-prabhudas-lilladher-13301809.html,"Prabhudas Lilladher is bullish on HDFC Bank has recommended buy rating on the stock with a target price of Rs 2150 in its research report dated July 20, 2025.",Buy,"Prabhudas Lilladher's research report on HDFC Bank HDFCB saw stable quarter as core PAT was largely in-line at Rs147bn after adjusting for one-time effects viz. (1) stake sale gains of Rs91.3bn on HDB listing (2) buffer provisions of Rs107bn and (2) lower tax rate at 14.7% pursuant to favorable IT order of Rs11.44bn. Buffer provisions stood at 82bps vs 96bps for ICICIB. As LDR has declined to 95% from 103.5% a year ago, focus is back on shoring up loan growth/CASA. Targeted medium term LDR is 87-90%. Bank is confident of achieving guided loan growth given strong domestic demand and upcoming festive season. For FY26/27E, we are factoring loan growth of 11%/12% YoY with an LDR of 92%/90%. PSLC cost remains a key monitorable. Outlook We maintain multiple of 2.4x on core FY27ABV but raise SOTP based TP to Rs2,150 from Rs2,125 due to increase in valuation of subsidiaries. Retain ‘BUY’. For all recommendations report, click here HDFC Bank - 21072025 - prabhu"
21 Jul 2025,"HDFC Bank shares gain as profit grows 12%, but NIMs slip; should you buy, sell, or hold?",https://www.moneycontrol.com/news/business/earnings/hdfc-bank-shares-in-focus-as-profit-grows-12-nims-slip-should-you-buy-sell-or-hold-13300927.html,"HDFC Bank guided that it would accelerate growth in the second half of FY26, in line with the system, and outpace the system growth in FY27. ","HDFC Bank posted a  standalone net profit at Rs 18,155 crore in Q1.","India's largest private lender HDFC Bank's shares were in the green on Monday, July 21, after reporting a 12 percent jump in net profit for the quarter ended June 30, 2025. Brokerages rushed to hike their target prices on the bank, expecting stronger growth in the second half of the current fiscal year. HDFC Bank posted a standalone net profit of Rs 18,155 crore for the quarter ended June 2025, marking a 12 percent rise from Rs 16,175 crore in the same period last year. Interest income for the quarter came in at Rs 77,470 crore, reflecting a 6 percent increase over the previous year. Net interest income (NII) for the quarter stood at Rs 31,438 crore, up 5.4 percent year-on-year. The bank’s core net interest margin (NIM) slipped to 3.35 percent from 3.46 percent in the March quarter, as deposit costs rose faster than yields on assets. Total operating expenses grew 4.9 percent year-on-year to Rs 17,434 crore, including Rs 6,158 crore in employee costs and Rs 11,276 crore under other overheads. At 9.16 a.m., shares of the bank were quoting Rs 1,993.2, higher by 1.8 percent on the NSE. Should you buy, sell, or hold shares of HDFC Bank? Given a fortified buffer of provisions, which is a traditional strength of HDFC Bank, likely pickup in growth and stability in NIM in H2, Nuvama Institutional Equities reiterated its 'buy' rating, with an increased target price of Rs 2,270, from Rs 2,195 earlier. Following the list of HDFC Bank's subsidiary HDB Financial Services, the bank registered one-off gains which it prudently utilized to shore-up floating/contingent provision buffer to the tune of Rs 10,700 crore, noted Emkay Global, making its balance sheet much more resilient. ""With liquidity improving, HDFC Bank guides to further accelerate growth in H2FY26, in line with the system, and outpace the system growth in FY27 and thus reduce the growth gap with large peers,"" added the brokerage. It maintained its 'buy' call; hiked the target price to Rs 2,300 per share. HDFC Bank posted a steady quarter with a slight earnings beat due to tax reversals. The NIMs contracted 11 bps QoQ and is expected to moderate further in 2Q due to the rate cut impact, according to Motilal Oswal. ""Business growth aligns with the bank’s strategy to reduce the C/D ratio consistently, though the bank indicated it would improve its credit growth trajectory moving forward,"" added the brokerage, maintaining its Rs 2,300 price target and 'buy' rating. Follow our market blog to catch all the live updates"
21 Jul 2025,"Stocks to Watch Today: RIL, HDFC Bank, ICICI Bank, JSW Steel, IDFC First Bank, Dr Reddys Labs, IRCON, Sona Comstar, Anthem Biosciences in focus on 21 July",https://www.moneycontrol.com/news/business/markets/stocks-to-watch-today-ril-hdfc-bank-icici-bank-jsw-steel-idfc-first-bank-dr-reddys-labs-ircon-sona-comstar-anthem-biosciences-in-focus-on-21-july-13300135.html,"Stocks to Watch, 21 July: Stocks like Reliance Industries, HDFC Bank, ICICI Bank, JSW Steel, IDFC First Bank, Dr Reddy's Laboratories, IRCON International, Sona BLW Precision Forgings, Anthem Biosciences, and Spunweb Nonwoven will be in focus on July 21.","Stocks to Watch Today, 21 July","Let's catch up on the latest news from the stock market. From significant investments to major deals, quarterly earnings, appointments, order wins and acquisitions, here’s a quick look at which stocks will be in focus in today's trade: Results Today UltraTech Cement, Eternal, Havells India, IDBI Bank, Andhra Cements, CIE Automotive India, CRISIL, Dhanlaxmi Bank, Dodla Dairy, Mahindra Logistics, Oberoi Realty, Parag Milk Foods, PNB Housing Finance, and UCO Bank will release their quarterly earnings on July 21. Quarterly Earnings Reliance Industries Q1 (Consolidated YoY) Profit surges 76.5% to Rs 30,783 crore Vs Rs 17,445 crore Other income zooms to Rs 15,119 crore Vs Rs 3,983 crore Revenue rises 6% to Rs 2.73 lakh crore Vs Rs 2.57 lakh crore EBITDA grows 35.7% to Rs 58,024 crore Vs Rs 42,748 crore EBITDA margin expands 460 bps to 21.2% Vs 16.6% Other income includes Rs 8,924 crore profit from sale of listed investments Jio Platforms Q1 (Consolidated YoY) Revenue jumps 18.8% to Rs 41,054 crore Vs Rs 34,548 crore Profit soars 24.9% to Rs 7,110 crore Vs Rs 5,698 crore EBITDA zooms 23.9% to Rs 18,135 crore Vs Rs 14,638 crore EBITDA margin expands 210 bps to 51.8% Vs 49.7% ARPU rises 14.9% to Rs 208.8 Vs 181.7 HDFC Bank Q1 (Standalone YoY) Profit soars 12.2% to Rs 18,155.2 crore Vs Rs 16,174.8 crore Net interest income rises 5.4% to Rs 31,438 crore Vs Rs 29,837.1 crore Other income doubles to Rs 21,729.8 crore Vs Rs 10,668.1 crore Provisions & contingencies zoom 455% to Rs 14,441.6 crore Vs Rs 2,602 crore Tax expenses drop sharply to Rs 3,137.1 crore Vs Rs 5,107.8 crore Gross NPA increases to 1.40% Vs 1.33% (QoQ) Net NPA rises to 0.47% Vs 0.43% (QoQ) Board approves issuance of bonus equity share in 1:1 ratio Board approves special interim dividend of Rs 5 per share ICICI Bank Q1 (Standalone YoY) Profit soars 15.5% to Rs 12,768.2 crore Vs Rs 11,059.1 crore Net interest income grows 10.6% to Rs 21,634.5 crore Vs Rs 19,552.9 crore Provisions and contingencies zooms 36.2% to Rs 1,814.6 crore Vs Rs 1,332.2 crore Net NPA rises to 0.41% Vs 0.39% (QoQ) Gross NPA flat at 1.67% (QoQ) JSW Steel Q1 (Consolidated YoY) Profit surges 158.5% to Rs 2,184 crore Vs Rs 845 crore Revenue increases 0.5% to Rs 43,147 crore Vs Rs 42,943 crore EBITDA soars 37.5% to Rs 7,576 crore Vs Rs 5,510 crore Margin expands to 17.6% Vs 12.8% Company enters into Share Purchase Agreement to acquire 100% stake in Saffron Resources for Rs 679.34 crore Company to acquire additional 24.9% stake in joint venture JSW Severfield Structures from Severfield Mauritius for Rs 235.10 crore Union Bank of India Q1 (Standalone YoY) Profit grows 11.9% to Rs 4,115.5 crore Vs Rs 3,678.9 crore Net interest income falls 3.2% to Rs 9,112.6 crore Vs Rs 9,412.1 crore Provisions & contingencies plunge 39.6% to Rs 1,664.5 crore Vs Rs 2,755.8 crore Gross NPA falls to 3.52% Vs 3.60% (QoQ) Net NPA declines to 0.62% Vs 0.63% (QoQ) India Cements Q1 (Consolidated YoY) Loss stands at Rs 131.4 crore Vs profit of Rs 71.3 crore Revenue declines 0.2% to Rs 1,024.7 crore Vs Rs 1,026.8 crore AU Small Finance Bank Q1 (YoY) Profit grows 15.6% to Rs 580.9 crore Vs Rs 502.6 crore Net interest income increases 6.5% to Rs 2,044.7 crore Vs Rs 1,920.6 crore Provisions & contingencies zoom 88.5% to Rs 533.3 crore Vs Rs 282.8 crore Gross NPA rises to 2.47% Vs 2.28% (QoQ) Net NPA soars to 0.88% Vs 0.74% (QoQ) Punjab & Sind Bank Q1 (YoY) Profit jumps 48.3% to Rs 269.2 crore Vs Rs 181.5 crore Net interest income increases 5.9% to Rs 900.4 crore Vs Rs 850 crore Provisions & contingencies spike 110% to Rs 217.1 crore Vs Rs 103.4 crore Gross NPA falls to 3.34% Vs 3.38% (QoQ) Net NPA declines to 0.91% Vs 0.96% (QoQ) Bandhan Bank Q1 (YoY) Profit sinks 65% to Rs 372 crore Vs Rs 1,063.5 crore Net interest income drops 7.7% to Rs 2,757.2 crore Vs Rs 2,986.7 crore Provisions & contingencies soar 119.3% to Rs 1,146.9 crore Vs Rs 523 crore Gross NPA jumps to 4.96% Vs 4.71% (QoQ) Net NPA rises to 1.36% Vs 1.28% (QoQ) Reliance Power Q1 (Consolidated YoY) Profit stands at Rs 44.7 crore Vs loss of Rs 97.9 crore Revenue falls 5.4% to Rs 1,885.6 crore Vs Rs 1,992.2 crore Central Bank Of India Q1 (Standalone YoY) Profit jumps 32.8% to Rs 1,168.7 crore Vs Rs 879.9 crore Net interest income declines 4.6% to Rs 3,383.3 crore Vs Rs 3,547.7 crore Provisions & contingencies plunge 56.2% to Rs 521.1 crore Vs Rs 1,190.9 crore Gross NPA falls to 3.13% Vs 3.18% (QoQ) Net NPA drops to 0.49% Vs 0.55% (QoQ) JK Cement Q1 (Consolidated YoY) Profit zooms 75.4% to Rs 324.3 crore Vs Rs 184.8 crore Revenue grows 19.4% to Rs 3,352.5 crore Vs Rs 2,807.6 crore Board approves expansion by setting up 0.6 MTPA white cement based wall putty plant near Nathdwara, Rajasthan at investment of Rs 195 crore RBL Bank Q1 (Standalone YoY) Profit sinks 46% to Rs 200 crore Vs Rs 372 crore Net interest income falls 13% to Rs 1,481 crore Vs Rs 1,700 crore Provisions & contingencies grow 20.8% to Rs 442.3 crore Vs Rs 366.3 crore Pre-provision operating profit declines 18.2% to Rs 703 crore Vs Rs 859 crore Net NPA rises to 0.45% Vs 0.29% (QoQ) Gross NPA expands to 2.78% Vs 2.60% Yes Bank Q1 (Standalone YoY) Profit zooms 59.4% to Rs 801 crore Vs Rs 502 crore Net interest income grows 5.7% to Rs 2,371 crore Vs Rs 2,244 crore Provisions & contingencies jump 34.1% to Rs 284 crore Vs Rs 212 crore Other income surges 46.1% to Rs 1,752 crore Vs Rs 1,199 crore Operating profit soars 53.4% to Rs 1,358 crore Vs Rs 885 crore Gross NPA remains unchanged at 1.6% (QoQ) Net NPA flat at 0.3% (QoQ) L&T Finance Q1 (Consolidated YoY) Profit rises 2.3% to Rs 701.1 crore Vs Rs 685.5 crore Revenue jumps 12.6% to Rs 4,259.4 crore Vs Rs 3,784.4 crore Net interest income grows 8.4% to Rs 2,278.8 crore Vs Rs 2,101.2 crore Mangalore Refinery and Petrochemicals Q1 (Consolidated YoY) Loss stands at Rs 270.7 crore Vs profit of Rs 73.2 crore Revenue declines 25.3% to Rs 17,356.2 crore Vs Rs 23,247 crore Mastek Q1 (Consolidated YoY) Profit soars 28.7% to Rs 92.1 crore Vs Rs 71.5 crore Revenue increases 12.5% to Rs 914.7 crore Vs Rs 812.9 crore Hatsun Agro Product Q1 (Consolidated YoY) Profit rises 3.6% to Rs 135.2 crore Vs Rs 130.5 crore Revenue grows 9.1% to Rs 2,590.3 crore Vs Rs 2,375 crore Board recommends dividend of Rs 6 per share Aarti Drugs Q1 (Consolidated YoY) Profit zooms 62.2% to Rs 53.9 crore Vs Rs 33.2 crore Revenue increases 6.3% to Rs 590.5 crore Vs Rs 555.3 crore IndiaMART InterMESH Q1 (Consolidated YoY) Profit spikes 34.8% to Rs 153.5 crore Vs Rs 113.9 crore Revenue rises 12.3% to Rs 372.1 crore Vs Rs 331.3 crore Stocks to Watch Dr Reddy's Laboratories The United States Food & Drug Administration (USFDA) completed a GMP and Pre-Approval Inspection (PAI) at the company’s formulations manufacturing facility FTO 11 in Srikakulam, Andhra Pradesh, and issued a Form 483 with 7 observations. The inspection was conducted between July 10 and 18. IDFC First Bank Currant Sea Investments B.V., an affiliate of global private equity major Warburg Pincus, has received RBI approval for its proposed investment of up to 9.99% in IDFC First Bank. Sona BLW Precision Forgings Sona Comstar has signed a binding term sheet with China-based Jinnaite Machinery Co. to establish a joint venture (JV) company in China. The JV will manufacture and supply driveline systems and components to automotive OEMs in China and globally. Sona Comstar will invest $12 million, while Jinnaite Machinery will contribute $8 million in the first phase of the joint venture. IRCON International IRCON has received a Letter of Award for a project worth Rs 755.8 crore from Rail Vikas Nigam. The company participated in the project through a JV with JPWIPL in a 70:30 ratio. Additionally, IRCON received a Letter of Acceptance for two work orders from MMRDA for the Mumbai Metro Rail Project. TVS Supply Chain Solutions The company's subsidiary, TVS Logistics Investment UK (TVS LIUK), has acquired an additional 30% equity stake in its subsidiary TVS Autoserv GmbH. As a result, TVS LIUK now holds an 81% stake in TVS Autoserv GmbH. Godrej Properties The company has appointed Amitesh Shah as the Zonal CEO – MMR, effective July 19, replacing Priyansh Kapoor, who resigned effective July 18. Additionally, Sandeep Navlakhe has been appointed as Chief Operating Officer, effective August 1, replacing Vikas Singhal, who resigned effective July 31. Firstsource Solutions The RP-Sanjiv Goenka Group company has signed an agreement to acquire Pastdue Credit Solutions, a UK-headquartered debt-collection business serving many of the UK’s market-leading companies. The acquisition is subject to approval by the Financial Conduct Authority (FCA). Bulk Deals AWL Agri Business Adani Commodities LLP has exited AWL Agri Business by selling its entire 13.54 crore shares worth Rs 3,732.5 crore to several domestic and global institutional investors. These include Duro India Opportunities Fund, IDFC Mutual Fund, Bandhan MF, Jupiter India Fund, Morgan Stanley, Quant MF, Shajaeatan Investment FZCO, and Vanguard Funds, at a price of Rs 275.5 per share. Mainboard Listing on July 21 Anthem Biosciences SME Listing on July 21 Spunweb Nonwoven Stocks Trade Ex-Dividend Shree CementAnupam Rasayan IndiaAcceleratebs IndiaOCCLOrient BellThangamayil JewelleryWindlas Biotech Stock Trades Ex-Bonus Focus Business Solution Stocks in F&O ban Bandhan BankAngel OneHindustan CopperRBL Bank"
16 Jul 2025,HDFC Bank to consider its first-ever bonus issue of shares on July 19,https://www.moneycontrol.com/news/business/markets/hdfc-bank-to-consider-its-first-ever-bonus-issue-of-shares-on-july-19-13283617.html,"Along with the bonus issue of shares, HDFC Bank will also consider a special interim dividend for its shareholders for the ongoing financial year 2026.",HDFC Bank,"HDFC Bank will consider a bonus issue of shares at its board meeting on July 19, India's largest private lender said on July 16. If approved, this would be the first such move by the Mumbai-based bank. Along with the bonus issue of shares, HDFC Bank will also consider a special interim dividend for its shareholders for the ongoing financial year 2026, the lender said in its exchange filing. The record date set to determine the eligibility of the shareholders set to receive the prospective bonus shares and special dividend is yet to be announced. After its board meeting, the private lender will announce its results for the first quarter of the financial year 2026. The earlier corporate action taken by the company apart from dividend announcement included stock splits in 2019 and 2011. The shares of the private lender have rallied over 21 percent in the past six months, and nearly 4 percent in the past one month. HDFC Bank shares were trading in the green with marginal gains at Rs 2,005 apiece in the morning. The stock has gained over 12 percent in 2025 so far. HDFC Bank recently sold 13.51 crore shares worth Rs 9,814 crore of its subsidiary HDB Financial which recently made a decent debut on the stock markets. After the stake sale, the private lender now holds 74.19 percent stake in the NBFC. Earlier in April, HDFC Bank had reported a standalone net profit of Rs 17,616 crore for the fourth quarter of the previous financial year, 2025. This marked a 6.7 percent rise from the net profit reported in the year-ago period, surpassing Street expectations. Gross non-performing asset (NPA) ratio of the bank shrunk to 1.33 percent as on March 31, 2025, as compared to 1.42 percent as on December 31, 2024. However, it expanded from 1.24 percent a year ago. Similarly, Net NPA ratio of the bank stood at 0.43 percent in Q4 FY25, as compared to 0.46 percent in Q3 FY25 and 0.33 percent in Q4 FY24. Also read: Our LIVE blog on stock market updates"
16 Jul 2025,"HDFC Bank to Consider Special Interim Dividend, Bonus Issue on July 19, Along With Q1 Results",https://www.moneycontrol.com/news/business/markets/hdfc-bank-to-consider-special-interim-dividend-bonus-issue-on-july-19-along-with-q1-results-alpha-article-13283486.html,HDFC Bank to Consider Special Interim Dividend and Bonus Issue on July 19,"HDFC Bank to Consider Special Interim Dividend, Bonus Issue on July 19, Along With Q1 Results","HDFC Bank's board of directors will consider declaring a special interim dividend and issuing bonus shares at its meeting on July 19, 2025. The board will also review and approve the unaudited standalone and consolidated financial results for the quarter ended June 30, 2025.Board Meeting AgendaParticularsDetailsMeeting DateJuly 19, 2025AgendaConsider and approve Q1 FY26 financial results, declare special interim dividend, and issue bonus sharesKey DecisionsThe board will consider the declaration of a special interim dividend on the equity shares of the bank for the financial year 2025-26. Additionally, the board will deliberate on the issuance of bonus shares, subject to shareholder approval.Strategic ImplicationsThe declaration of a special interim dividend and the potential issuance of bonus shares could enhance shareholder value and reflect the bank's strong financial performance. These decisions are subject to board approval and regulatory compliance.Additional ContextThe announcement was made in compliance with Regulation 29 of the SEBI (Listing Obligations and Disclosure Requirements) Regulations, 2015. The trading window for the bank's securities is closed until July 21, 2025, for designated employees and their immediate relatives, as per the bank's share dealing code. "
15 Jul 2025,"HDFC Bank Q1 Net Profit seen up 1.5% YoY to Rs. 16,422.2 cr: Prabhudas Lilladher",https://www.moneycontrol.com/news/business/earnings/hdfc-bank-q1-net-profit-seen-up-1-5-yoy-to-rs-16-422-2-cr-prabhudas-lilladher-13280528.html,"Net Interest Income (NII) is expected to increase by 5.3 percent Y-o-Y (up 0.2 percent Q-o-Q) to Rs. 31,430.6 crore, according to Prabhudas Lilladher.",HDFC Bank,"Prabhudas Lilladher has come out with its first quarter (April - June’ 26) earnings estimates for the Banking sector. The brokerage house expects HDFC Bank to report net profitat Rs. 16,422.2 crore up 1.5% year-on-year (down 2.9% quarter-on-quarter). Net Interest Income (NII) is expected to increase by 5.3 percent Y-o-Y (up 0.2 percent Q-o-Q) to Rs. 31,430.6 crore, according to Prabhudas Lilladher. Pre Provision Operating Profit (PPOP) is likely to rise by 4.2% Y-o-Y (down 3.6 percent Q-o-Q) to Rs. 24,897 crore. Prabhudas_Banking"
14 Jul 2025,HDFC Bank’s MD and CEO Sashidhar Jagdishan's FY25 pay package rises 12% to Rs 12.08 crore,https://www.moneycontrol.com/news/business/hdfc-banks-md-and-ceo-sashidhar-jagdishans-fy25-pay-package-rises-12-to-rs-12-08-crore-13276793.html,"Jagdishan's pay package includes basic salary of Rs 3.09 crore, allowances and perquisites of Rs 3.46 crore and performance bonus amounting to Rs 4.67 crore. Kaizad Bharucha, Deputy Managing Director of the bank was paid Rs 11.01 crore in FY25.",HDFC Bank,"The annual pay package of HDFC Bank's managing director and chief executive officer Sashidhar Jagdishan rose by around 12 percent to Rs 12.08 crore during financial year 2024-25, as against an annual remuneration of Rs 10.79 crore a year ago, according to the annual report. As per the annual report, Jagdishan's pay package includes basic salary of Rs 3.09 crore, allowances and perquisites of Rs 3.46 crore and performance bonus amounting to Rs 4.67 crore. HDFC Bank's CEO was paid 50 percent of the cash variable pay for the Performance Year 2023-24 (total cash variable pay approved by RBI was Rs 5.25 crore), or Rs 2.63 crore. This is in accordance with RBI's guidelines and was paid in January 2025, as per the annual report. Meanwhile, Kaizad Bharucha, the deputy managing director of the bank was paid Rs 11.01 crore in FY25 as compared to Rs 11.13 crore in FY24. Bharucha's basic salary, allowances and perquisites, and performance bonus as on March 31, 2025 were at Rs 2.81 crore, Rs 3.25 crore and Rs 4.19 crore respectively. Bharucha was granted a total quantum of 1.30 lakh employee stock options on May 10, 2025 for the performance year 2023-24. The annual report added that 4.77 lakh employee stock options were granted for the period 2020-2023, i.e. for the period before his appointment as an Executive Director of the bank and as a one-time grant for his performance as an Executive Director of HDFC Limited (i.e. prior to the amalgamation of HDFC Limited with and into the Bank w.e.f July 1, 2023.), and 1.26 lakh ESOPs were granted for the performance year 2023-24."
08 Jul 2025,HDFC Bank Opens Special Window for Physical Share Transfer Re-lodgement,https://www.moneycontrol.com/news/business/markets/hdfc-bank-opens-special-window-for-physical-share-transfer-re-lodgement-alpha-article-13243746.html,HDFC Bank Opens Special Window for Physical Share Transfer Re-lodgement,HDFC Bank,"HDFC Bank Limited has announced the opening of a special six-month window for the re-lodgement of transfer requests for physical shares. This initiative, effective from July 7, 2025, to January 6, 2026, aims to facilitate investors whose transfer deeds, lodged prior to April 1, 2019, were previously rejected, returned, or not attended to due to various deficiencies in documents, process, or other reasons. This move is in compliance with SEBI Circular No. SEBI/HO/MIRSD/MIRSD-POD/P/CIR/2025/97 dated July 2, 2025, providing a crucial opportunity for shareholders to regularize their physical shareholdings.Special Window for Physical Share Transfer Re-lodgementParticularsDetailsCompanyHDFC Bank LimitedAction TypeSpecial Window for Re-lodgement of Physical Share Transfer RequestsWindow Start DateJuly 7, 2025Window End DateJanuary 6, 2026DurationSix monthsApplicabilityTransfer deeds lodged prior to April 1, 2019, which were rejected, returned, or unattended due to deficiencies.Previous Missed DeadlineMarch 31, 2021Regulatory BasisSEBI Circular No. SEBI/HO/MIRSD/MIRSD-POD/P/CIR/2025/97 dated July 2, 2025Submission AgentDatamatics Business Solutions LimitedSubmission AddressPlot Nos. A 16 & 17, Part B Cross Lane, MIDC, Andheri East, Mumbai 400093Action DetailsThe special window has been opened specifically to address a long-standing issue for a segment of investors holding physical shares. Many transfer requests for physical shares, particularly those lodged before April 1, 2019, faced rejection or remained unprocessed due to various reasons, including incomplete documentation, procedural errors, or other discrepancies. This new six-month period, from July 7, 2025, to January 6, 2026, provides a dedicated channel for these shareholders to resubmit their transfer requests. The initiative underscores HDFC Bank's commitment to facilitating shareholder convenience and ensuring compliance with regulatory directives aimed at streamlining the share transfer process.Process and TimelineShareholders wishing to utilize this special window must submit their necessary documents to the Bank's Registrar and Transfer Agent (RTA), Datamatics Business Solutions Limited. The RTA's office is located at Plot Nos. A 16 & 17, Part B Cross Lane, MIDC, Andheri East, Mumbai 400093. It is crucial for investors to ensure that all required documents are furnished accurately and completely to avoid further delays. This facility is particularly beneficial for those investors who missed the earlier deadline of March 31, 2021, for similar re-lodgement opportunities. The six-month duration provides ample time for eligible shareholders to gather and submit their paperwork, ensuring that their physical share transfer issues can finally be resolved. The bank encourages all affected investors to take full advantage of this limited-time opportunity.Shareholder ImpactThis special window is a significant positive development for shareholders who have been grappling with unresolved physical share transfer issues. For many years, the Indian securities market has been transitioning towards a fully dematerialized environment, making physical share transfers increasingly challenging. This initiative by HDFC Bank, in line with SEBI's guidelines, offers a lifeline to those whose transfer requests were previously stuck. By successfully re-lodging and processing these transfers, shareholders will gain clear title to their shares, which can then be dematerialized. Dematerialization enhances liquidity, reduces the risk of theft or loss of physical certificates, and simplifies future transactions such as buying, selling, or pledging shares. It also ensures that shareholders receive corporate benefits like dividends and bonus shares directly and efficiently. This move is expected to bring relief and clarity to a segment of the investor base that has faced difficulties in managing their physical shareholdings.Regulatory ContextThe opening of this special window is a direct consequence of SEBI's ongoing efforts to enhance investor protection and streamline the securities market. SEBI Circular No. SEBI/HO/MIRSD/MIRSD-POD/P/CIR/2025/97, dated July 2, 2025, reflects the regulator's commitment to addressing legacy issues related to physical shares. Historically, SEBI has mandated the dematerialization of shares for various corporate actions and has set deadlines for physical share transfers. This specific circular and the subsequent action by HDFC Bank provide a final opportunity for investors to comply with these regulations and transition their holdings into the electronic format. Such regulatory interventions are vital for maintaining the integrity and efficiency of the capital markets, ensuring that all shareholders, regardless of their holding format, can participate seamlessly and securely."
08 Jul 2025,"HDFC Bank shares trade higher; touches day's high of Rs 1,994.90",https://www.moneycontrol.com/news/business/stocks/hdfc-bank-shares-trade-higher-touches-days-high-of-rs-1994-90-alpha-article-13241800.html,"With the stock's last traded price at Rs 1,991.60, HDFC Bank has seen positive movement in today's session.",,"Shares of HDFC Bank were trading with positive momentum in Tuesday's session, with the stock currently priced at Rs 1,991.60, a gain of 0.21% from the previous close, as of 12:40 pm. The stock touched a day's high of Rs 1,994.90 and a low of Rs 1,977.00. HDFC Bank Financial Performance HDFC Bank's financial performance reveals consistent growth across key metrics. The consolidated revenue for the quarter-ending March 2025 stood at Rs 86,779 Crore, compared to Rs 79,433 Crore in March 2024. Net profit for the same period was Rs 19,284 Crore, up from Rs 18,012 Crore year-over-year. The Earnings Per Share (EPS) also increased from Rs 23.20 to Rs 24.62. The following table summarizes the quarterly consolidated financial performance:HeadingMar 2024Jun 2024Sep 2024Dec 2024Mar 2025RevenueRs 79,433 CroreRs 81,546 CroreRs 83,001 CroreRs 85,040 CroreRs 86,779 CroreNet ProfitRs 18,012 CroreRs 17,188 CroreRs 18,627 CroreRs 18,340 CroreRs 19,284 CroreEPS23.2021.6723.4023.1124.62 The consolidated yearly financial performance shows a significant increase in revenue from Rs 283,649 Crore in 2024 to Rs 336,367 Crore in 2025. Net profit also rose from Rs 65,447 Crore in 2024 to Rs 73,440 Crore in 2025. EPS increased to Rs 92.81 in 2025 from Rs 90.42 in 2024. Book Value Per Share (BVPS) increased to Rs 681.88 in 2025 from Rs 600.77 in 2024. The Net Interest Margin (NIM) increased to 3.47 in 2025 from 3.21 in 2024. The following table summarizes the yearly consolidated financial performance:Heading20212022202320242025RevenueRs 128,552 CroreRs 135,936 CroreRs 170,754 CroreRs 283,649 CroreRs 336,367 CroreNet ProfitRs 31,857 CroreRs 38,151 CroreRs 46,149 CroreRs 65,447 CroreRs 73,440 CroreEPS57.8868.7782.6490.4292.81BVPS380.59445.99518.73600.77681.88ROE15.1715.3815.8914.0313.56NIM3.853.643.673.213.47 The basic EPS (Rs.) as of March 2025 was Rs 92.81, compared to Rs 90.42 in March 2024. The P/E (x) ratio as of March 2025 is 19.70, and the P/B (x) ratio is 2.68. Corporate Actions HDFC Bank announced a final dividend of Rs 22.00 per share on April 21, 2025, with an effective date of June 27, 2025. The company had a stock split on September 19, 2019, where the old face value of Rs 2 was split into a new face value of Rs 1. A Moneycontrol analysis indicates a very bullish sentiment on the stock as of July 8, 2025."
03 Jul 2025,Kotak Mahindra Bank shares drop up to 2% on Macquarie downgrade,https://www.moneycontrol.com/news/business/markets/kotak-mahindra-bank-shares-drop-up-to-2-on-macquarie-downgrade-13222947.html,"Macquarie, in its latest note, downgraded Kotak Mahindra Bank to ‘neutral’ but raised the target price to Rs 2,300.",Kotak Mahindra Bank shares drop up to 2% on Macquarie downgrade,"Shares of Kotak Mahindra Bank fell over 2 percent in Thursday’s trade after global brokerage Macquarie downgraded the stock to ‘neutral’. The scrip slipped as much as 2.1 percent to Rs 2,125.1 apiece on the NSE. The stock has declined 2.36 percent over the last two sessions. Macquarie, in its latest note, downgraded Kotak Mahindra Bank to ‘neutral’ but raised the target price to Rs 2,300, according to CNBC-TV18. The brokerage said margin concerns for banks are temporary and projected a 15 percent CAGR in earnings per share (EPS) over the next three years. It said it prefers large private lenders and sees selective opportunities in NBFCs. Its top picks include HDFC Bank, Axis Bank, Aditya Birla Capital, Power Finance Corporation, Shriram Housing Finance and LIC. Sensex rises 400 pts, Nifty above 25,550: India-US trade deal optimism, other key factors behind market rise Kotak Mahindra Bank was among the top laggards on the Nifty Bank index, which also traded in the red, even as broader headline indices remained positive. Meanwhile, Macquarie upgraded PB Fintech to ‘neutral’ from ‘underperform’ with a revised target price of Rs 1,945 and downgraded IndusInd Bank to ‘underperform’ from ‘outperform’, cutting its target price to Rs 650."
03 Jul 2025,HDFC Bank CEO Sashidhar Jagdishan approaches Supreme Court against Lilavati Trust's FIR,https://www.moneycontrol.com/news/business/hdfc-bank-ceo-sashidhar-jagdishan-approaches-supreme-court-against-lilavati-trust-s-fir-13222474.html,"The FIR filed by Lilavati Medical Trust had accused Jagdishan of accepting a bribe of Rs 2.05 crore from erstwhile trustee Chetan Mehta, for giving him financial advice and helping him to retain control over the Trust's governance.",HDFC Bank CEO Sashidhar Jagdishan,"Private lender HDFC Bank’s Chief Executive Officer and Managing Director Sashidhar Jagdishan has approached the Supreme Court seeking to quash the FIR registered by Lilavati Medical Trust. This comes after three judges in Bombay High Court recused from hearing the matter. According to a LiveLaw report, senior advocate Mukul Rohatgi mentioned the petition before a bench comprising Justices MM Sundresh and K Vinod Chandran, seeking urgent listing tomorrow. The FIR filed by Lilavati Medical Trust had accused Jagdishan of accepting a bribe of Rs 2.05 crore from erstwhile Trustee Chetan Mehta, for giving him financial advice and helping him to retain control over the Trust's governance. The FIR also accused Jagdishan of interfering in internal affairs by misusing his position. Initially, Jagdishan's plea was listed for hearing before a HC division bench of Justices Ajay Gadkari and Rajesh Patil on June 18. However, Justice Patil cited some personal difficulty and recused from hearing the matter, LiveLaw report added. However, HDFC Bank had earlier refuted charges saying the bank and its senior officials are being targeted by unscrupulous persons who are abusing the legal process to thwart the recovery of the long outstanding loan due to the bank from recalcitrant defaulters i.e Splendour Gems Ltd (formerly known as Beautiful Diamonds Ltd). The bank had said it was concerned about its stakeholders and is on the verge of taking strong legal actions as per expert advice, against those who are initiating these baseless allegations with malafide and ulterior motives or involved in propagating the same."
02 Jul 2025,"HDB Financial shares settle at 14% premium on debut day; should you buy, sell or hold?",https://www.moneycontrol.com/news/business/ipo/hdb-financial-ipo-listing-today-hdb-financial-services-shares-list-at-13-premium-over-ipo-price-on-nse-13216740.html,HDB Financial IPO: Experts recommended that allotted investors may hold the stock for a medium to long-term horizon as the company offers significant room for growth.,HDB Financial IPO Listing Today: HDB Financial Services shares list at over 12% premium over IPO price on NSE.,"HDB Financial shares settled nearly 14 percent higher on the debut day on National Stock Exchange (NSE) on Wednesday, July 2. The stock settled at Rs 840.25 per share on the NSE, up 13.55 percent over its issue price. The total market cap of the company on the first day of listing of shares stood at Rs 69,758.27 crore. Earlier in the day, the stock listed at a decent premium of about 13 percent over its IPO price  The listing of the shares of the subsidiary of HDFC Bank was better than the expectations in the grey market which had priced in a 8-10 percent gains on the listing day for the allotted investors. Shares of HDB Financial Services listed at Rs 835 per share on the NSE, a premium of 12.84 percent over its issue price. The Rs 12,500-crore issue had a price band of Rs 700-740 per share. On the BSE too, the shares were listed at Rs 835 apiece, a premium of 12.84 percent. Check All IPO News The IPO of HDB Financial was open for subscription between June 25 and June 27 and saw full subscription by the second day. The issue concluded 16.69 times subscription, with strong interest from institutional investors. HDB Financial shares: Should you buy, sell or hold? On post-listing strategy, Prashanth Tapse, Research Analyst at Mehta Equities advised investors who missed the allotment to consider buying on dips if the stock sees short-term volatility. ""HDB Financial is well-placed for a structural credit upcycle in India and is suitable for investors with a 3-5 year view,"" he said. Narendra Solanki, Head Fundamental Research- Investment Services, Anand Rathi Shares and Stock Brokers, advised that investors may consider holding stock for long-term post listing. HDB Financial shares: How should you trade? The non-banking financial company (NBFC) operates with a diversified loan portfolio, including enterprise, consumer and asset financing. It has a wide presence across India with 1,771 branches and more than 60,000 employees."
02 Jul 2025,"Stocks to Watch Today: HDB Financial, Hero MotoCorp, Sambhv Steel, Lupin, JSW Energy, Asian Paints, RITES, Paras Defence, Maruti Suzuki in focus on 2 July",https://www.moneycontrol.com/news/business/markets/stocks-to-watch-today-hdb-financial-hero-motocorp-sambhv-steel-lupin-jsw-energy-asian-paints-rites-paras-defence-maruti-suzuki-in-focus-on-2-july-13215742.html,"Stocks to Watch, 2 July: Stocks like HDB Financial Services, Hero MotoCorp, Sambhv Steel Tubes, Lupin, JSW Energy, Asian Paints, RITES, Paras Defence and Space Technologies, Maruti Suzuki India, and Hyundai Motor India will be in focus on July 2","Stocks to Watch Today, 2 July","Let's catch up on the latest news from the stock market. From significant investments to major deals, quarterly earnings, order wins, appointments, and acquisitions, here’s a quick look at which stocks will be in focus in today's trade: Q1FY26 Earnings Update (Provisional) V-Mart Retail Q1 Update Total revenue from operations grow 12.6% to Rs 885 crore Vs Rs 786 crore (YoY) Same-store-sales growth (SSSG) at +1% Company opens 15 new stores & closes 2 stores Total number of stores at 510 as of June 2025 Automobile Sales for June Month Hero MotoCorp (YoY) Total sales grow 10% to 5.54 lakh units Vs 5.03 lakh units Domestic sales increase 6.9% to 5.25 lakh units Vs 4.91 lakh units Exports sales zoom 140% to 28,827 units Vs 12,032 units Maruti Suzuki India (YoY) Total sales drop 6.3% to 1.68 lakh units Vs 1.79 lakh units Domestic sales fall 12.2% to 1.30 lakh units Vs 1.48 lakh units Exports grow 21.9% to 37,842 units Vs 31,033 units Total production declines 4.2% to 1.27 lakh units Vs 1.33 lakh units Hyundai Motor India Total monthly sales at 60,924 units Domestic sales at 44,024 units & exports at 16,900 units SUVs contributes 67.6% to company's total domestic sales in June 2025 Stocks to Watch Lupin The company has received approval from the United States Food and Drug Administration (US FDA) for its Abbreviated New Drug Application (ANDA) for Loteprednol Etabonate Ophthalmic Gel, 0.38%. Lupin is the exclusive first-to-file for this product and is eligible for 180 days of generic drug exclusivity. This product is a corticosteroid indicated for the treatment of postoperative inflammation and pain following ocular surgery. RITES The company has received an order worth $3.6 million (CIF) from African Rail Company for the supply of two fully overhauled ALCO locomotives for deployment in Zimbabwe, Mozambique, and Botswana. Additionally, the RITES-Aryan joint venture has received the Letter of Acceptance (LOA) for the Tumakuru Station redevelopment project, worth Rs 37.81 crore, from South Western Railway. The project involves civil works, signalling and telecommunication works, and electrical general services at Tumakuru Station. Exicom Tele-Systems The Board has approved a rights issue of 1.81 crore shares worth Rs 259.41 crore and has fixed the issue price at Rs 143 per share. Further, the Board approved the issuance of 3 rights equity shares for every 20 equity shares held on the record date. The rights issue will open on July 15 and close on July 30. Paras Defence and Space Technologies The company's subsidiary, Paras Anti Drone Technologies, announced that France-based CERBAIR, a leading European counter-UAV company, intends to acquire up to 30 CHIMERA 200 systems—an advanced man-portable radio frequency detection and neutralization device. These systems are designed as a primary defence against drone and swarm drone threats. The deal is worth approximately Rs 22 crore. MOIL The company has increased the prices of all ferro grades of manganese ore and all chemical grades by 2%, effective July 1. Prices of all SMGR (Mn-30% & Mn-25%) and fines grades remain unchanged for July. Asian Paints The Competition Commission of India (CCI) has ordered its Director General (DG) to investigate allegations of abuse of market dominance by paint maker Asian Paints. This investigation follows a complaint raised by Grasim Industries, a new entrant into the paint market through Birla Opus Paints, as per an official order dated July 1. In the complaint, Birla Opus Paints also accused Asian Paints of placing restrictive clauses with its distributors, discouraging them from selling Birla Paints' products. JSW Energy The company’s subsidiary, JSW Renew Energy Thirty Seven, has signed Battery Energy Storage Purchase Agreements (BESPA) with Rajasthan Rajya Vidyut Utpadan Nigam (RVUNL) for a 250 MW / 500 MWh standalone Battery Energy Storage System (BESS). These projects will be developed on a build, own, and operate model in Rajasthan. The BESPA has been signed for a duration of 12 years, with a tariff of Rs 2,24,000 per MW per month. Nazara Technologies The company’s subsidiary, Nodwin Gaming, has completed the acquisition of a 92.30% stake in AFK Gaming from its founders Nishant Patel, Rakesh Ramchandran, Siddharth Nayyar, and other shareholders. Following this acquisition, AFK has become a wholly owned subsidiary of Nodwin and a step-down subsidiary of Nazara Technologies. SBI Cards and Payment Services The company has received a Show Cause Notice from the GST Department, Gurugram, proposing to disallow input tax credit (ITC) of Rs 81.45 crore on account of a mismatch between GSTR-2A and GSTR-3B, and Rs 47.53 lakh on supplies from units whose registrations were cancelled retrospectively or who have not filed GSTR-3B, for the period FY 2018–19 to FY 2020–21. Trident The company has received a Show Cause Notice from CGST, Ludhiana, for alleged tax dues of Rs 51.86 crore along with applicable interest and a penalty equivalent to the tax dues, if any. The notice is based on alleged discrepancies in ITC reconciliation as per GST returns for FY 2018–19 to FY 2020–21 and suppression of outward tax liability due to variance between E-way bills and GST returns. Cyient DLM The Board has appointed Rajendra Velagapudi as Managing Director and Chief Executive Officer (CEO) of the company, effective July 1. He previously served as Managing Director of the company. Sharda Motor Industries Ashwani Maheshwari has been appointed as Deputy Managing Director of the company, effective July 1. Laxmi Organic Industries Keshav Ruthiya has been appointed as Chief Procurement Officer of the company, effective August 1. Additionally, Rajesh Naik has been appointed as President – Manufacturing, effective August 1. He will succeed Prashant Patil and lead the operations function. Karur Vysya Bank The bank has signed an agreement with Kshema General Insurance as an additional bancassurance partner for its non-life insurance business. Godrej Properties Godrej Properties has sold a 2.5% stake in Vivrut Developers to Godrej Ventures and Investment Advisers for Rs 8.63 crore. Bulk Deals Ellenbarrie Industrial Gases Motilal Oswal Mutual Fund has acquired 20.95 lakh shares in the company at a price of Rs 511.10 per share, amounting to Rs 107.08 crore. Kajaria Ceramics JP Morgan Funds has sold 8.85 lakh shares at a price of Rs 1,067.88 per share, valued at Rs 94.5 crore. Raymond Realty Norges Bank, on account of the Government Pension Fund Global, has sold 4.12 lakh shares at a price of Rs 1,005.94 per share, valued at Rs 41.5 crore. Block Deals Bharti Airtel Goldman Sachs (Singapore) Pte – ODI has acquired 1.03 lakh shares in the company from Kadensa Master Fund at a price of Rs 2,009.60 per share. Hindustan Aeronautics Goldman Sachs (Singapore) Pte – ODI has bought 1.05 lakh shares in the company at a price of Rs 4,869.80 per share from Kadensa Master Fund. HDFC Bank Goldman Sachs (Singapore) Pte - ODI has purchased 76,851 shares in the bank at a price of Rs 2,001.50 per share from Kadensa Master Fund. ICICI Bank Goldman Sachs (Singapore) Pte - ODI has acquired 1.27 lakh shares in the bank at a price of Rs 1,445.80 per share from Kadensa Master Fund. Kaynes Technology India Goldman Sachs (Singapore) Pte - ODI has purchased 67,690 shares in the company at a price of Rs 6,095 per share from Kadensa Master Fund. Reliance Industries Goldman Sachs (Singapore) Pte - ODI has bought 7.49 lakh shares in the company at a price of Rs 1,500.60 per share from Kadensa Master Fund. Varun Beverages Goldman Sachs (Singapore) Pte - ODI has purchased 15.25 lakh shares in the company at a price of Rs 457.55 per share from Kadensa Master Fund. Voltas Goldman Sachs (Singapore) Pte - ODI has acquired 3.88 lakh shares in the company at a price of Rs 1,314.10 per share from Kadensa Master Fund. Mainboard Listing on July 2 HDB Financial ServicesSambhv Steel Tubes SME Listing on July 2 Supertech EVSuntech Infra SolutionsRama Telecom New Listing on NSE (already traded on BSE) Piccadily Agro Industries Stocks Trade Ex-Dividend Bharat Seats,Sika Interplant Systems Stock Trades Ex-Date for Resolution Plan-Suspension XL Energy Stock in F&O ban RBL Bank"
27 Jun 2025,"NBFCs speeding up IPO plans, likely to raise over Rs 30,000 crore in FY26: Report",https://www.moneycontrol.com/news/business/ipo/nbfcs-speeding-up-ipo-plans-likely-to-raise-over-rs-30-000-crore-in-fy26-report-13192509.html,"The Rs 12,500-crore IPO of HDB Financial Services is the largest initial public issue by an NBFC in India.",IPO,"Non banking financial companies are expected to speed up their initial public offering (IPO) processes to benefit from easier regulatory norm, lower interest rates, increasingly positive market sentiment and more, The Economic Times reported. Several NBFCs have already received approval from market regulator SEBI. These companies are planning to speed up their listing plans while looking for better market opportunities, the report added. Vehicle and business loan company SK Finance, education loan financers Avanse Financial Services and Credila Financial Services, and MSME loan company Veritas Finance will likely raise a total of Rs 13,500 crore, the report cited bankers as saying. Tata Capital meanwhile is working on an IPO to raise over Rs 17,000 crore. Moneycontrol couldn't independently verify the report. Tata Capital has reportedly received SEBI's nod for its IPO, which is expected to be India's biggest listing this year. The share sale is likely to be launched as early as August this year. The conditions are currently more favourable for IPO-bound NBFCs because of the change in stance, ample liquidity in the banking system and a favourable rate cycle, the report cited ICICI Securities Executive Director Ajay Saraf as saying. Notably, Saraf is one of the bankers appointed to manage the maiden public issues of Tata Capital and SK Finance. RBI's recent move to cut its repo rate by 50 basis points and lower cash reserve ratio (CRR) by 100 bps will help the NBFCs address any funding challenge they faced earlier, the report added. The worst of the NBFC credit cycle is behind us, the report quoted Shreepal Doshi, lead analyst on NBFCs at Equirus Securities, as saying. Doshi added that the elevated credit costs which were seen in 2024 are now easing, hence it is fair to expect some capital raising by the NBFCs in the second and third quarter onwards. Notably, the 12,500-crore IPO of HDFC Bank's subsidiary HDB Financial Services is set to close today for public bidding. The IPO, which the largest by an NBFC in India, comprises a fresh issue of Rs 2,500 crore, and an offer for sale (OFS) of Rs 10,000 crore by parent company HDFC Bank, which holds 94.3 percent stake in the NBFC."
27 Jun 2025,"Nifty Bank hits new all-time high again, tops 57,400 for the first time ever",https://www.moneycontrol.com/news/business/markets/nifty-bank-hits-new-all-time-high-again-today-tops-57-300-for-the-first-time-ever-psu-stocks-shine-13189670.html,"Analysts however expect the bullish rally to continue, with Bank Nifty hitting further highs.",Bank Nifty hits fresh lifetime high,"Bank stocks extended gains on June 27, pushing the Nifty Bank index to a fresh all-time high level. The bank index has crossed 57,400-mark for the first time ever. The index hit a lifetime high of 57,414.95, breaking its previous record of 57,387.95 which was set just hours ago. The index has now extended gains for the fourth consecutive session. Bank of Baroda and ICICI Bank shares gained over 1 percent each, while IDFC First Bank, State Bank of India (SBI) and HDFC Bank shares gained over 0.8 percent each. Punjab National Bank (PNB) and Canara Bank shares were trading with marginal gains. IndusInd Bank shares gained over 3 percent after report claimed that Axis Bank's Rajiv Anand is a strong candidate for its CEO position. Axis Bank, Kotak Mahindra Bank, Federal Bank and AU Small Finance Bank shares were trading in the red. Will Nifty Bank cross 58,000 soon? Analysts however expect the bullish rally to continue, with Bank Nifty hitting further highs. ""Overall, I expect Bank Nifty to cross 58,000 over next 2-3 weeks. If it holds above 56,250, looks for an upside target of 57,050 today. I am expecting momentum in both Nifty and Bank Nifty post this expiry,"" said Chandan Taparia, Senior Vice President, Head - Derivatives & Technical Research, Motilal Oswal. What led to the rally? Ajay Bagga, Independent Analyst, meanwhile held India's macroeconomic indicators as key to the index's growth. ""Given the manifold actions by RBI, which has cut rates, injected ample liquidity into the money markets, has been pragmatic in undertaking macro prudential easing and has been providing regulatory relief, banks are poised to benefit in the next few quarters. India's robust macro, tailwinds from a good monsoon, income tax relief injecting some purchasing power in the pockets of the middle class and falling inflation all have created a good backdrop for credit growth,"" he said. Bhavik Joshi, Business Head at INVasset PMS, cited the liquidity-driven shift in the Indian financial ecosystem as a key factor behind the surge in Bank Nifty. ""The Reserve Bank of India has been at the forefront, executing a series of bold monetary actions to stimulate the economy. These include a total of 100 bps in repo rate cuts this year (25 bps each in February and April, followed by 50 bps in June), alongside a 100 bps CRR reduction. Most notably, the RBI recently conducted a $10 billion (₹87,000 crore) 3-year USD/INR swap, injecting long-term liquidity into the system,"" he said. ""Bank Nifty's leadership in 2025 is a reflection of this macro transformation. It’s not just a stock index hitting highs—it’s the financial heartbeat of a growing economy, powered by a central bank committed to supporting India’s next phase of expansion,"" he added. Sunny Agrawal of SBI Securities highlighted the surge in HDFC Bank and ICICI Bank's shares as a significant driver of the surge in the bank index. ""HDFC Bank and ICICI Bank account for approximately 50% of the Bank Nifty weight and today we have seen HDFC Bank hitting life high thereby pulling the entire index up. Moreover, ICICI Bank is also trading very close to its life highs. Overall, banks are well placed to enjoy better credit growth, on the back of recent drop in repo rate, albeit, NIMs may come under pressure during 1QFY26 and then gradually improving during FY26, with strong exit in 4QFY26,"" he said. Bank Nifty has been outperforming the Nifty 50 index since the beginning of 2025, posting gains of nearly 12 percent compared to the benchmark's 8 percent gain, said Ravi Singh, SVP - Retail Research, Religare Broking. Speaking about today's rise Singh said that the uptrend was helped by RBI's recent steps like cutting interest rates and reducing CRR, which made investors more confident about the profits of banks. ""On the technical charts, Bank Nifty is likely to move towards the 57,800–58,200 zone in the near term, provided it sustains firmly above the 56,800-breakout level. For the July expiry, the highest open interest build-up is observed at the 56,000 strike, indicating strong support. Overall, sentiment remains positive, with 56,500–56,200 acting as a key support zone and 57,200 as the immediate hurdle for further upside. Traders can look to deploy a 'Buy on Dips' strategy in the banking index,"" Singh said. Also read: Our LIVE blog on stock market updates"
26 Jun 2025,"Bank Nifty hits record high of 57,263; HDFC Bank, Axis Bank shares jump up to 2%",https://www.moneycontrol.com/news/business/markets/bank-nifty-hits-fresh-record-high-of-57-070-hdfc-bank-axis-bank-shares-jump-over-1-13181574.html,"HDFC Bank share price:  Chandan Taparia from Motilal Oswal expects Bank Nifty cross 58,000 over next 2-3 weeks.",Bank Nifty at record high,"Bank stocks recorded significant gains on June 26, pushing the Nifty Bank index higher up in the green to hit a fresh all-time high of 57,263.45. The surge in the segment was led by heavy buying in private bank stocks. Heavyweight HDFC Bank shares jumped nearly 2 percent to hit a fresh all-time high of Rs 2,027 apiece, closing as one of the top gainers and biggest contributors to the uptrend in benchmark indices Sensex and Nifty. HDFC Bank shares have now extended gains for the third consecutive session. This comes as its subsidiary HDB Financial Services sees decent investor interest for its Rs 12,500 IPO. Notably, HDFC Bank had set tomorrow (June 27) as the record date to determine the eligibility of the shareholders set to receive its dividend payment. The rise in the share price comes ahead of the record date. AU Small Finance Bank shares rose over 1.7 percent to close at Rs 821 apiece, while Axis Bank shares gained 1.5 percent to end the session at Rs 1,231 apiece. ICICI Bank shares were trading nearly 1 percent higher, while IndusInd Bank, Punjab National Bank (PNB), Canara Bank, Bank of Baroda and Kotak Mahindra Bank shares were trading in the green with marginal gains. Dodging the uptrend in the segment, the shares of State Bank of India (SBI), Federal Bank, and IDFC First Bank were trading in the red with marginal losses. Will Bank Nifty cross 58,000 soon? Analysts however expect the bullish rally to continue, with Bank Nifty hitting further highs. ""Overall, I expect Bank Nifty to cross 58,000 over next 2-3 weeks. If it holds above 56,250, looks for an upside target of 57,050 today. I am expecting momentum in both Nifty and Bank Nifty post this expiry,"" said Chandan Taparia, Senior Vice President, Head - Derivatives & Technical Research, Motilal Oswal. What led to the rally? Ajay Bagga, Independent Analyst, meanwhile held India's macroeconomic indicators as key to the index's growth. ""Given the manifold actions by RBI, which has cut rates, injected ample liquidity into the money markets, has been pragmatic in undertaking macro prudential easing and has been providing regulatory relief, banks are poised to benefit in the next few quarters. India's robust macro, tailwinds from a good monsoon, income tax relief injecting some purchasing power in the pockets of the middle class and falling inflation all have created a good backdrop for credit growth,"" he said. Bhavik Joshi, Business Head at INVasset PMS, cited the liquidity-driven shift in the Indian financial ecosystem as a key factor behind the surge in Bank Nifty. ""The Reserve Bank of India has been at the forefront, executing a series of bold monetary actions to stimulate the economy. These include a total of 100 bps in repo rate cuts this year (25 bps each in February and April, followed by 50 bps in June), alongside a 100 bps CRR reduction. Most notably, the RBI recently conducted a $10 billion (₹87,000 crore) 3-year USD/INR swap, injecting long-term liquidity into the system,"" he said. ""Bank Nifty's leadership in 2025 is a reflection of this macro transformation. It’s not just a stock index hitting highs—it’s the financial heartbeat of a growing economy, powered by a central bank committed to supporting India’s next phase of expansion,"" he added. Sunny Agrawal of SBI Securities highlighted the surge in HDFC Bank and ICICI Bank's shares as a significant driver of the surge in the bank index. ""HDFC Bank and ICICI Bank account for approximately 50% of the Bank Nifty weight and today we have seen HDFC Bank hitting life high thereby pulling the entire index up. Moreover, ICICI Bank is also trading very close to its life highs. Overall, banks are well placed to enjoy better credit growth, on the back of recent drop in repo rate, albeit, NIMs may come under pressure during 1QFY26 and then gradually improving during FY26, with strong exit in 4QFY26,"" he said. Bank Nifty has been outperforming the Nifty 50 index since the beginning of 2025, posting gains of nearly 12 percent compared to the benchmark's 8 percent gain, said Ravi Singh, SVP - Retail Research, Religare Broking. Speaking about today's rise Singh said that the uptrend was helped by RBI's recent steps like cutting interest rates and reducing CRR, which made investors more confident about the profits of banks. ""On the technical charts, Bank Nifty is likely to move towards the 57,800–58,200 zone in the near term, provided it sustains firmly above the 56,800-breakout level. For the July expiry, the highest open interest build-up is observed at the 56,000 strike, indicating strong support. Overall, sentiment remains positive, with 56,500–56,200 acting as a key support zone and 57,200 as the immediate hurdle for further upside. Traders can look to deploy a “Buy on Dips” strategy in the banking index,"" Singh said. Nifty Financial Services also recorded significant rise today. The index jumped nearly 1 percent to hit a fresh record high of 27,144. ICICI Prudential Life Insurance Company, Jio Financial Services, Shriram Finance and Bajaj Finance surged over 2 percent each to emerge as the top gainers on the index. Also read: Our LIVE blog on stock market updates"
26 Jun 2025,HDB Financial IPO gets fully subscribed on Day 2; NII portion booked 2x: Check latest GMP,https://www.moneycontrol.com/news/business/ipo/hdb-financial-ipo-booked-51-on-day-2-so-far-nii-portion-fully-booked-check-latest-gmp-13181368.html,"HDB Financial IPO GMP: SBI Securities, LKP Securities, Deven Choksey and several other analysts have a 'subscribe' rating for the Rs 12,500-crore public issue.",HDB Financial IPO Day 2,"The 12,500-crore IPO of HDB Financial Services saw strong investor interest on Day 2, as the issue got fully subscribed  on its second day of bidding (June 26). The initial public offering, which is the biggest ever by a non-banking financial institution (NBFC), received bids for more than 15 crore shares, as against the offer size of 13.04 crore shares, according to data on NSE. Non institutional investors (NII) subscribed their reserved portion 2.29 times, while retail investors booked 64 percent of their reserved portion. Qualified Institutional Investors (QIB) have so far booked 90 percent of the portion kept for them. The maiden public offer by the subsidiary of HDFC Bank will remain open for public bidding from June 25 to June 27. The company aims to raise Rs 12,500 crore through the IPO which comprises a fresh issue of Rs 2,500 crore, and an offer for sale (OFS) of Rs 10,000 crore by parent company HDFC Bank, which holds 94.3 percent stake in the NBFC. The price band for the IPO has been set at Rs 700-740 per share. Investors can bid for a minimum of 20 shares, requiring an investment of Rs 14,800, and in multiples thereafter. The allotments are likely to be announced on June 30, and the shares of the company will likely be listed on stock exchanges BSE and NSE on July 2. HDB Financial GMP: Ahead of listing, the unlisted shares of the company were trading with a grey market premium (GMP) of 7.16 percent over the IPO price at Rs 793 per share in the grey market, according to data on Investorgain. As per IPO Watch, the unlisted shares were trading with 7 percent GMP. Notably, the GMP has significantly fallen from the Rs 104.5 per share quoted by the sites before the IPO opened for public bidding. However it has risen slightly from yesterday. Should you apply? SBI Securities recommended a 'subscribe' rating to the issue. ""It offers a diversified portfolio of products through its 3 business verticals. As of FY25, the share of Enterprise Lending stood at 39.3%, the share of Asset Finance stood at 38.0% and the share of Consumer Finance stood at 22.7% of the gross loan book,” it said. Bajaj Broking, noted, ""Investors with a medium- to long-term outlook may find the issue attractive, provided the company sustains growth while improving operating efficiency and asset quality post-listing."" Sharekhan, expects healthy listing gains and remain assertive from a medium to long-term perspective. LKP Securities, said, ""The company has a diversified liability franchise supported by a strong credit rating of AAA stable by CRISIL and CARE, which is the highest that can be assigned on the credit rating scale for any NBFC in India."" Deven Choksey also has a 'subscribe' rating for the IPO. A day before the IPO opened for public subscription, HDB Financial Services raised a total of Rs 3,369 crore from a combined list of 141 anchor investors. The nation's top insurer and largest institutional investor in the stock markets, Life Insurance Corporation of India (LIC) emerged as the biggest anchor investor in the IPO. The total amount allocated to LIC in the anchor book portion is around Rs 220 crore, which represents 6.53 percent of the total allocations. ICICI Prudential Banking and Financial Services Fund, SBI Flexi Cap Fund, Baillie Gifford Pacific Fund A Sub Fund of Baillie Gifford Overseas Growth Funds ICVC, Government Pension Fund Global, Goldman Sachs Funds- Goldman Sachs India Equity Portfolio, Aditya Birla Sun Life Trustee Private Limited A/C Aditya Birla Sun Life Equity Savings Fund, Kotak ELSS Tax Saver Fund, Fidelity Investment Trust Fidelity Emerging Asia Fund, were among the other notable anchor investors. Also read: The pricing of the HDB Financial Services IPO is a surprise The company in its draft IPO papers had said that it aims to use the net proceeds from the IPO to augment its Tier I Capital base to meet its future capital requirements, including onward lending. ""The Net Proceeds are proposed to be deployed over the course of Fiscals 2025 and 2026,"" the company said in its draft papers. Founded in 2007, HDB Financial Services provides a range of loans to both individual and business clients across India. Its business is organised into three main verticals — enterprise lending, asset finance and consumer finance. The company specialises in secured and unsecured loans, consumer loans, and loans against property, with a strong presence among underbanked customer segments."
25 Jun 2025,HDFC Bank Dividend: Record date announced for shareholder eligibility; buy before deadline to get paid,https://www.moneycontrol.com/news/business/stocks/hdfc-bank-dividend-record-date-announced-for-shareholder-eligibility-buy-before-deadline-to-get-paid-alpha-article-13175842.html,HDFC Bank Sets June 27 as Record Date for FY25 Dividend,," HDFC Bank has announced Friday, June 27, 2025, as the record date to determine the eligibility of shareholders for the final dividend for the financial year ended March 31, 2025. The dividend payout is contingent on shareholder approval at the bank's upcoming 31st Annual General Meeting (AGM). In a regulatory filing, the private sector lender confirmed that its 31st AGM is scheduled to be held on Friday, August 8, 2025, at 2:00 p.m. IST. The meeting will be conducted virtually via a two-way video conferencing facility.HDFC Bank FY25 Dividend & AGM TimelineParticularsDetailsFinancial Year2024-25Dividend Record DateJune 27, 2025AGM Date (for dividend approval)August 8, 2025Deadline for TDS document submissionJuly 2, 2025Dividend and AGM DetailsThe board of HDFC Bank has fixed the record date to identify shareholders who will be entitled to receive the dividend for FY25. The final dividend amount, which is yet to be announced, will be formally proposed and put to a vote for approval by the members during the AGM. Shareholders whose names are recorded in the Register of Members of the bank or as beneficial owners in the records of the depositories as of the close of business hours on June 27, 2025, will be eligible for the dividend payment, if it is declared at the AGM. The bank will hold its AGM through a virtual platform, in compliance with the applicable provisions of the Companies Act, 2013, and circulars issued by the Ministry of Corporate Affairs. The link for accessing the video conference facility will be made available on the bank's website.Information for ShareholdersHDFC Bank has informed its shareholders that it will be required to deduct Tax at Source (TDS) on the dividend payment at the prescribed rates for both resident and non-resident members. To avail of any exemption or a lower rate of TDS, shareholders must furnish the necessary documents to the bank's Registrar and Share Transfer Agent (RTA), Datamatics Business Solutions Limited. The deadline for submitting these documents is July 2, 2025. The bank has provided a dedicated portal for this purpose. Shareholders who hold shares in physical form and have not yet registered their bank account details for electronic credit of dividends are requested to do so by submitting the duly filled Form ISR-1 to Datamatics. This form can also be used to update other personal details like email address and KYC information. Shareholders holding shares in dematerialized form should contact their respective Depository Participants (DPs) to update their details. The Integrated Annual Report for the financial year 2024-25, along with the notice convening the AGM, will be sent electronically to shareholders with registered email addresses. The documents will also be available for download from the websites of HDFC Bank, BSE, NSE, and the NSDL e-voting platform. "
24 Jun 2025,"LIC leads way as HDB Financial Services raises Rs 3,369 cr from anchor investors",https://www.moneycontrol.com/news/business/ipo/lic-leads-way-as-hdb-financial-services-raises-rs-3-369-cr-from-anchor-investors-13171558.html,"On June 5, the insurance behemoth announced that the company's current executive director Ramakrishnan Chander has taken charge as its Chief Investment Officer","HDB Financial Services will launch it's much anticipated Rs 12,500 crore IPO - India's biggest ever by an NBFC - between June 25 to 27.","The nation's top insurer and largest institutional investor in the stock markets, Life Insurance Corporation of India (LIC) has emerged as the biggest anchor investor in the initial public offering (IPO) of HDFC Bank's subsidiary HDB Financial Services, according to a disclosure. The total amount allocated to LIC in the anchor book portion is around Rs 220 crore, which represents 6.53 percent of the total allocations. The NBFC raised a total of Rs 3,369 crore from a combined list of 141 anchor investors ahead of its issue at a price of Rs 740/share. The list includes the likes of ICICI Prudential Banking and Financial Services Fund, SBI Flexi Cap Fund, Baillie Gifford Pacific Fund A Sub Fund of Baillie Gifford Overseas Growth Funds ICVC, Government Pension Fund Global, Goldman Sachs Funds- Goldman Sachs India Equity Portfolio, Aditya Birla Sun Life Trustee Private Limited A/C Aditya Birla Sun Life Equity Savings Fund, Kotak ELSS Tax Saver Fund, Fidelity Investment Trust Fidelity Emerging Asia Fund,  several among others. HDB Financial Services IPO opens on June 25: Institutional investors pick Rs 3,369 crore worth shares via anchor book On June 20, Moneycontrol was the first to report that LIC was eyeing participation in the anchor book portion, an extremely rare bet by the insurance behemoth in the IPO of a private sector firm. In an IPO, anchor book investors are typically institutional investors who are allocated a significant number of shares at a fixed price before the issue opens for public subscription. Anchor investors must make a minimum investment of Rs 10 crore. HDB Financial Services will launch it's much anticipated Rs 12,500 crore IPO - India's biggest ever by an NBFC - between June 25 to 27. The price band has been set at Rs 700-Rs 740/share. On June 16, Moneycontrol was also the first to report that HDB Financial Services was likely to launch its IPO by the end of June, targeting a post-money valuation of around $7.2 billion (around Rs 62,000 crore) at the higher end of the price band. LIC, which has supported multiple public sector IPO's and disinvestment programmes by the government in the past, has bet on the record Rs 27,870 crore Hyundai Motor India IPO (outside the anchor book portion) and the Brookfield REIT QIP. According to the DRHP, the HDB Financial IPO syndicate is a large one of 12 investment banks including JM Financial, BNP Paribas, BofA Securities, Jefferies, Goldman Sachs, HSBC Securities, Nomura, IIFL Securities, Morgan Stanley, Nuvama, Motilal Oswal and UBS. Cyril Amarchand Mangaldas is the company counsel. On June 5, the insurance behemoth announced that the company's current executive director Ramakrishnan Chander has taken charge as its Chief Investment Officer. Earlier, on May 15, it announced the appointment of Ratnakar Patnaik as well as Dinesh Pant as its managing directors (MDs). Life Insurance Corporation of India reported a 38 percent rise in its net profit for the fourth quarter ending March 2025, reaching Rs 19,013 crore. This marks a rise of 38 percent from the Rs 13,763 crore net profit recorded during the same quarter in the previous fiscal year."
24 Jun 2025,"Stocks to Watch Today: Enviro Infra Engineers, HG Infra, Garware Technical Fibres, Metro Brands, Adani Total Gas, CESC, SJVN, Eppeltone in focus on 24 June",https://www.moneycontrol.com/news/business/markets/stocks-to-watch-today-enviro-infra-engineers-hg-infra-garware-technical-fibres-metro-brands-adani-total-gas-cesc-sjvn-eppeltone-in-focus-on-24-june-13167317.html,"Stocks to Watch, 24 Jun: Stocks like Biocon, Enviro Infra Engineers, HG Infra Engineering, Garware Technical Fibres, Metro Brands, Saurashtra Cement, Devyani International, JSW Energy, Sona BLW Precision Forgings, Allcargo Logistics, Dixon Technologies, Kerala Ayurveda, and Eppeltone Engineers will be focus on June 24.","Stocks to Watch Today, 24 June","Let's catch up on the latest news from the stock market. From significant investments to major deals, order wins, and acquisitions, here’s a quick look at which stocks will be in focus in today's trade: Stocks to Watch Biocon Biocon Biologics has partnered with the National Cancer Society of Malaysia (NCSM) to launch a Patient Assistance Program (PAP) aimed at improving access to affordable, high-quality biosimilars for underserved cancer patients in Malaysia. Enviro Infra Engineers The water and wastewater treatment solutions provider has secured new projects worth Rs 306.30 crore in the domestic market. Additionally, it has secured two key solar power projects aggregating to 69 MW (AC) capacity through the acquisition of Vento Power Infra (40 MW solar project in Odisha) and Soltrix Energy Solution (29 MW solar project in Maharashtra), marking its strategic foray into the renewables sector. The acquisition cost for the 40 MW solar power project is Rs 115.61 crore, while the 29 MW solar project is supported by state financial assistance (SFA) of Rs 3.20 crore per MW, resulting in aggregate SFA of Rs 92.80 crore. The project will generate tariff-based revenue of Rs 0.88 per unit over a period of 25 years. HG Infra Engineering The company has been declared the lowest bidder for the creation of an integrated material handling facility at the Naval Dockyard in Mumbai by the Military Engineer Services (MES) in Maharashtra. The value of the project is Rs 117.77 crore. Garware Technical Fibres The company, through its wholly owned UK-based subsidiary Garware Technical Fibres UK, has entered into a definitive Share Purchase Agreement (SPA) to acquire Offshore & Trawl Supply AS (OTS), a Norway-based provider of advanced synthetic cordage solutions for the offshore oil & gas, aquaculture, marine, and commercial fishing industries. NSE To Remove 8 Stocks from F&O segment Aditya Birla Fashion and Retail, Adani Total Gas, CESC, Granules India, IRB Infrastructure Developers, Jindal Stainless, Poonawalla Fincorp, and SJVN will be excluded from the Futures & Options (F&O) segment, effective August 29. However, the existing unexpired contracts of expiry months June, July, and August 2025 will continue to be available for trading until their respective expiries. New strikes will also be introduced in the existing contract months Metro Brands Clarks, the British footwear brand, has announced a strategic partnership with Metro Brands, marking its official comeback to the Indian market. Under a long-term distribution agreement, Metro Brands is appointed as Clarks' exclusive retail and digital partner for India and neighbouring countries, including Bangladesh, Bhutan, Nepal, Maldives, and Sri Lanka. Metro Brands will manage Clarks’ e-commerce operations in India, the official Clarks India website, and all digital commerce platforms. It also holds exclusive rights to sell Clarks products in all offline channels, including mono-brand Clarks stores. Saurashtra Cement Following the resignation of Pradeep Mehta as Chief Financial Officer, the Board has approved the appointment of Rakesh H Mehta as CFO for an interim period effective July 26, until a new CFO assumes office. Rakesh H Mehta is currently serving as a finance consultant at the company. Devyani International The company has executed a Share Subscription Agreement and Shareholders’ Agreement with Sky Gate Hospitality and its promoters/founders to acquire an additional 5.41% equity stake in Sky Gate, in one or more tranches, for Rs 106.25 crore. This increases Devyani’s total stake to 86.13%, up from 80.72%. Devyani had earlier acquired 80.72% stake in Sky Gate and its subsidiaries—Blackvelvet Hospitality, Say Chefs Eatery, and Peanutbutter and Jelly—which have been subsidiaries of the company since June 10. JSW Energy The company’s proposal for the settlement of debt of KSK Water Infrastructures has been approved by the Committee of Creditors (CoC). Consequently, the CoC has also approved the withdrawal of the insolvency resolution process. The closure of the transaction is subject to approval for withdrawal by the National Company Law Tribunal (NCLT). Sona BLW Precision Forgings The Board has appointed Jeffrey Mark Overly as Chairperson of the company and designated the late Sunjay Kapur as Chairman Emeritus. HDFC Bank The Board will meet on July 19 to approve the financial results for the April–June quarter of FY2025. Allcargo Logistics Less than Container Load (LCL) volume stood at 7.28 lakh cubic meters in May 2025, growing 3% compared to the previous month but declining 4% year-on-year. Full Container Load (FCL) volume in May stood at 56,684 TEUs—flat compared to the previous month, but up 6% year-on-year. Bemco Hydraulics The Board will meet on June 30 to consider a stock split and a bonus issue. Bulk Deals Dixon Technologies (India) Promoter Sunil Vachani has sold 16.7 lakh shares (representing 2.77% of paid-up equity) in Dixon Technologies at an average price of Rs 13,301.47 per share, amounting to Rs 2,221.3 crore. Meanwhile, Motilal Oswal Mutual Fund has acquired 2.4% stake worth Rs 1,923.8 crore in Dixon at an average price of Rs 13,307.96 per share. Hilton Metal Forging Promoter Yuvraj Hiralal Malhotra has sold 14.01 lakh shares at an average price of Rs 73.4 per share, and an additional 5.07 lakh shares at Rs 74.99 per share. This totals 19.08 lakh shares (or 8.15% stake), valued at Rs 14.1 crore. Munjal Showa Foreign Portfolio Investor Esvee Capital sold 3 lakh shares (or 0.75% stake) in the company at an average price of Rs 118.4 per share. As of March 2025, Esvee held a 2.13% stake in the company. Block Deals Kerala Ayurveda Promoter Katra Holdings has offloaded 22 lakh shares (18.28% stake) in Kerala Ayurveda at an average price of Rs 423 per share, amounting to Rs 93.06 crore. Buyers of the 22 lakh shares include Trishakti Power Holdings, Nimish Chandulal Shah, Aamara Capital, Bharat Jayakrishna Taparia, Setu Securities, Santosh Industries, Riddisiddhi Bullions, Bhatia Suresh, and Virendra Prakash Ranka. SME Listing on June 24 Eppeltone Engineers Stocks Trade Ex-Dividend Polycab IndiaVedantaAlkyl Amines Chemicals Stock Trades Ex-Date for Split Laddu Gopal Online Services Stocks in F&O Ban BioconRBL Bank Stocks removed from F&O ban Aditya Birla Fashion and RetailTitagarh Rail Systems"
21 Jun 2025,Deepak Parekh reveals ICICI Bank’s offer to acquire HDFC Ltd before reverse merger,https://www.moneycontrol.com/banking/deepak-parekh-reveals-icici-bank-s-offer-to-acquire-hdfc-ltd-before-reverse-merger-article-13157664.html,"Interestingly, creation of HDFC Ltd was financially supported by erstwhile ICICI Ltd, the parent entity of ICICI Bank.",Veteran banker and former chairman of HDFC Ltd Deepak Parekh,"Former chairman of HDFC Ltd and veteran banker Deepak Parekh has revealed that ICICI Bank had once made an offer to take over mortgage lender HDFC Ltd but it was declined. During an interaction with ex-ICICI Bank MD and CEO Chanda Kochhar, released on YouTube, Parekh said, ”I remember you talking to me once…you said that ICICI started HDFC. ’Why don’t you come back home?’ That was your offer.” However, Parekh said he declined the offer, saying ”it won’t be fair or proper with our name and the bank and all.” Later eventual reverse merger with HDFC Bank, completed in July 2023, was driven mainly by regulatory pressure, he said, adding, ""RBI supported us and they pushed us into it to some extent and they helped us…there were no concessions, no relief, no time, nothing but they helped us to go through the process and get the approval.” Describing the merger as good for the institution, he said, it is good for the country to have large banks. HDFC Ltd, the parent entity of HDFC Bank, later merged with its banking subsidiary to create the country’s biggest private sector lender. The merger became effective from July 1, 2023. With the reverse merger, the 44-year-old institution HDFC Ltd faded into memory lane. Interestingly, creation of HDFC Ltd was financially supported by erstwhile ICICI Ltd, the parent entity of ICICI Bank. Indian banks must grow through acquisitions to become stronger in future, he added. *With Agency Inputs"
20 Jun 2025,Rare bet in the works; LIC eyeing participation in anchor book of HDB Financial Services IPO,https://www.moneycontrol.com/news/business/ipo/rare-bet-in-the-works-lic-eyeing-participation-in-anchor-book-of-hdb-financial-services-ipo-13152878.html,The anchor portion of the HDB Financial Services IPO has been reserved for June 24,HDB Financial IPO,"The nation's top insurer and largest institutional investor in the stock markets, Life Insurance Corporation of India (LIC), is evaluating the possibility of investing in the anchor book portion of the Rs 12,500-crore IPO by HDFC Bank's subsidiary HDB Financial Services, multiple industry sources in the know told Moneycontrol. If the move fructifies, it would be a rare bet by the insurance behemoth in the anchor book of a private sector IPO-bound firm. ""Discussions have been held in this regard and LIC is in the mix amongst other potential anchor investors,"" one of the persons quoted above said. A second person confirmed the above. Both spoke on the condition of anonymity. The anchor portion of the HDB Financial Services IPO has been reserved for June 24 and the detailed list of anchor investors is expected later in the evening on the same day. An email query to LIC, HDB Financial Services and the issuer's parent HDFC Bank remained unanswered at the time of publishing this article. This article will be updated as soon as we hear from the parties. Incidentally, LIC holds 5.45 per cent stake in HDFC Bank. In an IPO, anchor book investors are typically institutional investors who are allocated a significant number of shares at a fixed price before the issue opens for public subscription. Anchor investors must make a minimum investment of Rs 10 crores. HDB Financial Services will launch its much-anticipated Rs 12,500-crore IPO - India's biggest ever by an NBFC - from  June 25 to 27.  The price band has been set at Rs 700-Rs 740 per share. On June 16, Moneycontrol was the first to report that HDB Financial Services was likely to launch its IPO by the end of June, targeting a post-money valuation of around $7.2 billion (around Rs 62,000 crore) at the higher end of the price band. LIC, which has supported multiple public sector IPOs and disinvestment programmes by the government in the past, has bet on the record Rs 27,870-crore Hyundai Motor India IPO (outside the anchor book portion) and the Brookfield REIT QIP. On June 5, the insurance behemoth announced that the company's current executive director Ramakrishnan Chander has taken charge as its Chief Investment Officer. Earlier, on May 15, it announced the appointment of Ratnakar Patnaik as well as Dinesh Pant as its managing directors (MDs). Life Insurance Corporation of India (LIC) reported a 38 percent rise in its net profit for the fourth quarter ending March 2025, reaching Rs 19,013 crore. This marks a rise of 38 percent from the Rs 13,763 crore net profit recorded during the same quarter in the previous fiscal year. Also read: LIC accumulates shares worth over Rs 47,000 crore in Q4 amid market volatility"
19 Jun 2025,HDB Financial IPO: Eight things to know about India's largest-ever NBFC IPO,https://www.moneycontrol.com/news/business/ipo/hdb-financial-ipo-eight-things-to-know-about-india-s-largest-ever-nbfc-ipo-13146763.html,"HDB Financial IPO: Unlisted shares of the company were trading with a GMP of nearly Rs 103 apiece in the grey market, ahead of listing.","On June 16, Moneycontrol was the first to report that HDB Financial was likely to launch its IPO by June end, targeting a post-money valuation of around $7.2 bn (around Rs 62,000 crore) at the higher end of the price band.","HDFC Bank's subsidiary HDB Financial is set to launch its much-anticipated IPO next week to raise Rs 12,500 crore, in what would be the biggest ever by an NBFC, which will open for public bidding between June 25-27, the lender said. HDB Financial had filed its DRHP on October 30 last year, and received market regulator Sebi's go-ahead at the end of May this year. Here are 8 key things investors must know before subscribing to the public issue: About the IPO: HDB Financial aims to raise Rs 12,500 crore through the public issue with comprises a fresh issue of Rs 2,500 crore, and an offer for sale (OFS) of Rs 10,000 crore by parent company HDFC Bank, which holds 94.3 percent stake in the NBFC. HDB Financial is yet to declare the price band for the IPO. IPO dates: The IPO will open for anchor bidding on June 24, and for public bidding on June 25. It will remain open for subscription till June 27. The allotments will likely to be declared on June 30, and the shares of the company will likely be listed on stock exchanges BSE and NSE on July 2. Grey Market Premium: The unlisted shares of the company were trading with a grey market premium (GMP) of nearly Rs 103 apiece in the grey market as of June 19, as per data on Investorgain. The grey market estimates have increased recently amid buzz over the company's IPO launch. Utilisation of the IPO funds: The company in its draft IPO papers had said that it aims to use the net proceeds from the IPO to augment its Tier I Capital base to meet its future capital requirements, including onward lending. ""The Net Proceeds are proposed to be deployed over the course of Fiscals 2025 and 2026,"" the company said in its draft papers. Financials of the company: HDB Financial had reported a 26 percent year-on-year decline in net profit for the third quarter of FY25. This decline was due to an increase in provisions linked to a deterioration in Stage 3 assets, as explained by the management during its analyst conference call. The loan portfolio of HDB Financial Services grew by 22 percent year-on-year and 4 percent quarter-on-quarter, reaching Rs 1.02 lakh crore in the third quarter of FY25. The net interest margin for the quarter stood at 7.5 percent. The company served 18.4 million customers through its network of 1,792 branches located in 1,168 cities and towns. During the quarter, it added 0.9 million customers and opened 20 new branches. Disbursement activity increased by 3.7 percent compared to the previous quarter, primarily driven by the asset finance and consumer finance segments. Book building lead managers: JM Financial, BNP Paribas, BofA Securities India, Goldman Sachs (India), HSBC Securities and Capital Markets (India), IIFL Securities, Jefferies India, Morgan Stanley India, Motilal Oswal Investment Advisors, Nomura Financial Advisory and Securities, Nuvama Wealth Management and UBS Securities India are the book building lead managers for the IPO. Key risks: The company said that any downturn in India's macroeconomic environment can adversely impact its financials. A possible rise in non-performing assets (NPA) or unsecured loans are also key risks associated with investing in the company's equity. The possibility of HDFC Bank wishing to reduce its stake in the company in the future, which will likely impact the stock, was also listed as one of the risks in the IPO papers, along with volatility in interest rates. Also Read: These five PSUs are eligible to exit under SEBI's new relaxed delisting norms About the company: Founded in 2007, HDB Financial Services provides a range of loans to both individual and business clients across India. Its business is organised into three main verticals — enterprise lending, asset finance and consumer finance. The company specialises in secured and unsecured loans, consumer loans, and loans against property, with a strong presence among underbanked customer segments."
19 Jun 2025,India's biggest NBFC IPO by HDFC Bank arm HDB Financial to launch between June 25-27,https://www.moneycontrol.com/news/business/ipo/india-s-biggest-nbfc-ipo-by-hdfc-bank-arm-hdb-financial-to-launch-between-june-25-27-13145524.html,"The firm is targetting a post-money valuation of around $7.2 bn (around Rs 62,000 crore) at the higher end of the price band, Moneycontrol had reported earlier.","On June 16, Moneycontrol was the first to report that HDB Financial was likely to launch its IPO by June end, targeting a post-money valuation of around $7.2 bn (around Rs 62,000 crore) at the higher end of the price band.","Top private sector lender HDFC Bank's subsidiary HDB Financial Services will launch it's much anticipated Rs 12,500 crore IPO - India's biggest ever by an NBFC - between June 25 to 27, with the anchor portion reserved for June 24, according to an exchange filing by HDB Financial, shared on June 19. On June 16, Moneycontrol was the first to report that HDB Financial Services was likely to launch its IPO by end of June, targetting a post-money valuation of around $7.2 billion (around Rs 62,000 crore) at the higher end of the price band. The report had specified June 24 and June 25-27 as the proposed timelines for the anchor book and public subscription. The HDB Financial Services IPO comprises a fresh issue of Rs 2,500 crore and an offer for sale (OFS) of Rs 10,000 crore by parent HDFC Bank, which holds 94.3 per cent stake. The firm had filed it's draft red herring prospectus (DRHP) for the IPO in October 2024. On September 7, Moneycontrol was the first to report that HDB Financial Services had engaged at least 4 investment banks and kicked off the mega IPO process. Earlier, on July 20, 2024, the board of directors of HDFC Bank provided an in-principle approval to initiate the process of listing of HDB Financial Services and formed a committee of directors to undertake various steps in this regard. The listing is a mandatory requirement with HDB Financial Services being an ""Upper Layer"" NBFC pursuant to the circular issued by the RBI in October 2022. As per the RBI, all ""Upper Layer"" NBFC's are required to list within three years of being notified, i.e., September 2025. According to the DRHP, the HDB Financial IPO syndicate is a large one of 12 investment banks including JM Financial, BNP Paribas, BofA Securities, Jefferies, Goldman Sachs, HSBC Securities, Nomura, IIFL Securities, Morgan Stanley, Nuvama, Motilal Oswal and UBS. Cyril Amarchand Mangaldas is the company counsel. The firm plans to use the net fresh issue proceeds for augmentation of its Tier-1 capital base to meet the company's future capital requirements including onward lending."
16 Jun 2025,"HDFC Bank shares gain as Jefferies retains lender as top pick, updates on HDB Financial listing",https://www.moneycontrol.com/news/business/markets/jefferies-retains-hdfc-bank-as-top-pick-shares-can-rally-23-from-current-levels-13126443.html,"Jefferies remains optimistic on HDFC Bank, stating the lender is among its top picks in the banking sector. ",Shares of HDFC Bank have gained over 20 percent in trade over the past year.,"International brokerage Jefferies reiterated its bullishness on India's largest private lender HDFC Bank Ltd, causing shares to soar over one percent in trade on Monday, June 16. Further, reports of HDB Financial Services' IPO, a key subsidiary of the bank, drove bullishness. Jefferies remains positive on HDFC Bank, reiterating it as one of its top picks in the banking sector. According to the brokerage, the bank’s management expects supportive policy measures to drive consumption and boost credit demand in the second half of FY26. The brokerage maintained its 'buy' tag, with a price target of Rs 2,380, indicating an upside of 23 percent from current levels. At 1.55 pm, HDFC Bank's stock is quoting Rs 1,936.2 apiece, up one percent on the NSE. Follow our live blog to catch all the market updates HDFC Bank has reaffirmed its loan growth guidance, which is expected to be in line with the sector in FY26 and ahead of peers in FY27. While net interest margins (NIMs) may come under pressure in the near term, Jefferies anticipates a recovery by FY27. The bank’s asset quality continues to remain stable and healthy. On recent allegations concerning the bank and its CEO, Jefferies sees them as a non-event, though it acknowledges the surrounding noise. Further, HDFC Bank shares are in the news as its key subsidiary HDB Financial Services gears up for its public issue. Moneycontrol exclusively reported that HDB Financial Services is planning to launch its much-anticipated Rs 12,500-crore IPO, India's biggest ever by an NBFC, by June-end. ""The UDRHP (updated draft red herring prospectus) has been filed and the plan is for the red herring prospectus to be submitted in a few days, followed by the anchor portion on June 24. As of now, the target is to open the issue for public subscription between June 25 to June 27,"" two persons said. One of them added that if there were any sudden, adverse events, change in market conditions or unexpected delays, then the above dates may change. A third person said that HDB Financial Services is targeting a post-money valuation of around $7.2 bn (around Rs 62,000 crore) at the higher end of the price band."
13 Jun 2025,"Bank Nifty crashes 1.2% as Israel strikes Iran; AU SFB, Kotak Mahindra Bank, others fall up to 2.1%",https://www.moneycontrol.com/news/business/markets/bank-nifty-crashes-1-2-as-israel-strikes-iran-au-sfb-kotak-mahindra-bank-others-fall-up-to-2-1-13116260.html,"The PSU Bank index also fell 1.2% to trade at 6,940. Shares of Indian Overseas Bank and UCO Bank led the losses by falling 2.59% and 2.36%, respectively","Bank Nifty crashes 1.2% as Israel strikes Iran; AU SFB, Kotak Mahindra Bank, others fall up to 2.1%","Financial stocks plunged on June 13 tracking declines in Asian markets, after Israel launched military strikes on Iran, escalating tensions in the oil-rich Middle East. At 9:45 am on June 13, Bank Nifty was trading nearly 700 pts lower at 55,409. Kotak Mahindra Bank led the losses among the Bank Nifty constituents by falling 2.1% to trade at Rs 2,081 apiece. Meanwhile, shares of HDFC Bank and AU Small Finance Bank were trading 1.25% and 2.11% lower, respectively. The PSU Bank index also fell 1.2% to trade at 6,940. Shares of Indian Overseas Bank and UCO Bank led the losses by falling 2.59% and 2.36%, respectively. Punjab & Sind Bank and Union Bank of India shares also fell 2%. Israel carried out what it called as ""preemptive strikes"" against Iran. Israeli Prime Minister Benjamin Netanyahu said the airstrikes were aimed at key parts of Iran’s nuclear and military program. ""We struck at the heart of Iran's nuclear enrichment program, Iran's nuclear weaponization program, Iran's main enrichment facilities, leading nuclear scientists, and ballistic missile programs,"" Netanyahu said. PM Netanyahu said in a video message: ""Moments ago, Israel launched Operation Rising Lion, a targeted military operation to roll back the Iranian threat to Israel's very survival."" Multiple explosions were heard across Tehran, CNN reported citing Iran’s state news agency IRNA. Iran has meanwhile vowed to fight back, raising concerns of further escalations and spooking investors. Also read: Our LIVE blog on Israel-Iran war Until June 11, financial stocks were on the upmove post-Reserve Bank of India announcing reduction in cash reserve ratio by 100 bps and reduced the key repo rate by 50 bps, thus infusing liquidity into the system. ""The charts of Bank Nifty indicate that it may get support at 55,500 followed by 55,100 and 54,800. If the index advances further, 56,000 would be the initial key resistance, followed by 56,200 and 56,400,"" said Hardik Matalia, derivative analyst, Choice Broking."
12 Jun 2025,HDFC Bank stock trades lower amid high volumes,https://www.moneycontrol.com/news/business/stocks/hdfc-bank-stock-trades-lower-amid-high-volumes-alpha-article-13112359.html,"With a last traded price of Rs 1,948.10, HDFC Bank stock reflects significant trading volumes",," During today's trading session, HDFC Bank's stock has been trading lower by 0.12% at Rs 1,948.10, accompanied by a traded volume of 2,214,608. This increased volume suggests heightened activity and investor interest in the stock. HDFC Bank is a constituent of the NIFTY 50 STOCKS index, indicating its significance in the Indian stock market.Financial Performance OverviewThe financial performance of HDFC Bank, as indicated by consolidated figures, reveals consistent growth in key metrics over the past few years. Revenue:Mar 2025: Rs 86,779 CrDec 2024: Rs 85,040 CrSep 2024: Rs 83,001 CrJun 2024: Rs 81,546 CrMar 2024: Rs 79,433 CrNet Profit:Mar 2025: Rs 19,284 CrDec 2024: Rs 18,340 CrSep 2024: Rs 18,627 CrJun 2024: Rs 17,188 CrMar 2024: Rs 18,012 CrEPS (Earnings Per Share):Mar 2025: Rs 24.62Dec 2024: Rs 23.11Sep 2024: Rs 23.40Jun 2024: Rs 21.67Mar 2024: Rs 23.20Annual Financial HighlightsA look at the annual consolidated financials provides a broader perspective on HDFC Bank's performance. Key Figures:YearRevenue (Rs Cr)Net Profit (Rs Cr)EPS (Rs)BVPS (Rs)ROE (%)NIM (%)Mar 2025336,36773,44092.81681.8813.563.47Mar 2024283,64965,44790.42600.7714.033.21Mar 2023170,75446,14982.64518.7315.893.67Mar 2022135,93638,15168.77445.9915.383.64Mar 2021128,55231,85757.88380.5915.173.85Income Statement HighlightsThe annual income statement reveals the components driving HDFC Bank's financial performance.ParticularsMar 2025 (Rs Cr)Mar 2024 (Rs Cr)Mar 2023 (Rs Cr)Mar 2022 (Rs Cr)Mar 2021 (Rs Cr)Interest Earned336,367283,649170,754135,936128,552Other Income134,548124,34533,91231,75827,332Total Income470,915407,994204,666167,695155,885Total Expenditure360,499306,407129,31398,89694,248Operating Profit110,416101,58675,35268,79861,636Provisions & Contigencies14,17425,01813,85417,92518,840PBT96,24276,56861,49850,87342,796Tax22,80111,12215,34912,72210,939Net Profit73,44065,44746,14938,15131,857Balance Sheet OverviewThe consolidated balance sheet of HDFC Bank shows consistent growth in assets and liabilities.ParticularsMar 2025 (Rs Cr)Mar 2024 (Rs Cr)Mar 2023 (Rs Cr)Mar 2022 (Rs Cr)Mar 2021 (Rs Cr)Share Capital765759557554551Reserves & Surplus517,218452,982288,879246,771209,258Deposits2,710,8982,376,8871,882,6631,558,0031,333,720Borrowings634,605730,615256,548226,966177,696Liabilities & Provisions188,163174,832100,92289,91877,646Total Liabilities4,392,4174,030,1942,530,4322,122,9341,799,506Fixed Assets15,25712,6038,4316,4325,099Loans & Advances2,724,9382,565,8911,661,9491,420,9421,185,283Investments1,186,4721,005,681511,581449,263438,823Other Assets465,748446,017348,470246,296170,300Total Assets4,392,4174,030,1942,530,4322,122,9341,799,506Key RatiosThe per-share ratios, margin ratios and return ratios provide insights into HDFC Bank's profitability and efficiency.ParticularsMar 2025Mar 2024Mar 2023Mar 2022Mar 2021Basic EPS (Rs.)92.8190.4282.6468.7757.88Diluted Eps (Rs.)92.3990.0182.2768.3157.61Book Value [Excl. Reval Reserve]/Share (Rs.)681.88600.77518.73445.99380.59Dividend/Share (Rs.)0.0019.5019.0015.506.50Net Interest Margin (%)3.473.213.673.643.85Return on Networth / Equity (%)13.5614.0315.8915.3815.17P/E (x)19.7016.0119.4821.3825.81P/B (x)2.682.413.103.303.92With a last traded price of Rs 1,948.10, HDFC Bank reflects ongoing market activity amid significant trading volumes. "
10 Jun 2025,"HDFC Bank cuts interest rates on select FD, savings accounts post-RBI rate cut: Check the latest rates here",https://www.moneycontrol.com/news/business/personal-finance/hdfc-bank-cuts-interest-rates-on-select-fd-savings-accounts-post-rbi-rate-cut-check-the-latest-rates-here-13108353.html,The bank now offers a maximum interest rate of 6.6% per annum on FDs with principal amount less than Rs 3 crore for general citizens,HDFC Bank,"HDFC Bank has revised its interest rates on fixed deposits and savings accounts effectively from June 10. This comes after the Reserve Bank of India delivered a higher-than-expected rate cut of 50 basis points. The bank now offers a maximum interest rate of 6.6% per annum on FDs with principal amount less than Rs 3 crore for general citizens. This is lower than the 6.85% maximum interest rate which was earlier offered by the bank. Here's a consolidated list of the latest interest rates on fixed deposits worth less than Rs 3 crore offered by HDFC Bank:TenureInterest rate (per annum)General citizensSenior citizens7 - 14 days2.75%3.25%15 - 29 days2.75%3.25%30 - 45 days3.25%3.75%46 - 60 days4.25%4.75%61 - 89 days4.25%4.75%90 days < = 6 months4.25%4.75%6 months 1 days < = 9 months5.50%6%9 months 1 day to < 1 year5.75%6.25%1 year to < 15 months6.25%6.75%15 months to < 18 months6.60%7.10%18 months to < 21 months6.60%7.10%21 months - 2 years6.45%6.95%2 Years 1 day to < 2 Year 11 Months6.45%6.95%2 Years 11 Months - 35 Months6.45%6.95%2 Years 11 Months 1 day < = 3 Year6.45%6.95%3 Years 1 day to < 4 Years 7 Months6.40%6.90%4 Year 7 Months - 55 months6.40%6.90%4 Year 7 Months 1 day < = 5 Years6.40%6.90%5 Years 1 day - 10 Years6.15%6.65%For senior citizens, the bank now offers a maximum interest rate of 7.10% on fixed deposits less than Rs 3 crore. The private lender has also revised its interest rates for savings account. Effective from June 10, the interest rate on all savings accounts has been set at 2.75%. Earlier, the bank used to offer a higher interest rate of 3.25% on savings accounts with over Rs 50 lakh in deposits. RBI Governor Sanjay Malhotra on June 6 announced the outcome of the central bank's Monetary Policy Committee's (MPC) meeting. RBI reduced its policy repo rate by 50 basis points to 5.5 percent, and changed its stance to 'neutral' from 'accommodative'. RBI also cut the cash reserve ratio (CRR), which banks are required to hold, by 100 basis points to 3% with an aim to accelerate policy transmission and boost lending."
08 Jun 2025,"Chartist Talks: SBI Securities' Sudeep Shah still sees nearly 4% upside in Bank Nifty, bullish on these 4 stocks",https://www.moneycontrol.com/news/business/markets/chartist-talks-sbi-securities-sudeep-shah-still-sees-nearly-4-upside-in-bank-nifty-bullish-on-these-4-stocks-13104153.html,"Technically, all the moving averages and momentum-based indicators suggest strong bullish momentum in the Bank Nifty index. The daily RSI is quoting at 67.45, and it is in rising trajectory, which suggests strong bullish momentum.",Sudeep Shah is the Deputy Vice President and Head of Technical and Derivative Research at SBI Securities,"Going ahead, Sudeep Shah of SBI Securities believes the Nifty 50 is well poised to test 25,200, followed by 25,500 in the short term, as all the moving averages and momentum-based indicators suggest strong bullish momentum in the index. Further, as per the measured rule of cup pattern, according to him, the upside target for Bank Nifty is placed at the 58,700 level, signalling a 3.75 percent rally from here on. Among stocks, he is bullish on Poonawalla Fincorp, Arkade Developers, HDFC Bank, and Bajaj Finance. ""Poonawalla Fincorp has given a horizontal trendline breakout on the daily scale, accompanied by robust volume, while both HDFC Bank and Bajaj Finance have given trendline breakouts on the daily chart, indicating a shift in momentum,"" said the Deputy Vice President and Head of Technical and Derivative Research at SBI Securities. Do you think the falling resistance trendline breakout is sustainable in the Nifty 50 in the coming weeks? ""The best trades often come wrapped in surprise announcements and clean technical setups."" That’s exactly what played out this week (ending June 6), as the Reserve Bank of India delivered a 50-basis-point rate cut — a move that not only surprised the Street but also acted as a powerful technical trigger across the market. Bank Nifty, which had been moving in a narrow consolidation band (Stage-2 Cup pattern) for over 31 sessions, broke out with conviction, backed by strong momentum. This was not surprising for us, as we had been consistently highlighting that Bank Nifty was gearing up for a breakout. Nifty, too, rebounded from the lower end of its consolidation range and is now on the verge of a decisive breakout, indicating a potential shift in market structure. Adding further fuel to the bullish sentiment, the volatility index India VIX ended on a negative note for the second consecutive week. This week alone, it tumbled by 9 percent, signaling cooling market nerves and growing risk appetite among participants. Historically, a falling VIX, combined with price and volume breakouts, reinforces the sustainability of an uptrend — precisely the kind of technical environment we're witnessing now. The Nifty closed the week near the psychological 25,000 mark. On the weekly chart, it formed a bullish candle with a noticeable lower shadow — a classic sign of buying interest at lower levels. Momentum indicators remain supportive, with all key moving average setups aligning in favour of the bulls. Most notably, the daily RSI (Relative Strength Index) has surged past the 60 mark and continues to rise, further affirming bullish strength. Going ahead, we believe the index is well poised to test 25,200, followed by 25,500 in the short term. On the downside, the zone of 24,750–24,700 is likely to act as a strong support in case of any immediate pullback. How are the FIIs positioning now, especially after Friday's move? FII activity is currently showing mixed signals. While they were net buyers in equities during March, April, and May, they have turned net sellers so far in June. This indicates some hesitation or profit-booking amid global uncertainties or reallocation. However, in the derivatives segment, the FII long-short ratio stands at just 20.87 percent, reflecting a heavy short bias. This suggests that much of the selling may already be priced in, leaving limited room for additional aggressive shorting. If the market continues its upward momentum, it could trigger short-covering by FIIs, potentially leading to fresh buying and renewed participation. So, while they may not be back in full swing yet, the setup is such that any sustained rally could act as a catalyst for a stronger FII comeback. What is your June target for Bank Nifty, which has seen a breakout after several weeks of consolidation? The Banking benchmark index, Bank Nifty, has given a stage-2 cup pattern breakout on the daily scale. Further, it has formed a sizeable bullish candle on the breakout, which adds strength to the breakout. Also, it has marked a fresh all-time high. Technically, all the moving averages and momentum-based indicators suggest strong bullish momentum in the index. The daily RSI is quoting at 67.45, and it is on a rising trajectory, which suggests strong bullish momentum. As per the measured rule of cup pattern, the upside target is placed at the 58,700 level. While on the downside, the zone of 55,700-55,600 is likely to provide the cushion in case of any immediate decline. What are your two picks for next week, considering the improved momentum? Poonawalla Fincorp The stock has given a horizontal trendline breakout on the daily scale. This breakout is confirmed by robust volume. In addition, the stock has formed a sizeable bullish candle on the breakout day, which adds strength to the breakout. The daily RSI has taken support near the 60 mark and thereafter witnessed a sharp rebound, which is a bullish sign as per RSI range shift rules. Hence, we recommend accumulating the stock in the zone of Rs 422-418 level with a stop-loss of Rs 400. On the upside, it is likely to test the level of Rs 460 in the short term. Arkade Developers The stock has recently retested its breakout level and again witnessed a strong bullish momentum. The reversal is confirmed by robust volume. Currently, the stock is trading above its short-term moving averages. Further, the daily RSI is in a super bullish zone as per RSI range shift rules. Hence, we recommend accumulating the stock in the zone of Rs 197-195 levels with a stop-loss of Rs 185. On the upside, it is likely to test the level of Rs 220 in the short term. Are you bullish on HDFC Bank and Bajaj Finance after reading the charts? Yes, both HDFC Bank and Bajaj Finance have given trendline breakouts on the daily chart, indicating a shift in momentum. Technically, both stocks are trading above key moving averages, and momentum indicators are aligned positively, suggesting strong bullish undertones. The setup points towards further upside potential in the near term. Do you see the Financial Services and Realty indices looking strong on the charts? Yes, both the Financial Services and Realty indices are showing strong relative strength and are outperforming the frontline indices. The ratio charts Versus Nifty are exhibiting a clear upward trajectory, confirming sectoral leadership. Technically, both indices are trading above key moving averages, and momentum indicators are firmly in bullish territory, indicating strong and sustained upward momentum."
08 Jun 2025,Is Bank Nifty getting ready for a new Bull run?,https://www.moneycontrol.com/news/business/markets/is-bank-nifty-getting-ready-for-a-new-bull-run-13104141.html,"The combination of RBI’s rate cut, strong technical breakouts, and sector leadership puts banking stocks, particularly HDFC Bank and IDFC First Bank, in a sweet spot.",Bank Nifty Bull Run,"The bulls are back in action on Dalal Street; this time, they have found their favourite playground - the banking sector. With the Reserve Bank of India (RBI) delivering a surprise 50 basis points (bps) cut in the repo rate, banking stocks saw a sharp uptick, pushing the Bank Nifty to a fresh all-time high of 56,695. While the mood remains upbeat, the million-dollar question on every investor’s mind is - Is this the beginning of a new bullish wave for Bank Nifty? Before jumping to conclusions, let us analyse the weekly chart of Bank Nifty to understand the underlying price action and whether the momentum has the legs to carry forward.  On a closer look at the weekly chart, Bank Nifty appears to be at a crucial inflexion point. The index made a new high recently, but the first attempt proved deceptive - a classic bull trap. However, instead of collapsing, the index held its higher high–higher low structure, a key signal in Dow Theory suggesting an ongoing bullish trend. After a healthy retracement, the second breakout attempt (marked in blue on the chart) has taken shape, suggesting that bulls have regrouped and may be ready to take the index higher. Historically, such second-attempt breakouts after a successful retest often precede a strong upside rally. With this bullish price structure, the probability of a sustained upward move looks high. If history repeats itself, Bank Nifty could be poised for another powerful leg up in June. But a rally without its key leaders? Here are two banking stocks that investors should keep an eye on: HDFC Bank HDFC Bank is India's largest private sector lender by market capitalisation and one of the most significant constituents of the Bank Nifty. Known for its consistent financial performance, strong asset quality, and extensive pan-India presence, HDFC Bank has been a bellwether for the Indian banking sector.  On the weekly chart, HDFC Bank has broken above its previous swing high and entered into a consolidation zone. This consolidation has taken the shape of a symmetrical triangle, a classic continuation pattern in technical analysis. The recent breakout from this triangle confirms a Bullish Pennant formation, often seen before a sharp rally. Given HDFC Bank’s significant weightage in Bank Nifty, it is potentially positioned to lead the index higher and add momentum to the ongoing rally. IDFC First Bank IDFC First Bank, a relatively new entrant compared to legacy private banks, has rapidly carved out a niche with its strong retail-focused lending strategy and improving asset quality. The bank has consistently worked towards strengthening its balance sheet and expanding its footprint in India’s competitive banking space.  On the weekly timeframe, IDFC First Bank has recently broken out of a falling channel pattern that signals a reversal from its previous downtrend. After the breakout, the stock successfully retested the upper trendline of the channel, a positive confirmation of strength. Now resuming its northward journey, the price action is in complete sync with the Bank Nifty’s broader trend. This alignment with the benchmark suggests that IDFC First Bank could be a potential outperformer among banking stocks in the upcoming weeks. New Rally or a Fakeout? While technicals are tilting in favour of the bulls, investors must remain cautious of global macro cues, crude oil volatility, and any surprises in domestic inflation data, which could play spoilsport. Nevertheless, the combination of RBI’s rate cut, strong technical breakouts, and sector leadership puts banking stocks, particularly HDFC Bank and IDFC First Bank, in a sweet spot. If the price structure holds and momentum continues, we might just be witnessing the beginning of a new bullish wave in Bank Nifty. Note: The purpose of this article is only to share interesting charts, data points and thought-provoking opinions. It is NOT a recommendation. This article is strictly for educative purposes only."
06 Jun 2025,"RBI delivers 100 bps cut in CRR: 'This infusion of liquidity is a timely move,' say market experts",https://www.moneycontrol.com/news/business/markets/rbi-delivers-100-bps-cut-in-crr-this-infusion-of-liquidity-is-a-timely-move-say-market-experts-13101715.html,"RBI has reduced its policy repo rate by 50 basis points to 5.5 percent, and has changed its stance to 'neutral' from 'accommodative'.",Stock markets cheer RBI’s 50 bps rate cut,"RBI Governor Sanjay Malhotra on June 6 announced the outcome of the central bank's Monetary Policy Committee's (MPC) meeting. RBI has reduced its policy repo rate by 50 basis points to 5.5 percent, and has changed its stance to 'neutral' from 'accommodative'. RBI also cut the cash reserve ratio (CRR), which banks are required to hold, by 100 basis points to 3% with an aim to accelerate policy transmission and boost lending. Benchmark indices surged over 1% after the announcement, as the rate cut was higher than the estimated 25 bps cut expected by market analysts. Rate-sensitive sectors like realty, banks and more saw a significant jump in the morning trading hours. Here’s what analysts say after RBI’s MPC meet outcome: ""Even rain gods can't stop smiling and neither can the markets,"" said Pallav Bagaria, Director at Sapient Finserv. VK Vijayakumar, Chief Investment Strategist at Geojit Investments, however called the higher-than-expected 50 bps rate cut decision slightly negative from the market perspective for the near-term. ""This big rate cut will impact the margins of the banks and, therefore, bank stocks will be under pressure in the near-term. However, the credit growth that this rate cut will hopefully stimulate will compensate for the dip in margins,"" Vijayakumar said. Divam Sharma, Founder & Fund Manager at Green Portfolio PMS, noted that the 50 bps rate cut came as a surprise. ""The ongoing momentum in domestic consumption, corporate activity, and GDP growth will help sustain the economic trajectory and is a positive signal for the markets. We particularly like niche domestic manufacturing companies that are building in India and gearing up to compete on a global scale. The additional 100 bps cut in CRR is also a positive step, as it encourages banks to lend more freely. With FPI inflows slowing down, this infusion of liquidity is a timely and welcome move."" Sharma said. Marzban Irani, CIO of Fixed Income at LIC Mutual Fund, said that the CRR cut of 100 bps to 3 percent has surprised the markets and is expected to release liquidity of Rs. 2.5 lakh crore. ""Recommended to invest in tenure ranging 3 month to 3 year schemes to take advantage of CRR cut,"" Irani said. Which stocks to watch out for? Bajaj Broking noted that Banking and Financial Services, Real Estate and Capital Goods & Manufacturing (especially domestic focus) are the key beneficiaries of MPC's recent decisions. Commenting on bank stocks, Bajaj Broking said Public Sector Banks (PSBs) could see a rally as they tend to benefit from lower repo rates. Private banks along with NBFC with strong retail focus and good asset quality are also good bets. ""Developers with strong execution capabilities and a presence in the affordable and mid-income housing segments are likely to outperform,"" the brokerage said. ""Niche domestic manufacturing companies that are focused on ""Make in India"" initiatives and require heavy capital expenditure are worth considering. This could include companies in 5G infrastructure, defense,"" it further said. Amit Bivalkar, Founder Director, Sapient Finserv Private Limited, said, ""The 50 bps repo rate cut is a strong push from the RBI, especially with the shift to a neutral stance. Sectors like banking, real estate, and consumer will likely benefit. Lower EMIs mean better affordability for borrowers — from home loans to personal loans. The CRR cut, though only for banks, enhances liquidity and helps PSU and private banks gain momentum. Combined with tax relief up to ₹12 lakh, this policy improves disposable income, fuelling consumption. While NBFCs miss out on direct CRR benefits, the overall softening of rates creates room for broader demand recovery."" Narinder Wadhwa, Managing Director & CEO of SKI Capital Services, said the rate cut is expected to have a broad-based positive impact on the markets, especially on rate sensitive sectors. The banking and NBFC sectors will likely benefit directly from lower funding costs and potentially improved credit demand, with stocks like HDFC Bank, ICICI Bank, Bajaj Finance, and State Bank of India (SBI) likely to gain, he said. Wadhwa added that the real estate and housing finance space is another key beneficiary, as lower interest rates make home loans more affordable, potentially boosting demand for developers like DLF and housing financiers like HDFC Ltd and LIC Housing Finance. The auto sector should also see improved sentiment, with cheaper vehicle loans supporting sales for companies like Maruti Suzuki, Mahindra & Mahindra (M&M), and Hero MotoCorp, he said. ""Consumer discretionary and retail stocks are expected to do well as lower EMIs and better liquidity support consumption, benefiting names like Titan, Trent, and Jubilant FoodWorks. The capital goods and infrastructure sectors may also get a lift if the rate cut translates into an uptick in capex activity, with companies like L&T and Siemens in focus. Meanwhile, export-oriented sectors like IT and pharma may see limited upside as a weaker rupee supports margins, but global trade disruptions could weigh on demand,"" Wadhwa said. He however noted that sectors heavily reliant on imports, such as oil & gas and metals, could face margin pressures if the rupee continues to weaken. ""FMCG stocks, which typically act as defensives, may underperform in the near term as investors rotate into more cyclical and growth-oriented sectors. Overall, the RBI’s bold action and shift in stance are likely to improve market sentiment and may trigger a broader recovery, particularly in mid- and small-cap stocks. With the door now open for further easing, the focus will shift to how effectively the rate cut is transmitted through the financial system and whether global trade tensions ease in the coming months,"" he said. Sonam Srivastava, Founder and Fund Manager at Wright Research PMS, said that RBI's surprise 50 basis point rate cut underscores its strong pivot toward supporting growth, at a time when inflation is under control and global central banks are entering easing cycles. “With real rates still elevated and domestic demand uneven, this move is aimed at unlocking credit growth, reviving private investment, and easing the burden on borrowers. Sectors like housing, autos, banking, and infrastructure are likely to see improved momentum as transmission picks up. It’s also a positive signal for rural and small business credit, where growth has been lagging,"" Srivastava said. ""Bond markets are expected to rally, especially in the long-duration segment, and we believe this cut sets the stage for a more accommodative environment heading into the second half of the year,” Srivastava further said. Ramani Sastri, Chairman & MD of Sterling Developers, painted a positive picture for the real estate sector. “As affordable financing remains a key driver of demand in real estate, we welcome the RBI's decision to cut the repo rate by 50 bps, thereby encouraging end-users to make purchase decisions. However, it is important is that the benefits are passed on to borrowers immediately. While homebuyers will be able to secure home loans at lower rates, developers will benefit from low borrowing costs, thereby easing financing pressures. Overall, a rate cut would strengthen market confidence, infuse much-needed liquidity, and also act as a strong signal of policy support for the real estate sector and the broader economy, thereby encouraging investments,” Sastri said."
04 Jun 2025,HDB Financial Services unlisted shares gain 30% in one month ahead of SEBI nod for IPO,https://www.moneycontrol.com/news/business/ipo/hdb-financial-services-unlisted-shares-gain-30-in-one-month-ahead-of-sebi-nod-for-ipo-13093803.html,"HDB Financial's unlisted shares have rallied 17.5 percent over the past one year, while galloping 30.8 percent in the past month. ",HDB Financial Services is looking to raise Rs 12.500 crore through the IPO route. ,"Unlisted shares of HDB Financial Services, a key subsidiary of HDFC Bank, have recorded a sharp 30 percent rally over the past month, ahead of the market regulator Securities and Exchange Board of India (SEBI) approving its draft papers on June 3, 2025. On June 4, at 9.45 am, unlisted shares of the NBFC are commanding Rs 1,275 apiece. The NFBC's promoter, HDFC Bank, saw its shares trade flat at Rs 1,924.8 on the NSE. Over the past year, HDB Financial's shares have rallied 17.5 percent, while galloping 30.8 percent over the past month. The six month trend looks muted in comparison, with the firm's unlisted shares gaining about two percent during the time period.  HDB Financial Services, in which HDFC Bank holds a 94 percent stake is planning to raise Rs 12,500 crore via initial public offering (IPO), which will consist of fresh issuance of equity shares worth Rs 2,500 crore, and an offer-for-sale (OFS) of Rs 10,000 crore by the promoter. Follow our live blog to catch all the updates In a note disseminated in January 2025, Suresh Ganapathy, the Managing Director at Macquarie Capital, had written that HDB Financial Services is quoting high valuations in the unlisted markets, while peers, despite delivering higher ROEs and growth, trade at lower multiples. At a price of Rs 800, HDB Financial would trade at 3.0x P/BV, representing a ~30 percent discount to Bajaj Finance. However, based on the traded price of Rs 1,240 in January 2025, the implied valuation of the firm is FY26F P/B of 4.6x, said Macquarie, adding, ""We note that peers, despite delivering higher ROEs and growth, trade at lower multiples."" Players like Bajaj Finance, that have the potential to deliver 4 percent ROA and strong growth (34 percent in FY24E), still trade at 3.8x FY26E P/BV. Players like Shriram Finance have the potential to deliver 3 percent ROA, still trade at a discount compared to HDB Financial. The decision to list HDB Financial Services follows the Reserve Bank of India's mandate in October 2022, requiring NBFCs in the upper layer to list on the stock exchanges within three years. After the proposed IPO, HDB Financial Services will continue to be a subsidiary of the bank, in compliance with the provisions of the applicable regulations."
04 Jun 2025,"Stocks to Watch Today: Wipro, HDFC Bank, Alkem Labs, Aditya Birla Fashion, Indegene, Tata Technologies, Servotech, Scoda Tubes in focus on 4 June",https://www.moneycontrol.com/news/business/markets/stocks-to-watch-today-wipro-hdfc-bank-alkem-labs-aditya-birla-fashion-indegene-tata-technologies-servotech-scoda-tubes-in-focus-on-4-june-13093169.html,"Stocks to watch, 4 June: Stocks like Sun Pharmaceutical Industries, Zydus Lifesciences, Techno Electric & Engineering Company, R Systems International, NMDC, Tata Technologies, Indegene, Aditya Birla Fashion and Retail, Alkem Laboratories, HDFC Bank, Wipro, Servotech Renewable Power Systems, and Scoda Tubes will be in focus on June 4.","Stocks to Watch Today, 4 June","Let's catch up on the latest news from the stock market. From significant investments to major deals, order wins, and acquisitions, here’s a quick look at which stocks will be in focus in today's trade: Results Today Allied Digital Services, Ashapura Intimates Fashion, Arcotech, Euro Asia Exports, Hardwyn India, Royal Cushion Vinyl Products, Sampre Nutritions, and Starlit Power Systems will release their quarterly earnings on June 4. Stocks to Watch Tata Technologies TPG Rise is likely to sell a 2.1% stake in Tata Technologies via a block deal, reports CNBC-TV18, quoting sources. The total block size is likely valued at Rs 634 crore, with a floor price of Rs 744.5 per share. Indegene CA Dawn is expected to sell a 10.2% stake in Indegene via block deals, which may be valued at Rs 1,420 crore, according to CNBC-TV18. The deal involves 2.44 crore shares at a floor price of Rs 580 per share. Aditya Birla Fashion and Retail Flipkart is likely to sell its entire 6% stake, worth nearly Rs 600 crore, in the company via block deals, reports CNBC-Awaaz, quoting sources. The floor price may be Rs 80 per share. Alkem Laboratories Promoter Jayanti Sinha is set to offload a 1.42% stake in the pharmaceutical company via a block deal, reports CNBC-TV18, quoting sources. The deal may be valued at around Rs 825 crore, with a floor price of Rs 4,850 per share. HDFC Bank HDB Financial Services, a subsidiary of the bank, has received approval from SEBI to launch a Rs 12,500-crore initial public offering (IPO) within the next one year. The IPO will comprise a fresh issue of Rs 2,500 crore and an offer-for-sale of Rs 10,000 crore worth of shares by parent HDFC Bank. The bank currently holds a 94.36% stake in HDB Financial Services. Wipro The AI-powered technology services and consulting company has won a multi-year deal with Entrust, a global leader in identity-centric security solutions. Wipro will provide strategic resources, scale, and agility to help Entrust accelerate its growth. Servotech Renewable Power Systems The company has received an order for a 7.8 MW grid-connected solar rooftop project from the Rangiya Division of the Northeast Frontier Railway. The order, valued at Rs 33.6 crore, also includes a comprehensive 5-year annual maintenance contract (AMC) for various buildings within the Rangiya division. Sun Pharmaceutical Industries The company's psoriasis drug SCD-044 has failed to meet its primary endpoint of 75% improvement in PASI (Psoriasis Area and Severity Index) score at week 16 in its Phase 2 trial. Additionally, the company is discontinuing studies of SCD-044 for atopic dermatitis after top-line results from a Phase 2 clinical trial did not meet the primary objective of 75% improvement in EASI (Eczema Area and Severity Index) score at week 16. Zydus Lifesciences The company’s subsidiary, Zynext Ventures USA LLC, has entered into a Securities Purchase Agreement with Agenus Inc., a US-based immuno-oncology company developing next-generation therapeutics for high-unmet need cancers. As part of the agreement, Zynext Ventures will acquire 21.33 lakh shares (representing a 5.9% stake) in Agenus at a price of $7.50 per share, valued at approximately $16 million. The acquisition expands Zydus' immuno-oncology pipeline and global reach. Techno Electric & Engineering Company The company has been selected by RailTel Corporation of India as a managed service data centre partner on a revenue-sharing basis to design, build, finance, and operate a 10MW data centre in phases on RailTel’s land in Noida. The project will be executed under the digital platform arm of the company, Techno Digital. R Systems International The company has announced a strategic partnership with Mavvrik, a leader in AI cost governance, to help enterprises gain visibility and precise financial control over rapidly escalating investments in AI, cloud, and hybrid infrastructure. NMDC The state-owned company has reduced the prices of its Baila Lump ore by Rs 140 per tonne to Rs 6,300 per tonne, and Fines by Rs 150 per tonne to Rs 5,350 per tonne, effective June 4. Bharat Forge, Ramkrishna Forgings in Focus The North American Class 8 truck orders in May increased by 40% month-on-month but declined by 47% year-on-year to 12,000 units. Gland Pharma The pharmaceutical company has received approval from the United States Food and Drug Administration (USFDA) for its Abbreviated New Drug Application (ANDA) for Angiotensin II Acetate injection 2.5 mg/mL, which is bioequivalent and therapeutically equivalent to the Reference Listed Drug (RLD), Giapreza of La Jolla Pharma LLC. This product is used for increasing blood pressure in adults with septic or other distributive shock. Gland Pharma is the exclusive First-to-File and is eligible for 180 days of generic drug exclusivity. Indian Energy Exchange (IEX) The electricity exchange achieved monthly electricity traded volume of 10,946 MU in May 2025, marking a 14% growth over the same month last year. The Day-Ahead Market (DAM) declined by 20% to 3,510 MU, compared to 4,371 MU in the same period last year. The Real-Time Electricity Market (RTM) reported its highest-ever monthly traded volume in May 2025, increasing by 42% YoY to 4,770 MU. L&T Technology Services The global engineering and technology services company has signed a strategic agreement with Tennant Company, a world leader in sustainable cleaning solutions. As part of the agreement, LTTS will set up a Offshore Development Center (ODC) with a scalable engineering team to support Tennant’s efforts across new product development, product lifecycle management, and other key business functions. Bulk Deals Zinka Logistics Solutions Quickroutes International exited the company by selling its entire 9.01% stake (1.59 crore shares) worth Rs 671.76 crore. Peak XV Partners Investments VI offloaded 12.1 lakh shares (0.68% stake) at an average price of Rs 444.71 per share. Accel India IV (Mauritius) sold 23.5 lakh shares at an average price of Rs 420.29 per share. Accel Growth Fund V LP sold 25 lakh shares at an average price of Rs 420.04 per share, amounting to Rs 203.77 crore. However, several institutional investors acquired 93.39 lakh shares at a price of Rs 420 per share, valued at Rs 392.3 crore. These include TNTBC as The Trustee of Nomura India Stock Mother Fund, SBI Mutual Fund, Massachusetts Institute of Technology, ICICI Prudential Mutual Fund, Abu Dhabi Investment Authority, and ICICI Prudential Life Insurance Company. Yes Bank CA Basque Investments sold 41 crore shares in the bank at an average price of Rs 21.68 per share, and another 41 crore shares at Rs 21.61 per share, totalling a 2.6% stake worth Rs 1,774.89 crore. As of March 2025, CA Basque Investments held a 6.84% stake in the bank. Vodafone Idea Ericsson India sold 63.37 crore shares in the telecom company at an average price of Rs 6.76 per share, valued at Rs 428.43 crore. Aptus Value Housing Finance India Promoter Westbridge Crossover Fund LLC sold 6.2 crore shares in the company at an average price of Rs 307.54 per share, valued at Rs 1,905.91 crore. However, Morgan Stanley Asia Singapore Pte, Axis Mutual Fund, SBI Mutual Fund, and East Bridge Capital Master Fund I acquired 1.67 crore shares (3.35% stake) at an average price of Rs 307 per share, amounting to Rs 514.64 crore. Ola Electric Mobility Hyundai Motor Company exited the company by selling its entire 2.47% shareholding (10.88 crore shares) at an average price of Rs 50.7 per share. Kia Corporation sold 2.71 crore shares at an average price of Rs 50.55 per share, amounting to Rs 689.31 crore. However, Citigroup Global Markets Mauritius acquired 8.61 crore shares (1.95% stake) at an average price of Rs 50.55 per share, valued at Rs 435.46 crore. MIC Electronics Multitude Growth Funds sold 12.51 lakh shares in the company at an average price of Rs 59.93 per share. Prostarm Info Systems PG Foils acquired 6.29 lakh shares in the company at an average price of Rs 120 per share. Mainboard Listing Scoda Tubes SME Listing N R Vandana Tex IndustriesNeptune Petrochemicals Stocks Trade Ex-Dividend Tata MotorsTata Consultancy ServicesSeshasayee Paper and BoardsINOX India Stock Trades Ex-Date for Split Coforge Stock Trades Ex-Bonus Shalibhadra Finance Stock Trades Ex-Date for Rights Franklin Industries Stock in F&O Ban Manappuram Finance"
