Date,Title,URL,Article Description,Article Text,Article Content
28 Aug 2025,"Sensex rises 450 pts from day's low, Nifty above 24,650: Three key reasons behind market recovery",https://www.moneycontrol.com/news/business/markets/sensex-rises-450-pts-from-day-s-low-nifty-above-24-650-three-key-reasons-behind-market-recovery-13495170.html,"Sensex, Nifty saw sharp recovery from morning lows as investors discounted the impact of higher US tariffs.","Sensex, Nifty rise in August 28 trade. ","The benchmark indices Sensex and Nifty staged a sharp recovery on Thursday after early losses, as investors discounted the impact of higher US tariffs and drew support from strong domestic institutional buying. Sensex fell 693.54 points or 0.85 percent to touch a low of 80,093.52 in early trade, while the broader Nifty declined 204.75 points or 0.82 percent to 24,507.20. By noon, the Sensex recovered 450 points from the day's low to trade at 80,543.74. The Nifty also rebounded nearly 150 points, moving above the 24,650 mark. Hero MotoCorp, Adani Enterprises, Titan Company, Asian Paints and Adani Ports and Special Economic Zone were among the major gainers, rising up to 2 percent intraday. Analysts cited three factors behind the rebound: 1) PM Modi’s visit to Japan, China: Prime Minister Narendra Modi’s visit to Japan and China, beginning later this week, is being seen as a positive signal for markets at a time when higher US tariffs have come into effect. Modi will attend the Shanghai Cooperation Organisation’s 25th meeting of Council of Heads of State in Tianjin on August 31 and September 1. Market participants believe such engagements could help ease global trade tensions and diversification for India's exports. Stock Market LIVE Updates 2) View that higher US tariffs are temporary: The additional 25 percent tariff imposed by US President Donald Trump on Indian imports, effective Wednesday, raised the total duty to 50 percent. While this triggered the morning sell-off, investors later took comfort from comments by US Treasury Secretary Scott Bessent, who described India-US ties as “very complicated” but expressed confidence that “at the end of the day, we will come together.” Dr. V K Vijayakumar, Chief Investment Strategist at Geojit Financial Services, said the market is treating the steep tariff hike as a “short-term aberration” likely to be resolved soon. US will come together with India at end of the day: Scott Bessent as Trump's 50% tariffs take effect 3) Strong DII buying: Exchange data showed that while Foreign Institutional Investors (FIIs) offloaded equities worth Rs 6,516.49 crore on Tuesday, Domestic Institutional Investors (DIIs) purchased stocks worth Rs 7,060.37 crore. ""The strong pillar of support to the market is the aggressive buying by DIIs flush with funds. Any selling by FIIs will be easily neutralised by DII inflows,"" Vijayakumar said."
28 Aug 2025,Hero Motocorp shares rise 2.02% in today's trading session,https://www.moneycontrol.com/news/business/stocks/hero-motocorp-shares-rise-2-02-in-today-s-trading-session-alpha-article-13495091.html,"With the stock currently trading at Rs 5,175.80, Hero Motocorp has shown positive momentum in today's session.",,"Hero Motocorp's stock price demonstrated a rise of 2.02 percent, trading at Rs 5,175.80 in Thursday's session. The stock is among the gainers on Nifty 50 index. At 11:01 am, the stock reflected positive momentum. Financial Overview: Here's a look at Hero Motocorp's key financial data: Consolidated Income Statement (Quarterly):Jun 2024Sep 2024Dec 2024Mar 2025Jun 2025RevenueRs 10,210.79 CroreRs 10,482.93 CroreRs 10,259.89 CroreRs 9,969.81 CroreRs 9,727.75 CroreNet ProfitRs 1,086.35 CroreRs 1,152.75 CroreRs 1,200.12 CroreRs 1,097.71 CroreRs 1,076.21 CroreEPS52.3153.1955.3858.0885.26The revenue for the quarter ending June 2025 stood at Rs 9,727.75 Crore, compared to Rs 10,210.79 Crore in June 2024. Net profit for the same period was Rs 1,076.21 Crore, slightly lower than the Rs 1,086.35 Crore recorded in June 2024. The EPS increased to 85.26 in June 2025 from 52.31 in June 2024. Consolidated Income Statement (Yearly):20212022202320242025RevenueRs 30,959.19 CroreRs 29,551.28 CroreRs 34,158.38 CroreRs 37,788.62 CroreRs 40,923.42 CroreNet ProfitRs 2,982.61 CroreRs 2,528.10 CroreRs 2,796.79 CroreRs 3,862.41 CroreRs 4,536.93 CroreEPS146.07115.96140.62187.36218.96BVPS778.76800.54839.66892.17963.60ROE18.9214.6216.8721.1522.71Debt to Equity0.020.020.020.020.02The company's revenue for the year ending March 2025 was Rs 40,923.42 Crore, an increase from Rs 37,788.62 Crore in March 2024. The net profit also rose to Rs 4,536.93 Crore in March 2025 from Rs 3,862.41 Crore in March 2024. The EPS increased from 187.36 in March 2024 to 218.96 in March 2025. Annual Income Statement (Consolidated):Mar 2021Mar 2022Mar 2023Mar 2024Mar 2025SalesRs 30,959 CroreRs 29,551 CroreRs 34,158 CroreRs 37,788 CroreRs 40,923 CroreOther IncomeRs 557 CroreRs 555 CroreRs 569 CroreRs 854 CroreRs 1,044 CroreTotal IncomeRs 31,517 CroreRs 30,106 CroreRs 34,727 CroreRs 38,643 CroreRs 41,967 CroreTotal ExpenditureRs 27,574 CroreRs 26,796 CroreRs 30,762 CroreRs 33,356 CroreRs 35,802 CroreEBITRs 3,942 CroreRs 3,310 CroreRs 3,965 CroreRs 5,286 CroreRs 6,165 CroreInterestRs 46 CroreRs 53 CroreRs 104 CroreRs 76 CroreRs 70 CroreTaxRs 913 CroreRs 729 CroreRs 1,063 CroreRs 1,348 CroreRs 1,557 CroreNet ProfitRs 2,982 CroreRs 2,528 CroreRs 2,796 CroreRs 3,862 CroreRs 4,536 CroreThe total sales for March 2025 was Rs 40,923 Crore compared to Rs 37,788 Crore for March 2024. The net profit increased from Rs 3,862 Crore in March 2024 to Rs 4,536 Crore in March 2025. Cash Flow:Mar 2021Mar 2022Mar 2023Mar 2024Mar 2025Operating ActivitiesRs 4,110 CroreRs 2,103 CroreRs 2,613 CroreRs 4,923 CroreRs 4,297 CroreInvesting ActivitiesRs -2,289 CroreRs -221 CroreRs -421 CroreRs -1,827 CroreRs -1,703 CroreFinancing ActivitiesRs -1,851 CroreRs -1,975 CroreRs -2,147 CroreRs -2,716 CroreRs -2,815 CroreOthersRs 0 CroreRs 0 CroreRs 0 CroreRs 0 CroreRs 0 CroreNet Cash FlowRs -30 CroreRs -93 CroreRs 45 CroreRs 378 CroreRs -221 CroreBalance Sheet:Mar 2021Mar 2022Mar 2023Mar 2024Mar 2025Share CapitalRs 39 CroreRs 39 CroreRs 39 CroreRs 39 CroreRs 40 CroreReserves & SurplusRs 15,357 CroreRs 15,782 CroreRs 16,579 CroreRs 17,613 CroreRs 19,232 CroreCurrent LiabilitiesRs 6,504 CroreRs 5,517 CroreRs 6,012 CroreRs 7,048 CroreRs 7,475 CroreOther LiabilitiesRs 1,194 CroreRs 1,138 CroreRs 1,284 CroreRs 1,451 CroreRs 1,642 CroreTotal LiabilitiesRs 23,096 CroreRs 22,478 CroreRs 23,917 CroreRs 26,152 CroreRs 28,390 CroreFixed AssetsRs 6,875 CroreRs 6,710 CroreRs 6,612 CroreRs 6,716 CroreRs 6,770 CroreCurrent AssetsRs 11,370 CroreRs 10,572 CroreRs 9,435 CroreRs 10,315 CroreRs 13,433 CroreOther AssetsRs 4,850 CroreRs 5,195 CroreRs 7,868 CroreRs 9,121 CroreRs 8,186 CroreTotal AssetsRs 23,096 CroreRs 22,478 CroreRs 23,917 CroreRs 26,152 CroreRs 28,390 CroreContingent LiabilitiesRs 488 CroreRs 659 CroreRs 965 CroreRs 1,177 CroreRs 2,031 CroreKey Financial Ratios:Mar 2021Mar 2022Mar 2023Mar 2024Mar 2025Basic EPS (Rs.)146.07115.96140.62187.36218.96Diluted EPS (Rs.)146.04115.93140.62187.04218.96Book Value /Share (Rs.)778.76800.54839.66892.17963.60Dividend/Share (Rs.)105.0095.00100.00140.00165.00Face Value22222Gross Profit Margin (%)15.0413.5313.6516.4117.08Operating Margin (%)12.7311.2011.6014.4115.06Net Profit Margin (%)9.638.558.1810.2211.08Return on Networth (%)18.9214.6216.8721.1522.71ROCE (%)23.7619.5122.1428.5129.47Return On Assets (%)12.6310.3011.7414.3115.42Current Ratio (X)1.751.921.571.461.80Quick Ratio (X)1.471.651.281.211.53Debt to Equity (x)0.020.020.020.020.02Interest Coverage Ratios (X)84.9475.3344.4681.2498.94Asset Turnover Ratio (%)134.041.311.481.511.50Inventory Turnover Ratio (X)17.3014.2216.5314.1421.713 Yr CAGR Sales (%)-2.34-6.738.0610.4817.683 Yr CAGR Net Profit (%)-9.88-13.84-12.1613.8033.96P/E (x)19.9519.7816.6925.2017.00P/B (x)3.782.902.825.333.86EV/EBITDA (x)12.5211.5210.0615.1710.65P/S (x)1.881.551.372.501.82Corporate Actions: Hero Motocorp has announced several corporate actions, including analyst/investor meetings and disclosures related to dividend payments. The company announced a final dividend of Rs 65 per share (3250%) on May 13, 2025, with an effective date of July 24, 2025. Earlier, an interim dividend of Rs 100 per share (5000%) was announced on February 6, 2025, and paid on February 12, 2025. The company has also had bonus issues in the past, with the last one being on August 4, 1998, in the ratio of 1:1. Additionally, a stock split was announced on January 30, 2001, with the old face value of Rs 10 split into a new face value of Rs 2. Moneycontrol analysis indicates a very bullish sentiment for Hero Motocorp as of August 28, 2025. With the stock currently trading at Rs 5,175.80, Hero Motocorp has shown positive momentum in today's session."
25 Aug 2025,"Stocks to Watch Today: Yes Bank, InterGlobe, Max Healthcare, Hero Moto, IndusInd, Titagarh Rail, Brigade Enterprises, IDBI Bank, Signpost in focus on 25 August",https://www.moneycontrol.com/news/business/markets/stocks-to-watch-today-yes-bank-interglobe-max-healthcare-hero-moto-indusind-titagarh-rail-brigade-enterprises-idbi-bank-signpost-in-focus-on-25-august-13483234.html,"Stocks to watch, 25 August: Stocks like InterGlobe Aviation, Max Healthcare Institute, Hero MotoCorp, IndusInd Bank, Yes Bank, Titagarh Rail Systems, RailTel Corporation of India, Brigade Enterprises, Interarch Building Solutions, IDBI Bank, Signpost India, and CEAT will be in focus on August 25.","Stocks to Watch Today, 25 August","Let's catch up on the latest news from the stock market. From significant investments to major deals, order wins, acquisitions, fund raising, and appointments, here’s a quick look at which stocks will be in focus in today's trade: Results Today M & B Engineering, Valecha Engineering, and White Organic Retail will release their quarterly earnings on August 25. Stocks to Watch Nifty 50 Rejig InterGlobe Aviation and Max Healthcare Institute are set to replace Hero MotoCorp and IndusInd Bank in the Nifty 50 index, effective September 30. Nifty Next 50 Rejig In the Nifty Next 50 index, Hindustan Zinc, Mazagon Dock Shipbuilders, Siemens Energy India, and Solar Industries India will replace Dabur India, ICICI Prudential Life Insurance Company, InterGlobe Aviation, and Swiggy, effective September 30. Yes Bank Sumitomo Mitsui Banking Corporation (SMBC) has received approval from the Reserve Bank of India (RBI) to acquire up to a 24.99% stake in Yes Bank. This approval is valid for one year from the date of the RBI’s letter. The RBI clarified that following the acquisition, SMBC will not be treated as a promoter of Yes Bank. Titagarh Rail Systems The company has received a Letter of Acceptance (LoA) from Banaras Locomotive Works for the complete shell assembly of WAG-9HC locomotives. The order is valued at Rs 91.12 crore RailTel Corporation of India The company received an order from Rajasthan Skill & Livelihoods Development Corporation (RSLDC) for Project Management Consultancy (PMC) work, valued at Rs 13.16 crore. Brigade Enterprises The company has launched a residential project – Brigade Lakecrest – in Bengaluru. The project will be developed under a Joint Development model, with a total development area of approximately 9.33 lakh square feet and a projected revenue potential of over Rs 950 crore. Additionally, Jayant B. Manmadkar has resigned from the position of Chief Financial Officer (CFO) of the company due to personal reasons, effective October 9. The Board has approved the designation of Pradyumna Krishna Kumar, Executive Director of the company, as the Interim Chief Financial Officer, effective October 10. Brigade Enterprises has signed a long-term lease agreement for a site of about 7 acres located on Old Mahabalipuram Road, one of Chennai’s commercial corridors. The site will be developed into a landmark mixed-use destination that will feature a Grade A office space of over 1 million square feet and a 5-star deluxe hotel with about 225 keys. Interarch Building Solutions The company has received an order worth Rs 90 crore from Rungta Mines, for the manufacturing of a pre-engineered steel building system. IndusInd Bank Rajiv Anand took charge as Managing Director and Chief Executive Officer of the bank, effective today. IDBI Bank In light of the ongoing strategic disinvestment plan, the Department of Investment and Public Asset Management has informed IDBI Bank that the Securities and Exchange Board of India (SEBI) has approved the reclassification of the Life Insurance Corporation of India (LIC) as a public shareholder of the bank. Further, the voting rights of LIC shall not exceed 10% of the total net effective voting rights of IDBI Bank. Post disinvestment, LIC shall reduce its residual shareholding in the bank to 15% or below within two years of the closing date. Promoter LIC holds a 49.24% stake in IDBI Bank as of June 2025. TVS Motor Company Shareholders have re-appointed Venu Srinivasan as a Director of the company. Falcon Technoprojects India The Board has appointed Mushir Sayed as the Chief Financial Officer (CFO) of the company, effective August 22. Akums Drugs and Pharmaceuticals The pharma company has executed a Framework Agreement with the Government of the Republic of Zambia to establish a local manufacturing facility in Zambia and to undertake the manufacturing and supply of medicines there. The facility also plans to export to other African countries in the future. Elpro International The company has acquired 1.9 lakh equity shares worth Rs 37.49 crore in HDFC Bank. Signpost India The company has received exclusive advertising rights for all 67 key metro stations operated by the Bangalore Metro Rail Corporation (BMRCL), for a tenure of 9 years till 2034. The exclusive rights contract is expected to have a revenue potential of Rs 600–700 crore over the tenure of the contract. GMR Power and Urban Infra The Board has approved fund raising of up to Rs 3,000 crore, in one or more tranches, through equity shares and non-convertible debentures (NCDs) along with warrants. Schloss Bangalore The Board has approved the change in the name of the company to Leela Palaces Hotels & Resorts, and has recommended the re-appointment of Anuraag Bhatnagar as Whole-Time Director. Eris Lifesciences The company has received a show cause cum demand notice from the Directorate General of GST Intelligence, Mumbai, alleging non-payment of IGST under the reverse charge mechanism for the import of services. This notice refers to the company’s acquisition of trademark rights, along with the title of Zomelis and its associated brands registered in India, from Novartis AG Switzerland. CEAT CEAT OHT Lanka has signed an agreement with the Board of Investment of Sri Lanka (BOI) to formalise a $171 million investment. This investment follows CEAT's acquisition of Michelin Group’s construction compact line business, including their Sri Lanka-based Midigama plant and casting product plant in Kotugoda. Bulk Deals Consolidated Construction Consortium Banyan Capital Advisors LLP, through its Yield Plus portfolio, bought 53.45 lakh shares (1.19% stake) in the company at Rs 14 per share. However, EIF-Coinvest III (which is managed by the European Investment Fund) sold 55.6 lakh shares (1.24% stake) at Rs 14.05 per share. As of June 2025, EIF-Coinvest III held a 1.6% stake in the company. GOCL Corporation Promoter Hinduja Capital sold 16.78 lakh shares at Rs 387.60 per share and 8 lakh shares at Rs 389.58 per share, totalling 24.78 lakh shares (4.99% stake) in the company. The promoter held a 72.82% shareholding as of June 2025. However, Legends Global Opportunities (Singapore) bought 8.78 lakh shares at Rs 386 per share. Block Deals Apollo Hospitals Enterprise Promoter Suneetha Reddy has offloaded 18.97 lakh shares (1.3% stake) in the healthcare services provider at Rs 7,850 per share, amounting to Rs 1,489.3 crore. However, several domestic and foreign institutional investors including Morgan Stanley, Goldman Sachs, Societe Generale, T. Rowe Price, Abu Dhabi Investment Authority, Viridian Asia Opportunities Master Fund, BNP Paribas Financial Markets, Copthall Mauritius Investment, Fidelity Funds, Ghisallo Master Fund, Invesco Mutual Fund, Kotak Mahindra Life Insurance Company, Morningstar Funds Trust, Axis Mutual Fund, and Tata Mutual Fund bought all these shares offloaded by the promoter in Apollo Hospitals Enterprise. Oswal Agro Mills Promoter group entity Oswal Greentech bought an additional 4.99% stake (66.99 lakh shares) in the company at Rs 76 per share. However, investor Tushar Holdings exited Oswal Agro Mills by selling its entire 33,28,218 shares at the same price, and another investor, Alliance Techno Projects, sold 33,70,782 shares at the same price. As of June 2025, Alliance Techno was holding a 6.48% stake (86,99,471 shares) in the company. SME Listing on August 25 Studio LSD Stocks Trade Ex-Dividend Kama HoldingsLloyds EnterprisesNitin CastingsRepco Home FinanceRupa & CompanySP ApparelsTamboli Industries Stock Trades Ex-Bonus Kretto Syscon Stock Trades Ex-Date for Scheme of Arrangement TVS Motor Company Stock Trades Ex-Date for Amalgamation Udaipur Cement Works Stocks in F&O Ban PG Electroplast,RBL Bank,Titagarh Rail Systems"
21 Aug 2025,"Nifty rejig tomorrow: Max Health, IndiGo likely to enter index, IndusInd Bank and Hero Moto may exit",https://www.moneycontrol.com/news/business/markets/nifty-rejig-max-health-indigo-likely-to-enter-index-indusind-bank-and-hero-moto-may-exit-13476781.html,"The official decision by the NSE Index sub-committee is expected on August 22. The index adjustments, effective September 29, 2025 will be closely watched as several passive funds that track the benchmark could see changes in their fund flow allocations.","After the index rejig, ETFs and mutual funds that track the index also rebalance their portfolios, in order to align with the new index composition, which leads to changes in passive fund flow. ","The Nifty 50 benchmark index is likely to go through a potential reshuffle on August 22, with Max Healthcare and InterGlobe Aviation likely candidates that may be included, as per a recent projection by Nuvama Alternative, while IndusInd Bank and Hero MotoCorp could see an exit. The official decision by the NSE Index sub-committee is expected on August 22. The index adjustments, effective September 29, 2025 will be closely watched as several passive funds that track the benchmark could see changes in their fund flow allocations. According to brokerages, healthcare service provider Max Healthcare could see an inflow $400 million and Indigo-parent InterGlobe Aviation may see an inflow of $600 million. The inclusions come at the expense of IndusInd Bank and Hero Moto, with the troubled lender likely to see an outflow of $230 million and the two-wheeler company could see $600 million in outflows. Read More Changes to the Nifty 50 benchmark index are made twice a year, in March and September by NSE, based on the average free-float market capitalisation of past six months. During the rejig in March this year, Zomato and Jio Financial Services entered the Nifty 50, replacing BPCL and Britannia Industries. This rejig had marked the inclusion of digital-era stocks, underscoring the rising importance of consumer tech and fintech players in the stock market. After the index rejig, ETFs and mutual funds that track the index also rebalance their portfolios, in order to align with the new index composition, which leads to changes in passive fund flow."
19 Aug 2025,Hero Motocorp shares jump 2.72% amid volume surge,https://www.moneycontrol.com/news/business/stocks/hero-motocorp-shares-jump-2-72-amid-volume-surge-alpha-article-13467587.html,"With the stock currently trading at Rs 5,119.50, Hero Motocorp's recent performance reflects a notable surge in volume and positive financial results.",,"Shares of Hero Motocorp gained 2.72% to trade at Rs 5,119.50 in Tuesday's session, witnessing a surge in volume. The stock's performance was notably positive, driven by what appeared to be a jump in volume. On the financial front, Hero Motocorp has shown consistent performance. The consolidated revenue for the quarter-ending June 2025 stood at Rs 9,727.75 Crore, compared to Rs 10,210.79 Crore in June 2024. The net profit for the same quarter was Rs 1,076.21 Crore, slightly lower than the Rs 1,086.35 Crore reported in the corresponding quarter of the previous year. The Earnings Per Share (EPS) stood at Rs 85.26 for June 2025, up from Rs 52.31 in June 2024. Here is a summary of the company's quarterly financial performance:HeadingJun 2024Sep 2024Dec 2024Mar 2025Jun 2025RevenueRs 10,210.79 CroreRs 10,482.93 CroreRs 10,259.89 CroreRs 9,969.81 CroreRs 9,727.75 CroreNet ProfitRs 1,086.35 CroreRs 1,152.75 CroreRs 1,200.12 CroreRs 1,097.71 CroreRs 1,076.21 CroreEPS52.3153.1955.3858.0885.26The yearly financial performance also reflects growth. The consolidated revenue for the year-ending March 2025 was Rs 40,923.42 Crore, up from Rs 37,788.62 Crore in March 2024. The net profit increased to Rs 4,536.93 Crore in March 2025 from Rs 3,862.41 Crore in March 2024. The EPS also rose to Rs 218.96 in March 2025, compared to Rs 187.36 in the previous year. Here’s an overview of Hero Motocorp's consolidated yearly financials:Heading20212022202320242025RevenueRs 30,959.19 CroreRs 29,551.28 CroreRs 34,158.38 CroreRs 37,788.62 CroreRs 40,923.42 CroreNet ProfitRs 2,982.61 CroreRs 2,528.10 CroreRs 2,796.79 CroreRs 3,862.41 CroreRs 4,536.93 CroreEPS146.07115.96140.62187.36218.96BVPS778.76800.54839.66892.17963.60ROE18.9214.6216.8721.1522.71Debt to Equity0.020.020.020.020.02The company has also announced changes in senior management and declared dividends. According to announcements made under Regulation 30 of the SEBI (Listing Obligations and Disclosure Requirements) Regulations, 2015, there have been changes in the senior management personnel. The company announced a final dividend of Rs 65 per share (3250%) with an effective date of July 24, 2025, and an interim dividend of Rs 100 per share (5000%) effective from February 12, 2025. According to Moneycontrol analysis, the sentiment for Hero Motocorp is very bullish as of August 19, 2025. With the stock currently trading at Rs 5,119.50, Hero Motocorp's recent performance reflects a notable surge in volume and positive financial results."
19 Aug 2025,Hero Motocorp shares rise 2.15% in early trade,https://www.moneycontrol.com/news/business/stocks/hero-motocorp-shares-rise-2-15-in-early-trade-alpha-article-13465787.html,"With the stock currently trading at Rs 5,091.00, Hero Motocorp has shown a positive movement in Tuesday's early trading session.",,"Shares of Hero Motocorp gained 2.15% to trade at Rs 5,091.00 in Tuesday's session. The stock showed positive movement in today's session. On the financial front, Hero Motocorp's consolidated yearly revenue has shown consistent growth. The annual revenue for the year-ending March 2025 stood at Rs 40,923.42 Crore, compared to Rs 37,788.62 Crore in the previous year. The net profit for the same period was Rs 4,536.93 Crore, up from Rs 3,862.41 Crore in the year-ending March 2024. The company's Earnings Per Share (EPS) also increased, with the EPS for the year-ending March 2025 at Rs 218.96, compared to Rs 187.36 for the year-ending March 2024. Book Value Per Share (BVPS) increased from Rs 892.17 in March 2024 to Rs 963.60 in March 2025. The Return on Equity (ROE) also saw an increase, reaching 22.71% in March 2025 from 21.15% in March 2024. The Debt to Equity ratio remained stable at 0.02. The consolidated quarterly revenue for June 2025 stood at Rs 9,727.75 Crore, compared to Rs 10,210.79 Crore for June 2024. The net profit for the quarter was Rs 1,076.21 Crore, slightly lower than the Rs 1,086.35 Crore reported in June 2024. The EPS for June 2025 was Rs 85.26, compared to Rs 52.31 in June 2024.Financial YearRevenue (Rs Crore)Net Profit (Rs Crore)EPS (Rs)BVPS (Rs)ROE (%)Debt to EquityMar 202130,959.192,982.61146.07778.7618.920.02Mar 202229,551.282,528.10115.96800.5414.620.02Mar 202334,158.382,796.79140.62839.6616.870.02Mar 202437,788.623,862.41187.36892.1721.150.02Mar 202540,923.424,536.93218.96963.6022.710.02The revenue increased by 8.29 percent in 2025 compared to 2024. The net profit increased by 17.47 percent in 2025 compared to 2024.QuarterRevenue (Rs Crore)Net Profit (Rs Crore)EPS (Rs)Jun 202410,210.791,086.3552.31Sep 202410,482.931,152.7553.19Dec 202410,259.891,200.1255.38Mar 20259,969.811,097.7158.08Jun 20259,727.751,076.2185.26The company announced a change in senior management personnel on August 19, 2025. Additionally, the transcript of the earnings conference call for the quarter ended June 30, 2025, was attached on August 12, 2025. The audio recording of the earnings call for the quarter ended on June 30, 2025, is available on the company's website. The company announced a final dividend of Rs 65 per share (3250%) on May 13, 2025, with an effective date of July 24, 2025. An interim dividend of Rs 100 per share (5000%) was announced on February 6, 2025, effective February 12, 2025. Hero Motocorp had a stock split on March 12, 2001, where the face value changed from Rs 10 to Rs 2. Moneycontrol analysis indicates a very bullish sentiment for Hero Motocorp as of today. With the stock currently trading at Rs 5,091.00, Hero Motocorp has shown a positive movement in Tuesday's early trading session."
13 Aug 2025,Hero Motocorp shares rise 2.01% on Nifty 50,https://www.moneycontrol.com/news/business/stocks/hero-motocorp-shares-rise-2-01-on-nifty-50-alpha-article-13448894.html,"With the stock's current rise of 2.01 percent, Hero Motocorp demonstrates a positive trend in Wednesday's trading session.",,"Hero Motocorp shares are trading higher by 2.01 percent, with the stock currently priced at Rs 4,738.60. This increase reflects a positive movement in Wednesday's trading session. Financial Performance: Hero Motocorp's financial performance shows consistent revenue and profit growth over the past few years. Here’s an overview of their consolidated financials: Revenue: The company has demonstrated substantial growth in annual revenue. For the year ending March 2025, the revenue stood at Rs 40,923.42 Crore, a notable increase from Rs 37,788.62 Crore in March 2024. This represents a growth of approximately 8.3%. Net Profit: The net profit has also seen a significant rise. The net profit for the year ending March 2025 was Rs 4,536.93 Crore, compared to Rs 3,862.41 Crore in March 2024, marking an increase of 17.47%. EPS: The Earnings Per Share (EPS) has increased from Rs 187.36 in March 2024 to Rs 218.96 in March 2025. The table below presents a detailed view of Hero Motocorp's key financial figures:ParticularsMar 2021Mar 2022Mar 2023Mar 2024Mar 2025RevenueRs 30,959.19 CroreRs 29,551.28 CroreRs 34,158.38 CroreRs 37,788.62 CroreRs 40,923.42 CroreNet ProfitRs 2,982.61 CroreRs 2,528.10 CroreRs 2,796.79 CroreRs 3,862.41 CroreRs 4,536.93 CroreEPSRs 146.07Rs 115.96Rs 140.62Rs 187.36Rs 218.96BVPSRs 778.76Rs 800.54Rs 839.66Rs 892.17Rs 963.60ROE18.9214.6216.8721.1522.71Debt to Equity0.020.020.020.020.02The quarterly results also reflect a strong performance. The revenue for the quarter-ending June 2025 was Rs 9,727.75 Crore, and the net profit stood at Rs 1,076.21 Crore. The EPS for the same period was Rs 85.26.ParticularsJun 2024Sep 2024Dec 2024Mar 2025Jun 2025RevenueRs 10,210.79 CroreRs 10,482.93 CroreRs 10,259.89 CroreRs 9,969.81 CroreRs 9,727.75 CroreNet ProfitRs 1,086.35 CroreRs 1,152.75 CroreRs 1,200.12 CroreRs 1,097.71 CroreRs 1,076.21 CroreEPSRs 52.31Rs 53.19Rs 55.38Rs 58.08Rs 85.26Corporate Actions: Hero Motocorp has announced several corporate actions, including dividend payouts. The company announced a final dividend of Rs 65 per share (3250%) on May 13, 2025, with an effective date of July 24, 2025. Additionally, an interim dividend of Rs 100 per share (5000%) was announced on February 6, 2025, effective from February 12, 2025. Market Sentiment: Moneycontrol analysis indicates a very bullish sentiment on Hero Motocorp as of August 13, 2025. With the stock's current rise of 2.01 percent, Hero Motocorp demonstrates a positive trend in Wednesday's trading session."
08 Aug 2025,Buy Hero MotoCorp; target of Rs 5355: Motilal Oswal,https://www.moneycontrol.com/news/business/earnings/buy-hero-motocorp-target-of-rs-5355-motilal-oswal-13423055.html,"Motilal Oswal is bullish on Hero MotoCorp has recommended buy rating on the stock with a target price of Rs 5355 in its research report dated August 07, 2025.",BUY,"Motilal Oswal's research report on Hero MotoCorp Hero MotoCorp (HMCL)’s 1QFY26 PAT at INR11.2b came in above our est. of INR10.5b, led largely by higher other income. HMCL was able to retain its margins despite weak volumes due to price hikes and an improved mix. We expect HMCL to deliver a volume CAGR of ~4% over FY25-27, driven by new launches and a ramp-up in exports. HMCL will also benefit from a gradual rural recovery, given strong brand equity in the economy and executive segments. We expect a CAGR of ~7%/8%/9% in revenue/EBITDA/ PAT over FY25-27. At ~18.8x/17.3x FY26E/27E EPS, the stock appears attractively valued. We reiterate our BUY rating with a TP of INR5,355 (based on 18x Jun’27E EPS + INR129/235 for Hero FinCorp/Ather post-20% Holdco discount). Outlook We reiterate our BUY rating with a TP of INR5,355 (based on 18x Jun’27E EPS + INR129/235 for Hero FinCorp/Ather post-20% Holdco discount). For all recommendations report, click here Hero MotoCorp_08082025_Motilal Oswal"
08 Aug 2025,Buy Hero MotoCorp; target of Rs 5304: LKP Research,https://www.moneycontrol.com/news/business/stocks/buy-hero-motocorp-target-of-rs-5304-lkp-research-13422904.html,"LKP Research is bullish on Hero MotoCorp has recommended buy rating on the stock with a target price of Rs 5304 in its research report dated August 08, 2025.",buy,"LKP Research's research report on Hero MotoCorp Hero MotoCorp reported muted performance in Q1FY26, with revenue at ₹95.8 bn, declining 5.6% YoY and 3.6% QoQ, primarily impacted by (1) a temporary production pause, (2) seasonality in the Parts, Accessories, and Merchandise segment, which weighed on ASPs, and (3) broader industry headwinds. The company implemented price hikes related to OBD compliance, phased across Q4FY25 and Q1FY26. While commodity costs rose ~0.5% QoQ, management remains confident in offsetting the impact through its ongoing LEAP cost-saving program, which continues to deliver meaningful gains. EBITDA margin stood at 14.4%, largely flat YoY, supported by gross margin expansion driven by a favorable product mix, pricing actions, and disciplined cost management. However, this was partially offset by negative operating leverage due to lower volumes. PBT came in at ₹14.9 bn, stable YoY, with PBT margin improving to 15.5% (up 80bps YoY / 101bps QoQ), aided by higher other income. We expect EBITDA margins to remain in the 14.5%-15% range in FY26E-27E, supported by a favourable product mix and ongoing cost optimization measures, including gains from the LEAP program. Outlook We expect Revenue/EBITDA/PBT to grow at a CAGR of 8.1%/ 10.8%/ 9.7% over FY25–FY27E, with favourable product mix, operating leverage, and EV ramp-up serving as key catalysts. We value company at a P/E of 19x on earnings of FY27E and raise our target to ₹5,304. For all recommendations report, click here Hero MotoCorp - 08082025 - lkp"
07 Aug 2025,"Hero Motocorp Standalone June 2025 Net Sales at Rs 9,578.86 crore, down 5.57% Y-o-Y",https://www.moneycontrol.com/news/business/earnings/hero-motocorp-standalone-june-2025-net-sales-at-rs-9578-86-crore-down-5-57-y-o-y-13411512.html,,,"Reported Standalone quarterly numbers for Hero Motocorp are: Net Sales at Rs 9,578.86 crore in June 2025 down 5.57% from Rs. 10,143.73 crore in June 2024. Quarterly Net Profit at Rs. 1,125.70 crore in June 2025 up 0.27% from Rs. 1,122.63 crore in June 2024. EBITDA stands at Rs. 1,685.38 crore in June 2025 down 0.36% from Rs. 1,691.46 crore in June 2024. Hero Motocorp EPS has increased to Rs. 56.28 in June 2025 from Rs. 56.15 in June 2024. Hero Motocorp shares closed at 4,474.90 on August 05, 2025 (NSE) and has given 5.79% returns over the last 6 months and -13.51% over the last 12 months. "
07 Aug 2025,"Stocks to Watch Today: Eternal, Hero MotoCorp, Trent, Bharat Forge, BHEL, Lumax Ind, Fortis Healthcare, Datamatics Global, Bajaj Holdings in focus on 7 August",https://www.moneycontrol.com/news/business/markets/stocks-to-watch-today-eternal-hero-motocorp-trent-bharat-forge-bhel-lumax-ind-fortis-healthcare-datamatics-global-bajaj-holdings-in-focus-on-7-august-13408876.html,"Stocks to Watch, 7 August: Stocks like Eternal, Hero MotoCorp, Trent, Bharat Forge, BHEL, Lumax Industries, Jindal Stainless, Fortis Healthcare, Datamatics Global, Bajaj Holdings, Cash Ur Drive Marketing, and Renol Polychem will be in focus on August 7.","Stocks to Watch Today, 7 August","Let's catch up on the latest news from the stock market. From significant investments to major deals, quarterly earnings, new listings and appointments, here’s a quick look at which stocks will be in focus in today's trade: Results Today Titan Company, Life Insurance Corporation of India, Hindustan Petroleum Corporation. Godrej Consumer Products, Biocon, Cummins India, Metropolis Healthcare, National Aluminium Company, Kalyan Jewellers India, Kalpataru Projects International, Aegis Logistics, Aegis Vopak Terminals, Apollo Tyres, Bajaj Electricals, Birlasoft, Data Patterns (India), Edelweiss Financial Services, Emcure Pharmaceuticals, General Insurance Corporation of India, Indigo Paints, CE Info Systems, Global Health, Medi Assist Healthcare Services, Page Industries, Ramco Cements, Shree Renuka Sugars, and Sai Life Sciences will release their quarterly earnings on August 7. Quarterly Earnings Hero MotoCorp Q1 (Standalone YoY) Profit rises 0.3% to Rs 1,125.7 crore Vs Rs 1,122.6 crore Revenue falls 5.6% to Rs 9,578.9 crore Vs Rs 10,143.7 crore Trent Q1 (Consolidated YoY) Profit grows 8.6% to Rs 424.7 crore Vs Rs 391.2 crore Revenue jumps 19% to Rs 4,883.5 crore Vs Rs 4,104.4 crore Fortis Healthcare Q1 (Consolidated YoY) Profit zooms 53.3% to Rs 266.8 crore Vs Rs 174 crore Revenue surges 16.6% to Rs 2,166.7 crore Vs Rs 1,858.9 crore Raymond Q1 (Consolidated YoY) Profit falls 8.8% to Rs 20.6 crore Vs Rs 22.6 crore Revenue jumps 16.6% to Rs 524.3 crore Vs Rs 449.8 crore Datamatics Global Services Q1 (Consolidated YoY) Profit grows 15.8% to Rs 50.4 crore Vs Rs 43.5 crore Revenue increases 18.7% to Rs 467.6 crore Vs Rs 394 crore Kirloskar Oil Engines Q1 (Consolidated YoY) Profit declines 10.9% to Rs 141.9 crore Vs Rs 159.3 crore Revenue rises 8.1% to Rs 1,763.8 crore Vs Rs 1,631.9 crore Bajaj Holdings & Investment Q1 (Consolidated YoY) Profit zooms 116.5% to Rs 3,486.5 crore Vs Rs 1,610.5 crore Revenue jumps 142.7% to Rs 324.7 crore Vs Rs 133.8 crore Prince Pipes and Fittings Q1 (Consolidated YoY) Profit sinks 80.5% to Rs 4.8 crore Vs Rs 24.7 crore Revenue drops 4% to Rs 580.4 crore Vs Rs 604.5 crore Housing & Urban Development Corporation Q1 (Consolidated YoY) Profit grows 13% to Rs 630.2 crore Vs Rs 557.8 crore Net interest income soars 32.6% to Rs 961 crore Vs Rs 724.6 crore Gujarat Narmada Valley Fertilizers & Chemicals Q1 (Consolidated YoY) Profit tanks 29.7% to Rs 83 crore Vs Rs 118 crore Revenue falls 20.8% to Rs 1,601 crore Vs Rs 2,021 crore Lumax Industries Q1 (Consolidated YoY) Profit grows 5.9% to Rs 36.2 crore Vs Rs 34.2 crore Revenue soars 20.5% to Rs 922.5 crore Vs Rs 765.8 crore Jindal Stainless Q1 (Consolidated YoY) Profit increases 10.2% to Rs 714.2 crore Vs Rs 648.1 crore Revenue rises 8.2% to Rs 10,207.1 crore Vs Rs 9,429.8 crore Raymond Lifestyle Q1 (Consolidated YoY) Loss narrows to Rs 19.8 crore Vs Rs 23.2 crore Revenue jumps 17.2% to Rs 1,430.4 crore Vs Rs 1,220.1 crore VIP Industries Q1 (Consolidated YoY) Loss stands at Rs 13.1 crore Vs profit of Rs 4.04 crore Revenue declines 12.1% to Rs 561.4 crore Vs Rs 638.9 crore Bharat Heavy Electricals Q1 (Consolidated YoY) Loss widens to Rs 455.5 crore Vs loss of Rs 211.4 crore Revenue rises 0.03% to Rs 5,486.9 crore Vs Rs 5,484.9 crore IRCON International Q1 (Consolidated YoY) Profit drops 26.5% to Rs 164.6 crore Vs Rs 224 crore Revenue falls 21.9% to Rs 1,786.3 crore Vs Rs 2,287.1 crore Sula Vineyards Q1 (Consolidated YoY) Profit sinks 86.7% to Rs 1.94 crore Vs Rs 14.6 crore Revenue declines 7.9% to Rs 118.3 crore Vs Rs 128.4 crore Stocks to Watch Eternal Alibaba-backed Antfin Singapore Holding Pte Ltd is likely to sell its entire stake in Eternal, the parent of Zomato, for Rs 5,375 crore through block deal, reported CNBC-Awaaz citing sources. The channel reported that Antfin will sell 18.84 crore shares of the delivery tech company and floor price has been fixed at Rs 285 apiece. Bharat Forge The company has entered into a Business Transfer Agreement (BTA) with its subsidiary, Kalyani Strategic Systems (KSSL), for the transfer of its defence business to KSSL for Rs 453.3 crore. Additionally, the company and KSSL have entered into an Intellectual Property Rights Licensing Agreement. Hindustan Copper The company has executed a Memorandum of Understanding (MoU) with GAIL (India) to jointly participate in copper and critical minerals block auctions, and to develop and operationalise blocks for exploration, mining, and processing of minerals. CreditAccess Grameen Following RBI approval, the microfinance institution has announced the appointment of Ganesh Narayanan as Managing Director and Chief Executive Officer (MD & CEO) for a period of five years. Udaya Kumar Hebbar has been appointed as Non-Executive (Nominee) Director, effective August 5. Bulk Deals Adani Energy Solutions Envestcom Holding RSC has offloaded a total of 2.19 crore shares in the Adani Group company (equivalent to a 1.83% stake) at Rs 790 per share, amounting to Rs 1,736.7 crore. Its shareholding in the company stood at 2.68% at the end of the June quarter. Tube Investments of India Motilal Oswal Mutual Fund has acquired an additional 10.7 lakh shares (equivalent to a 0.55% stake) at Rs 2,919.02 per share, amounting to Rs 312.3 crore. Laxmi India Finance BofA Securities Europe SA has offloaded 2.6 lakh shares in the MSME lender at Rs 125.01 per share. Spandana Sphoorty Financial ACM Global Fund VCC has acquired 1.38 lakh shares in the microfinance institution at Rs 9.95 per share. MVK Agro Food Product Wallfort PMS & Advisory Services LLP has sold 1.2 lakh shares in MVK at Rs 250.05 per share. However, Tushar Bherulal Tepan has purchased 84,000 shares at Rs 250.04 per share, and Nikesh Agro Farms and Infrastructure has acquired 99,600 shares at Rs 253.80 per share. Block Deals Bikaji Foods International Promoters Deepak Agarwal and Shiv Ratan Agarwal have sold 25 lakh shares (0.99% stake) in the company to institutional investors including ICICI Prudential Life Insurance Company, Tata Mutual Fund, HDFC Life Insurance Company, Aditya Birla Sun Life Mutual Fund, and Alphamine Absolute Return Fund at Rs 732 per share. SME Listing on August 7 Cash Ur Drive MarketingRenol Polychem Stocks Trade Ex-Dividend Karur Vysya BankPI IndustriesSharda CropchemSymphonyAvanti FeedsBayer CropScienceCCL Products (India)Chembond ChemicalsDhunseri InvestmentsDisa IndiaEsab IndiaLa Opala RGLinde IndiaLumax IndustriesLumax Auto TechnologiesMysore Petro ChemicalsNava Stock Trades Ex-Date for Bonus Murae Organisor Stock Trades Ex-Date for Income Distribution RITES Mindspace Business Parks REIT Stock in F&O Ban PNB Housing Finance"
06 Aug 2025,"Hero MotoCorp Q1 net profit flat at Rs 1,126 crore, but beats estimates",https://www.moneycontrol.com/news/business/earnings/hero-motocorp-q1-net-profit-flat-at-rs-1-126-crore-but-beats-estimates-13405643.html,"Hero MotoCorp Q1: Revenue declines 5.5% to Rs 9,579 crore","Hero MotoCorp Q1 net profit flat at Rs 1,126 crore, but beats estimates","Two-wheeler major Hero MotoCorp on August 6 reported flat net profit at Rs 1,126 crore for the quarter ended June 30, 2025 as against Rs 1,123 crore a year ago. However, the firm beat estimates as a Moneycontrol poll of eight brokerage firms pegged the net profit at Rs 1,054 crore. However, the firm's revenue declined 5.5% to Rs 9,579 crore in Q1FY26 as against Rs 10,144 crore in Q1FY25. On August 6, Hero MotoCorp's shares closed 1.7% lower at Rs 4,470 apiece. Vivek Anand, Chief Financial Officer, said, “Our profitability and margins remained resilient, supported by strong demand for our entry and deluxe motorcycles and 125 cc scooter segments. We are witnessing good traction in our electric mobility business (VIDA), and global operations also remained ahead of industry, reflecting the strength of our brand in international markets. With favourable customer sentiment, upcoming festive season and a robust pipeline of new product launches, we are confident of sustaining and driving growth in the coming quarters.” The company said it continued to see steady momentum in its electric mobility business under the VIDA brand, reinforcing its position in the evolving EV segment. Global business operations also outperformed industry trends, driven by growth in key international markets and an expanding portfolio across both premium and commuter motorcycles, it said in a stock exchange filing. ""Retail demand in Q1 remained steady, reflected in higher VAHAN registrations. With the upcoming festive season and a robust line-up of new products, the company expects demand to remain healthy in the coming quarters,"" the company added. "
06 Aug 2025,"Trade Spotlight: How should you trade Bank of Baroda, BLS International, Godawari Power, ICICI Prudential, BHEL, DMart and others on August 6?",https://www.moneycontrol.com/news/business/markets/trade-spotlight-how-should-you-trade-bank-of-baroda-bls-international-godawari-power-icici-prudential-bhel-dmart-and-others-on-august-6-13398367.html,The consolidation with a negative bias is expected to persist in the upcoming sessions. Below are some short-term trading ideas to consider.,Top Buy Ideas on RBI Policy Day,"Equity benchmarks corrected after a day of rally, with the Nifty 50 declining by a third of a percent on August 5, as the market breadth was skewed in favour of bears. About 1,608 shares were under pressure compared to 1,069 shares that advanced on the NSE. The consolidation with a negative bias is expected to persist in the upcoming sessions. Below are some short-term trading ideas to consider: Amol Athawale, VP Technical Research at Kotak Securities Bank of Baroda | CMP: Rs 240.65  After a decline from higher levels, Bank of Baroda has rebounded from its support zone on the daily charts. Moreover, there was a sloping trendline breakout along with decent volume activity. The stock is witnessing a steady recovery from lower levels. The upward movement in the stock suggests a new leg of the bullish trend in the near term. As long as the stock is trading above Rs 230, the bullish momentum is likely to continue. Strategy: Buy Target: Rs 260 Stop-Loss: Rs 230 ICICI Prudential Life Insurance Company | CMP: Rs 614.75  On the daily timeframe, ICICI Prudential Life had been in a downtrend. It is now in oversold territory and within its demand area. The texture of the chart formation and technical indicators such as the RSI indicate that the stock is very likely to rebound for a new leg of the uptrend from its demand zone. For the next few trading sessions, Rs 590 could be the trend-deciding level for the bulls. If the stock sustains above this level, we can expect a further uptrend towards Rs 660. Strategy: Buy Target: Rs 660 Stop-Loss: Rs 590 Tata Consumer Products | CMP: Rs 1,064.8  After the remarkable uptrend of the last few weeks, Tata Consumer Products witnessed a short-term correction from higher levels. However, on the weekly charts, the stock is near an important retracement zone. The chart formation suggests a revival of the uptrend from the current levels. For traders, Rs 1,020 would be the key support level to watch. Above this level, the uptrend could continue towards Rs 1,140. Strategy: Buy Target: Rs 1,140 Stop-Loss: Rs 1,020 Ashish Kyal, CMT, Founder and CEO of Waves Strategy Advisors BLS International Services | CMP: Rs 399.55  On the daily timeframe, BLS International Services has been consolidating in a range between Rs 351–392 since June 2025. In the previous session, the stock managed to break out of the upper end of the range, closing near Rs 399. Over the past six trading sessions, the stock has held above the previous candle’s low on a closing basis, which is a positive sign. After the sharp rise, buying on dips appears to be a wiser strategy for riding the ongoing trend with better risk management. After the breakout, we can expect good momentum on the upside in the upcoming sessions. One can use dips as a buying opportunity. Strategy: Buy Target: Rs 420, Rs 438 Stop-Loss: Rs 385 Hero MotoCorp | CMP: 4,546.8  On the daily chart, Hero MotoCorp has been trading within a broader range of Rs 4,150 to Rs 4,490 since May 2025. Since the start of this week, the auto sector has outperformed other sectors, with Hero MotoCorp emerging as one of its key contributors, which is a strong bullish sign. The stock has already broken out of the mentioned range, which is again a positive sign. Moreover, Bollinger Bands have started to expand, indicating increased volatility, with prices closing above the upper bands, which can further boost positive momentum in the stock. Along with this, the MACD has just witnessed a bullish crossover, providing double confirmation for our stance. The current trend for Hero MotoCorp has shifted in favour of the bulls. One should use dips as a buying opportunity. Strategy: Buy Target: Rs 4,700, Rs 4815 Stop-Loss: Rs 4,330 Godawari Power and Ispat | CMP: Rs 200  In the previous session, despite major indices falling, Godawari Power and Ispat managed to gain 1.8%, indicating that bulls are getting active in the stock. Prices have been respecting their upward-sloping trendline since March 2025. Additionally, the stock has managed to retrace 50% of its fall that began in December 2024. With follow-up buying, prices may retrace up to 61.8% of the fall, which comes near Rs 212, coinciding with its previous swing highs. The current trend for GPIL favours the bulls. A break above Rs 202 could further accelerate positive momentum towards Rs 212, followed by Rs 225. Strategy: Buy Target: Rs 212, Rs 225 Stop-Loss: Rs 192 Subash Gangadharan, Senior Technical Derivative Analyst at HDFC Securities Avenue Supermarts | CMP: Rs 4,257.8  Avenue Supermarts (DMart) is in a healthy intermediate uptrend after touching a low of Rs 3,340 in March 2025. Last week, the stock bounced back strongly from the 200-day SMA and cleared its nearby resistances in the process. The stock also traded above the 20-day and 50-day SMAs, with momentum indicators like the 14-day RSI in rising mode and not overbought. This indicates that the uptrend is likely to continue. Strategy: Buy Target: Rs 4,700 Stop-Loss: Rs 3,931 BHEL | CMP: Rs 248.25  BHEL has reversed its recent downtrend after touching a low of Rs 230. The stock has comfortably moved above the 200-day EMA on the back of healthy volumes. On the weekly chart, the stock found support near the 20-week and 50-week SMAs, bouncing back this week. Momentum indicators like the 14-day RSI are rising and not overbought, which is favourable for the continuation of the uptrend. Strategy: Buy Target: Rs 280 Stop-Loss: Rs 230"
05 Aug 2025,"Max Health, Indigo may join Nifty 50; Swiggy, Dabur to exit Nifty Junior: Nuvama",https://www.moneycontrol.com/news/business/markets/max-health-indigo-may-join-nifty-50-swiggy-dabur-to-exit-nifty-junior-nuvama-13388877.html,"Nuvama said that BSE has zero probability of being included in the Nifty 50 in the September 2025 review, no chance of joining Nifty Next 50 either.",The Nifty 50 index is reshuffled twice a year. ,"Domestic brokerage Nuvama Institutional Equities reiterated its conviction on healthcare player Max Healthcare and Indigo-parent InterGlobe Aviation joining the benchmark Nifty 50 index during the next review. On the flip side, beleaguered lender IndusInd Bank and auto player Hero MotoCorp might be deleted from the index. The cut-off period for stocks to be decided ended on July 31, and the official announcement is expected in the latter half of August, with index adjustments effective September 29, 2025. According to Nuvama, these changes are expected to drive significant passive flows, with Indigo and Max Healthcare likely to see passive inflows of approximately $507 million and $423 million, respectively. Meanwhile, Hero MotoCorp and IndusInd Bank are projected to witness outflows of $251 million and $240 million each. For the Nifty Next 50, colloquially known as the Nifty Junior, the probable inclusion include Solar Industries, Mankind Pharma, Siemens Energy India, Hindustan Zinc, or Union Bank of India, while the most likely exits are InterGlobe Aviation, Swiggy, Dabur India, and ICICI Prudential Life Insurance. The brokerage noted that Hindustan Zinc had previously missed inclusion despite meeting key criteria. With its entry into the F&O segment, it now stands a stronger chance, subject to changes in the parent index. Earlier, investors were expecting that Asia's oldest bourse BSE Ltd could join the Nifty 50. However, Nuvama's Abhilash Pagaria said, ""We have received multiple queries on BSE’s eligibility, and our view remains unchanged. BSE has zero probability of being included in the Nifty 50 in the September 2025 review, based on the current methodology and thresholds."" How are stocks chosen to join the Nifty 50? The Nifty 50 index is reshuffled twice every year, based on six-month data ending on January 31 and July 31. The changes to the index are then enacted in March and September. To decide the stocks that enter the Nifty 50 index, NSE looks at the average free-float market capitalisation for the six months. Free-float market cap refers to the market value of shares readily available for trading by the public, excluding promoters' holdings and other restricted shares. Follow our market blog to catch all the updates"
05 Aug 2025,"Trade Spotlight: How should you trade Kaynes Technology, Jindal Stainless, Hero MotoCorp, CCL Products, Grasim Industries and others on August 5?",https://www.moneycontrol.com/news/business/markets/trade-spotlight-how-should-you-trade-kaynes-technology-jindal-stainless-hero-motocorp-ccl-products-grasim-industries-and-others-on-august-5-13388162.html,The market is expected to remain in consolidation mode until it gives a decisive close above short-term moving averages. Below are some short-term trading ideas to consider.,Top Buy Ideas for August 5,"The benchmark indices snapped a two-day losing streak, with the Nifty 50 gaining 0.6 percent on August 4, and market breadth favouring the bulls. A total of 1,659 shares saw buying interest compared to 1,058 shares that declined on the NSE. The market is expected to remain in consolidation mode until it gives a decisive close above short-term moving averages. Below are some short-term trading ideas to consider: Mehul Kothari, Deputy Vice President - Technical Research, Anand Rathi Shares and Stock Brokers Kaynes Technology India | CMP: Rs 6,297  Recently, Kaynes Technology reversed after testing its trendline and successfully broke above the descending trendline with strong volume, signalling renewed buying interest. This breakout, supported by increased participation, indicates a shift in trend. From a technical standpoint, the MACD has generated a bullish crossover near the zero line, which often acts as a reliable confirmation of building momentum. This confluence of price breakout and indicator strength suggests that the stock may be entering a new upward phase. Traders should monitor follow-through price action for confirmation, as the setup points toward a potential continuation of the bullish trend in the near term. Traders may consider entering long positions in the Rs 6,300–6,200 zone. Strategy: Buy Target: Rs 6,900 Stop-Loss: Rs 6,000 Mazagon Dock Shipbuilders | CMP: Rs 2,767.2  Mazagon Dock Shipbuilders has recently experienced a significant correction from its peak of Rs 3,775, resulting in a 30% decline. At the current juncture, the price has tested the 200-day exponential moving average (DEMA) and the 200-day simple moving average (SMA), as indicated in the chart. Historically, Mazagon Dock Shipbuilders has signalled a bullish reversal after testing both averages. Additionally, volume has been increasing from the recent low, observed on both daily and hourly scales. Traders may consider entering long positions in the Rs 2,780–2,750 zone. Strategy: Buy Target: Rs 3,100 Stop-Loss: Rs 2,550 Jay Thakkar, Vice President & Head of Derivatives and Quant Research at ICICI Securities Jindal Stainless | CMP: Rs 728  Jindal Stainless Futures has provided a breakout from sideways consolidation, accompanied by a decrease in open interest, indicating short covering. Since the stock was introduced in the F&O segment, it has mostly witnessed short buildup. Now, with this strong upward momentum, the stock is likely to see further short covering. On the lower side, Rs 680 is a crucial support level as there have been significant Put additions, while the Rs 770 strike has the highest Call open interest, making it a near-term resistance. The stock is trading well above its maximum pain and modified maximum pain levels of Rs 700 and Rs 725, respectively. It is also trading well above its 20-day VWAP (volume-weighted average price) level of Rs 685, providing good support in the Rs 725–680 zone. Buy Jindal Stainless Futures in the range of Rs 732–738. Strategy: Buy Target: Rs 800, Rs 830 Stop-Loss: Rs 705 Hero MotoCorp | CMP: Rs 4,535.9  Hero MotoCorp has provided a breakout from a prolonged consolidation phase, with a decrease in open interest indicating short covering. The previous up move was also driven by short covering. The recent monthly sales numbers are positive, and with the price providing a breakout, one can expect a Rs 250 up move from the breakout level of Rs 4,400—targeting Rs 4,650, and potentially Rs 4,750 thereafter. On the downside, immediate support lies at Rs 4,400 on a closing basis. As long as this level holds, upward price movement can be expected. The stock is trading above its 20-day VWAP, which is approximately Rs 4,300. It is also trading well above its maximum pain and modified maximum pain levels of Rs 4,400 and Rs 4,490, respectively, which will act as support in the near term. Buy Hero MotoCorp Futures in the range of Rs 4,520–4,450. Strategy: Buy Target: Rs 4,650, Rs 4,750 Stop-Loss: Rs 4,400 LTIMindtree | CMP: Rs 5,089  LTIMindtree Futures had fallen due to short buildup but has bounced back on account of short covering. The recent short buildup seems to have been covered, leading to consolidation. As a result, a bounce back is expected. It has taken support at the lower end of the range, making Rs 4,950 a critical support level in the near term. Although it is trading below its maximum pain and 20-day VWAP levels of Rs 5,100 and Rs 5,160, respectively, the stock is likely to witness upward momentum. The overall IT sector is oversold, and a bounce back in the Nifty could lead to a relief rally in IT stocks. Buy LTIMindtree Futures in the range of Rs 5,070–5,050. Strategy: Buy Target: Rs 5,300, Rs 5,400 Stop-Loss: Rs 4,950 Vidnyan S Sawant, Head of Research at GEPL Capital CCL Products | CMP: Rs 927.6  CCL Products has been forming higher bottoms on the monthly chart since 2020, highlighting a strong and sustained long-term uptrend. On the weekly timeframe, the stock bounced from its 200-week EMA in April 2025 and has maintained upward momentum. It is now consolidating near its all-time highs, showing relative strength amid broader market weakness. Technically, it continues to trade above its 12-week and 26-week EMAs, affirming the bullish structure. The MACD remains in buy mode, supporting the ongoing uptrend and signalling momentum strength. Strategy: Buy Target: Rs 1,088 Stop-Loss: Rs 875 Shyam Metalics and Energy | CMP: Rs 977.65  Shyam Metalics continues to exhibit a robust long-term uptrend, consistently forming higher highs and higher lows on the monthly chart. In July 2025, the stock broke above its September 2024 swing high, marking a new all-time high and signalling accelerating momentum. On the weekly chart, it confirmed a cup-and-handle breakout last week, supported by a bullish candlestick and strong volume, reflecting solid buyer participation. The stock trades well above its 12-week, 26-week, and 50-week EMAs, reinforcing trend strength. The MACD remains in buy mode, validating sustained bullish momentum. Strategy: Buy Target: Rs 1,122 Stop-Loss: Rs 927 Grasim Industries | CMP: Rs 2,787.8  Grasim Industries continues to exhibit strong bullish price action across multiple timeframes. On the weekly chart, the formation of higher highs and higher lows confirms a well-established bullish structure. On the daily timeframe, the stock witnessed a bullish mean reversion from its 100-day EMA in July 2025, signalling renewed buying interest. It remains firmly positioned above its key 5-, 12-, 25-, and 50-week EMAs, underscoring sustained trend strength. Additionally, the MACD stays in positive territory, further validating the ongoing bullish momentum. Strategy: Buy Target: Rs 3,070 Stop-Loss: Rs 2,679"
04 Aug 2025,"Auto stocks jump on strong July sales, positive Q1 earnings; Hero MotoCorp, TVS Motor, M&M shares rise up to 3%",https://www.moneycontrol.com/news/business/markets/auto-stocks-jump-on-strong-july-sales-positive-q1-earnings-hero-motocorp-tvs-motor-m-m-shares-rise-up-to-3-13381346.html,"Auto stocks: The sharp rally in the share prices pushed the Nifty Auto index up more than 1.5 percent, emerging as the top sectoral gainer on the market today.",Auto stocks rise,"The shares of automakers recorded significant gains on August 4, as strong July sales and Q1 earnings boosted investor sentiment. The sharp rally in the share prices pushed the Nifty Auto index up more than 1.5 percent, emerging as the top sectoral gainer on the market today. This comes after the stocks faced notable downturn after US President Donald Trump announced a 25 percent tariff and an additional tariff on India. The auto index has now snapped a three-day losing streak, during which it had tumbled nearly 2 percent. Hero MotoCorp shares were the top gainer on the index, rising more than 3.4 percent to trade at Rs 4,458 apiece. The company on August 1 said that it sold 4.5 lakh units in July 2025, marking a 21 percent rise from the same period last year. Its motorcycle sales grew nearly 18 percent on-year to 4 lakh units, while scooter sales rose more than 64 percent on-year to 49,140 units.Hero MotoCorp July SalesJuly 2025July 2024Motorcycles400,615340,390Scooters49,14029,884TOTAL449,755370,274TVS Motor Company shares rose more than 3 percent to trade at Rs 2,954 apiece. The company on July 31 reported a 35 percent on-year rise in net profit to Rs 779 crore for Q1 FY26. Its operating EBITDA rose 32% to Rs 1,263 crore. The company’s monthly sales grew 29 percent on-year to 4.56 lakh units in July 2025. Total exports grew 46 percent on-year, while EV sales rose 10 percent on-year.TVS Motor July SalesJuly 2025July 2024Two-wheeler438,790339,676Electric Vehicle23,60521,442Three-Wheeler17,56014,464TOTAL456,350354,140Tube Investments of India shares jumped 3 percent to trade at Rs 2,898 apiece. The company on August 1 reported a 12 percent on-year fall in net profit to Rs 199 crore in Q1 FY26. Its revenue from operations meanwhile rose nearly 17 percent on-year to Rs 5,171 crore. Eicher Motors and Ashok Leyland shares gained more than 2 percent each. The two firms reported a 31 percent and 4 percent on-year rise in monthly sales in July, respectively. Bosch, Bharat Forge and Samvardhana Motherson shares gained nearly 2 percent, while Mahindra & Mahindra shares were up 1.4 percent. The automaker on August 1 reported a 20 percent on-year rise in domestic passenger vehicle sales to nearly 5 lakh units in July. Exports meanwhile soared 83 percent on-year to 2,774 units.Mahindra & Mahindra July salesJuly 2025July 2024Passenger vehicles (Domestic)49,87141,623Commercial Vehicles (Domestic)21,571-Exports2,7741,515TOTAL83,691-Bajaj Auto and Exide India shares gained more than 1 percent each. Bajaj Auto’s total sales in July grew 3 percent on-year to 3.66 lakh, although domestic sales shrank 13 percent on-year to 1.83 lakh units. Bajaj Auto July SalesJuly 2025July 2024Two-wheeler2,96,2472,97,541Commercial vehicles69,75356,628TOTAL3,66,0003,54,169Tata Motors and Maruti Suzuki shares were trading in the green with marginal gains. Tata Motors’ domestic sales dropped 6 percent on-year to 65,953 units in July. Commercial vehicles sales grew 7 percent on-year to 28,956 during the month, but passenger vehicle sales dropped 11 percent to 40,175.Tata Motors July SalesJuly 2025July 2024Passenger vehicles40,17544,954Commercial vehicles28,95627,042TOTAL69,13171,996Maruti Suzuki’s total sales rose 3 percent on-year to 1.8 lakh units in July. Its domestic sales however fell 1.5 percent on-year to 1.49 lakh units, while exports rose 32 percent on-year to 31,745.Maruti Suzuki July SalesJuly 2025July 2024Domestic Sales148,781151,056Exports31,74523,985TOTAL180,526175,041Also read: Our LIVE blog on stock market updates"
04 Aug 2025,"Sensex settles 400 pts higher, Nifty above 24,700: Rally in metal, auto shares among key factors behind market rebound",https://www.moneycontrol.com/news/business/markets/sensex-rises-over-350-pts-from-day-s-low-nifty-above-24-650-rally-in-metal-auto-shares-among-key-factors-behind-market-rebound-13381276.html,"Sensex, Nifty snapped a two-day fall, tracking a firm trend in the Asian markets and buying in auto and metal stocks.","Sensex rises over 350 pts from day's low, Nifty above 24,650: Rally in metal, auto shares among key factors behind market rebound.","The benchmark equity indices rebounded on Monday, with the Sensex rising over 400 points and the Nifty nearly reclaiming the 24,700 mark, supported by gains in metal and auto stocks and positive cues from Asian markets. Sensex gained 418.81 points or 0.52 percent to settle at 81,018.72. During the day, it climbed 493.28 points or 0.61 percent to hit an intraday high of 81,093.19. The Nifty jumped by 157.40 points or 0.64 percent to close at 24,722.75. In the intraday session, it rose 169.3 points or 0.6 percent to hit a high of 24,736.25. Hero MotoCorp, Bharat Electronics, Tata Steel, Eicher Motors and Hindalco Industries were among the major gainers, rising up to 4 percent. Key factors behind market rebound today 1) Gains in auto shares: The shares of automakers recorded significant gains on August 4, as strong July sales and Q1 earnings boosted investor sentiment. The sharp rally in the share prices pushed the Nifty Auto index up more than 1.5 percent, emerging as the top sectoral gainer on the market today. Auto stocks jump on strong July sales, positive Q1 earnings; Hero MotoCorp, TVS Motor, M&M shares rise up to 3% 2) Metal stocks rise: The Nifty Metal index rose 1.6 per cent. Fourteen of the index’s 15 constituents traded in the green, as a softer US dollar made commodities more attractive for overseas buyers, supporting metal prices and driving sectoral gains. Stock Market LIVE Updates 3) Positive global cues: South Korea's Kospi, Hong Kong's Hang Seng, and Shanghai's SSE Composite Index traded higher. Additionally, US stock futures were trading in the positive territory during Asian hours, hinting at a firm opening for Wall Street. 4) Crude oil declines: Crude prices edged lower, providing relief to inflation concerns. The global benchmark Brent crude declined 0.23 percent to USD 69.51 a barrel, which is seen as a positive trigger for oil-importing economies like India. 5) Morgan Stanley sees new highs for Indian markets: Global brokerage Morgan Stanley on August 4 issued a positive note for Indian equity markets, stating that benchmark index Sensex can hit the key 1 lakh-mark by June 2026 in a bull case. The firm cited several potential triggers for the rally. Morgan Stanley sees Sensex at 1 lakh in bull case by June 2026, trade deal and lower crude key to re-rating On the technical front, Anand James, Chief Market Strategist at Geojit Financial Services, said, ""With over 30 percent of Nifty 500 stocks closing below their respective lower Bollinger Bands, markets are approaching oversold levels from where a rebound is likely. However, if pullback attempts fail to sustain above 24,670, the Nifty may slip towards 24,450–24,000 levels."""
04 Aug 2025,"Stocks to Watch Today: ABB India, Dilip Buildcon, ITC, Railtel Corp, Hero MotoCorp, Delhivery, MCX, Muthoot Capital, Harsha Engineers in focus on 4 August",https://www.moneycontrol.com/news/business/markets/stocks-to-watch-today-abb-india-dilip-buildcon-itc-railtel-corp-hero-motocorp-delhivery-mcx-muthoot-capital-harsha-engineers-in-focus-on-4-august-13378833.html,"Stocks to Watch, 4 August: Stocks like ABB India, Dilip Buildcon, ITC, Railtel Corporation of India, Hero MotoCorp, Delhivery, MCX, Muthoot Capital Services, Harsha Engineers, Tata Power, and Federal Bank will be in focus on August 4.","Stocks to Watch Today, 4 August","Let's catch up on the latest news from the stock market. From significant investments to major deals, quarterly earnings, appointments and order wins, here’s a quick look at which stocks will be in focus in today's trade: Results Today Shree Cement, Aurobindo Pharma, DLF, Escorts Kubota, Aditya Birla Capital, Marico, Ather Energy, Bosch, Delta Corp, Siemens Energy India, Godfrey Phillips India, INOX India, Kansai Nerolac Paints, Sona BLW Precision Forgings, Sun Pharma Advanced Research Company, TBO TEK, Triveni Turbine, and Unichem Laboratories will release their quarterly earnings on August 4. Quarterly Earnings ITC Q1 (Consolidated YoY) Profit grows 3.2% to Rs 5,343.4 crore Vs Rs 5,177 crore Revenue jumps 20.9% to Rs 21,494.8 crore Vs Rs 17,777.8 crore Tata Power Company Q1 (Consolidated YoY) Profit soars 6.2% to Rs 1,262.3 crore Vs Rs 1,188.6 crore Revenue increases 4.3% to Rs 18,035 crore Vs Rs 17,293.6 crore ABB India Q2 (YoY) Profit drops 20.7% to Rs 351.7 crore Vs Rs 443.5 crore Revenue grows 12.2% to Rs 3,175.4 crore Vs Rs 2,830.9 crore Federal Bank Q1 (Standalone YoY) Profit declines 14.6% to Rs 861.8 crore Vs Rs 1,009.5 crore Revenue rises 2% to Rs 2,336.8 crore Vs Rs 2,292 crore Gross NPA increases to 1.91% Vs 1.84% (QoQ) Net NPA climbs to 0.48% Vs 0.44% (QoQ) Stylam Industries Q1 (Consolidated YoY) Profit falls 0.3% to Rs 28.3 crore Vs Rs 28.4 crore Revenue grows 16.7% to Rs 283 crore Vs Rs 242.6 crore Other income declines to 0.78 crore Vs Rs 2.6 crore LIC Housing Finance Q1 (Consolidated YoY) Profit soars 4.4% to Rs 1,363.9 crore Vs Rs 1,306.3 crore Revenue increases 3.9% to Rs 2,075.7 crore Vs Rs 1,997.4 crore GR Infraprojects Q1 (Consolidated YoY) Profit zooms 56.8% to Rs 244.7 crore Vs Rs 156.1 crore Revenue falls 2.1% to Rs 1,987.8 crore Vs Rs 2,030.3 crore Other income jumps to Rs 39.5 crore Vs Rs 21 crore Exceptional item Nil Vs exceptional loss of Rs 49.4 crore Graphite India Q1 (Consolidated YoY) Profit drops 43.5% to Rs 134 crore Vs Rs 237 crore Revenue slips 8.7% to Rs 665 crore Vs Rs 728 crore Shakti Pumps Q1 (Consolidated YoY) Profit rises 4.5% to Rs 96.8 crore Vs Rs 92.7 crore Revenue jumps 9.7% to Rs 622.5 crore Vs Rs 567.6 crore Multi Commodity Exchange of India Q1 (Consolidated YoY) Profit zooms 83.2% to Rs 203.2 crore Vs Rs 110.9 crore Revenue surges 59.2% to Rs 373.2 crore Vs Rs 234.4 crore Narayana Hrudayalaya Q1 (Consolidated YoY) Profit drops 2.4% to Rs 196.7 crore Vs Rs 201.5 crore Revenue grows 15.4% to Rs 1,507.3 crore Vs Rs 1,306.3 crore PC Jeweller Q1 (Consolidated YoY) Profit increases 3.8% to Rs 161.9 crore Vs Rs 156.1 crore Revenue zooms 80.7% to Rs 724.9 crore Vs Rs 401.2 crore Alivus Life Sciences Q1 (Consolidated YoY) Profit soars 9% to Rs 121.5 crore Vs Rs 111.5 crore Revenue rises 2.2% to Rs 601.8 crore Vs Rs 588.6 crore Jupiter Life Life Hospitals Q1 (Consolidated YoY) Profit declines 1.6% to Rs 43.9 crore Vs Rs 44.6 crore Revenue jumps 20.5% to Rs 347.6 crore Vs Rs 288.6 crore Delhivery Q1 (Consolidated YoY) Profit spikes 67.5% to Rs 91 crore Vs Rs 54.4 crore Revenue grows 5.6% to Rs 2,294 crore Vs Rs 2,172.3 crore Honeywell Automation Q1 (YoY) Profit drops 8.7% to Rs 124.6 crore Vs Rs 136.5 crore Revenue soars 23.2% to Rs 1,183.1 crore Vs Rs 960.4 crore Auto Sales for July Hero MotoCorp (YoY) Total sales surges 21.5% to 4,49,755 units Vs 3,70,274 units Domestic sales grows 18.7% to 4,12,397 units Vs 3,47,535 units Exports zoom 64.3% to 37,358 units Vs 22,739 units Stocks to Watch Dilip Buildcon Dilip Buildcon–RBL Joint Venture has emerged as the L-1 bidder for the Gurugram Metro Rail project worth Rs 1,503.63 crore. The project involves the construction of a viaduct and 14 elevated stations. PNB Housing Finance Jatul Anand has been designated as Executive Director (not a board member), and Valli Sekar has been appointed as Chief Business Officer – Affordable Business, effective August 2. Both were previously function heads. Karnataka Bank Ramaswamy Subramanian has resigned from the position of Chief Product Officer to explore opportunities outside the organization. RailTel Corporation of India The company has received an advance work order from Bharat Sanchar Nigam Limited (BSNL) for services amounting to Rs 166.38 crore. Thermax Shareholders have approved the re-appointment of Ashish Bhandari as the Managing Director, Chief Executive Officer (MD & CEO) of the company for a period of five years effective September 1, 2025. Muthoot Capital Services The company has completed a securitization transaction, raising Rs 136 crore in multiple tranches through the assignment of two-wheeler loan receivables aggregating to Rs 143.97 crore. The entire pool is from the non-priority sector. Harsha Engineers International The company has entered into a long-term agreement with a leading multinational company for the supply of journal bearings/bushings. The contract size is Rs 117 crore per annum. Bulk Deals Belrise Industries SR Foundation has purchased 44.75 lakh shares at Rs 141.58 per share, amounting to Rs 63.4 crore. Mainboard Listing on August 4 Propshare Titania SM REIT SME Listing on August 4 ReponoUmiya Mobile Stocks Trade Ex-Dividend Britannia IndustriesGail (India)Coromandel Agro ProductsDeepak NitriteEmkay Global Financial ServicesFairchem OrganicsGandhi Special TubesGreenply IndustriesKCPKeltech EnergiesPraj IndustriesWestlife Foodworld Stocks Trade Ex-Date for Income Distribution (InvIT) Cube Highways TrustIndus Infra TrustNexus Select Trust Stock in F&O Ban PNB Housing Finance"
25 Jul 2025,"Sensex declines nearly 700 pts, Nifty below 24,850: Bajaj Finance Q1 results among key factors behind market decline",https://www.moneycontrol.com/news/business/markets/sensex-declines-over-550-pts-nifty-below-24-900-bajaj-finance-q1-results-among-key-factors-behind-market-decline-13324913.html,"Sensex, Nifty extended decline on Friday as weak earnings from Bajaj Finance as well as FII selling weighed on investor sentiments. ","Sensex, Nifty see profit-booking in July 25 trading session. ","The benchmark equity indices declined nearly 1 percent on Friday, weighed by weak earnings from Bajaj Finance, continued selling by foreign institutional investors (FIIs) and a negative trend in Asian markets. Sensex declined 670.05 points or 0.82 percent to 81,514.12, while the broader Nifty dropped 219.55 points or 0.88 percent to 24,842.55. Bajaj Finance, Bajaj Finserv, Shriram Finance, Bajaj Auto and Hero MotoCorp were among the major laggards, declining up to 6 percent. Here are the key factors behind the market decline: 1) Bajaj Finance shares fall after Q1 results: Shares of Bajaj Finance slumped nearly 6 percent after the company reported higher credit costs in its two-wheeler/three-wheeler and MSME segments for the quarter ended June 30, 2025. The company noted visible stress in the MSME portfolio since February and expects a moderation in growth in these segments from Q2 onwards. Despite this, consolidated net profit rose 22 percent year-on-year to Rs 4,765 crore, supported by strong loan growth. Consolidated revenue grew 21 percent to Rs 19,524 crore from Rs 16,100 crore in the year-ago period. Bajaj Finance shares sink 6% as MSME stress, credit costs weigh; should you buy, sell, or hold shares? 2) Rise in India VIX: The volatility index, India VIX, rose nearly 7 percent to 11.43, indicating rising nervousness among traders. A spike in the VIX typically reflects heightened fear in the market and can lead to increased selling pressure. Stock Market LIVE Updates 3) Rupee weakens: The Indian rupee depreciated by 19 paise to 86.59 against the US dollar in early trade. A weak domestic equity market and continued foreign capital outflows weighed on the local currency, further dampening investor sentiment. 4) Continued FII selling: Foreign Institutional Investors net sold shares worth Rs 2,133.69 crore on Thursday. Analysts said sustained FII outflows, totalling Rs 11,572 crore over the last four sessions, remain a key overhang for the market. ""The near-term market construct has turned weak,"" said VK Vijayakumar, Chief Investment Strategist at Geojit Financial Services. 5) Weak global cues: Asian markets traded lower, with Japan's Nikkei 225, Shanghai Composite and Hong Kong's Hang Seng all in the red. Overnight, US markets ended on a mixed note, adding to global uncertainty. 6) Rise in crude oil prices: Brent crude futures rose 0.39 percent to USD 69.45 per barrel. Rising oil prices are generally seen as negative for oil-importing countries like India, as they can lead to inflationary pressures. Technical outlook Anand James, Chief Market Strategist at Geojit Financial Services, said Nifty may face further pressure if it slips below 24,900. “The 25,215 region has triggered consolidation that now threatens to evolve into a stronger downtrend. A breach of 24,900 could open immediate downside targets of 24,750–24,650. Further supports lie at 24,450 and 24,000,” he said. However, he added that if the index holds near 24,900, some sideways movement could be expected, with resistance seen near 25,130."
25 Jul 2025,Hero Motocorp share price falls over 2% in trade,https://www.moneycontrol.com/news/business/stocks/hero-motocorp-share-price-falls-over-2-in-trade-alpha-article-13324782.html,"With the stock currently trading at Rs 4,213.70, Hero Motocorp has seen a notable decrease in its share price today.",,"Shares of Hero Motocorp declined by over 2% in Friday's session. This decline comes amid a broader fall in shares of 2-wheeler makers. Other players like Bajaj Auto and TVS Motor are also declining in trade. Regarding the company's financial performance, Hero Motocorp has demonstrated consistent growth in both quarterly and annual results. The consolidated revenue for the quarter-ending March 2025 stood at Rs 9,969.81 Crore, compared to Rs 9,616.68 Crore in March 2024. The net profit for the same period was Rs 1,097.71 Crore, up from Rs 1,018.03 Crore year-over-year. The Earnings Per Share (EPS) also increased from Rs 46.78 in March 2024 to Rs 58.08 in March 2025. Here is a summary of the quarterly financial performance:HeadingMar 2024Jun 2024Sep 2024Dec 2024Mar 2025RevenueRs 9,616.68 CroreRs 10,210.79 CroreRs 10,482.93 CroreRs 10,259.89 CroreRs 9,969.81 CroreNet ProfitRs 1,018.03 CroreRs 1,086.35 CroreRs 1,152.75 CroreRs 1,200.12 CroreRs 1,097.71 CroreEPS46.7852.3153.1955.3858.08The annual financial results also reflect positive trends. The consolidated revenue for the year-ending March 2025 was Rs 40,923.42 Crore, an increase from Rs 37,788.62 Crore in March 2024. The net profit rose from Rs 3,862.41 Crore in 2024 to Rs 4,536.93 Crore in 2025. Similarly, the EPS increased from Rs 187.36 to Rs 218.96 during the same period. Here is a summary of the yearly financial performance:Heading20212022202320242025RevenueRs 30,959.19 CroreRs 29,551.28 CroreRs 34,158.38 CroreRs 37,788.62 CroreRs 40,923.42 CroreNet ProfitRs 2,982.61 CroreRs 2,528.10 CroreRs 2,796.79 CroreRs 3,862.41 CroreRs 4,536.93 CroreEPS146.07115.96140.62187.36218.96BVPS778.76800.54839.66892.17963.60ROE18.9214.6216.8721.1522.71Debt to Equity0.020.020.020.020.02The company announced a final dividend of Rs 65 per share (3250%) with an effective date of July 24, 2025. Earlier, an interim dividend of Rs 100 per share (5000%) was announced on February 6, 2025, with an effective date of February 12, 2025. The company's board is scheduled to meet on August 6, 2025, to consider and approve the unaudited standalone and consolidated financial results for the quarter ended June 30, 2025. According to Moneycontrol analysis as of July 24, 2025, the sentiment for Hero Motocorp is neutral."
21 Jul 2025,"Trade Spotlight: How should you trade ICICI Bank, Varun Beverages, Sonata Software, Bajaj Auto, M&M, UPL, L&T Finance, KEI Industries and others on July 22?",https://www.moneycontrol.com/news/business/markets/trade-spotlight-how-should-you-trade-icici-bank-varun-beverages-sonata-software-bajaj-auto-m-m-upl-l-t-finance-kei-industries-and-others-on-july-22-13305295.html,The continuation of the northward journey is possible only if the market posts a strong close above the 20-day EMA. Below are some short-term trading ideas to consider.,Top Buy Ideas for July 22,"Equity benchmark indices gained 0.5 percent on July 21 following a couple of days of correction, but the market breadth was slightly in favour of bears. A total of 1,392 shares declined compared to 1,295 advancing shares on the NSE. The continuation of the northward journey is possible only if the market posts a strong close above the 20-day EMA. Below are some short-term trading ideas to consider: Jigar S Patel, Senior Manager - Equity Research at Anand Rathi Hero MotoCorp | CMP: Rs 4,408.2  Hero MotoCorp recently consolidated within a tight range of Rs 4,150–4,375, forming a classic triangle pattern on the charts. On July 15, the stock broke out decisively from this formation, accompanied by a significant rise in volume, confirming the validity of the breakout. This technical strength is further supported by the Camarilla monthly pivot structure, which displayed an inside value relationship — a setup that often precedes sharp directional moves. The confluence of these factors suggests strong bullish potential in the near term. Traders may consider entering long positions in the Rs 4,420–4,380 zone. Strategy: Buy Target: Rs 4,800 Stop-Loss: Rs 4,200 Varun Beverages | CMP: Rs 489.3  After undergoing a sharp correction of nearly 22% from its recent high of Rs 570, Varun Beverages has shown signs of a potential reversal. The stock has successfully breached a falling trendline on the daily chart, supported by a noticeable increase in volume — a key indicator of renewed buying interest. Adding to the bullish case, a positive RSI divergence is visible, reinforcing the likelihood of an upward move. Despite a 7% gain in the past week, the technical setup remains favourable, and a fresh long entry is still justified. Traders may consider entering long positions in the Rs 490–485 zone. Strategy: Buy Target: Rs 530 Stop-Loss: Rs 465 Sonata Software | CMP: Rs 438  Sonata Software formed back-to-back inside value relationships on monthly Camarilla pivots, signaling consolidation and strong buildup. A breakout on July 8 confirmed the end of this phase. Since then, the stock has entered a healthy pullback, finding strong support above Rs 420 — a key technical level. Holding above this mark suggests buyer strength, and if sustained, Sonata Software may resume its upward trajectory in the coming sessions, with potential for further gains. Traders may consider entering long positions in the Rs 440–430 zone. Strategy: Buy Target: Rs 500 Stop-Loss: Rs 405 Jay Thakkar, Vice President & Head of Derivatives and Quant Research at ICICI Securities Bajaj Auto | CMP: Rs 8,438.5  Bajaj Auto has provided a breakout from the falling trendline, and there has been short covering in the stock, which is likely to extend post this breakout. Significant Call unwinding has been observed from the Rs 8,100 to Rs 8,400 strikes, coupled with Put additions at the Rs 8,100 and Rs 8,200 strikes, which is positive in the near term. Therefore, in this series, further short covering is expected, which could help the stock bounce back to the Rs 8,600 to Rs 8,800 levels. Traders may consider buying Bajaj Auto Futures in the range of Rs 8,460 to Rs 8,430. Strategy: Buy Target: Rs 8,670, Rs 8,800 Stop-Loss: Rs 8,290 State Bank of India | CMP: Rs 824.2  SBI has provided a breakout from the sideways consolidation and has retested the breakout level. It has been observed that the stock witnessed short additions during the previous fall, but since then, it has bounced back from its March lows due to short covering. Recent data now indicates long additions as well. The Options data shows that the Rs 820 and Rs 830 strikes have the highest Call base, but since the stock is trading well above its maximum pain level, the probability of these resistance levels being overcome is quite high. Traders may consider buying SBI Futures in the range of Rs 825 to Rs 820. Strategy: Buy Target: Rs 850, Rs 870 Stop-Loss: Rs 814 Mahindra and Mahindra | CMP: Rs 3,246.7  M&M has been forming a higher base with increasing long buildup, and it has more room for long additions as the price nears lifetime highs. However, the overall long positions are still away from their highs, indicating that the stock is not overbought. Once the lifetime highs are surpassed, it can witness further upward momentum. The stock has witnessed significant Put additions at the Rs 3,100 and Rs 3,200 strikes, as well as Call unwinding at the Rs 3,200 strike, which is a positive sign. Although there is still significant Call writing beyond the Rs 3,200 level, the probability of upward momentum remains high as the futures data indicates that bulls have the upper hand. Hence, a meaningful close above Rs 3,300 will likely lead to further short covering in the Calls. Traders may consider buying M&M Futures in the range of Rs 3,370 to Rs 3,240. Strategy: Buy Target: Rs 3,500, Rs 3,600 Stop-Loss: Rs 3,140 Vidnyan S Sawant, Head of Research at GEPL Capital UPL | CMP: Rs 713.75  UPL has witnessed a breakout on the monthly chart, moving above both its recent consolidation range and a downward-sloping trendline. The breakout, marked by a strong bullish candlestick, indicates positive price development on the higher timeframes. On the weekly chart, the stock continues to form a structure of higher highs and higher lows, while sustaining well above its 12, 26, and 50-week EMAs, highlighting strength in the ongoing trend. On the daily chart, UPL exhibits high relative strength despite broader market weakness, supported by a noticeable volume surge exceeding its 20-day EMA average volume. Strategy: Buy Target: Rs 820 Stop-Loss: Rs 675 L&T Finance | CMP: Rs 210.58  L&T Finance recently broke out of a large cup-and-handle pattern on the monthly chart, with the current month showing follow-through positive momentum — reinforcing the bullish setup. On the weekly scale, the stock is well sustained above its key 5, 12, 26, and 50-week EMAs, reflecting strong trend alignment. The MACD indicator is trending higher, indicating accelerating momentum. On the daily chart, LTF has shown a bullish mean reversion from its 26-day EMA, accompanied by a volume surge above its 20-day average, further supporting the positive price action. Strategy: Buy Target: Rs 240 Stop-Loss: Rs 200 ICICI Bank | CMP: Rs 1,465.8  ICICI Bank has been forming a consistent pattern of higher tops and higher bottoms across timeframes, highlighting a sustained long-term uptrend. On the weekly chart, the stock is consolidating near its 12-week EMA, indicating healthy digestion of prior gains. On the daily scale, it has formed a double bottom around the 50-day EMA, signaling a bullish price structure. The weekly RSI holding above 60 reflects sustained positive momentum and underlying strength. Strategy: Buy Target: Rs 1,627 Stop-Loss: Rs 1,390 KEI Industries | CMP: Rs 3,972.4  KEI Industries has been in a strong long-term uptrend, consistently forming higher tops and higher bottoms. In April 2025, the stock witnessed a bullish mean reversion from its 50-month EMA, reigniting upward momentum. On the daily chart, a positive hidden divergence signaled renewed strength, with the stock maintaining high relative performance despite broader market volatility. It continues to trade above key moving averages — 12, 26, and 50-week EMAs — highlighting strong trend alignment and resilience. Strategy: Buy Target: Rs 4,648 Stop-Loss: Rs 3,734"
15 Jul 2025,"Trade Spotlight: How should you trade Sun Pharma, Blue Star, Hero MotoCorp, Britannia, Acutaas Chemicals, Religare Enterprises and others on July 16?",https://www.moneycontrol.com/news/business/markets/trade-spotlight-how-should-you-trade-sun-pharma-blue-star-hero-motocorp-britannia-acutaas-chemicals-religare-enterprises-and-others-on-july-16-13282308.html,The market needs to reclaim and sustain above the 20-day EMA to witness a further northward journey in the upcoming sessions. Below are some short-term trading ideas to consider.,Top Buy Ideas for Short Term,"Equity benchmark indices rebounded after four days of weakness, with the Nifty 50 rising 0.45 percent on July 15. Market breadth turned favourable for the bulls, with 1,774 shares advancing compared to 885 declining on the NSE. The market needs to reclaim and sustain above the 20-day EMA to witness a further northward journey in the upcoming sessions. Below are some short-term trading ideas to consider: Amol Athawale, VP- Technical Research at Kotak Securities Life Insurance Corporation of India | CMP: Rs 925.2  On the daily scale, following a gradual decline from recent highs, LIC is now trading near its short-term moving average. Decent volume activity indicates a potential revival of the bullish trend at current levels. For positional traders, Rs 890 is the key level. Sustaining above this level could lead the stock towards Rs 990. However, a close below Rs 890 may prompt traders to exit long positions. Strategy: Buy Target: Rs 990 Stop-Loss: Rs 890 Britannia Industries | CMP: Rs 5,785.5  Britannia is trading within a rising channel pattern, forming a higher high and higher low series on the weekly chart. The stock has shown a steady recovery from support levels. Additionally, the RSI indicator is pointing towards further upward momentum from current levels, which could reinforce the bullish sentiment. For the next few trading sessions, Rs 5,580 will be the trend-deciding level. If the stock sustains above this, it could move higher towards Rs 6,190. Strategy: Buy Target: Rs 6,190 Stop-Loss: Rs 5,580 Bank of Baroda | CMP: Rs 244.32  On the daily chart, after declining from higher levels, Bank of Baroda has rebounded from its 50-day simple moving average and witnessed a steady recovery. The stock has also broken out of a sloping channel pattern, suggesting a fresh leg of an uptrend. As long as it trades above Rs 235, the bullish structure is likely to persist. Above this, the stock could move towards Rs 260. Strategy: Buy Target: Rs 260 Stop-Loss: Rs 235 Ashish Kyal, CMT, Founder and CEO of Waves Strategy Advisors Sun Pharmaceutical Industries | CMP: Rs 1,727.5  In the previous session, the pharma sector broke out above its prior swing high, indicating that bulls are regaining control. Sun Pharma is outperforming its peers in the sector. Last week, the stock respected its key support zone of Rs 1,645–1,650 and rebounded. On the daily chart, prices have been consistently holding above the previous candle’s low on a closing basis, indicating buying interest. Additionally, Bollinger Bands have started to expand, with prices closing above the upper band—suggesting potential for strong upside momentum. Hence, the current trend remains bullish. Dips can be used as a buying opportunity, with targets of Rs 1,765 followed by Rs 1,820. Strategy: Buy Target: Rs 1,765, Rs 1,820 Stop-Loss: Rs 1,650 Blue Star | CMP: Rs 1,882.3  Blue Star is trading in a higher high, higher low formation. On the daily chart, the stock has been forming a classic rounding bottom pattern since April 2025, and in the previous session, it finally gave a breakout above the neckline at Rs 1,860. For the past two sessions, the stock has closed above the previous day’s high—another positive signal. Additionally, the ADX indicator is near 29, indicating the potential for strong upward momentum. The trend currently favours the bulls. To sustain the positive momentum, the stock needs to hold above Rs 1,900, with potential targets at Rs 1,962 followed by Rs 2,030. Strategy: Buy Target: Rs 1,962, Rs 2,030 Stop-Loss: Rs 1,838 Hero MotoCorp | CMP: Rs 4,454  Hero MotoCorp rallied 4.8 percent in the previous session, accompanied by a sharp rise in volumes—the first notable increase since May 2025, which is a positive sign. On the daily chart, the stock has been trading in a broad range between Rs 4,158 and Rs 4,485 since May 2025. Earlier this week, prices took support at the lower end of the range and are now approaching the resistance zone. A breakout above Rs 4,485 could reinforce the bullish sentiment. Additionally, the MACD is nearing a bullish crossover, although confirmation would require follow-up buying. The trend remains positive. Dips towards Rs 4,400–4,430 can be seen as buying opportunities, with targets of Rs 4,600 followed by Rs 4,810. Strategy: Buy Target: Rs 4,600, Rs 4,810 Stop-Loss: Rs 4,200 Nandish Shah, Senior Technical and Derivative Analyst at HDFC Securities Acutaas Chemicals | CMP: Rs 1,190  Acuteas Chemicals has broken out of a downward-sloping trendline on the daily chart. The short-term trend is positive, as the stock is trading above its 5-day, 11-day, and 20-day EMAs. Accumulation is visible, with higher volumes on up days compared to down days over the past few weeks. Momentum indicators like RSI and MFI are rising and currently above 60 on the daily chart, indicating strength in the ongoing bullish trend. Strategy: Buy Target: Rs 1,290, Rs 1,335 Stop-Loss: Rs 1,100 Pennar Industries | CMP: Rs 238.48  Pennar Industries is in a strong uptrend, forming a bullish higher-top, higher-bottom structure on both the weekly and monthly charts. After a brief consolidation, the stock has resumed its uptrend, breaking out from a downward-sloping trendline on the daily chart, accompanied by higher volumes. Momentum indicators and oscillators continue to show strength in the prevailing bullish trend. Strategy: Buy Target: Rs 258, Rs 270 Stop-Loss: Rs 220 Religare Enterprises | CMP: Rs 268.2  Religare Enterprises has given a breakout on the weekly chart with strong volumes, closing at its highest level since the week ending January 17, 2025. Accumulation has been noticeable in recent sessions, with volumes significantly higher than the average. The primary trend has turned positive, with the stock price closing above its 200-day EMA—a key long-term indicator. Strategy: Buy Target: Rs 290, Rs 305 Stop-Loss: Rs 245"
15 Jul 2025,"Sensex soars 450 pts, Nifty above 25,200: Easing inflation, IT buying, other key factors behind market rebound",https://www.moneycontrol.com/news/business/markets/sensex-soars-450-pts-nifty-above-25-200-easing-inflation-it-buying-other-key-factors-behind-market-rebound-13279416.html,"Sensex, Nifty rebounded on hopes of another rate cut in August after easing retail inflation which dropped to 2.1% in June. ","Sensex, Nifty rise in July 15 trading session. ","The benchmark equity indices Sensex and Nifty bounced back on Tuesday after four consecutive sessions of losses, tracking easing retail inflation and positive global cues. Retail inflation fell to an over six-year low of 2.1 percent in June, moving closer to the Reserve Bank of India’s comfort zone and raising expectations of a rate cut in August. Overnight gains on Wall Street and a positive trend in Asian markets also supported domestic equities. Sensex rose 490.16 points or 0.59 percent to an intraday high of 82,743.62, while the broader Nifty advanced 162.9 points or 0.64 percent to the day's high of 25,245.20. Hero MotoCorp, Sun Pharmaceutical Industries, Bajaj Auto, Eicher Motors and IndusInd Bank were among the top gainers in the Nifty pack, rising up to 4 percent intraday. Key Factors Behind the Market Rebound: 1) Rate Cut Expectations: The Consumer Price Index (CPI)-based inflation eased to 2.1 percent in June, compared to 2.82 percent in May and 5.08 percent in June last year. Inflation has been on a downward trend since November 2024. The National Statistical Office (NSO) said the year-on-year CPI inflation for June 2025 over June 2024 stood at 2.1 percent, driven by a fall in food prices amid widespread monsoon. ""A significant macro trend is the decline of CPI inflation in June to 2.10 percent. It appears that inflation will undershoot RBI's projection of 3.7 percent CPI inflation for FY26. This has raised rate cut hopes,"" said VK Vijayakumar, Chief Investment Strategist, Geojit Financial Services. 2) Global Market Support: Asian equities traded higher, with Japan’s Nikkei 225 and Hong Kong’s Hang Seng in the green. US markets also closed on a positive note on Monday, with Futures pointing to a firm opening on the Wall Street. Stock Market LIVE Updates 3) Crude Oil Price Decline: Brent crude futures slipped 0.39 percent to USD 68.94 a barrel, after recently breaching the USD 71 mark. Lower crude prices are positive for India, which imports the bulk of its oil requirement, easing pressure on inflation. 4) Buying in IT Stocks: Nifty IT index rebounded, gaining up to 1 percent after a four-session slide. At 12.10 p.m., the index was up 0.56 percent at 37,480.80. All constituents, except HCL Technologies, traded higher. Infosys, Wipro and LTIMindtree led the gains, rising up to 2 percent. The IT pack had come under pressure following Tata Consultancy Services’ Q1 results, which indicated muted demand and weak commentary. Experts expect a soft quarter ahead, with broad-based stress across key verticals. Nifty IT snaps four-session losing streak to gain 1%; all constituents, barring HCL Tech, rally Technical View: Anand James, Chief Market Strategist at Geojit Financial Services, said the recent downtrend has slowed near the 200-day simple moving average. ""Approach to the 200-day SMA has slowed down the decline's momentum, while the broader market has also shown signs of an uptick. However, we are yet to spot signs of a vertical recovery, and upswing attempts are most likely to be turned down by either 25,170 or 25,220. A direct rise above the same could signal bullishness, with initial eyes on 25,420. Prospects of the same appear low though, while a collapse beyond 24,920 is also less expected today,"" he said."
03 Jul 2025,"Auto, pharma stocks rally up to 6% amid US-India trade deal optimism",https://www.moneycontrol.com/news/business/markets/auto-pharma-stocks-rally-up-to-6-amid-us-india-trade-deal-optimism-13223652.html,Nifty Pharma index has extended gains for the 10th consecutive session. Nifty Auto index meanwhile extended gains for the third straight day.,India and US are currently negotiating a trade deal,"The shares of export-oriented auto and pharma companies recorded significant gains on July 3 as markets remained optimistic around the possibility of India-US trade deal being announced soon. The sharp rise in the auto stocks pushed the Nifty Auto index up 0.75 percent in the afternoon to hover around 24,065, extending gains for the third consecutive session. The Nifty Pharma index meanwhile rose 0.35 percent to stand at 22,188, extending gains for the 10th consecutive session. India and US are on the verge of a breakthrough in their negotiations for a mini-trade deal, and an announcement could come as early as this weekend, people familiar with the matter told Moneycontrol. ""Last night, talks reached a juncture where a breakthrough is possible, therefore it is not an impossibility that the deal may be announced sometime this week,"" one of the sources said. India has stuck to its stance on sensitive sectors such as agriculture and dairy. US President Donald Trump recently said that the trade deal with India will involve ""much less tariffs"". ""I think we are going to have a deal with India. And that is going to be a different kind of a deal. It is going to be a deal where we are able to go in and compete,” Trump said. “Right now, India does not accept anybody in. I think India is going to do that, and if they do that, we are going to have a deal for much less tariffs,” he added. US recently struck a trade deal with Vietnam. Trump said that imports from Vietnam will now face 20 percent tariff, with some facing even lower rates. US exports to Vietnam meanwhile will face zero tariffs. The capped 20 percent rate may have further boosted hopes for a positive outcome of US' trade deal with India. Bosch shares were the top gainer among the auto stocks, jumping nearly 6 percent to trade at Rs 34,390 apiece. Hero MotoCorp and Maruti Suzuki shares gained over 1 percent each. Samvardhana Motherson and Mahindra & Mahindra (M&M) shares gained nearly 1 percent, while those of Tata Motors, Bajaj Auto, Exide Industries and MRF shares were trading in the green with marginal gains. Natco Pharma shares were the top gainer on the pharma index, rallying over 5 percent to trade at Rs 969 apiece. Ajanta Pharma shares gained over 3.5 percent, while IPCA Labs shares rose nearly 3 percent. Biocon and Dr Reddy’s Laboratories shares were up nearly 2 percent. Cipla, Glenmark Pharma, Zydus Life, Sun Pharma and other pharma stocks were trading in the green with marginal gains. US President Donald Trump had unveiled a slew of reciprocal tariffs on a number of countries in April this year, triggering a global trade war. He however later announced a 90-day pause to majority of the tariffs, which is set to expire this month. Trump had said that nations must arrive at a deal with US in order to escape his tariffs which were set to take effect this July. India and the US have been negotiating a Bilateral Trade Agreement (BTA) before the critical July 9 deadline of the 90-day pause on tariff escalations lapses. Also read: Our LIVE blog on stock market updates"
02 Jul 2025,"Stocks to Watch Today: HDB Financial, Hero MotoCorp, Sambhv Steel, Lupin, JSW Energy, Asian Paints, RITES, Paras Defence, Maruti Suzuki in focus on 2 July",https://www.moneycontrol.com/news/business/markets/stocks-to-watch-today-hdb-financial-hero-motocorp-sambhv-steel-lupin-jsw-energy-asian-paints-rites-paras-defence-maruti-suzuki-in-focus-on-2-july-13215742.html,"Stocks to Watch, 2 July: Stocks like HDB Financial Services, Hero MotoCorp, Sambhv Steel Tubes, Lupin, JSW Energy, Asian Paints, RITES, Paras Defence and Space Technologies, Maruti Suzuki India, and Hyundai Motor India will be in focus on July 2","Stocks to Watch Today, 2 July","Let's catch up on the latest news from the stock market. From significant investments to major deals, quarterly earnings, order wins, appointments, and acquisitions, here’s a quick look at which stocks will be in focus in today's trade: Q1FY26 Earnings Update (Provisional) V-Mart Retail Q1 Update Total revenue from operations grow 12.6% to Rs 885 crore Vs Rs 786 crore (YoY) Same-store-sales growth (SSSG) at +1% Company opens 15 new stores & closes 2 stores Total number of stores at 510 as of June 2025 Automobile Sales for June Month Hero MotoCorp (YoY) Total sales grow 10% to 5.54 lakh units Vs 5.03 lakh units Domestic sales increase 6.9% to 5.25 lakh units Vs 4.91 lakh units Exports sales zoom 140% to 28,827 units Vs 12,032 units Maruti Suzuki India (YoY) Total sales drop 6.3% to 1.68 lakh units Vs 1.79 lakh units Domestic sales fall 12.2% to 1.30 lakh units Vs 1.48 lakh units Exports grow 21.9% to 37,842 units Vs 31,033 units Total production declines 4.2% to 1.27 lakh units Vs 1.33 lakh units Hyundai Motor India Total monthly sales at 60,924 units Domestic sales at 44,024 units & exports at 16,900 units SUVs contributes 67.6% to company's total domestic sales in June 2025 Stocks to Watch Lupin The company has received approval from the United States Food and Drug Administration (US FDA) for its Abbreviated New Drug Application (ANDA) for Loteprednol Etabonate Ophthalmic Gel, 0.38%. Lupin is the exclusive first-to-file for this product and is eligible for 180 days of generic drug exclusivity. This product is a corticosteroid indicated for the treatment of postoperative inflammation and pain following ocular surgery. RITES The company has received an order worth $3.6 million (CIF) from African Rail Company for the supply of two fully overhauled ALCO locomotives for deployment in Zimbabwe, Mozambique, and Botswana. Additionally, the RITES-Aryan joint venture has received the Letter of Acceptance (LOA) for the Tumakuru Station redevelopment project, worth Rs 37.81 crore, from South Western Railway. The project involves civil works, signalling and telecommunication works, and electrical general services at Tumakuru Station. Exicom Tele-Systems The Board has approved a rights issue of 1.81 crore shares worth Rs 259.41 crore and has fixed the issue price at Rs 143 per share. Further, the Board approved the issuance of 3 rights equity shares for every 20 equity shares held on the record date. The rights issue will open on July 15 and close on July 30. Paras Defence and Space Technologies The company's subsidiary, Paras Anti Drone Technologies, announced that France-based CERBAIR, a leading European counter-UAV company, intends to acquire up to 30 CHIMERA 200 systems—an advanced man-portable radio frequency detection and neutralization device. These systems are designed as a primary defence against drone and swarm drone threats. The deal is worth approximately Rs 22 crore. MOIL The company has increased the prices of all ferro grades of manganese ore and all chemical grades by 2%, effective July 1. Prices of all SMGR (Mn-30% & Mn-25%) and fines grades remain unchanged for July. Asian Paints The Competition Commission of India (CCI) has ordered its Director General (DG) to investigate allegations of abuse of market dominance by paint maker Asian Paints. This investigation follows a complaint raised by Grasim Industries, a new entrant into the paint market through Birla Opus Paints, as per an official order dated July 1. In the complaint, Birla Opus Paints also accused Asian Paints of placing restrictive clauses with its distributors, discouraging them from selling Birla Paints' products. JSW Energy The company’s subsidiary, JSW Renew Energy Thirty Seven, has signed Battery Energy Storage Purchase Agreements (BESPA) with Rajasthan Rajya Vidyut Utpadan Nigam (RVUNL) for a 250 MW / 500 MWh standalone Battery Energy Storage System (BESS). These projects will be developed on a build, own, and operate model in Rajasthan. The BESPA has been signed for a duration of 12 years, with a tariff of Rs 2,24,000 per MW per month. Nazara Technologies The company’s subsidiary, Nodwin Gaming, has completed the acquisition of a 92.30% stake in AFK Gaming from its founders Nishant Patel, Rakesh Ramchandran, Siddharth Nayyar, and other shareholders. Following this acquisition, AFK has become a wholly owned subsidiary of Nodwin and a step-down subsidiary of Nazara Technologies. SBI Cards and Payment Services The company has received a Show Cause Notice from the GST Department, Gurugram, proposing to disallow input tax credit (ITC) of Rs 81.45 crore on account of a mismatch between GSTR-2A and GSTR-3B, and Rs 47.53 lakh on supplies from units whose registrations were cancelled retrospectively or who have not filed GSTR-3B, for the period FY 2018–19 to FY 2020–21. Trident The company has received a Show Cause Notice from CGST, Ludhiana, for alleged tax dues of Rs 51.86 crore along with applicable interest and a penalty equivalent to the tax dues, if any. The notice is based on alleged discrepancies in ITC reconciliation as per GST returns for FY 2018–19 to FY 2020–21 and suppression of outward tax liability due to variance between E-way bills and GST returns. Cyient DLM The Board has appointed Rajendra Velagapudi as Managing Director and Chief Executive Officer (CEO) of the company, effective July 1. He previously served as Managing Director of the company. Sharda Motor Industries Ashwani Maheshwari has been appointed as Deputy Managing Director of the company, effective July 1. Laxmi Organic Industries Keshav Ruthiya has been appointed as Chief Procurement Officer of the company, effective August 1. Additionally, Rajesh Naik has been appointed as President – Manufacturing, effective August 1. He will succeed Prashant Patil and lead the operations function. Karur Vysya Bank The bank has signed an agreement with Kshema General Insurance as an additional bancassurance partner for its non-life insurance business. Godrej Properties Godrej Properties has sold a 2.5% stake in Vivrut Developers to Godrej Ventures and Investment Advisers for Rs 8.63 crore. Bulk Deals Ellenbarrie Industrial Gases Motilal Oswal Mutual Fund has acquired 20.95 lakh shares in the company at a price of Rs 511.10 per share, amounting to Rs 107.08 crore. Kajaria Ceramics JP Morgan Funds has sold 8.85 lakh shares at a price of Rs 1,067.88 per share, valued at Rs 94.5 crore. Raymond Realty Norges Bank, on account of the Government Pension Fund Global, has sold 4.12 lakh shares at a price of Rs 1,005.94 per share, valued at Rs 41.5 crore. Block Deals Bharti Airtel Goldman Sachs (Singapore) Pte – ODI has acquired 1.03 lakh shares in the company from Kadensa Master Fund at a price of Rs 2,009.60 per share. Hindustan Aeronautics Goldman Sachs (Singapore) Pte – ODI has bought 1.05 lakh shares in the company at a price of Rs 4,869.80 per share from Kadensa Master Fund. HDFC Bank Goldman Sachs (Singapore) Pte - ODI has purchased 76,851 shares in the bank at a price of Rs 2,001.50 per share from Kadensa Master Fund. ICICI Bank Goldman Sachs (Singapore) Pte - ODI has acquired 1.27 lakh shares in the bank at a price of Rs 1,445.80 per share from Kadensa Master Fund. Kaynes Technology India Goldman Sachs (Singapore) Pte - ODI has purchased 67,690 shares in the company at a price of Rs 6,095 per share from Kadensa Master Fund. Reliance Industries Goldman Sachs (Singapore) Pte - ODI has bought 7.49 lakh shares in the company at a price of Rs 1,500.60 per share from Kadensa Master Fund. Varun Beverages Goldman Sachs (Singapore) Pte - ODI has purchased 15.25 lakh shares in the company at a price of Rs 457.55 per share from Kadensa Master Fund. Voltas Goldman Sachs (Singapore) Pte - ODI has acquired 3.88 lakh shares in the company at a price of Rs 1,314.10 per share from Kadensa Master Fund. Mainboard Listing on July 2 HDB Financial ServicesSambhv Steel Tubes SME Listing on July 2 Supertech EVSuntech Infra SolutionsRama Telecom New Listing on NSE (already traded on BSE) Piccadily Agro Industries Stocks Trade Ex-Dividend Bharat Seats,Sika Interplant Systems Stock Trades Ex-Date for Resolution Plan-Suspension XL Energy Stock in F&O ban RBL Bank"
23 Jun 2025,"Hero Moto, M&M, others tumble up to 2%, dragging Nifty Auto after a three-day rise",https://www.moneycontrol.com/news/business/markets/hero-moto-m-m-others-tumble-up-to-2-dragging-nifty-auto-after-a-three-day-rise-13164236.html,"Auto stocks: The sharp fall in the share prices pushed the Nifty Auto index down nearly 1 percent to hover around 23,466 in the afternoon.",Cars (Representative),"Shares of leading automakers plunged on June 23, pushing the Nifty Auto index down nearly a percent at close, snapping a three-day gaining streak, as profit booking and the compulsory ABS mandate weighed on the sector. Shares of Bosch were the top loser on the Auto index, plunging over 2.3 percent to close at Rs 31,540 apiece. Hero MotoCorp shares also fell over 2 percent to trade at Rs 4,247 apiece after the Transport Ministry ruled making anti-lock braking systems (ABS) mandatory for all new scooters and motorcycles, a move that is likely to push prices higher by around Rs 3,000 per unit, or a 3-5 percent increase in cost. Tube Investments of India shares were the top loser on the index, dropping nearly 2 percent to trade at Rs 2,872 apiece. After a remarkable return of over 540 percent in the past five years, the multibagger stock has seen some consolidation recently, falling nearly 6 percent in the past one month, and down around 20 percent in 2025 so far. Mahindra & Mahindra (M&M) shares fell over 1.5 percent to trade at Rs 3,136 apiece, snapping a three-day gaining streak, as investors likely resorted to profit booking at elevated levels. Choice Broking had recently recommended a 'Buy' call on the stock with a target price of up to Rs 3,600 apiece, implying an upside potential of nearly 15 percent from current levels. Samvardhana Motherson shares dropped over a percent, as tariff threats loomed over export-oriented auto parts maker. TVS Motor and Bajaj Auto shares fell around 1 percent each, following the ABS mandate. Tata Motors, Maruti Suzuki and Exide Industries were trading in the red with marginal losses. Dodging the trend, Bharat Forge, MRF, Ashok Leyland and Eicher Motors shares were trading in the green."
23 Jun 2025,"BSE, IndiGo shares jump up to 3% on likely inclusion into Nifty 50",https://www.moneycontrol.com/news/business/markets/bse-indigo-shares-jump-up-to-3-on-likely-inclusion-into-nifty-50-13163620.html,"BSE share price: The shares of Asia's oldest stock exchange have rallied over 50 percent in the past six months, and over 13 percent in the past one month.",BSE building in Mumbai,"The shares of Bombay Stock Exchange (BSE) and IndiGo made sharp recovery from their respective day's lows and jumped significantly higher in the green in the second half of June 23. This came after a report said that the two stocks are likely to be added to the benchmark index Nifty 50 during its next review. BSE shares surged over 3 percent to trade at Rs 2,772 apiece. The shares of Asia's oldest bourse have now snapped a two-day losing streak, over hopes of higher inflows following inclusion into the benchmark index. IndiGo shares meanwhile jumped over 1 percent to trade at Rs 5,447 apiece, recovering all losses after opening in the deep red. BSE and IndiGo-parent InterGlobe Aviation are likely to replace IndusInd Bank and Hero MotoCorp on the index during the upcoming Nifty 50 index review, which is expected to be conducted in August and take effect from September, CNBC-TV18 reported citing sources. Moneycontrol couldn't independently verify the report. BSE shares have rallied over 50 percent in the past six months, and over 13 percent in the past one month, despite being put under the Additional Surveillance Measure (ASM) framework. The stock currently has a P/E ratio of over 88. IndiGo shares have gained nearly 23 percent in the past six months, but have fallen over 1 percent in the past one month. The shares of the airline currently have a P/E ratio of 28.70. Hero Motocorp shares dropped around 1.6 percent to trade at Rs 4,269 apiece. This came after the transport ministry made anti-lock braking systems (ABS) mandatory for all new scooters and motorcycles, which may push up prices by around Rs 3,000 per unit, or a 3–5 percent increase in vehicle costs. IndusInd Bank shares meanwhile were trading in the green with marginal gains. Also read: Our LIVE blog on stock market updates"
23 Jun 2025,"BSE, Indigo may join Nifty 50, IndusInd Bank, Hero MotoCorp to be excluded in next review: CNBC-TV18",https://www.moneycontrol.com/news/business/markets/bse-indigo-may-join-nifty-50-indusind-bank-hero-motocorp-to-be-excluded-in-next-review-sources-13163274.html,"The Nifty 50 index is reshuffled twice every year, based on six-month data ending January 31 and July 31, and the changes to the index are made in March and September.",BSE is also likely to be included in the Nifty 100.,"Asia's oldest bourse BSE Ltd and Indigo-parent InterGlobe Aviation may be included in the benchmark Nifty 50 index during the next review, said sources to CNBC-TV18. On the flip side, beleaguered lender IndusInd Bank and auto player Hero MotoCorp might be deleted from the index. BSE is likely to be eligible for inclusion in the induces despite only being listed on the NSE, as it meets the required listing and trading criteria. The upcoming Nifty 50 index review is expected to be conducted in August, and the changes will be effective from September.  At 12.50 p.m., shares of BSE rallied over two percent to Rs 2,745 apiece. InterGlobe Aviation's stock price gained 0.75 percent to Rs 5,431 per share. IndusInd Bank's stock was lower by 0.4 percent, quoting Rs 837, while Hero MotoCorp's share price was down 2 percent at Rs 4,256. Follow our market blog to catch all the live updates BSE shares have risen nearly 120 percent from their March lows, driven by increased activity in the equity derivatives segment and market buzz around the upcoming IPO of larger peer NSE. Recently, the index provider's stock was put under the Additional Surveillance Measure (ASM) framework, triggered by unusual price movement, high volumes, and concentrated client activity. InterGlobe Aviation's shares have been on a steady rally, rising 22 percent over the past six months, driven by increasing customer traffic. Jefferies has said the IndiGo parent is a 'unique, strong' franchise, with a dominant market share of over 60 percent in domestic air travel. On the flip side, IndusInd Bank shares have tumbled 11 percent over the past six months, as fraud and regulatory concerns pressured the stock. Recently, the banking stock was excluded from the 30-share Sensex as well. IndusInd Bank has had a rough few months due to governance issues and accounting-related concerns, along with derivatives portfolio discrepancies. Over the past six months, Hero MotoCorp's stock has had a lackluster performance on the bourses, as tepid demand and elevated financing costs continued to dampen consumer sentiment. How are stocks chosen to join the Nifty 50? The Nifty 50 index is reshuffled twice every year, based on six-month data ending January 31 and July 31. The changes to the index are then made in March and September. To decide the stocks that enter the Nifty 50 index, NSE looks at the average free-float market capitalisation for the six months. Free-float market cap refers to the market value of shares readily available for trading by the public, excluding promoters' holdings and other restricted shares."
19 Jun 2025,"Stocks to Watch Today: Zydus Lifesciences, Tata Elxsi, Abbott India, ESAF Small Finance Bank, Siemens Energy, Aegis Vopak, IKS Health, Vodafone in focus on 19 June",https://www.moneycontrol.com/news/business/markets/stocks-to-watch-today-zydus-lifesciences-tata-elxsi-abbott-india-esaf-small-finance-bank-siemens-energy-aegis-vopak-iks-health-in-focus-on-19-june-13143509.html,"Stocks to Watch, 19 June: Stocks like Siemens Energy India, HDFC Bank, Aavas Financiers, Vodafone Idea, Kirloskar Brothers, Andhra Paper, Hero MotoCorp, Aegis Logistics, Aegis Vopak Terminals, Zydus Lifesciences, Tata Elxsi, Abbott India, ESAF Small Finance Bank, and Inventurus Knowledge Solutions will be in focus on June 19.","Stocks to Watch Today, 19 June","Let's catch up on the latest news from the stock market. From significant investments to major deals, fund raising, acquisitions, and appointments, here’s a quick look at which stocks will be in focus in today's trade: Results Today Aegis Logistics, and Aegis Vopak Terminals will release their quarterly earnings on June 19. Stocks to Watch Inventurus Knowledge Solutions (IKS Health) Individual shareholders are likely to sell up to 25.19 lakh shares (1.5% equity) worth Rs 450 crore in the company, reports CNBC-TV18, quoting sources. The indicative price may be set at Rs 1,650 per share. Zydus Lifesciences The US Food and Drug Administration (USFDA) has closed its GMP follow-up inspection at the company’s oncology injectable site at SEZ-1, Ahmedabad, with 2 observations, none of which were related to data integrity. The US health regulator conducted the inspection of the said site from June 9 to 18. Tata Elxsi The company has signed a Memorandum of Understanding (MoU) with Infineon Technologies (a global leader in semiconductor solutions) to jointly develop application-ready EV solutions tailored to the Indian market. The partnership strategically leverages design and integration expertise, enabling faster adoption of automotive-grade, cost-optimised, and safety-compliant subsystems across key mobility segments. Abbott India Abbott India has announced a strategic distribution partnership with MSD Pharmaceuticals to expand access to MSD’s oral anti-diabetic portfolio in India, including sitagliptin and its fixed-dose combinations. Under the agreement, Abbott will leverage its extensive distribution network to market MSD’s sitagliptin-based brands—Januvia, Janumet, and Janumet XR—which remain category leaders despite the loss of exclusivity. ESAF Small Finance Bank The Board has approved the company's proposal to sell Rs 735.18 crore worth of NPAs and written-off loans (Rs 362.43 crore NPAs and Rs 372.75 crore technically written off) to an Asset Reconstruction Company (ARC). The bank carries an overall provision of 90.15% on the above loan pool. HDFC Bank Vinay Razdan has resigned from his position as the Chief Human Resource Officer of the bank. Jio Financial Services Jio Financial has acquired 7,90,80,000 equity shares of Jio Payments Bank from State Bank of India for Rs 104.54 crore, pursuant to the approval received from the Reserve Bank of India. Following this acquisition, Jio Payments Bank has become a wholly owned subsidiary of Jio Financial. Aavas Financiers The company is set to raise Rs 200 crore, as the Board has approved the issuance of up to 20,000 non-convertible debentures (NCDs) of face value Rs 1 lakh each, on a private placement basis. Vodafone Idea The telecom operator has announced a strategic partnership with Nasdaq-listed AST SpaceMobile Inc to expand direct-to-device satellite broadband connectivity across India’s unconnected regions. Kirloskar Brothers The Board has appointed M S Unnikrishnan as an Additional Director of the company, effective June 25. The appointment is subject to shareholder approval at the 105th Annual General Meeting, scheduled for August 1. Previously, M S Unnikrishnan served as the Managing Director & CEO of Thermax Group. Andhra Paper The company has announced an annual outage (maintenance shutdown) at its Rajahmundry manufacturing unit from July 8 to 21. The purpose of the outage is to carry out planned annual maintenance of equipment and utilities, replacement of obsolete equipment, and upgradation of machinery in line with the capital expenditure plan for the rebuild and upgrade of the pulp mill announced on August 26, 2022. Hero MotoCorp The company is set to introduce VIDA VX2 with a subscription-based Battery-as-a-Service (BaaS) model, effective July 1. Along with a flexible pay-as-you-go ownership model, this BaaS subscription will allow customers to finance the scooter chassis and battery separately, reducing significant upfront capital expenditure into manageable monthly payments. SME Listing on June 19 Monolithisch India Stocks Trade Ex-Dividend Tata CommunicationsTejas NetworksReliance Industrial InfrastructurePanasonic Carbon India Company Stocks in F&O Ban Aditya Birla Fashion and RetailBioconBirlasoftCentral Depository ServicesChambal Fertilisers and ChemicalsHUDCOManappuram FinanceRBL BankTitagarh Rail Systems Stocks removed from F&O ban Indian Renewable Energy Development Agency (IREDA) Listing Post Scheme of Arrangement Siemens Energy India Recommencement of Trading Sumeet IndustriesIndosolar Listing on Mainboard post migration from SME Krishival Foods"
14 Jun 2025,"NBFC Hero FinCorp gets Rs 260 crore in pre-IPO round, reduces fresh issue size",https://www.moneycontrol.com/news/business/ipo/nbfc-hero-fincorp-gets-rs-260-crore-in-pre-ipo-round-reduces-fresh-issue-size-13121533.html,"Hero FinCorp IPO | Shahi Exports and RVG Jatropha Plantation are the largest investors amongst them, acquiring Rs 69 crore, and Rs 50 crore worth shares of Hero FinCorp in pre-IPO round, respectively. Further, Mohan Exports are allotted Rs 25 crore worth shares, and AP Properties Rs 22 crore shares by the company.",Hero Fincorp IPO,"Hero MotoCorp and Munjal family-owned non-banking finance company Hero FinCorp has received Rs 260 crore in a pre-IPO round this week. This fund raising resulted into the reduction of fresh issue size to Rs 1,840 crore from Rs 2,100 crore planned earlier. Post the pre-IPO placement, the initial public offering will comprise of fresh issuance of equity shares worth Rs 1,840 crore, and an offer-for-sale of Rs 1,568.13 crore by investors. Hence, the revised IPO size stands at Rs 3,408.13 crore, reducing from Rs 3,668.13 crore earlier which included planned pre-IPO placement worth Rs 420 crore. As a part of pre-IPO round, the NBFC has executed investment agreements with 12 investors on June 5, and allotted 18.57 lakh shares to said investors on June 13, 2025, at a price of Rs 1,400 per share, which amounted to Rs 259.99 crore. Shahi Exports and RVG Jatropha Plantation are the largest investors amongst them, acquiring Rs 69 crore, and Rs 50 crore worth shares of Hero FinCorp, respectively. Further, Mohan Exports are allotted Rs 25 crore worth shares, and AP Properties Rs 22 crore shares by the company. Click Here To Read All IPO News The firm has allotted Rs 15 crore worth shares each to Vivek Chaand Sehgal, Paramount Products, Tiger Laser Pte, and Virender Uppal. Laksh Vaaman Sehgal, Renu Sehgal Trust, Yugal Chit Fund and LC Hercules (Cayman) are other investors in the company through pre-IPO round. New Delhi-based Hero FinCorp in the notice published in daily business newspapers on June 14 said except Vivek Chaand Sehgal, and Laksh Vaaman Sehgal, who are directors on the board of one of our group companies i.e. Motherson Auto, none of the allottees (of pre-IPO round) connected with the company, subsidiary, promoters, promoter group, directors, key managerial personnel, group companies and the directors or key managerial personnel of the subsidiary or the group company. The company that offers retail, MSME (micro, small and medium enterprise), and corporate and institutional finance (CIF) loans will utilise fresh issue proceeds for augmenting its Tier – I capital base to meet future capital requirements towards onward lending, arising out of the growth of the business. The offer-for-sale money will go to selling shareholders like AHVF II Holdings Singapore II Pte, Apis Growth II (Hibiscus) Pte, Link Investment Trust (through Vikas Srivastava), and Otter. Last month, Hero FinCorp that competes with listed entities like Bajaj Finance, Cholamandalam Investment & Finance Company, Poonawalla Fincorp, and Sundaram Finance has already received approval for its IPO from the capital markets regulator SEBI. JM Financial, Axis Capital, BofA Securities India, HDFC Bank, HSBC Securities and Capital Markets (India), ICICI Securities, Jefferies India, and SBI Capital Markets, as book running lead managers, will handle the Hero FinCorp IPO."
06 Jun 2025,"RBI delivers 100 bps cut in CRR: 'This infusion of liquidity is a timely move,' say market experts",https://www.moneycontrol.com/news/business/markets/rbi-delivers-100-bps-cut-in-crr-this-infusion-of-liquidity-is-a-timely-move-say-market-experts-13101715.html,"RBI has reduced its policy repo rate by 50 basis points to 5.5 percent, and has changed its stance to 'neutral' from 'accommodative'.",Stock markets cheer RBI’s 50 bps rate cut,"RBI Governor Sanjay Malhotra on June 6 announced the outcome of the central bank's Monetary Policy Committee's (MPC) meeting. RBI has reduced its policy repo rate by 50 basis points to 5.5 percent, and has changed its stance to 'neutral' from 'accommodative'. RBI also cut the cash reserve ratio (CRR), which banks are required to hold, by 100 basis points to 3% with an aim to accelerate policy transmission and boost lending. Benchmark indices surged over 1% after the announcement, as the rate cut was higher than the estimated 25 bps cut expected by market analysts. Rate-sensitive sectors like realty, banks and more saw a significant jump in the morning trading hours. Here’s what analysts say after RBI’s MPC meet outcome: ""Even rain gods can't stop smiling and neither can the markets,"" said Pallav Bagaria, Director at Sapient Finserv. VK Vijayakumar, Chief Investment Strategist at Geojit Investments, however called the higher-than-expected 50 bps rate cut decision slightly negative from the market perspective for the near-term. ""This big rate cut will impact the margins of the banks and, therefore, bank stocks will be under pressure in the near-term. However, the credit growth that this rate cut will hopefully stimulate will compensate for the dip in margins,"" Vijayakumar said. Divam Sharma, Founder & Fund Manager at Green Portfolio PMS, noted that the 50 bps rate cut came as a surprise. ""The ongoing momentum in domestic consumption, corporate activity, and GDP growth will help sustain the economic trajectory and is a positive signal for the markets. We particularly like niche domestic manufacturing companies that are building in India and gearing up to compete on a global scale. The additional 100 bps cut in CRR is also a positive step, as it encourages banks to lend more freely. With FPI inflows slowing down, this infusion of liquidity is a timely and welcome move."" Sharma said. Marzban Irani, CIO of Fixed Income at LIC Mutual Fund, said that the CRR cut of 100 bps to 3 percent has surprised the markets and is expected to release liquidity of Rs. 2.5 lakh crore. ""Recommended to invest in tenure ranging 3 month to 3 year schemes to take advantage of CRR cut,"" Irani said. Which stocks to watch out for? Bajaj Broking noted that Banking and Financial Services, Real Estate and Capital Goods & Manufacturing (especially domestic focus) are the key beneficiaries of MPC's recent decisions. Commenting on bank stocks, Bajaj Broking said Public Sector Banks (PSBs) could see a rally as they tend to benefit from lower repo rates. Private banks along with NBFC with strong retail focus and good asset quality are also good bets. ""Developers with strong execution capabilities and a presence in the affordable and mid-income housing segments are likely to outperform,"" the brokerage said. ""Niche domestic manufacturing companies that are focused on ""Make in India"" initiatives and require heavy capital expenditure are worth considering. This could include companies in 5G infrastructure, defense,"" it further said. Amit Bivalkar, Founder Director, Sapient Finserv Private Limited, said, ""The 50 bps repo rate cut is a strong push from the RBI, especially with the shift to a neutral stance. Sectors like banking, real estate, and consumer will likely benefit. Lower EMIs mean better affordability for borrowers — from home loans to personal loans. The CRR cut, though only for banks, enhances liquidity and helps PSU and private banks gain momentum. Combined with tax relief up to ₹12 lakh, this policy improves disposable income, fuelling consumption. While NBFCs miss out on direct CRR benefits, the overall softening of rates creates room for broader demand recovery."" Narinder Wadhwa, Managing Director & CEO of SKI Capital Services, said the rate cut is expected to have a broad-based positive impact on the markets, especially on rate sensitive sectors. The banking and NBFC sectors will likely benefit directly from lower funding costs and potentially improved credit demand, with stocks like HDFC Bank, ICICI Bank, Bajaj Finance, and State Bank of India (SBI) likely to gain, he said. Wadhwa added that the real estate and housing finance space is another key beneficiary, as lower interest rates make home loans more affordable, potentially boosting demand for developers like DLF and housing financiers like HDFC Ltd and LIC Housing Finance. The auto sector should also see improved sentiment, with cheaper vehicle loans supporting sales for companies like Maruti Suzuki, Mahindra & Mahindra (M&M), and Hero MotoCorp, he said. ""Consumer discretionary and retail stocks are expected to do well as lower EMIs and better liquidity support consumption, benefiting names like Titan, Trent, and Jubilant FoodWorks. The capital goods and infrastructure sectors may also get a lift if the rate cut translates into an uptick in capex activity, with companies like L&T and Siemens in focus. Meanwhile, export-oriented sectors like IT and pharma may see limited upside as a weaker rupee supports margins, but global trade disruptions could weigh on demand,"" Wadhwa said. He however noted that sectors heavily reliant on imports, such as oil & gas and metals, could face margin pressures if the rupee continues to weaken. ""FMCG stocks, which typically act as defensives, may underperform in the near term as investors rotate into more cyclical and growth-oriented sectors. Overall, the RBI’s bold action and shift in stance are likely to improve market sentiment and may trigger a broader recovery, particularly in mid- and small-cap stocks. With the door now open for further easing, the focus will shift to how effectively the rate cut is transmitted through the financial system and whether global trade tensions ease in the coming months,"" he said. Sonam Srivastava, Founder and Fund Manager at Wright Research PMS, said that RBI's surprise 50 basis point rate cut underscores its strong pivot toward supporting growth, at a time when inflation is under control and global central banks are entering easing cycles. “With real rates still elevated and domestic demand uneven, this move is aimed at unlocking credit growth, reviving private investment, and easing the burden on borrowers. Sectors like housing, autos, banking, and infrastructure are likely to see improved momentum as transmission picks up. It’s also a positive signal for rural and small business credit, where growth has been lagging,"" Srivastava said. ""Bond markets are expected to rally, especially in the long-duration segment, and we believe this cut sets the stage for a more accommodative environment heading into the second half of the year,” Srivastava further said. Ramani Sastri, Chairman & MD of Sterling Developers, painted a positive picture for the real estate sector. “As affordable financing remains a key driver of demand in real estate, we welcome the RBI's decision to cut the repo rate by 50 bps, thereby encouraging end-users to make purchase decisions. However, it is important is that the benefits are passed on to borrowers immediately. While homebuyers will be able to secure home loans at lower rates, developers will benefit from low borrowing costs, thereby easing financing pressures. Overall, a rate cut would strengthen market confidence, infuse much-needed liquidity, and also act as a strong signal of policy support for the real estate sector and the broader economy, thereby encouraging investments,” Sastri said."
02 Jun 2025,Hero Motocorp shares decline by 2.07% in today's session,https://www.moneycontrol.com/news/business/stocks/hero-motocorp-shares-decline-by-2-07-in-today-s-session-alpha-article-13085636.html,"Hero Motocorp's shares experienced a decline during today's trading session, closing at Rs 4220.20.",,"Shares of Hero Motocorp experienced a decline of 2.07% during today's trading session, with the price reaching Rs 4220.20. This movement reflects a notable change in investor sentiment, marking a significant shift in the stock's recent performance. The stock is part of the NIFTY 50 STOCKS index, indicating its importance in the Indian stock market. Financial Performance Hero Motocorp's financial performance shows a fluctuating but generally positive trend over the recent quarters and years. The following data provides a snapshot of the company's consolidated financial results: Quarterly Results:PeriodRevenue (Cr)Net Profit (Cr)EPSMar 20249,616.681,018.0346.78Jun 202410,210.791,086.3552.31Sep 202410,482.931,152.7553.19Dec 202410,259.891,200.1255.38Mar 20259,969.811,097.7158.08Annual Results:YearRevenue (Cr)Net Profit (Cr)EPSBVPSROEDebt to Equity202130,959.192,982.61146.07778.7618.920.02202229,551.282,528.10115.96800.5414.620.02202334,158.382,796.79140.62839.6616.870.02202437,788.623,862.41187.36892.1721.150.02202540,923.424,536.93218.96963.6022.710.02The annual data reveals consistent growth in revenue, net profit and EPS from 2021 to 2025. The company maintains a low debt-to-equity ratio of 0.02, indicating financial stability. Key Financial Metrics:MetricMar 2021Mar 2022Mar 2023Mar 2024Mar 2025Basic EPS (Rs.)146.07115.96140.62187.36218.96Diluted EPS (Rs.)146.04115.93140.62187.04218.69Book Value/Share (Rs.)778.76800.54839.66892.17963.60Dividend/Share (Rs.)105.0095.00100.00140.00165.00P/E (x)19.9519.7816.6925.2017.00P/B (x)3.782.902.825.333.86Hero Motocorp's shares experienced a decline during today's trading session, closing at Rs 4220.20."
02 Jun 2025,"Stocks to Watch Today: Tata Motors, M&M, Niva Bupa, Alembic Pharma, IRCON, Godrej Properties, Titagarh, AstraZeneca, Genus Power, Nykaa in focus on 2 June",https://www.moneycontrol.com/news/business/markets/stocks-to-watch-today-tata-motors-m-m-niva-bupa-alembic-pharma-ircon-godrej-properties-titagarh-astrazeneca-genus-power-nykaa-in-focus-on-2-june-13083367.html,"Stocks to Watch, 2 June: Stocks like TVS Motor Company, Eicher Motors, Hero MotoCorp, Maruti Suzuki India, Indian Energy Exchange,Indigo Paints, Manappuram Finance, Tata Motors, Mahindra and Mahindra, Niva Bupa Health Insurance Company, Alembic Pharmaceuticals, IRCON International, Godrej Properties, Titagarh Rail Systems, AstraZeneca Pharma India, Genus Power Infrastructures, and FSN E-Commerce Ventures Nykaa will be in focus on June 2.",Shares of Niva Bupa Health Insurance have risen by 23.4 per cent in the last six months.,"Let's catch up on the latest news from the stock market. From significant investments to major deals, quarterly earnings, order wins, and auto sales, here’s a quick look at which stocks will be in focus in today's trade: Results Today Manoj Jewellers, N2N Technologies, Panorama Studios International, Retro Green Revolution, and Vasudhagama Enterprises will release their quarterly earnings on June 2. Quarterly Earnings Titagarh Rail Systems Q4 (Consolidated YoY) Profit falls 18.4% to Rs 64.5 crore Vs Rs 79 crore Revenue declines 4.5% to Rs 1,005.6 crore Vs Rs 1,052.4 crore AstraZeneca Pharma India Q4 (YoY) Profit zooms 47.5% to Rs 58.3 crore Vs Rs 39.5 crore Revenue increases 25.4% to Rs 480.5 crore Vs Rs 383.2 crore Board recommends dividend of Rs 32 per equity share Genus Power Infrastructures Q4 (Consolidated YoY) Profit surges 406.5% to Rs 123.3 crore Vs Rs 24.3 crore Revenue grows 123% to Rs 936.8 crore Vs Rs 420.1 crore FSN E-Commerce Ventures Nykaa Q4 (Consolidated YoY) Profit spikes 192.9% to Rs 20.3 crore Vs Rs 6.93 crore Revenue grows 23.6% to Rs 2,061.8 crore Vs Rs 1668 crore Apollo Hospitals Enterprise Q4 (Consolidated YoY) Profit zooms 60.4% to Rs 414.5 crore Vs Rs 258.4 crore Revenue rises 13.1% to Rs 5,592.2 crore Vs Rs 4,943.9 crore Board recommends a final dividend of Rs 10 per share Inox Wind Q4 (Consolidated YoY) Profit spikes 379.6% to Rs 190.3 crore Vs Rs 39.7 crore Revenue jumps 141.6% to Rs 1,274.8 crore Vs Rs 527.7 crore Spandana Sphoorty Financial Q4 (Consolidated YoY) Loss stands at Rs 434.3 crore Vs profit of Rs 128.6 crore Revenue falls 38% to Rs 414.8 crore Vs Rs 669.1 crore Board approves issuance of non-convertible debentures up to Rs 4,000 crore on private placement basis, in tranches Ashiana Housing Q4 (YoY) Profit grows 13.8% to Rs 19.7 crore Vs Rs 17.4 crore Revenue falls 27% to Rs 201.5 crore Vs Rs 275.7 crore Puravankara Q4 (Consolidated YoY) Loss widens to Rs 88 crore Vs loss of Rs 6.7 crore Revenue tanks 41.1% to Rs 541.6 crore Vs Rs 920 crore Sun TV Network Q4 (Consolidated YoY) Profit drops 10.4% to Rs 371.6 crore Vs Rs 414.7 crore Revenue declines 2.2% to Rs 940.6 crore Vs Rs 961.3 crore Automobile Sales for May Bajaj Auto (YoY) Total sales grow 8% to 3.84 lakh units Vs 3.55 lakh units Domestic sales flat at 2.25 lakh units Vs 2.25 lakh units Exports zoom 22% to 1.58 lakh units Vs 1.30 lakh units Hyundai Motor India (YoY) Total sales decline to 58,701 units Vs 60,774 units Domestic sales fall to 43,861 units Vs 44,374 units Export sales drop to 14,840 units Vs 16,400 units Ashok Leyland (YoY) Total sales grow 5% to 15,484 units Vs 14,682 units M&HCV sales increase 11% to 10,282 units Vs 9,243 units LCV sales drop 4% to 5,202 units Vs 5,439 units TVS Motor Company (YoY) Total sales jump 17% to 4.31 lakh units Vs 3.69 lakh units 2-wheeler sales increase 16% to 4.16 lakh units Vs 3.59 lakh units Electric vehicle sales grow 50% to 27,976 units Vs 18,674 units Exports up 22% to 1.18 lakh units Vs 96,966 units 3-wheeler sales soar 46% to 15,109 units Vs 10,324 units Eicher Motors VECV (YoY) Total sales grow 7.3% to 7,402 units Vs 6,901 units Eicher Motors Royal Enfield (YoY) Total sales increase 26% to 89,429 units Vs 71,010 units Exports surge 82% to 13,609 units Vs 7,479 units Hero MotoCorp (YoY) Total sales grow 1.92% to 5.07 lakh units Vs 4.98 lakh units Domestic sales increase 2% to 4.88 lakh units Vs 4.79 lakh units Exports up 0.17% to 18,704 units Vs 18,673 units Maruti Suzuki India (YoY) Total sales rise 3.2% to 1.8 lakh units Vs 1.74 lakh units Domestic sales fall 5.3% to 1.48 lakh units Vs 1.57 lakh units Exports zoom 80% to 31,219 units Vs 17,367 units Tata Motors (YoY) Total sales fall 8.6% to 70,187 units Vs Rs 76,766 units Domestic sales down 10% at 67,429 units Vs 75,173 units Passenger vehicles sales drop 11% to 42,040 units Vs 47,075 units Commercial vehicle sales decline 5% to 28,147 units Vs 29,691 units Mahindra and Mahindra (Automobile YoY) Total sales grow 17% to 84,110 units Passenger vehicle sales up 21% at 52,431 units Vs 43,218 units Exports increase 37% to 3,652 units Vs 2,671 units 3-wheeler sales soar 11% to 6,635 units Vs 5,967 units Mahindra and Mahindra (Tractor YoY) Total sales jump 10% to 40,643 units Vs 37,109 units Domestic sales grow 10% to 38,914 units Vs 35,237 units Exports fall 8% to 1,729 units Vs 1,872 units Stocks to Watch Niva Bupa Health Insurance Company Reports from CNBC-TV18, quoting sources, indicate that Fettle Tone and Krishnan Ramchandra are likely to sell up to 7.2% of their stake in Niva Bupa Health Insurance Company through block deals. The expected block size for the transaction is around Rs 1,082 crore. Alembic Pharmaceuticals The United States Food and Drug Administration (US FDA) has issued a Form 483 with four observations for Alembic Pharmaceuticals' API-I & II units at Panelav. The inspection took place between May 26 and May 31, 2025, and was a routine, unannounced cGMP inspection. None of the observations were related to data integrity. IRCON International The company has received an Engineering, Procurement, and Construction (EPC) order worth Rs 1,068.34 crore from East Central Railway. The order involves the construction of a new broad gauge (BG) rail bridge, including the sub-structure for a double-line track and the superstructure for a single-line track, across the river Ganga between Bikramshila and Katareah stations on the New Railway Line Project. Godrej Properties Godrej Properties, a leading real estate developer, has acquired a 14-acre land parcel in Kharadi-Wagholi, Pune. The company plans to develop a premium group housing project with a potential developable area of 3.7 million square feet, estimated to generate a revenue potential of Rs 4,200 crore. Cipla The United States Food and Drug Administration (USFDA) conducted a current Good Manufacturing Practices (cGMP) inspection at the company’s manufacturing facility in Bommasandra, Bengaluru, during May 26–30, 2025, and issued one observation in Form 483. Meanwhile, the Board has approved the appointment of Prabhakarn Balakrishnan Nair as Senior Management Personnel and Global Chief Manufacturing Officer of the company, effective July 1. MOIL The company has reduced the prices of all chemical grades and manganese ore fines by 5–15%, effective June 2. Zydus Lifesciences The company has received tentative approval from the United States Food and Drug Administration (USFDA) for Rifaximin tablets. Rifaximin is used for the treatment of irritable bowel syndrome with diarrhea (IBS-D) in adults. As per IQVIA MAT March 2025 data, Rifaximin tablets recorded annual sales of $2,672.9 million in the United States. Adani Energy Solutions The company has won a Rs 1,660 crore inter-state transmission project in Maharashtra. With this addition, its transmission order book now stands at Rs 61,600 crore. Meanwhile, the Board has approved fund raising of up to Rs 4,300 crore via Qualified Institutional Placement (QIP) or other modes. Coal India The company has filed draft papers for the IPO of its subsidiary, Bharat Coking Coal, with SEBI, NSE, and BSE. The proposed IPO will comprise an offer for sale of up to 46.57 crore shares by Coal India. Dr Reddy's Laboratories The company has received a notice from the Assistant Commissioner of Income Tax, Hyderabad, demanding tax amounting to Rs 2,395.81 crore for the Assessment Year 2020–21. Bulk Deals Indian Energy Exchange Dalmia Cement (Bharat) has sold a 0.57% stake in Indian Energy Exchange at an average price of Rs 200.71 per share. As of March 2025, Dalmia Cement held a 4.17% stake in the company. Indigo Paints Peak XV Partners Investments V and IV have exited Indigo Paints by selling their entire 3.18% shareholding at an average price of Rs 1,046.45 per share. Kotak Mahindra Mutual Fund was the buyer for the 3.18% stake. Stocks Trade Ex-Date for Income Distribution (InvIT) Cube Highways TrustNational Highways Infra Trust Stock in F&O Ban Manappuram Finance"
28 May 2025," Early rains, easy rates fuel rally hopes for consumer and agri stocks",https://www.moneycontrol.com/news/business/markets/early-rains-easy-rates-fuel-rally-hopes-for-consumer-and-agri-stocks-13053445.html,"HUL, M&M, Hero MotoCorp, Dabur, Rallis India, Chambal Fertilisers should see traction, according to experts","Despite recent gains, many monsoon-sensitive sectors are still attractively valued after recent corrections.","The early arrival of the southwest monsoon -- about 10 to 15 days ahead of schedule -- could bring optimism for some sectors and stocks especially those linked with agriculture and broader rural economy, say experts. While one still needs to watch out for data related to cumulative rainfall and regional distribution, the early onset is widely viewed as a macroeconomic positive, they add. Stocks like ITC, Hindustan Unilever, Marico, Dabur, Godrej Consumer, Mahindra & Mahindra, Hero MotoCorp, TVS Motor, Escorts Kubota, VST Tillers, Dhanuka Agritech, UPL, PI Industries, Rallis India, and Chambal Fertilisers could be in the limelight. “This is a highly positive development for the Indian economy and domestic markets. It is particularly beneficial for agriculture and the broader rural economy, which rely heavily on timely rainfall,” said Narendra Solanki, Head-Equity Research (Fundamental) at Anand Rathi Shares & Stock Brokers. “Alongside this, we are also seeing inflation steadily decline, and interest rates are in a softening trend. The market anticipates that the RBI might introduce a rate cut in June. These three factors -- early monsoon, falling inflation, and potential rate cuts together create a very favourable macroeconomic environment,"" added Solanki. On Tuesday, the Indian Meteorological Department (IMD) projected above normal rainfall amounting to 108 per cent of the long-period average in June. During the entire monsoon season, may receive 106 per cent of the long-period average rainfall of 87 cm. Also read: Can early monsoons storm the markets or just the drizzle? Experts, however, add that a key factor will not only be the early onset but total cumulative rainfall across the season. An early start alone is not enough, as adequate rainfall through the entire monsoon period is essential for sustainable agricultural output and water availability. “Another factor to consider is that the festive season this year is front-loaded, unlike last year, when festivals were delayed. This early festive season will likely contribute positively to demand in both the current and following quarters,” said Solanki. Here are the key sectors, which could benefit from the early onset of monsoon. Agriculture & Agri-InputsWith the sowing season kicking off, fertilizer, agrochemical, and seed companies are set to benefit from early rainfall, which aids timely planting and improves yield prospects. Stocks to watch include Dhanuka Agritech, UPL, PI Industries, Rallis India, Chambal Fertilisers. Autos and tractorsExperts note that a strong rural economy typically lifts demand for two-wheelers and tractors, supported by better agricultural incomes. “Rural-focused companies are expected to benefit. Stocks which offers both commercial vehicles and agricultural equipment, as well as two-wheeler manufacturers like TVS Motors and Hero MotoCorp, are well-positioned to gain from improved rural incomes,” said Solanki. Similarly, Sunny Agrawal, Head of Fundamental Research at SBI Securities said that the tractor segment also stands to gain significantly. ""Mahindra & Mahindra, the market leader, expects around 6–7% industry volume growth in tractors this year, boosted by the favourable monsoon timing,” he said. Some of the stocks to watch out include Mahindra & Mahindra, Hero MotoCorp, TVS Motor, Escorts Kubota, VST Tillers FMCG & Consumer StaplesFMCG firms with deep rural penetration may see volume growth recovery, aided by both improved demand and easing raw material prices. “FMCG in categories aligned with seasonal demand could benefit. For instance, during summer, there is typically a boost in demand for coolers, air conditioners, and cold beverages. While the earlier arrival of the monsoon could slightly shorten the peak summer sales window, we believe the overall impact will still be net positive,” says Nirav Karkera, Head of Research at Fisdom. Solanki adds that companies with strong rural linkages like ITC have scope for a strong performance. ""The sector led the market at the start of the year but entered a consolidation phase after March. Now, it appears ripe for a breakout,” he adds. Stocks to watch include ITC, Hindustan Unilever, Marico, Dabur, Godrej Consumer Seasonal plays may see a negative impactWhile the monsoon bodes well for rural demand, some urban and seasonal segments may be negatively affected. Agrawal says that consumer durables like air conditioners, refrigerators, and ice creams may see reduced demand, as the last two weeks of May and early June are usually the peak season for these products. EMS companies supplying components to consumer durable OEMs may also see marginal impacts, he said while adding that FMCG companies with large exposure to seasonal products like Emami (with their Navratna Oil) could see some impact. Valuations and stock price: No major changes expectedDespite recent gains, many monsoon-sensitive sectors are still attractively valued after recent corrections. “In terms of valuation impact across sectors, the monsoon’s early arrival isn’t expected to cause significant shifts. While there may be minor fluctuations, the overall market has largely factored in this seasonal dynamic,” says Karkera. Solanki adds that the market has not yet fully priced in the early monsoon, as it is still the initial phase. While the IMD has officially declared the monsoon’s onset, there’s a cautious wait-and-watch sentiment in the market,” he says."
26 May 2025,"M&M, Bajaj Auto, other shares surge up to 2% as Auto index emerges as the top gainer: What's driving the rally?",https://www.moneycontrol.com/news/business/markets/m-m-bajaj-auto-other-shares-surge-up-to-2-as-auto-index-emerges-as-the-top-gainer-what-s-driving-the-rally-13046591.html,"Nifty Auto index is up over a percent to emerge as the top sectoral gainer, hopeful of export relief after Trump delays EU tariff deadline, and monsoon trend suggests a robust domestic rural demand ahead.  ",Cars (representative),"Auto shares made strong gains on May 26, pushing the Nifty Auto index up over a percent to be the top sectoral gainer, extending the rise for a second session, riding on a brief respite from America's 50 percent tariffs on the European Union. US President Trump on May 25 announced that he has postponed the imposition of 50 percent tariffs on European Union imports until July 9, after a phone call with European Commission President Ursula von der Leyen. ""We had a very nice call and I agreed to move it,"" Trump told reporters. The announcement came after Trump threatened to impose a 50 percent tariff on EU products starting June 1, 2025, accusing the block of systematically exploiting the United States through unfair trade practices. Trump had announced a 25 percent tariff on automobile imports into the US in April, and later signed an executive order for some tariff relief, blending tax credits and waivers covering up to 15 percent of the value of vehicles assembled domestically. The early onset of monsoon, which has hit multiple parts of South India has also added to the sentiment. The Centre expects above normal monsoon conditions to provide a significant boost to consumption and productivity in the upcoming financial year, reinforcing confidence in India’s growth momentum, senior government sources told Moneycontrol. Mahindra & Mahindra (M&M) and Bajaj Auto shares were the top gainers on the index, rising over 2 percent to close at Rs 3,075 apiece and Rs 8,950 apiece respectively. MRF and Tata Motors shares gained over 1.5 percent each, while Samvardhana Motherson and Hero MotoCorp shares jumped over 1 percent each. Eicher Motors and Bharat Forge ended the session in the green with marginal gains. Despite the uptrend in the market, Maruti Suzuki and TVS Motor shares closed in the red with marginal losses. Balkrishna Industries shares tumbled over 6 percent after the company reported a sharp 25 percent decline in standalone net profit for the March quarter and laid out an aggressive capex plan to diversify into competitive tyre segments."
19 May 2025,"Auto index rise nearly 1% even as benchmarks slump; Bajaj Auto, Hero MotorCorp, Eicher Motors rise up to 4%",https://www.moneycontrol.com/news/business/markets/auto-index-rise-nearly-1-even-as-broader-markets-slump-bajaj-auto-hero-motorcorp-eicher-motors-rise-up-to-4-13032649.html,Auto stocks rose on Monday on expectations of steady demand and improving margins.,Auto shares extend rally on Monday amid high buying in the stocks of the auto companies. ,"Auto stocks bucked the weak market trend on Monday, with the Nifty Auto index rising nearly 1 percent even as the benchmarks came under pressure due to profit booking. The outperformance of auto stocks comes amid expectations of steady demand and improving margins. The auto index climbed 0.92 percent during intraday trade, marking its fourth straight session of gains. Over the last four trading days, the index has risen 3.78 percent, driven by strong buying interest in key two-wheeler and commercial vehicle stocks. Bajaj Auto emerged as the top gainer in the auto pack, jumping 4.10 percent to settle at Rs 8,830 apiece on the NSE. During the session, the stock touched an intraday high of Rs 8,861.50, up 4.47 percent. The stock has been on an upward trajectory for the past six sessions, rallying nearly 15 percent during the period. Among other gainers, Tube Investments of India rose 2.71 percent, while Ashok Leyland advanced 2.30 percent. Shares of Hero MotoCorp and Eicher Motors also saw modest gains, rising up to 0.89 percent during the day. Meanwhile, the Sensex dropped by 271 points on Monday, marking the second straight day of losses due to selling in IT stocks and a weak trend in global markets after rating downgrade of the US by Moody's Ratings. The Sensex declined 271.17 points or 0.33 percent to settle at 82,059.42. During the day, it dropped 366.02 points or 0.44 percent to 81,964.57. The Nifty dipped 74.35 points or 0.30 percent to 24,945.45."
16 May 2025,"Buy Hero MotoCorp; target of Rs 4,761: Motilal Oswal",https://www.moneycontrol.com/news/business/earnings/buy-hero-motocorp-target-of-rs-4-761-motilal-oswal-13029759.html,"Motilal Oswal is bullish on Hero MotoCorp has recommended buy rating on the stock with a target price of Rs 4,761 in its research report dated May 14, 2025.",,"Motilal Oswal research report on Hero MotoCorp Hero MotoCorp’s (HMCL) 4QFY25 margins remained stable YoY and were also in line with our estimates. Reported EBITDA margin came in at 14.2%, while ICE margins stood at 16.1%, adjusted for the INR 1.43b loss in EV business. Outlook We expect HMCL to deliver a volume CAGR of 5% over FY25-27, driven by new launches and a ramp-up in exports. HMCL will also benefit from a gradual rural recovery, given strong brand equity in the economy and executive segments. The stock looks attractive at 16.6x/15.3x FY26E/27E EPS. We reiterate BUY with a TP of INR 4,761 (17x FY27E EPS + INR 110/INR 140 for Hero FinCorp/ Ather post 20% Holdco discount). For all recommendations report, click here Motilal_Hero MotoCorp"
16 May 2025,"Nifty, Sensex gain 4% in broad-based weekly rally, Nifty Defence Index soars 11%",https://www.moneycontrol.com/news/business/markets/nifty-sensex-gain-4-in-broad-based-weekly-rally-nifty-defence-index-soars-11-13029639.html,"Domestic equity frontlines ended the week on a strong note, with the Nifty and Sensex rising around 4 percent each, while midcaps and smallcaps outperformed. ",47 of 50 Nifty stocks closed the week in the green.,"Domestic frontlines Nifty 50 and Sensex galloped a sharp four percent in trade over the past five sessions this week, as market participants shrugged off geopolitical concerns and foreign institutional investors poured money into domestic equities. Over the past week, the Nifty 50 index climbed 4.2 percent, while the 30-pack Sensex rose around 3.6 percent. However, the broader markets stole the limelight, as Nifty MidCap 100 surged 7.3 percent, recording its biggest weekly gain in the last two months, while the Nifty SmallCap 100 rallied 9.2 percent.  Out of the Nifty 50 stocks, 47 counters closed the week in the green. The top gainers in the Nifty pack included BEL, Adani Enterprises, Hero MotoCorp, Jio Financial, and Shriram Finance. In the midcap space, Intellect Design, NBCC, Angel One, IRFC, and SJVN were among the top gainers on the index. On the sectoral front, the Nifty Defence Index led the rally, soaring 11 percent, followed by Realty (up 10.9 percent), and Metal (up 9.22 percent). PSU Banks, Auto, and IT indices each posted gains of nearly six percent each. Defensive indices like Nifty FMCG, Nifty Pharma, and Nifty Healthcare also saw modest gains in trade over the week. CPSE and Energy stocks gained 7.1 percent each, while Infrastructure and Commodities indices rose over 4 and 6 percent respectively. With strong foreign inflows and sector-specific tailwinds, especially in defence and real estate, sentiment remained buoyant throughout the week. ""Optimism is being fuelled by expectations of imminent resolutions in US-China and India-US trade relations, which are easing concerns over potential economic fallout,"" said Vinod Nair, Head of Research, Geojit Investments. He added that softening crude oil prices, moderating inflation, and growing anticipation of interest rate cuts are reinforcing confidence in the economic growth outlook, driving a broad-based market resurgence. Institutional flows remain robust, with both Foreign Institutional Investors (FIIs) and Domestic Institutional Investors (DIIs) contributing to market stability and resilience. "
15 May 2025,"Auto stocks soar on hope of progress in US trade deal with Here Moto, Tata Motors topping the chart",https://www.moneycontrol.com/news/business/markets/auto-stocks-soar-on-hope-of-progress-in-us-trade-deal-with-here-moto-tata-motors-topping-the-chart-13027616.html,"The surge in auto stocks comes amid a broader rally, with benchmark indices Sensex over 1,200 points and Nifty 50 closing above 25,000 at seven-month highs.","Auto stocks soar as US-India trade deal hopes spark market rally; Here MotoCorp, Tata Motors shares up over 4%","The shares of auto companies revved up in top gear on May 15, even as US President Trump hinted that India has offered zero tariffs on all US goods, without offering further details on the progress of the negotiations. The sharp rise in the auto stocks pushed the Nifty Auto index up nearly 2 percent to close at 23,805. The surge in auto stocks comes amid a broader rally, with benchmark indices Sensex over 1,200 points higher at 82,531, while Nifty closing 1.6 percent higher at 25,062. Shares of Hero MotoCorp were the top gainer on the auto index, jumping over six percent to trade at a three-month high. The stock has been seen significant rally recently, extending gains for a fifth consecutive session. The rally supported by the company's fourth quarter results, shared on May 14. Tata Motors shares followed, jumping over four percent, after Jaguar Land Rover mentioned the US as its fastest-growing market. A possible trade deal and concession on US import tariffs could act as a major positive trigger for the auto sector. Bajaj Auto and TVS Motor shares followed, rising over 2 percent each. Samvardhana Motherson shares meanwhile closed nearly 2 percent higher. Ashok Leyland and Maruti Suzuki shares gained over 1.8 percent each. Bosch, Mahindra & Mahindra (M&M), Eicher Motors, Exide Industries and MRF ended the session in the green with marginal gains. US President Donald Trump on May 15 said that India had offered a ""no tariffs"" trade deal for American goods. ""It is very hard to sell in India, and they are offering us a deal where basically they are willing to literally charge us no tariffs,"" Reuters cited Trump as saying in a meeting with executives in Qatar. The US President further said that he had confronted Apple CEO Tim Cook about shifting production to India. ""Tim, we treated you very good, we put up with all the plants you built in China for years…We are not interested in you building in India, India can take care of themselves, they are doing very well, we want you to build here,"" Trump said. The US had imposed a slew of reciprocal tariffs on a number of trading partners in April, and unveiled 25 percent tariff on imported vehicles and auto parts. Later, the US President eased some of the tariffs, since then, the Trump administration has been hinting at a possible deal with India on the horizon."
15 May 2025,"Sensex soars 1,200 pts, Nifty reclaims 25k: India-US trade deal hopes, other reasons behind market rally",https://www.moneycontrol.com/news/business/markets/sensex-soars-1-000-pts-nifty-reclaims-25-000-3-reasons-behind-sharp-market-reversal-today-13027160.html,"Nifty reclaimed the crucial 25,000-mark after 141 trading sessions for the first time since October 17, 2024, adding a market cap of Rs 4.72 lakh crore on Thursday. ","Sensex, Nifty were at the day's high after trading flat in the early trade. ","The equity benchmarks staged a sharp trend reversal on Thursday, with the Sensex soaring nearly 1,400 points and the Nifty reclaiming the 25,000-mark for the first time in seven months, as heavy buying in metal, auto, IT and realty counters lifted investor sentiment. Rising for the second day, the Sensex jumped 1,200.18 points or 1.48 percent to settle at a seven-month high of 82,530.74. Sensex rallied 1,387.58 points or 1.7 percent to hit a day's high of 82,718.14 in the second half of the session. The Nifty surged 395.20 points or 1.6 percent to settle at a seven-month high of 25,062.10. The index had closed above 25,000 on October 17, 2024, previously. The sharp upmove came amid a positive turn in global cues and renewed optimism over a potential India-US trade pact, with comments from US President Donald Trump bolstering investor morale. Shares of Hero MotoCorp, JSW Steel, Tata Motors, Shriram Finance and HCL Technologies were among the top gainers on the Nifty, climbing up to 6 percent during the day. Here are the key factors behind Wednesday’s sharp market recovery: 1. Hopes of Early India-US Trade Deal: Investor sentiment received a strong boost after US President Donald Trump said India had offered a ""no tariffs"" trade deal to the United States. Speaking at a meeting with business leaders in Doha, Trump said, ""It is very hard to sell in India, and they are offering us a deal where basically they are willing to literally charge us no tariffs,"" reported Reuters. New Delhi is keen to finalise a deal within the 90-day pause announced by the US in April on proposed tariff hikes for major trade partners, which earlier included a 26 percent duty on Indian goods. Trump's comments signal that India has agreed to effectively drop all tariffs on U.S. goods as part of a potential trade deal, which the markets are taking a positive, said Kranthi Bathini, director of equity strategy at Wealthmills Securities. However, the optimism could be short-lived as the final draft and finer contours of the India-U.S. trade deal would be crucial for the market rally to sustain, Bathini said. 2. Fall in Crude Oil Prices: Crude prices declined in futures trade, easing worries over imported inflation and boosting the outlook for corporate margins. On Thursday, crude oil futures dropped by Rs 137 to Rs 5,264 per barrel amid weak global demand cues. Declining oil prices are seen as positive for India, which relies heavily on imports to meet its energy needs. 3. Rally in Rate-Sensitive Stocks on Rate Cut Hopes: Realty and metal stocks witnessed strong buying interest, supported by expectations of a rate cut by the Reserve Bank of India. Retail inflation cooled sharply to 3.16 percent in April, down from 3.34 percent in March and 4.83 percent a year ago. The softer-than-expected inflation reading has strengthened hopes of monetary easing in the upcoming June policy review. 4. Continued FII Inflows: Foreign institutional investors (FIIs) remained net buyers of Indian equities, purchasing shares worth Rs 931.80 crore on Wednesday. The steady flow of foreign funds further supported the market’s upward momentum."
15 May 2025,"Hero MotoCorp shares rise as strong Q4, rural demand and EV plans boost sentiment",https://www.moneycontrol.com/news/business/stocks/hero-motocorp-shares-rise-as-strong-q4-rural-demand-and-ev-plans-boost-sentiment-13026095.html,"India’s largest two-wheeler maker is aiming to outpace the industry’s projected 6–7 percent growth this fiscal, buoyed by robust rural demand, signs of recovery in the entry-level segment, and fresh momentum in the 125cc motorcycle lineup.","Hero MotoCorp shares rise over 2% as strong Q4, rural demand and EV plans boost sentiment","Two-wheeler maker Hero MotoCorp’s shares were higher by over 2 percent in early trade on May 15, as investors responded positively to the company’s upbeat growth outlook for FY26, strong rural demand and plans for new electric vehicle (EV) launches. India’s largest two-wheeler maker is aiming to outpace the industry’s projected 6–7 percent growth this fiscal, buoyed by robust rural demand, signs of recovery in the entry-level segment, and fresh momentum in the 125cc motorcycle lineup. During FY25, the Hero Moto sold 5.9 million units, marking a 5 percent increase from 5.62 million units in FY24. The optimism stems from a strong Q4 performance and rising market share. During the March quarter, it gained 600 basis points in the entry-level category and 250 basis points in the 125cc segment, both crucial for rural markets. The management highlighted strong demand during the recent marriage season and continued traction in both core and premium offerings. In the post-earnings call, the company reaffirmed its focus on expanding retail market share, particularly in entry-level and mid-segment motorcycles. Top company officials said product refreshes and operational improvements were driving renewed growth in the 125cc category. A key catalyst for the company going forward is the push in the EV space. Hero Moto plans to launch two new affordable electric scooters under its Vida brand in July, aiming to accelerate volume growth and capture a larger share of the electric two-wheeler market. The company sold 58,503 electric scooters in FY25 and is targeting monthly volumes of 25,000–30,000 units over the next couple of years, with breakeven in sight. The current Vida EV lineup includes the V2 Pro, V2 Plus, and V2 Lite, priced between Rs 74,000 and Rs 1.15 lakh (ex-showroom). Hero has also filed for PLI approval for the Vida Pro and expects to receive clearance by July. Its spare parts segment continues to be a steady performer, with revenue rising 15 percent year-on-year to Rs 1,553 crore in Q4. On the financial front, Hero MotoCorp reported a 6 percent year-on-year rise in net profit to Rs 1,081 crore for Q4 FY25, compared to Rs 1,016 crore in the year-ago period."
13 May 2025,"Hero Motocorp Standalone March 2025 Net Sales at Rs 9,938.65 crore, up 4.41% Y-o-Y",https://www.moneycontrol.com/news/business/earnings/hero-motocorp-standalone-march-2025-net-sales-at-rs-9938-65-crore-up-4-41-y-o-y-13023570.html,,,"Reported Standalone quarterly numbers for Hero Motocorp are: Net Sales at Rs 9,938.65 crore in March 2025 up 4.41% from Rs. 9,519.30 crore in March 2024. Quarterly Net Profit at Rs. 1,080.94 crore in March 2025 up 6.39% from Rs. 1,016.05 crore in March 2024. EBITDA stands at Rs. 1,639.25 crore in March 2025 up 6.5% from Rs. 1,539.19 crore in March 2024. Hero Motocorp EPS has increased to Rs. 54.06 in March 2025 from Rs. 50.84 in March 2024. Hero Motocorp shares closed at 3,984.90 on May 09, 2025 (NSE) and has given -11.83% returns over the last 6 months and -18.43% over the last 12 months. "
13 May 2025,"Hero Motocorp Consolidated March 2025 Net Sales at Rs 9,969.81 crore, up 3.67% Y-o-Y",https://www.moneycontrol.com/news/business/earnings/hero-motocorp-consolidated-march-2025-net-sales-at-rs-9969-81-crore-up-3-67-y-o-y-13023531.html,,,"Reported Consolidated quarterly numbers for Hero Motocorp are: Net Sales at Rs 9,969.81 crore in March 2025 up 3.67% from Rs. 9,616.68 crore in March 2024. Quarterly Net Profit at Rs. 1,161.33 crore in March 2025 up 24.21% from Rs. 935.01 crore in March 2024. EBITDA stands at Rs. 1,714.94 crore in March 2025 up 9.17% from Rs. 1,570.90 crore in March 2024. Hero Motocorp EPS has increased to Rs. 58.08 in March 2025 from Rs. 46.78 in March 2024. Hero Motocorp shares closed at 3,984.90 on May 09, 2025 (NSE) and has given -11.83% returns over the last 6 months and -18.43% over the last 12 months. "
13 May 2025,"Hero MotoCorp Q4 results: Net profit rises 6% to Rs 1,081 crore; firm declares Rs 65 dividend",https://www.moneycontrol.com/news/business/earnings/hero-motocorp-q4-results-net-profit-rises-6-to-rs-1-081-crore-firm-declares-rs-65-dividend-13022860.html,"Hero MotoCorp Q4 results: Revenue from operations rises 4.4 percent on-year to Rs 9,938.65 crore",Hero Motocorp,"Hero MotoCorp on May 13 reported a 6 percent YoY jump in net profit to Rs 1,081 crore for the fourth quarter of the financial year 2025. It had earlier reported a net profit of Rs 1,016 crore in the corresponding quarter of the previous financial year. Notably, the motorcycle-maker's Q4 net profit is slightly lower than Moneycontrol's poll estimate of Rs 1,095 crore. The company's revenue from operations meanwhile grew 4.4 percent on-year to Rs 9,938.65 crore. This is higher than the MC poll estimate of Rs 9,715 crore. Along with the Q4 results, the company announced a final dividend of Rs 65 per equity share for the financial year 2025. It has set July 24 as the record date to determine the eligibility of the shareholders set to receive the payment. Also read: Our LIVE blog on Q4 results Hero MotoCorp's earnings before interest, tax, depreciation and Amortization (EBITDA) rose around 4 percent on-year to Rs 1,416 crore during the quarter under review. The company sold 13.81 lakh units of motorcycles and scooters during the period. For the entire financial year 2025 which ended on March 31, the company reported its highest ever revenue from operations at Rs 40,756 crore and profit after tax (PAT) at Rs 4,610 crore. It also recorded its highest ever EV sales, nearly 200 percent higher than FY24. Speaking about the company's performance, Hero MotoCorp's Executive Director and Acting CEO Vikram S Kasbekar said, ""We achieved highest‐ever revenue and profit in the year, reinforcing our position as the market leader for the 24th consecutive year, closing both CY24 and FY25 at the top. Our success during the year was underpinned by robust growth across the premium, scooter, and EV segments, fueled by several new product launches. Export volumes outpaced industry trends, and we further expanded our premium retail footprint across India while entering new global markets."" Kasbekar further added, ""We are observing strong retail traction, especially in our new premium and scooter offerings. Continued consolidation in the core segment, growth in the 125cc category, and the upcoming EV launch position us well for sustained momentum."" After the quarterly results were released, the shares of the company surged nearly 2.5 percent to trade at Rs 4,089 apiece."
24 Apr 2025,"Ather Energy's top investors Tiger Global, GIC and founders set to ride home with multi-bagger returns",https://www.moneycontrol.com/news/business/ipo/ather-energy-s-top-investors-tiger-global-gic-and-founders-set-to-ride-home-with-multi-bagger-returns-13002683.html,"Co-founders Tarun Mehta and Swapnil Jain each hold a 6.81 percent stake, amounting to 2.06 crore shares. Their average acquisition price is estimated at Rs 43.27 per share, and their respective holdings post price band valued at roughly Rs 659 crore.","Singapore’s sovereign wealth fund GIC, through Caladium Investment, and the National Investment and Infrastructure Fund (NIIF), both of which joined Ather’s cap table in 2022, are also set to record strong gains","Promoters and early investors in the IPO-bound electric two-wheeler manufacturer Ather Energy are poised to see substantial returns as the public offering gets ready to roll out next week. Internet Fund III Pte, backed by Tiger Global and an early investor since 2015, is expected to earn more than seven times its original investment. The fund’s average acquisition price is around Rs 38.58 per share, according to RHP and it currently holds a 6.56 percent stake, or 1.98 crore shares. At the IPO’s upper price band of Rs 321 per share, this stake is valued at over Rs 655 crore. Singapore’s sovereign wealth fund GIC, through Caladium Investment, and the National Investment and Infrastructure Fund (NIIF), both of which joined Ather’s list of investors in 2022 are also set to record strong gains. Caladium Investment average acquisition price is around Rs 204.24 per share and it now holds a 15.43 percent stake, or 4.65 crore shares valued at around Rs 1,493 crore. NIIF, which has 6.77 percent holding, or 2.04 crore shares, at an average price of Rs 183.71 per share, now sees its investment valued at around Rs 655 crore. Co-founders Tarun Mehta and Swapnil Jain each hold a 6.81 percent stake, or 2.06 crore shares, and their average acquisition price is estimated to be Rs 43.27 per share. This translates into their respective holdings at the price band valued at roughly Rs 659 crore.  Ather’s largest stakeholder, Hero MotoCorp, owns a 38.19 percent stake, or 11.51 crore shares, acquired at an average price of Rs 145.99 per share. This holding is now valued at approximately Rs 3,694 crore at the top end of the IPO price band. Electric vehicle maker Ather Energy has set a price band of Rs 304-321 per share for its initial public offering, which will open for subscription on April 28. The anchor book will open on April 25, with the IPO subscription window running from April 28-30. The basis of allotment will be finalized on May 2, and refunds will be initiated and equity credited by May 5. The stock of Ather is scheduled to list on exchanges on May 6. The offer comprises a fresh issue of Rs 2,626 crore and an offer for sale of up to 1.1 crore shares, which at the upper end of the band translates to roughly Rs 354.76 crore. The total issue size has been revised down to around Rs 2,980.76 crore from an earlier plan of Rs 4,000 crore, implying a post-issue valuation of about Rs 11,956 crore. For the nine months ended December 2024, Ather Energy reported revenue of Rs 1,578.90 crore, up from Rs 1,230.40 crore a year earlier, while its net loss narrowed to Rs 577.90 crore from Rs 776.40 crore. Ather Energy will be the second pure-play Indian electric vehicle manufacturer to go public following Ola Electric’s IPO last year. The book running lead managers handling the public issue are Axis Capital, HSBC Securities and Capital Markets (India), JM Financial, and Nomura Financial Advisory and Securities (India)."
22 Apr 2025,"Jefferies downgrades Hero Moto, Bajaj Auto but maintains ‘buy’ on Eicher, TVS Motor",https://www.moneycontrol.com/news/business/stocks/jefferies-downgrades-hero-moto-bajaj-auto-but-maintains-buy-on-eicher-tvs-motor-13000971.html,"India's two-wheeler makers has undergone significant shifts, with TVS Motors achieving its largest market share in 18 years and exports reaching new highs. On the other hand, Hero Moto's market share in the domestic market has fallen to a 20-year low, the Jefferies note said.","Jefferies downgraded Bajaj Auto to ‘hold’ from its previous ‘buy’ rating, significantly cutting the target price to Rs 7,500 from Rs 10,550 per share. Hero Moto received a double downgrade and is now rated ‘underperform’ from earlier ‘buy’ rating, with the price target cut from Rs 5,075 to Rs 3,200.","India's two-wheeler industry may be in for sluggish year as volumes are likely to fall, according to international brokerage Jefferies, which has downgraded leaders Bajaj Auto and Hero Moto and lowered its target price for the shares of both the companies. The brokerage has revised its two-wheeler volume growth estimate for FY26/FY27, reducing them by 6 percentage points and 2 percentage points, respectively, however, it is still predicting a 10 percent CAGR over between FY25 and FY28. Jefferies downgraded Bajaj Auto to ‘hold’ from its previous ‘buy’ rating, significantly cutting the target price to Rs 7,500 from Rs 10,550 per share. Hero Moto received a double downgrade and is now rated ‘underperform’ from earlier ‘buy’ rating, with the price target cut from Rs 5,075 to Rs 3,200. On the other hand, Jefferies maintained its ‘buy’ on TVS Motors, raising its target to Rs 3,225 from Rs 3,050 earlier and on Eicher Motors, for which, the target has been revised higher to Rs 6,700 from Rs 6,600 earlier. India's two-wheeler makers has undergone significant shifts, with TVS Motors achieving its largest market share in 18 years and exports reaching new highs. On the other hand, Hero Moto's market share in the domestic market has fallen to a 20-year low, the Jefferies note said. Jefferies also lowered its Earnings Per Share (EPS) estimates for FY 26-27 by 5 percent for Bajaj Auto, 11 percent for Hero Moto, and 2-3 percent for TVS Motor, and shared an assumption of an industry growth of 8 percent in FY26 and 11 percent in FY27 and FY28, respectively. At 3:15 pm, shares of Bajaj Auto dropped 1.4 percent, reflecting a large decline from its 2024 peak of Rs 12,774. Hero MotoCorp's stock fell 2 percent while shares of TVS Motor were higher by 0.3 percent. Eicher Motors stock price was trading lower by 0.4 percent on the NSE."
17 Apr 2025,"Hero MotoCorp pauses production at 4 manufacturing plants, shares fall nearly 3%",https://www.moneycontrol.com/news/business/markets/hero-motocorp-pauses-production-at-4-manufacturing-plants-shares-fall-nearly-3-12997048.html,"Hero MotoCorp said production will be temporarily paused from April 17 to 19, 2025, at four of its manufacturing plants — Dharuhera, Gurugram, Haridwar, and Neemrana","Hero MotoCorp pauses production at 4 manufacturing plants, shares fall nearly 3%","Shares of two-wheeler major Hero MotoCorp fell nearly 3% on April 17 as the firm paused production at four manufacturing plants. ""We would like to inform you that production will be temporarily paused from April 17 to 19, 2025, at four of our manufacturing plants — Dharuhera, Gurugram, Haridwar, and Neemrana — as we navigate a short-term supply alignment. ""During this planned pause, we are taking the opportunity to carry out maintenance, upkeep, and facility enhancements to further strengthen our operations. Production will resume on April 21, 2025,"" said Hero MotoCorp in a stock exchange filing. At 10:22 am on April 17, Hero MotoCorp's shares on NSE were trading nearly 3% lower at Rs 3,680 apiece. The 52-week low of the stock is Rs 3,344 and 52-week high is Rs 6,246. Its market capitalisation is Rs 73,700 crore. Hero MotoCorp added that its Tirupati and Halol plants will continue to operate during this time. ""This pause will not impact our ability to meet retail demand across domestic and international markets. Any production deferment will be efficiently recovered in the following month,"" said the company."
17 Apr 2025,"Stocks to Watch Today: Hero MotoCorp, Zydus Life, Lupin, Sonata Software, Dalmia Bharat, Paytm, Infosys, Angel One, Wipro in focus on 17 April",https://www.moneycontrol.com/news/business/markets/stocks-to-watch-today-hero-motocorp-zydus-life-lupin-sonata-software-dalmia-bharat-paytm-infosys-angel-one-wipro-in-focus-on-17-april-12996853.html,"Stocks to Watch, 17 Apr: Stocks like Waaree Renewable Technologies, GTPL Hathway, Prestige Estates Projects, UltraTech Cement, Bharat Heavy Electricals, Indian Railway Finance Corporation, SML Isuzu, Petronet LNG, SBI Cards and Payment Services, Glenmark Pharmaceuticals, Tata Steel, Ballarpur Industries, and Karnataka Bank will be in focus on April 17.",Stocks to Watch Today,"Let's catch up on the latest news from the stock market. From significant investments to major deals, quarterly earnings, appointments and acquisitions, here’s a quick look at which stocks will be in focus in today's trade: Results Today Infosys, HDFC Life Insurance Company, HDFC Asset Management Company, Jio Financial Services, Tata Elxsi, Mahindra EPC Irrigation, Indosolar, and National Standard (India) will release their quarterly earnings on April 17. Quarterly Earnings Wipro Q4 (Consolidated QoQ) Consolidated profit grows 6.6% to Rs 3,588.1 crore Vs Rs 3,366.7 crore IT services revenue increases 0.7% to Rs 22,445.3 crore Vs Rs 22,285.1 crore IT services EBIT rises 0.7% to Rs 3,927 crore Vs Rs 3,899 crore EBIT margin flat at 17.5% Total bookings jump 13.4% to $3,955 million in constant currency IT services revenue in dollar terms declines 1.2% to $2,596.5 million Q1FY26 guidance (QoQ): Company expects IT services revenue in $2,505-2,557 million range, declining 3.5%-1.5% in constant currency terms Waaree Renewable Technologies Q4 (Consolidated YoY) Profit soars 82.7% to Rs 93.8 crore Vs Rs 51.3 crore Revenue jumps 74.4% to Rs 476.6 crore Vs Rs 273.3 crore Board appoints Manmohan Sharma as Chief Financial Officer of the company, effective April 16. Angel One Q4 (Consolidated YoY) Profit tanks 48.7% to Rs 174.5 crore Vs Rs 339.9 crore Revenue falls 22.2% to Rs 1,056 crore Vs Rs 1,357.3 crore Board approves final dividend of Rs 26 per share for FY25 GTPL Hathway Q4 (Consolidated YoY) Profit declines 19.3% to Rs 10.6 crore Vs Rs 13.2 crore Revenue rises 10.3% to Rs 891 crore Vs Rs 808 crore Board recommends dividend of Rs 2 per share Quarterly Updates Prestige Estates Projects Q4 (YoY) New sales jump 48% to Rs 6,957.4 crore driven by strong customer response to launches and premium offerings Sales volume increases 9% to 4.49 million square feet Average realization for apartments, villas, and commercial properties grows 25% to Rs 15,524 per square foot Collections decline 9% to Rs 3,155.1 crore Stocks to Watch Lupin The United States District Court, Delaware, has passed an order in the Myrbetriq patent case. The court ruled in favour of Astellas Pharma regarding the validity of its US patent (the ’780 patent) and noted that issues related to whether Lupin’s products infringe the ’780 patent, damages, and any additional invalidity theories will be litigated at a consolidated jury trial in 2026. Astellas Pharma had filed a patent infringement case against Lupin’s generic products of Mirabegron. As of now, there are no material financial implications. The company believes it has a strong case and is evaluating further legal action in the matter. Zydus Lifesciences The United States District Court, Delaware, passed an order against the company in a litigation matter pertaining to the validity of a patent held by Astellas Pharma Inc., USA. The patent was related to a sustained-release formulation of ‘Mirabegron,’ marketed in the US by Astellas under the brand name Myrbetriq. The company is evaluating the potential impact of the order on its operations and legal remedies. Additionally, the company’s venture capital subsidiary, Zynext Ventures, has invested in Feldan Therapeutics—a Canada-based, early clinical-stage pharmaceutical company—focused on the development of treatments based on intracellular delivery of therapeutics. UltraTech Cement The company has entered into an Energy Supply Agreement and a Share Subscription and Shareholders Agreement to acquire 26% equity shares of AMPIN C&I Power Eight, a company engaged in the generation and transmission of renewable energy. The acquisition is aimed at meeting the company’s green energy requirements, optimizing energy costs, and complying with regulatory requirements for captive power consumption under electricity laws. Bharat Heavy Electricals (BHEL) BHEL has signed a Technology Transfer Agreement with Bhabha Atomic Research Centre (BARC) for electrolyser systems for hydrogen production. The Mixed-Matrix Membrane Diaphragm Technology acquired from BARC will enable BHEL to achieve complete indigenous development of alkaline electrolyser systems. Indian Railway Finance Corporation (IRFC) The High Court of Judicature at Madras has allowed the writ petitions filed by IRFC and set aside the impugned order dated December 4, 2024, of the Assistant Commissioner (ST) regarding a tax demand of Rs 230.55 crore. Dalmia Bharat Dalmia Cement (Bharat) Ltd. (DCBL), a wholly owned material subsidiary of the company, has received a provisional attachment order of Rs 793.34 crore issued by the Enforcement Directorate (ED), Hyderabad, attaching land belonging to DCBL. The historical purchase value of the land is Rs 377.26 crore. The attachment stems from a case registered by the Central Bureau of Investigation (CBI) in 2011, which involved allegations against DCBL concerning investments in Bharathi Cement Corporation. The matter is currently sub judice before the CBI Court in Hyderabad. SML Isuzu Junya Yamanishi will cease to be the Director and Managing Director & CEO of the company effective April 16. Yasushi Nishikawa will join the Board of SML Isuzu as Director and Managing Director & CEO effective April 17. Petronet LNG The Board has approved the appointment of Saurav Mitra as Director (Finance) & Chief Financial Officer (CFO) of the company for a five-year term, replacing Vinod Kumar Mishra, whose tenure as Director (Finance) & CFO will expire effective April 18. SBI Cards and Payment Services India’s largest pure-play credit card issuer has signed a partnership with Tata Digital to launch the Tata Neu SBI Card, aiming to provide a premium and highly rewarding shopping experience for customers across various segments. Glenmark Pharmaceuticals Glenmark Pharmaceuticals Inc., USA, has announced the upcoming launch of Dextroamphetamine Saccharate, Amphetamine Aspartate, Dextroamphetamine Sulfate, and Amphetamine Sulfate tablets (mixed salts of a single entity Amphetamine product). The tablets will be available in 5 mg, 10 mg, 15 mg, 20 mg, and 30 mg strengths. This product is bioequivalent and therapeutically equivalent to the reference listed drug Adderall tablets by Teva Women’s Health, Inc. Distribution is scheduled to begin in May 2025. Tata Steel Tata Steel Nederland has signed an agreement to establish the world’s first liquid hydrogen import corridor between Oman, the Netherlands, and Germany. The initiative includes collaboration with the Port of Amsterdam and Ecolog, among other industrial organizations, to enable commercial-scale import of RFNBO (renewable fuel of non-biological origin) compliant liquid hydrogen into Europe, according to CNBC-TV18. One 97 Communications (Paytm) Vijay Shekhar Sharma, Chairman, Managing Director, and CEO of the company, has voluntarily forgone all 2.1 crore ESOPs granted to him under the One 97 Employees Stock Option Scheme, 2019, with immediate effect. This will result in a one-time, non-cash acceleration of ESOP expense amounting to Rs 492 crore in Q4 FY25, with an equivalent reduction in ESOP expenses in future years. Ballarpur Industries The Board has approved the appointment of Alok Prakash as Chief Executive Officer of the company, effective April 16. Hero MotoCorp The company has announced a temporary production pause from April 17 to 19 at four of its manufacturing plants—Dharuhera, Gurugram, Haridwar, and Neemrana—due to a short-term supply alignment. Production will resume on April 21. Its Tirupati and Halol plants will continue to operate during this period. The pause will not impact the company’s ability to meet retail demand in domestic or international markets. Any production deferment will be efficiently recovered in the following month. Sonata Software Revenue estimates for Q4 FY25 from the company’s largest client are expected to be lower than anticipated. As a result, the company expects reduced revenue from its international business for the quarter. Karnataka Bank Due to certain deficiencies in the reconciliation process related to suspicious UPI Global transactions, the bank has appointed an external agency—Pipara & Co. LLP, Chartered Accountants, Ahmedabad—as forensic auditors to review and report on the matter. Stock Trades Ex-Dividend Sanofi Consumer Healthcare India Stock Trades Ex-Date for Split Akme Fintrade (India) Stocks Trade Ex-Date for Rights Garment Mantra LifestyleSylph TechnologiesTirupati Tyres Stock Trades Ex-Date for Resolution Plan -Suspension Rushabh Precision Bearings Stocks in F&O ban BirlasoftHindustan CopperIREDAManappuram FinanceNational Aluminium Company"
21 Mar 2025,"TVS, Bajaj, others two-wheeler shares rise up to 4% on CLSA's bullish note showing demand for premium bikes",https://www.moneycontrol.com/news/business/markets/tvs-bajaj-others-two-wheeler-shares-rise-up-to-4-on-clsa-s-bullish-note-showing-demand-for-premium-bikes-12971673.html,"CLSA said that overall motorcycle volumes increased 5 percent on-year so far in FY25, but the entry-level segment saw a decline of nearly 11 percent, and premium segment rose 8 percent on-year.",Bikes,"The shares of leading two-wheeler makers rallied on March 21 after CLSA issued a bullish note, observing that premium motorcycle sales have outperformed the entry-level segment so far this fiscal. In its latest report cited by ET Now, the brokerage said that while the overall motorcycle volumes increased 5 percent on-year so far in FY25, the entry-level segment saw a decline of nearly 11 percent. The sales volumes of entry-level bikes have more than halved from its pre-COVID levels. The premium segment however rose 8 percent on-year. Bajaj Auto CLSA said Bajaj Auto lost the most market share in the 125-250 cc category, falling by 700 basis points in the last one year as the sales volume of its popular model Pulsar dropped 5 percent. However, the brokerage said that it prefers the shares of Bajaj Auto as it believes the stock is set to benefit from the rising demand for its 125-250 cc models after the recent correction. Bajaj Auto shares jumped nearly 2 percent to trade at Rs 8,074 apiece. CLSA kept an 'Outperform' rating on the stock, with a target price of Rs 9,473 per share. The latest target price implies an upside potential of nearly 17 percent from the stock's current market price. TVS Motor TVS Motor shares jumped over 4 percent to trade at Rs 2,445 apiece. This comes as the stock sees heavy trading volumes. CLSA kept a 'Hold' rating for the stock, with a target price of Rs 2,511 per share. This implies an upside potential of nearly 3 percent from the stock's current market price. Hero Motocorp CLSA said that the high sale volumes seen by the newly launched Hero Xtreme 125R increased the premium market share by 800 bps in the last one year to date. The executive segment, which consists of motorcycles priced between Rs 95,000 and Rs 1.25 lakh, saw a fall in Hero's market share by 600 bps. Honda's market share however rose by 400 bps. Hero Motocorp shares rose nearly 2 percent to trade at Rs 3,659 apiece. CLSA kept an 'Outperform' rating for the stock with a target price of Rs 4,940 per share, implying an upside potential of over 35 percent from the current market price. Eicher Motors Eicher Motors shares also rose nearly 2 percent each to trade at Rs 5,319 apiece. For the maker of Royal Enfield bikes, the brokerage kept a 'Hold' rating with a target price of Rs 5,395 per share. This implies an upside potential of over 1 percent. These stocks were notably the top gainers on the Nifty Auto index, which was up over 1.5 percent to stand at 21,965."
