Date,Title,URL,Article Description,Article Text,Article Content
26 Aug 2025,"Auto, metal, real estate stocks drop up to 2% on Trump tariff worries",https://www.moneycontrol.com/news/business/markets/auto-metal-realty-stocks-drop-up-to-2-after-us-issues-notice-to-impose-extra-25-tariff-on-india-from-tomorrow-13488281.html,"The sharp drop in the share prices pushed the sectoral indices, as well as the overall market, down.","Auto, realty, metal stocks fall","The shares of auto, metal and real estate companies dropped in trade on August 26, after Donald Trump-led US administration issued a draft order over the implementation of additional 25 percent tariff on Indian imports, effectively from August 27 (Wednesday). The sharp drop in the share prices pushed the sectoral indices, as well as the overall market, down. Nifty Metal and Nifty Realty indices fell more than 1.2 percent and nearly 1.6 percent to hover around 9,319 and 902 respectively. Nifty Auto meanwhile was down over 0.6 percent in the morning. According to a draft notice released by US Department of Homeland Security, the additional tariffs will cover Indian products ""that are entered for consumption, or withdrawn from warehouse for consumption, on or after 12:01 a.m. eastern daylight time on August 27, 2025"". The notice cited ""threats to the United States by the Government of the Russian Federation"" as the reason for President Donald Trump's executive order dated August 6. The ties between New Delhi and Washington soured after Trump announced that he will hike the tariffs on Indian goods to 50 percent, allegedly in response to New Delhi's continued purchases of Russian oil and defence equipment. Top losers on metal index: Several metal companies have strong export exposure to the US, and will likely be impacted by Trump's tariffs. On the metal index, Adani Enterprises shares were the top loser, dropping more than 2 percent to trade at Rs 2,253 apiece. Welspun Corp, Steel Authority of India (SAIL) and Tata Steel shares fell nearly 2 percent each. Hindalco Industries, National Aluminium Company (NALCO), Hindustan Copper, NMDC and JSW Steel shares fell more than 1 percent each, while Vedanta and Hindustan Zinc shares were down nearly 1 percent. Jindal Stainless Steel shares were trading in the red with marginal losses. Top losers on realty index: While real estate companies are mostly domestic market-oriented, Trump tariffs can inflate the cost of raw materials associated with the industry, which in turn may put pressure on the margins of these companies. On the realty index, heavyweight DLF was the top loser, dropping more than 2 percent to trade at Rs 755 apiece. Macrotech Developers (Lodha), Godrej Properties, Sobha and Oberoi Realty shares fell nearly 2 percent each. Prestige Estates, Raymond, Anant Raj, Phoenix and Brigade Enterprises shares fell around 1 percent each. Top losers on auto index: Several automakers and auto-parts makers derive major portion of their revenue from exports to US. While some auto and auto parts exports are exempt from the latest tariff change, the overall impact on the industry and uncertain trade rules may have pushed the stocks down. Samvardhana Motherson and Bharat Forge shares dropped more than 2 percent, leading losses on the auto index. Balkrishna Industries, MRF and Tube Investments of India shares fell around 1.5 percent each. TVS Motor, Ashok Leyland, Bosch and Maruti Suzuki shares were down up to 1 percent. Also read: Our LIVE blog on stock market updates"
26 Aug 2025,"Hindalco to attend Motilal Oswal Conference on Sept 1, 2025",https://www.moneycontrol.com/news/business/markets/hindalco-to-attend-motilal-oswal-conference-on-sept-1-2025-alpha-article-13488280.html,"Hindalco to attend Motilal Oswal Conference on Sept 1, 2025",,"Hindalco Industries Limited will attend the investor meeting at Motilal Oswal Conference on September 1, 2025. The meeting is pursuant to Regulation 30 (read with schedule III- Part A) of Securities and Exchange Board of India (Listing Obligations and Disclosure Requirements) Regulations, 2015 and ISIN: INE038A01020. The details of the scheduled group investor meeting are as follows: Meeting DetailsDate of the meetingTimingName of the fund/Investor/ ConferenceSeptember 1, 202510:00 Α.Μ. to 6:00 P.M.Motilal Oswal Conference The schedule of the meeting may change due to exigencies on the part of Investor/Company. Please note that no Unpublished Price Sensitive Information is proposed to be shared by the Company during the aforesaid investor interactions. This is to further inform that the copy of investor presentations of Q1FY26 Earnings Presentation and Investor Day 2025 (dated April 1, 2025), is to be made before the investors and is also available on the website of the Company www.hindalco.com. Geetika Anand, Company Secretary & Compliance Officer of Hindalco Industries Limited, has authorized the release of this information."
25 Aug 2025,"Real estate, metal stocks rise up to 5% amid rising US Fed rate cut hopes after Powell's speech",https://www.moneycontrol.com/news/business/markets/real-estate-metal-stocks-rise-up-to-5-amid-rising-us-fed-rate-cut-hopes-after-powell-s-speech-13484093.html,Federal Reserve Chair Jerome Powell on August 22 said that the weak job market may soon force the American central bank to cut interest rates.,"Real estate, metal stocks rise","The shares of real estate and metal companies recorded sharp gains on August 25 as market expectations for US Federal Reserve's rate cut increased after Chair Jerome Powell's remarks at the Jackson Hole Economic Policy Symposium. The rise in the share prices pushed the Nifty Realty index up nearly 1 percent to hover around 918 in the early trading hours of Monday, while Nifty Metal index rose over 1 percent to stand at 9,477, snapping a two-day losing streak. Federal Reserve Chair Jerome Powell on August 22 said that the weak job market may soon force the American central bank to cut interest rates. ""Downside risks to employment are rising,"" according to Powell's prepared remarks at the Jackson Hole Economic Policy Symposium. He added that ""the effects of tariffs on consumer prices are now clearly visible"" with high uncertainty in the coming months. Most investors now expect a 25-basis-point Fed rate cut next month. ""Fed chief Powell's remark at Jackson Hole that 'there is a downside risk to unemployment and shifting risk balance may warrant policy adjustment' clearly indicates a rate cut in September,"" said VK Vijayakumar, Chief Investment Strategist, Geojit Investments Limited. A rate cut in the US could reduce borrowing costs for foreign investors, encouraging them to invest in higher growth markets in India. This boosts real estate and metal stocks. Additionally, investors expect the RBI to follow Fed in the pursuit of a rate cut, if any. This too can positively impact the stocks. Jindal Stainless Steel was the top gainer on the Nifty Metal index, rising nearly 5 percent to trade at Rs 813.35 apiece. Hindalco Industries and National Aluminium Company (NALCO) shares gained nearly 2 percent, while NMDC, Hindustan Zinc, Vedanta and SAIL shares were up more than 1 percent each. Tata Steel, Welspun Corporation, Adani Enterprises, JSW Steel and Hindustan Copper shares rose up to 1 percent. On the realty index, Brigade Enterprises was the top gainer. The shares of the company rose over 1 percent to trade at Rs 974 apiece. Godrej Properties shares also gained more than 1 percent. DLF and Sobha shares were up nearly 1 percent each. Raymond, Prestige Estates, Macrotech Developers (Lodha), Phoenix Mills and Oberoi Realty shares were trading in the green with marginal gains. Also read: Our LIVE blog on stock market updates"
23 Aug 2025,"Chartist Talk: Milan Vaishnav picks these 2 stocks for next week, sees continued strength in Cummins and M&M",https://www.moneycontrol.com/news/business/markets/chartist-talk-milan-vaishnav-picks-these-2-stocks-for-next-week-sees-continued-strength-in-cummins-and-m-m-13481242.html,"Overall, the Nifty 50 remain in the broad trading range with strong under-currents and will eventually move past the crucial resistance zone of 25,000-25,150 in the coming days, says Milan Vaishnav of Gemstone Equity.",Milan Vaishnav is the Founder and Technical Analyst of Gemstone Equity Research and Advisory Services ,"According to Milan Vaishnav, the CMT, MSTA, Founder and Technical Analyst of Gemstone Equity Research and Advisory Services, Mahindra and Mahindra is likely to keep its momentum absolutely intact. Cummins India also has some room left on the upside and faces resistance near Rs 4,200, he believes. He is betting on Dixon Technologies and Hindalco for next week. ""Dixon Technologies is showing a formation of a not-so-classical Inverse Head & Shoulders formation, while Hindalco has formed an Ascending Triangle pattern, and such patterns are bullish,"" he reasoned. Do you think the recent decline is merely profit booking after the strong rally, possibly setting the stage for the next leg of the upmove? The recent decline is nothing more than technical factors playing out. It is profit-booking after a good rebound from the recent swing lows near 24,350. Also, over the past few days, there was aggressive Call writing at 25,100 levels. This kept the resistance zone of 25,000-25,150 intact for the Nifty, to which it resisted. Overall, we remain in the broad trading range with strong undercurrents and will eventually move past the crucial resistance zone of 25,000-25,150 in the coming days. Which two stocks are on your buying radar for the upcoming week? Dixon Technologies (India) and Hindalco Industries are the two stocks I am watching. Dixon Technologies is flirting with a multi-point resistance level that it has tested many times over the past months. It is also showing a formation of a not-so-classical Inverse Head & Shoulders formation. Any move above Rs 17,000 will propel the stock higher. Hindalco has formed an Ascending Triangle pattern. Such patterns are bullish and tend to get resolved with the prices moving higher regardless of their place of formation. Will the Bank Nifty be able to defend its 20-week EMA in the coming weeks? Bank Nifty has seen closing just a notch above the 20-week EMA, which is placed at 54,952. It is expected to defend this over the coming days. Are you bullish on Blue Star and Coforge? Blue Star has attempted to revere its trend and has moved out of the range in which it has consolidated over the past couple of weeks. So long as it is able to stay above Rs 1,850, it may improve its valuations going ahead from here. Coforge, on the other hand, has kept its primary trend intact. It is presently seen in a range of Rs 1,675-1,790 levels. While Rs 1,675 acts as a major support, any move above Rs 1,790 will take the stock meaningfully higher from current levels. Unless any of these two levels are either taken out on the upside or violated on the downside, the stock may stay in a trading range. Do you expect the upward momentum to continue in M&M and Cummins India next week? Mahindra and Mahindra (M&M) is one of the most resilient and technically well-placed stocks from the frontline markets in general and the auto space in particular. It is likely to keep its momentum absolutely intact. Cummins India also has some room left on the upside and faces resistance near Rs 4,200. Do you believe the rally in the Nifty Consumption index will continue, following its recent consolidation breakout? The Nifty Consumption Index may consolidate in the coming week. It has staged a nice rally and if it has to capitalise and extend it further, some consolidation in a ranged manner cannot be ruled out in this space. It will resume its upmove once it moves past the 12,300 level again."
22 Aug 2025,"Hindalco's Rs 18,000 crore capex in FY25 was highest in a decade, says KM Birla, reaffirms $10 billion investment plan",https://www.moneycontrol.com/news/business/companies/hindalco-s-rs-18-000-crore-capex-in-fy25-was-highest-in-a-decade-says-km-birla-reaffirms-10-billion-in-global-investment-plan-13479041.html,"On the downstream front, the Aditya Birla Group company has a target to quadruple EBITDA by FY30 compared to FY24 through the ramp up of new copper tubes plant and an e-waste recycling facility which will be India’s first and the world’s second largest.","In the battery materials business, Hindalco's new battery foil plant will commence operations this year, in a major step towards energy storage for e-mobility and renewables. ","Aluminium and copper producer Hindalco has planned an ambitious growth roadmap, backed by 'committed global investments' worth $10 billion over next five years across its 'full value chain' both within India and through Novelis, Chairman Kumar Mangalam Birla said during the 66th AGM on August 21. During the last fiscal, Hindalco has initiated projects worth Rs 18,000 crore in India which is the highest annual capex in almost a decade, Birla added. ""...(the) strategy is to strengthen both its upstream and downstream businesses, with the next phase focused on accelerated upstream expansion alongside continued downstream growth,"" the chairman said. The Aditya Birla Group company's subsidiary Novelis has been working to commission the $4.1 billion Bay Minette project, expected in the second half of CY26. Novelis is also advancing its 3x30 Vision - in an effort to increase recycled content from 63 percent to 75 percent. In the battery materials business, Hindalco's new battery foil plant will commence operations this year, in a major step towards energy storage for e-mobility and renewables. Read More: Hindalco Q1 results: Net profit rises 30% to Rs 4,004 crore, revenue up 13% On the downstream front, the Aditya Birla Group company has a target to quadruple EBITDA by FY30 compared to FY24 through the ramp up of new copper tubes plant and an e-waste recycling facility which will be India’s first and the world’s second largest. Read More: Hindalco Industries – Execution, strategic expansion key growth levers ""...your Company is enhancing its portfolio of value-added products in aluminium, copper, specialty alumina, and recycling, with a clear target to quadruple downstream EBITDA by FY30 from the FY24 base. Our new copper tubes plant is ramping up, and construction is in full swing for India’s first and the world’s second-largest dedicated e-waste and copper recycling facility at Pakhajan,"" said Kumar Mangalam Birla. On copper, KM Birla said Hindalco has undertaken a 3 lakh tonne smelter expansion at Dahej, which, once completed, will make it the world's 'largest' copper smelting complex outside China. On aluminium, Hindalco has planned a 1.80 lakh TPA Aditya smelter expansion, a 3.60 lakh TPA Mahan smelter expansion, and a greenfield 8.50 lakh TPA alumina refinery, all substantial investments in smelting capacity. Shares of Hindalco are higher by 19 percent on a YTD basis and are flat over last one year."
20 Aug 2025,Hold Hindalco Industries: target of Rs 720: ICICI Securities,https://www.moneycontrol.com/news/business/hold-hindalco-industries-target-of-rs-720-icici-securities-2-13470349.html,"ICICI Securities recommended hold rating on Hindalco Industries with a target price of Rs 720 in its research report dated August 13, 2025.",Hold,"ICICI Securities's research report on Hindalco Industries Hindalco (HNDL)’ Q1FY26 operating performance was 6% ahead of consensus estimates despite Novelis’ underperformance. Consol. EBITDA, at INR 80.8bn, jumped 6% YoY. Lower Novelis EBITDA, at INR 35.6bbn (-15% YoY; UAD 28mn negative impact due to tariff), was largely compensated by better aluminium EBITDA at INR 42.4bn (+21% YoY; aided by lower CoP and better mix). Copper continues to do well at EBITDA of INR 6.7bn. Net debt also reduced by INR 10bn to INR 343bn. Given, higher-for-longer capex and near-term uncertainty in Novelis, we expect H1’s performance to be muted with improvement emerging H2 onwards. We maintain our HOLD rating on the stock with a target price of INR 720 (6.5x multiple to Novelis and 6x to domestic business for FY27E EV/EBITDA). Outlook We maintain our HOLD rating and target price of INR 720 based on 6.5x FY27E EV/EBITDA for Novelis and 6x for domestic business. For all recommendations report, click here Hindalco Industries_19082025_ICICI Securities"
18 Aug 2025,Hindalco Industries shares jump 2.88% amid volume surge,https://www.moneycontrol.com/news/business/stocks/hindalco-industries-shares-jump-2-88-amid-volume-surge-alpha-article-13463546.html,"Hindalco Industries stock is trading at Rs 715.25, driven by high volume and unusual trading activity.",,"Shares of Hindalco Industries surged 2.88% to Rs 715.25 in Monday's session, driven by high volume and unusual trading activity. The stock is currently trading on the NIFTY 50. Financial Performance: Hindalco Industries has demonstrated significant financial performance over the past few years. Here's an overview based on consolidated figures: Revenue: The company's revenue has shown a consistent upward trend. For the quarter-ending June 2025, revenue stood at Rs 64,232 Crore, compared to Rs 57,013 Crore in June 2024. The annual revenue for the year-ending March 2025 reached Rs 238,496 Crore, a notable increase from Rs 215,962 Crore in the year-ending March 2024. The revenue increased by 10.43 percent in 2025 compared to 2024. Net Profit: Net profit has also seen substantial growth. The net profit for the quarter-ending June 2025 was Rs 4,002 Crore, up from Rs 3,072 Crore in June 2024. Annually, the net profit for the year-ending March 2025 was Rs 15,999 Crore, a significant rise from Rs 10,153 Crore in the year-ending March 2024. The net profit increased by 57.58 percent in 2025 compared to 2024. Earnings Per Share (EPS): The company's EPS has improved, with the EPS for the quarter-ending June 2025 at Rs 18.03, compared to Rs 13.84 in June 2024. The annual EPS for the year-ending March 2025 was Rs 72.05, a notable increase from Rs 45.71 in the year-ending March 2024. Key Financial Metrics:ParticularsMar 2025Mar 2024Mar 2023Mar 2022Mar 2021Revenue (Rs Crore)238,496215,962223,202195,059131,985Net Profit (Rs Crore)15,99910,15310,08814,1955,177EPS (Rs)72.0545.7145.4261.7315.66BVPS (Rs)557.25478.17427.09352.24299.73ROE (%)12.939.5610.6517.565.23Debt to Equity0.500.510.620.810.98Income Statement (Consolidated):ParticularsMar 2025 (Rs Crore)Mar 2024 (Rs Crore)Mar 2023 (Rs Crore)Mar 2022 (Rs Crore)Mar 2021 (Rs Crore)Sales238,496215,962223,202195,059131,985Other Income2,7081,4961,2571,1361,222Total Income241,204217,458224,459196,195133,207Total Expenditure215,451199,590207,581172,859121,569EBIT25,75317,86816,87823,33611,638Interest3,4193,8583,6463,7683,738Tax6,3353,8573,1445,3732,723Net Profit15,99910,15310,08814,1955,177Cash Flow:ParticularsMar 2025 (Rs Crore)Mar 2024 (Rs Crore)Mar 2023 (Rs Crore)Mar 2022 (Rs Crore)Mar 2021 (Rs Crore)Operating Activities24,41024,05619,20816,83817,232Investing Activities-24,739-14,276-8,121-7,074-25,637Financing Activities-1,816-10,817-10,345-6,765-4,882Others1309457301357Net Cash Flow-2,015-1,0281,1993,300-12,930Balance Sheet:ParticularsMar 2025 (Rs Crore)Mar 2024 (Rs Crore)Mar 2023 (Rs Crore)Mar 2022 (Rs Crore)Mar 2021 (Rs Crore)Equities & LiabilitiesShare Capital222222222222222Reserves & Surplus123,487105,78394,58077,96566,253Current Liabilities65,51659,35160,45777,27348,493Other Liabilities76,76666,55169,55867,60274,731Total Liabilities265,991231,907224,817223,062189,699AssetsFixed Assets117,270100,60292,58187,85487,154Current Assets101,95982,34389,31198,54367,628Other Assets46,76248,96242,92536,66534,917Total Assets265,991231,907224,817223,062189,699Other InfoContingent Liabilities101,29588,564134,16198,01475,698Key Financial Ratios:RatioMar 2025Mar 2024Mar 2023Mar 2022Mar 2021Per Share RatiosBasic EPS (Rs.)72.0545.7145.4261.7315.66Diluted EPS (Rs.)71.9145.6545.3661.6515.65Book Value /Share (Rs.)557.25478.17427.09352.24299.73Dividend/Share (Rs.)5.003.503.004.003.00Face Value11111Margin RatiosGross Profit Margin (%)14.4711.7410.7115.1114.21Operating Margin (%)11.168.267.5411.669.19Net Profit Margin (%)6.704.704.517.032.63Return RatiosReturn on Networth (%)12.939.5610.6517.565.23ROCE (%)13.2810.3410.2415.608.59Return On Assets (%)6.014.374.496.151.83Liquidity RatiosCurrent Ratio (X)1.561.391.481.281.39Quick Ratio (X)0.810.700.770.700.76Leverage RatiosDebt to Equity (x)0.500.510.620.810.98Interest Coverage Ratios (X)10.096.586.567.825.02Turnover RatiosAsset Turnover Ratio (%)0.960.950.480.470.33Inventory Turnover Ratio (X)5.323.471.771.891.72Growth Ratios3 Yr CAGR Sales (%)10.5827.9237.4522.247.053 Yr CAGR Net Profit (%)6.1640.0463.7360.73-8.68Valuation RatiosP/E (x)9.4712.268.929.2320.87P/B (x)1.221.170.951.621.09EV/EBITDA (x)5.876.485.565.846.87P/S (x)0.640.580.400.650.55Corporate Actions: Hindalco Industries has a history of corporate actions, including dividends, bonus issues, and stock splits. Recent announcements include updates on newspaper publications regarding unaudited financial results and outcomes of analyst/investor meets.Dividends: The company has consistently distributed dividends to its shareholders. The final dividend for 2025 was Rs 5.00 per share (500%), announced on May 20, 2025, with an effective date of August 8, 2025.Bonus Issues: Hindalco has issued bonus shares in the past, with notable bonus ratios such as 1:2 (announced on May 10, 1996) and 3:5 (announced on September 11, 1990).Stock Splits: A stock split was executed on August 30, 2005, where the face value was split from Rs 10 to Rs 1.A Moneycontrol analysis on August 11, 2025, indicated a bearish sentiment on the stock. Hindalco Industries stock is trading at Rs 715.25, driven by high volume and unusual trading activity."
15 Aug 2025,"Chartist Talk: Apollo Hospitals still a strong pick, Paytm showing signs of fatigue, says JM Financial's Rahul Sharma",https://www.moneycontrol.com/news/business/markets/chartist-talk-apollo-hospitals-still-a-strong-pick-paytm-showing-signs-of-fatigue-says-jm-financial-s-rahul-sharma-13457702.html,"FII futures positioning still shows a heavy concentration of shorts around. Until this data turns more constructive or prices start to form a consistent pattern of higher highs and higher lows, the Nifty 50 is likely to remain anchored near the lower end of the Bollinger Bands, Rahul Sharma of JM Financial said.","Rahul Sharma is the Director, Head - Technical & Derivative Research at JM Financial Services","After a stellar run this financial year, outpacing many of its peers, One 97 Communications (Paytm) may be heading into a consolidation phase as short-term momentum indicators signal fatigue, Rahul Sharma, Director and Head of Technical & Derivative Research at JM Financial Services, told Moneycontrol in an interview. In case of Apollo Hospitals Enterprise, he believes the technical structure remains positive, supported by higher-low formations and stable moving averages. Given its defensive characteristics and sector leadership, Apollo Hospitals remains a strong candidate for portfolio inclusion, he said. In addition, he is betting on EIH and Max Financial Services for next week. Here are the edited excerpts: Do you expect the Nifty 50 to remain in the lower band of the Bollinger Bands for a couple of weeks more, even though it picked up momentum from recent lows? The Nifty has traded under sustained pressure since early July, repeatedly failing to build any meaningful upside momentum. In recent sessions, the index has shown early signs of base formation, with intraday supports holding near 24,350. However, FII futures positioning still shows a heavy concentration of shorts around. Until we see this data turn more constructive or prices start to form a consistent pattern of higher highs and higher lows, the index is likely to remain anchored near the lower end of the Bollinger Bands. In fact, if selling pressure resumes, the bands themselves could shift lower, indicating a potential downward reset in the broader range. What are your top 2 picks for next week? EIH The stock has recently broken out above the critical Rs 400 resistance level on the back of robust trading volumes. Short-term moving averages, specifically the 5-day and 20-day EMAs, have moved into bullish alignment, providing additional confirmation of momentum. Price action remains firmly above VWAP (volume weighted average price), indicating sustained intraday strength. Sector momentum in the hospitality space also remains favourable. If the stock sustains above Rs 390, the probability of a continued up-move in the near term remains high. Max Financial Services The chart structure is showing a healthy higher high, higher-low formation across both daily and weekly timeframes, supported by a steadily improving RSI and a recent bullish MACD crossover. This signals underlying strength and a supportive momentum backdrop. Given the stock’s ability to hold key moving averages and attract buying on dips, we see potential for a gradual, sustained appreciation over the next 4–8 weeks. Positional accumulation on retracements could provide an attractive risk-reward profile. After reviewing technical charts and indicators, do you think Paytm and Apollo Hospitals should be part of a portfolio for the coming weeks? One 97 Communications (Paytm) The stock has delivered strong performance this financial year, outperforming many peers. That said, short-term momentum indicators now point to some degree of exhaustion, which could prompt a period of consolidation. This does not imply a negative structural view; rather, it suggests that fresh buying should be timed with dips toward Rs 1,060 – Rs 1,080 range, where the stock becomes attractive for accumulation. Apollo Hospitals Enterprise The technical structure remains positive, supported by higher-low formations and stable moving averages. The stock can be accumulated at current levels, with any weakness offering stronger entry points. Given its defensive characteristics and sector leadership, Apollo Hospitals remains a strong candidate for portfolio inclusion. Do you expect a sharp run-up in the Nifty Pharma index in the coming weeks, considering the Tweezer Bottom pattern formation on the weekly timeframe? The Tweezer Bottom on the weekly chart certainly supports a constructive bias for the Nifty Pharma index. However, recently it broke down below its rising trend line and seems to be facing resistance near the 22,200 mark, which suggests short-term volatility. While select names in the space may offer attractive setups, any fresh allocation for the short-term should be made after factoring in the tariff related uncertainty for this sector. Do you see Hindalco Industries surpassing its all-time high in the coming weeks? Hindalco has been consolidating in a well-defined range of Rs 660 to Rs 710 since early July. The all-time high, at Rs 772, sits roughly 12 percent above the current market price. A decisive breakout above Rs 710 could pave the way for a retest of those highs. However, whether the stock can surpass that level will depend heavily on subsequent data confirmation, price follow-through and sustained buying volumes. Are the charts suggesting that Nifty Bank will not break the 54,500 support despite the current consolidation? Will it head higher toward a record high by next month? The 54,500 level remains a technically significant support, having held firm between April and June before the last up-leg to the previous highs. Historically, such levels become pivotal for medium-term positioning. If retested, this zone offers a favourable risk-reward profile for long trades. Bank Nifty has shown relative strength versus the Nifty and if overall market sentiment turns positive, the index has the potential to approach, and possibly exceed, its record highs in the coming months."
14 Aug 2025,"Metal stocks snap 3-day rally on profit booking; Tata Steel, Vedanta, NMDC fall up to 3%",https://www.moneycontrol.com/news/business/markets/metal-stocks-snap-3-day-rally-on-profit-booking-tata-steel-vedanta-nmdc-fall-up-to-3-13455952.html,"Metal stocks: The shares had seen a sharp rally over the past three sessions, buoyed by weaker dollar and increased expectations of a rate cut by the US Federal Reserve, along with strong Q1 earnings announcement.",Metal stocks drop,"Metal stocks recorded notable decline on August 14, pushing the Nifty Metal index down 1.5 percent to emerge as the top sectoral loser. The index has now snapped a three-day gaining streak. The shares had seen a sharp rally over the past three sessions, buoyed by weaker dollar and increased expectations of a rate cut by the US Federal Reserve, along with strong Q1 earnings announcement. NMDC shares were the top loser on the index, dropping more than 3 percent to trade at Rs 69 apiece. This comes a day after the stock jumped up to 3 percent after the release of its results. The company reported a marginal rise in net profit to Rs 1,968 crore and 24.5 percent on-year rise in revenue from operations to Rs 6,739 crore in Q1 FY26. Jindal Steel & Power shares dropped more than 2 percent to trade at Rs 971 apiece. The company on August 12 reported a 11.5 percent on-year rise in consolidated net profit of Rs 1,494 crore, but 10 percent YoY fall in revenue from operations to Rs 12,294.5 crore in Q1 FY26. The shares had jumped 3 percent on August 13 after the release of the results. Steel Authority of India (SAIL) and Vedanta shares also dropped more than 2 percent each, while Tata Steel shares were down over 1.8 percent. Hindustan Zinc and National Aluminium Company (NALCO) shares dropped around 1.5 percent each. Hindalco Industries shares fell more than 1 percent. This comes a day after the stock rallied up to 6 percent, following the release of its Q1 results. Hindalco Industries on August 12 reported a consolidated net profit at Rs 4,004 crore for the quarter ended June 30, 2025, as higher sales volumes helped mitigate the impact of weaker aluminium prices. This marks a 30 percent on-year rise from the Rs 3,074 crore net profit reported in the year-ago period. The company's revenue from operations meanwhile rose 13 percent on-year to Rs 64,232 crore in Q1 FY26 as compared to Rs 57,013 crore in Q1 FY25. Welspun Corp, Hindustan Copper and JSW Steel shares were trading in the red with marginal losses, while APL Apollo Tubes, Adani Enterprises and Jindal Stainless Steel were in the green after recording marginal gains. Also read: Our LIVE blog on Q1 updates"
14 Aug 2025,Hold Hindalco Industries: target of Rs 720: ICICI Securities,https://www.moneycontrol.com/news/business/earnings/hold-hindalco-industries-target-of-rs-720-icici-securities-13455396.html,"ICICI Securities recommended hold rating on Hindalco Industries with a target price of Rs 720 in its research report dated August 12, 2025.",Hold,"ICICI Securities's research report on Hindalco Industries Novelis’ (Hindalco’s 100% subsidiary) Q1FY26 (adj.) EBITDA of USD 416mn (and ~USD 432/te) has missed consensus estimates (~USD 445–450/te), mainly on account of: 1) negative tariff impact of USD 28mn; and 2) change in product mix. Management`s new estimate pegs the scrap imports cost escalating – due to the 50% tariff – to USD 60mn vs. USD 40mn earlier at 25% duty. However, commentary indicated that the performance is nearing its bottom with Q2 likely to be similar to Q1. Net debt increased to USD 5.6bn (vs. USD 5.2bn in Q4FY25); management targets ~3.5x max net leverage through the cycle (except for one-offs). We re-initiate coverage on the stock with a HOLD rating and an SoTP-based target price of INR 720 (6.5x FY27E EV/EBITDA for Novelis and 6x for the domestic business). Outlook We re-initiate coverage on the stock with a HOLD rating and an SoTP-based target price of INR 720 based on 6.5x FY27E EV/EBITDA for Novelis and 6x for domestic business (near to long term mean multiple). For all recommendations report, click here Hindalco Industries_13082025_ICICI Securities"
13 Aug 2025,Accumulate Hindalco Industries; target of Rs 762: Prabhudas Lilladher,https://www.moneycontrol.com/news/business/stocks/accumulate-hindalco-industries-target-of-rs-762-prabhudas-lilladher-13449367.html,"Prabhudas Lilladher recommended accumulate rating on Hindalco Industries with a target price of Rs 762 in its research report dated August 13, 2025.",Accumulate,"Prabhudas Lilladher's research report on Hindalco Industries Hindalco Industries (HNDL) delivered in-line cons operating performance aided by lower operating costs in India aluminium business and copper. Aluminium cost of production declined 3% QoQ on higher linkage coal from NCL while improving product mix at downstream business aided EBITDA/t. Mgmt. guided similar inch up in Q2 costs and consistent improvement in downstream volumes aided by commercial commencement of Aditya FRP. Coal supply from captive Chakla/Bandha mines is expected to start from Mar’26/Mar’27 respectively. Novelis Q1 was weak on higher scrap prices, unfavorable product mix and tariff impact despite stable volumes. Adverse impact of ~USD60m/quarter is expected due to inter-region movement, as Novelis imports Can sheet from S. Korea/ Brazil (~170kt, 50% tariff as per section 232 Vs 10% earlier which used to get exempted). Also, Canada supports US (90kt) for Auto sheets. We believe Novelis’ 9MFY26 to be impacted due to the tariffs and weak macro, however as mgmt. is taking mitigation initiatives along with higher MJP and stable scrap prices, EBITDA should improve gradually. Outlook We increase our FY26/27E cons EBITDA estimates by 6%/4% respectively as we factor in tad higher AL prices of USD2,487/USD2,537 and strong by-product prices for FY26E/27E. At CMP, the stock is trading at EV of 5.6x/5.2x FY26/27E EBITDA. Maintain ‘Accumulate’ rating with revised TP of Rs762 (earlier Rs738), valuing Novelis at 6.5x & standalone ops at 5.5x EV of Mar’27E EBITDA. For all recommendations report, click here Hindalco Industries - 13082025 - prabhu"
13 Aug 2025,"Sensex up 300 pts, Nifty above 24,600: US CPI-led global rally among key factors behind market rise",https://www.moneycontrol.com/news/business/markets/sensex-rises-250-pts-nifty-above-24-550-positive-global-cues-among-key-factors-behind-market-rise-13448931.html,"Sensex, Nifty gained on expectations that an in-line US inflation reading could increase the likelihood of a September rate cut by the Federal Reserve, a move seen as favourable for emerging markets like India.","Sensex, Nifty rise in Wednesday's trading session. ","The equity benchmark indices advanced on Wednesday, tracking firm global markets and easing domestic retail inflation data. Sensex climbed 304.32 points or 0.38 percent to settle at 80,539.91. During the day, it jumped 448.15 points or 0.55 percent to 80,683.74. The Nifty edged up by 131.95 points or 0.54 percent to 24,619.35. Apollo Hospitals Enterprise, Hindalco Industries, Hero MotoCorp, HDFC Life Insurance Company and Kotak Mahindra Bank were among the major gainers in the Nifty pack today, rising up to 6 percent. Key factors behind market rise today 1) Retail inflation drops: Retail inflation eased to an eight-year low of 1.55 percent in July, falling below the Reserve Bank's comfort zone for the first time since January 2019, aided by subdued food prices, according to government data released on Tuesday. The softer reading supported a positive trend in domestic equities. ""Nifty and Bank Nifty traded with a bullish undertone as positive cues from lower CPI readings in India and steady US inflation boosted sentiment,"" said Prashanth Tapse, Senior VP (Research), Mehta Equities Ltd. Stocks advance to record on Fed rate-cut bets: Markets wrap 2) Positive global cues: Asian markets were in positive territory, with South Korea's Kospi, Japan's Nikkei 225, Shanghai's SSE Composite and Hong Kong's Hang Seng posting gains. US markets closed sharply higher on Tuesday. Stock Market LIVE Updates 3) Trump-Putin Summit: Investor sentiment also improved ahead of the scheduled meeting between US President Donald Trump and Russian President Vladimir Putin in Alaska on Friday to discuss the Russia-Ukraine conflict. ""The Trump-Putin talks may provide a positive trigger, but there is no certainty about it,"" said VK Vijayakumar, Chief Investment Strategist, Geojit Financial Services. 4) Hopes of Fed rate cut hopes: Expectations of a Federal Reserve rate cut in September further buoyed markets after US consumer prices rose 0.2 percent month-on-month in July. The in-line inflation print pushed the probability of a September rate cut to 94 percent from 86 percent a day earlier, reported Reuters. On the technical front, Anand James, Chief Market Strategist, Geojit Financial Services, said, ""Despite the turn lower yesterday, we will stick to yesterday's view that a rush to the 200-day SMA, now positioned at 24,049, may not be seen unless 24,450 gives away. Expect an upswing attempt initially, but we will need a push above 24,560 to get back on to the 25,000 trajectory."""
13 Aug 2025,"Hindalco Industries shares surge 5.41% amid high volume, among top gainers on Nifty 50 in today's trading",https://www.moneycontrol.com/news/business/stocks/hindalco-industries-shares-surge-5-41-amid-high-volume-among-top-gainers-on-nifty-50-in-today-s-trading-alpha-article-13449107.html,This increase reflects a positive shift in investor interest and strong financial performance.,,"Shares of Hindalco Industries saw a notable increase of 5.41% to trade at Rs 703.15 in Wednesday's session, driven by high volume. The stock is trading among the top gainers on Nifty 50. This increase reflects a positive investor interest. At 10:58 am, the stock showed significant movement compared to its previous close. Hindalco Industries' financial performance shows a positive trend. Consolidated revenue for the quarter-ending June 2025 stood at Rs 64,232 Crore, compared to Rs 57,013 Crore in June 2024. The net profit for the same period was Rs 4,002 Crore, up from Rs 3,072 Crore year-over-year. The EPS increased to Rs 18.03 in June 2025 from Rs 13.84 in June 2024. Here's a summary of the company's consolidated quarterly financial performance:HeadingJun 2024Sep 2024Dec 2024Mar 2025Jun 2025RevenueRs 57,013.00 CroreRs 58,203.00 CroreRs 58,390.00 CroreRs 64,890.00 CroreRs 64,232.00 CroreNet ProfitRs 3,072.00 CroreRs 3,909.00 CroreRs 3,734.00 CroreRs 5,284.00 CroreRs 4,002.00 CroreEPS13.8417.5916.8223.8018.03The company's consolidated yearly financials also reflect strong growth. Revenue for the year-ending March 2025 increased to Rs 238,496 Crore from Rs 215,962 Crore in March 2024. Net profit rose to Rs 15,999 Crore in March 2025 from Rs 10,153 Crore in March 2024. EPS also improved to Rs 72.05 in March 2025, compared to Rs 45.71 in March 2024. Here's an overview of Hindalco Industries' consolidated yearly financial performance:Heading20212022202320242025RevenueRs 131,985.00 CroreRs 195,059.00 CroreRs 223,202.00 CroreRs 215,962.00 CroreRs 238,496.00 CroreNet ProfitRs 5,177.00 CroreRs 14,195.00 CroreRs 10,088.00 CroreRs 10,153.00 CroreRs 15,999.00 CroreEPS15.6661.7345.4245.7172.05BVPS299.73352.24427.09478.17557.25ROE5.2317.5610.659.5612.93Debt to Equity0.980.810.620.510.50The company announced a final dividend of Rs 5.00 per share, effective from August 8, 2025. Earlier dividends include Rs 3.50 per share on August 9, 2024, and Rs 3.00 per share on August 14, 2023. Historical bonus issues include a 1:2 bonus ratio on September 2, 1996, and a 3:5 bonus ratio on September 3, 1990. Hindalco Industries had a stock split on August 30, 2005, where the face value changed from Rs 10 to Rs 1. Moneycontrol analysis on August 6, 2025, indicated a bullish sentiment on the stock. This increase reflects a positive investor interest and strong financial performance."
13 Aug 2025,"Q1 Results impact: Honasa Consumer stock rises 13% on CLSA upgrade; Hindalco up 5%, Jupiter Wagons down 7%",https://www.moneycontrol.com/news/business/markets/q1-results-impact-honasa-consumer-stock-rises-13-on-clsa-upgrade-hindalco-up-5-jupiter-wagons-down-7-13448962.html,"Q1 Results impact: Hindalco Industries shares have gained more than 16 percent in the past six months, and nearly 18 percent in 2025 so far.",Q1 Results impact,"The shares of Hindalco Industries and Mamaearth-parent Honasa Consumer recorded significant gains on August 13, a day after the two companies released their results for the first quarter of the financial year 2026. Jupiter Wagons shares however dropped nearly 7 percent in morning trade. Hindalco Industries Q1 Results: Hindalco Industries on August 12 reported a consolidated net profit at Rs 4,004 crore for the quarter ended June 30, 2025, as higher sales volumes helped mitigate the impact of weaker aluminium prices. This marks a 30 percent on-year rise from the Rs 3,074 crore net profit reported in the year-ago period. The Aditya Birla Group-owned firm's consolidated EBITDA rose 8.5 percent on-year to Rs 8,673 crore in Q1 FY26 from Rs 7,992 crore in Q1 FY25.  The company's revenue from operations meanwhile rose 13 percent on-year to Rs 64,232 crore in Q1 FY26 as compared to Rs 57,013 crore in Q1 FY25. The company said that it is confident of rising demand for aluminium and copper, while flagging no impact of U.S. tariffs on the India business. The shares of the company jumped more than 5 percent to trade at Rs 703 apiece in the morning trading hours of August 13. The shares have gained more than 16 percent in the past six months, and nearly 18 percent in 2025 so far. The stock has jumped 278 percent in the past five years. It currently has a P/E ratio of nearly 9. Honasa Consumer Q1 Results: Honasa Consumer, the parent company of Mamaearth, reported a net profit of Rs 41.3 crore for the April-June quarter of the ongoing financial year. This marks a marginal rise of nearly 2.5 percent on year from Rs 24.9 crore net profit reported in the same period last year. The revenue from operations rose 7 percent on-year to Rs 595.3 crore in Q1 FY26, up from Rs 554 crore last year, and Rs 533.5 crore in the previous quarter. The company's earnings before interest, taxes, depreciation, and amortisation (EBITDA) improved 264 basis points to Rs 46 crore, with an EBITDA margin of 7.7 percent. After the release of the results, CLSA upgraded the stock to 'Outperform' and raised its target price for the stock to Rs 333 per share. This implies an upside potential of more than 22 percent from the previous closing price of Rs 269.30 apiece. The international brokerage also raised its earnings estimate for FY26–28 by 15–26 percent. Honasa Consumer shares have gained more than 27 percent in the past six months, and are up 17 percent in 2025 so far. The stock has fallen more than 37 percent in the past one year, and nearly 8 percent in the past five years. Its P/E ratio currently stands at 119. Jupiter Wagons Q1 Results: Jupiter Wagons on August 12 reported a net profit of Rs 33 crore for Q1 FY26. This marks a 64 percent on-year fall from the Rs 92 crore net profit reported in the same period last year. The firm’s revenue from operations nearly halved to Rs 459 crore in the quarter under review. Jupiter Wagons shares have dropped nearly 5 percent in the past five days, and nearly 14 percent in the past one month. The stock has fallen nearly 37 percent in 2025 so far, and nearly 43 percent in the past one year, after gaining 502 percent in the past five year. The stock currently has a P/E ratio of around 42."
12 Aug 2025,"Hindalco Q1 results: Net profit rises 30% to Rs 4,004 crore, revenue up 13%",https://www.moneycontrol.com/news/business/earnings/hindalco-q1-results-net-profit-rises-30-to-rs-4-004-crore-13443664.html,The company is confident of rising demand for aluminium and copper and flagged no impact of U.S. tariffs on the India business. ,"Hindalco Q1 results: Net profit rises 30% to Rs 4,004 crore","Hindalco Ltd on August 12 reported 30% rise in consolidated net profit at Rs 4,004 crore for the quarter ended June 30, 2025, as higher sales volumes helped mitigate the impact of weaker aluminium prices. It reported consolidated net profit of Rs 3,074 crore in the year-ago period. The Aditya Birla Group-owned firm's consolidated EBITDA rose 8.5% to Rs 8,673 crore in Q1FY26 as against Rs 7,992 crore in Q1FY25.  The company's revenue from operations rose 13% to Rs 64,232 crore in Q1FY26 as compared to Rs 57,013 crore in Q1FY25. Hindalco's shares were trading down 1.01 per cent at Rs 666 as of market close on August 12. The company is confident of rising demand for aluminium and copper and flagged no impact of U.S. tariffs on the India business. Satish Pai, Managing Director, Hindalco Industries, said, “After the record profitability of FY25, Hindalco sustained its growth momentum with a strong first quarter performance, driven by operational efficiencies, cost control, and an enhanced product mix. Aluminium India Upstream business continued to outperform with industry-best EBITDA margins of 44%. Aluminium India Downstream had a stellar quarter and reported its strongest quarterly performance with 2x EBITDA growth."" Bullish on India business India business posted 9 per cent growth in the revenue at Rs 24,905 crore for the quarter ended June 30. Meanwhile, profit after tax rose 45 per cent at Rs 2,847 crore.  India FRP market in Q1 FY26 is estimated to grow by ~5%, led by consumer durables, building & construction, Hindalco said in its investor presentation. India Aluminium Upstream business reported Q1 EBITDA  of  Rs 4,080 crore, up 17 per cent YOY amid lower input costs, while Aluminium Downstream achieved a record EBITDA of Rs 229 crore, up 108 per cent compared to Q1FY25, due to higher value addition from products like battery enclosures, high end extrusions from Silvassa and premiumisation of flat rolled products  Downstream revenue was at Rs 3,353 crore, up 17 per cent YOY. Copper metal sales was at 124 KT, up 4 per cent YOY, with revenue rising 12 per cent to Rs 14,886 crore. However, EBITDA fell to Rs 673 crore from Rs 805 crore amid declining TC/RCs, the company said. ""The Copper business delivered a healthy EBITDA in line with our guidance, despite lower TC/RCs. Novelis recorded 1% growth in shipments, driven by all-time high quarterly beverage can volumes and accelerated cost reduction initiatives,"" Pai added. Meanwhile, the company guided slower in the U.S. markets where demand from the housing sector, a high margin business, remains weak due to ongoing weakness in the market hit by tariffs. It sees resilience in the Chinese markets and a sluggish recovery for the EU. Novelis During the quarter, Novelis revenue rose to $4.7 billion from $4.2 billion in the same quarter last year, driven by higher average aluminium prices. But, adjusted EBITDA fell to $416 million from $500 million, due to restructuring charges, higher aluminium scrap prices, unfavourable product mix, and a net negative tariff impact. During the quarter, shipments rose 1 per cent to 963 KT. The company is still making most sales from low margin beverage can than auto and specialty products sales. It expects strong growth from the beverage packaging industry to continue. Novelis’ cost reduction measures targeting run-rate savings of over $75 million in FY26 are now expected to result in a higher FY26 run-rate savings of over $100 million, while maintaining the $300 million target for FY28. ""We see a healthier and stronger Novelis by Q3/Q4 driven by the cost savings initiatives and moving production to the U.S.,"" Pai said in a media call. "
12 Aug 2025,"Sensex declines nearly 400 pts, Nifty below 24,500: Key reasons behind market fall",https://www.moneycontrol.com/news/business/markets/sensex-declines-500-pts-from-day-s-high-nifty-below-24-600-key-reasons-behind-sharp-market-reversal-13441777.html,"Sensex, Nifty declined as investors await cues from the US-Russia talks on August 15.","Sensex, Nifty see profit-booking in August 12 trading session. ","The equity benchmark indices Sensex and Nifty settled lower on August 12 in a highly volatile trade dragged down by blue-chip bank stocks and caution ahead of domestic and US inflation data. Sensex dropped 368.49 points or 0.46 percent to settle at 80,235.59. During the day, it hit a high of 80,997.67 and a low of 80,164.36, gyrating 833.31 points. The Nifty went lower by 97.65 points or 0.40 percent to 24,487.40. Bajaj Finance, Trent, Hindustan Unilever, HDFC Bank, Eternal, Bajaj Finserv, ICICI Bank, and Bharat Electronics were among the laggards. Key factors behind the decline: 1) Caution ahead of Trump-Putin meet: Investors stayed guarded ahead of the scheduled meeting between US President Donald Trump and Russian President Vladimir Putin in Alaska on August 15. Analysts said while the recent 90-day US-China trade truce supported IT stocks, broader gains are likely to remain capped until clarity emerges from the US-Russia talks. ""The 90-day extension of trade truce between U.S. and China is positive news (for sectors like IT). However, we do not expect a major rally as the main event that markets are focused on is Trump-Putin meeting in mid August,"" Pankaj Pandey, head of retail research at ICICI Securities told Reuters. 2) Awaiting India, US inflation data: Market participants awaited India’s July retail inflation figures, due after market hours, and the US consumer price index data later in the day. The US numbers are expected to guide the Federal Reserve’s interest rate outlook, while a Reuters poll forecast India’s inflation at an eight-year low of 1.76 percent on easing food prices. Stock Market LIVE Updates 3) FII selling: Foreign Institutional Investors sold shares worth Rs 1,202.65 crore on Monday, exchange data showed, adding to pressure on domestic equities. 4) Rising crude oil prices: Brent crude futures rose 0.33 percent to USD 66.85 a barrel, raising concerns over India’s import bill and inflation trajectory. 5) India VIX uptick: The India VIX, which measures market volatility, climbed over 1 percent to 12.35, indicating a rise in investor nervousness. 6) Weak global cues: Key Asian markets, including South Korea’s Kospi and Hong Kong’s Hang Seng, traded lower. US markets had also ended in the red on Monday. Expert View Sudeep Shah, Head - Technical Research and Derivatives at SBI Securities, noted ""the market couldn’t build on Monday’s gains, showing that the current pullback is still weak and lacks strength within the larger downtrend. Despite a strong start to the week, Tuesday’s session saw Nifty give up early gains and close below 24500, down 0.40%. This lack of follow-through buying underscores the absence of conviction among participants, raising concerns about the sustainability of the recovery attempt. Without a decisive move higher, the pullback risks fizzling out, reinforcing the prevailing bearish undertone. Going ahead, the zone of 24360-24330 will act as immediate support for the index. While on the upside, the zone of 24620-24650 will act as a crucial hurdle."" ""The broader market also showed signs of caution. The Nifty Midcap 100 index ended with a loss of 0.27%, while the Nifty Smallcap 100 closed flat, indicating limited participation beyond the large-cap space. Market breadth was slightly negative, with the advance-decline ratio tilted in favour of the bears. Out of the Nifty 500 universe, 272 stocks ended in the red, highlighting weakness across sectors,"" he added."
12 Aug 2025,"Hindalco shares in focus as Novelis Q1 profit drops 36%, US tariffs to weigh further",https://www.moneycontrol.com/news/business/markets/hindalco-shares-in-focus-as-novelis-q1-profit-drops-36-us-tariffs-to-weigh-further-13440783.html,Hindalco shares will be in focus after subsidiary Novelis reported a 36 percent drop in Q1 net income and warned of higher US tariff impacts.,Hindalco Industries,"Shares of metal major Hindalco Ltd will be in focus on Tuesday, August 12, after its U.S.-based subsidiary Novelis reported its earnings show for the quarter ended June 30, 2025. Novelis posted a net income of $96 million, down 36 percent year-on-year for the first quarter of fiscal year 2026. Net income, excluding special items, declined 43 percent to $116 million. Adjusted EBITDA slipped 17 percent to $416 million, and adjusted EBITDA per tonne was down 18 percent to $432. For the quarter ended June 30, 2025, net sales climbed 13 percent to $4.7 billion, supported by stronger average aluminium prices and a 1 percent rise in total rolled product shipments to 963 kilotonnes. Novelis told analysts during an investor call, that despite tariff-related pressures, the aluminium smelting company is eyeing long-term growth through its Alabama greenfield rolling and recycling plant that will have a 600kt capacity upon completion. The company is aiming to defend volumes through tariff mitigation strategies, after it shared that the Q1FY26 adjusted EBITDA includes a net negative tariff impact of $28 million. The Hindalco subsidiary has projected the FY26 capex to be in the range of $1.9-2.2 billion. Novelis CFO Dev Ahuja said the company is 'finding opportunities' to streamline costs, in response to the 'challenging external environment'. US President Trump’s 50 percent tariff on steel and aluminium is expected to impact prices of electronics, cars and several other products. Domestic brokerage Nuvama said, ""High aluminium prices in the US pose downside risk to overall demand if aluminium imports tariff continue in US. Though management guides adjusted EBITDA bottoming out in Q1FY26, any major recovery is not visible until Q3FY26."" The brokerage maintained its 'buy' call, with a price target of Rs 776. Jefferies maintained a 'hold' rating with a target price of Rs 690 per share. Novelis’ Q1 EBITDA came in below estimates, with volumes up just 1 percent year-on-year. EBITDA per tonne fell 13 percent quarter-on-quarter due to an unfavourable product mix and US tariffs. CLSA retained its 'outperform' call with a target price of Rs 850 apiece. Novelis’ Q1FY26 adjusted EBITDA missed estimates due to weaker profitability. Profitability is expected to stay subdued for the next two quarters before improving in Q4. Follow our market blog to catch all the live updates "
12 Aug 2025,"Stocks to Watch Today: Apollo Hospitals, Highway Infrastructure, Hindalco, Pfizer, Adani Enterprises among stocks in focus on August 12",https://www.moneycontrol.com/news/business/markets/stocks-to-watch-today-apollo-hospitals-highway-infrastructure-hindalco-pfizer-adani-enterprises-among-stocks-in-focus-on-august-12-13439329.html,"Stocks to Watch, 12 August: Stocks like Highway Infrastructure, Hindalco Industries, Pfizer, Medi Assist, Adani Enterprises, and HG Infra Engineering will be in focus on August 12.","Stocks to Watch: Tata Motors, Apollo Hospitals, Hindalco, Pfizer, Adani Defence among stocks in focus on Aug 12","Let's catch up on the latest news from the stock market. From significant investments to major deals, quarterly earnings, new listings and acquisitions, here’s a quick look at which stocks will be in focus in today's trade: Results Today Oil and Natural Gas Corporation, Hindalco Industries, Apollo Hospitals Enterprise, Bharat Dynamics, National Securities Depository (NSDL), Zydus Lifesciences, FSN E-Commerce Ventures Nykaa, Honasa Consumer, Alkem Laboratories, Jindal Steel & Power, Abbott India, Dr Agarwals Health Care, Dr Agarwals Eye Hospital, EMS, Hindustan Aeronautics, Jyothy Labs, Karnataka Bank, Natco Pharma, Nazara Technologies, NHPC, NMDC, Oil India, Rashtriya Chemicals and Fertilizers, Rail Vikas Nigam, Senco Gold, Suzlon Energy, and VA Tech Wabag will announce their quarterly earnings on August 12. Quarterly Earnings Ashoka Buildcon Q1 (Consolidated YoY)Net Profit up 44.6% at Rs 217.3 crore vs Rs 150.3 crore YoYRevenue down 23.5% YoY to Rs 1,887 crore from Rs 2,465 crore YoY Som Distilleries  Q1 (Consolidated YoY)Net Profit up 3.7% to Rs 42 crore vs Rs 40.5 crore YoYRevenue up 3% to Rs 528.4 crore from Rs 513.4 crore YoYMan Industries Q1 (Consolidated YoY)Net profit up 45.2% to Rs 27.6 crore vs Rs 19 crore YoYRevenue down 0.9% to Rs 742.1 crore vs Rs 749 crore YoYMuthoot Microfin Q1 (Consolidated YoY)Net profit down 94.5% to Rs 6.2 crore vs Rs 113 crore YoYNII down 16% to Rs 309 crore vs Rs 370 crore YoYBata India Q1 (Consolidated YoY)Net profit down 70.1% to Rs 52 crore vs Rs 174 crore YoYRevenue down 0.3% to Rs 941.8 crore vs Rs 944.6 crore YoYStocks to Watch Pfizer: The drugmaker has launched its next-generation 20-valent pneumococcal conjugate vaccine (PCV20) in India for adult immunisation against 20 serotypes responsible for most invasive and non-invasive pneumococcal diseases. Indian Hotels will acquire controlling stakes in ANK Hotels and Pride Hospitality for up to Rs 204 crore. Medi Assist: Promoter Bessemer India is likely to offload up to 16% stake via block deal. Adani Enterprises subsidiary Horizon Aero Solutions to acquire 100% stake in Indamer Technics Bulk Deals Home First Finance Company India Orange Clove Investments BV, an affiliate of global private equity investor Warburg Pincus, has exited Home First Finance Company India by selling its entire holding of 1.09 crore shares (10.6% stake) at Rs 1,190.5 per share, valuing the transaction at Rs 1,307.2 crore. However, there were 21 buyers for the entire 1.09 crore shares, including Morgan Stanley, Citigroup, Bandhan Mutual Fund, VQ Fastercap Fund, Dendana Investments Mauritius, Fidelity, HDFC Life Insurance Company, HSBC Mutual Fund, ITI Mutual Fund, Kotak Mahindra Mutual Fund, Motilal Oswal Mutual Fund, Norges Bank, and Tata AIG General Insurance Company. Repco Home Finance HDFC Mutual Fund sold a total 1.4% stake in the housing finance company. It offloaded 4.81 lakh shares at Rs 384.55 per share, and 4 lakh shares at Rs 386.5 per share, amounting to a total transaction value of Rs 33.97 crore. Network People Services Technologies (NPST) Tata Mutual Fund bought 4.3 lakh shares (equivalent to a 2.2% stake) at Rs 2,073.99 per share. However, promoters collectively offloaded 5.3 lakh shares (equivalent to a 2.75% stake) worth Rs 110.6 crore. The sellers included Deepak Chand Thakur, who sold 1.63 lakh shares at Rs 2,074.25 per share, Savita Vashist, who offloaded 2.1 lakh shares at Rs 2,074.02 per share, and Ashish Aggarwal, who sold 1.6 lakh shares at Rs 2,074.03 per share. FlySBS Aviation R G Family Trust, managed through trustees Harsh Vardhan Goenka and Anant Goenka, purchased 1.06 lakh shares in FlySBS Aviation at Rs 471.25 per share. Vineet Laboratories Promoters Venkata Rama Gaddam and Satyanarayana Raju Bhupathiraju sold 2,06,164 shares in Vineet Laboratories at Rs 33.5 per share. On the other side, Ajay Agrawal, Vasudev Agrawal, Rajendra Agrawal, and Jyoti Agarwal collectively purchased 2 lakh shares at the same price. Mainboard Listing on August 12 Highway Infrastructure Stocks Trade Ex-Dividend ICICI BankGrasim IndustriesArvind FashionsAxtel IndustriesDwarikesh Sugar IndustriesHG Infra EngineeringIndia PesticidesKIFS Financial ServicesNGL Fine ChemRITES Stocks Trade Ex-Date for Split India GlycolsSprayking Stocks in F&O Ban PG ElectroplastPNB Housing FinanceRBL Bank"
22 Jul 2025,"Trade Spotlight: How should you trade HDFC Life Insurance, Hindalco, M&M, Swiggy, Nykaa, Indian Oil Corporation and others on July 23?",https://www.moneycontrol.com/news/business/markets/trade-spotlight-how-should-you-trade-hdfc-life-insurance-hindalco-m-m-swiggy-nykaa-indian-oil-corporation-and-others-on-july-23-13310014.html,The consolidation phase is likely to continue until the index shows a strong and sustainable close above short-term moving averages. Below are some short-term trading ideas to consider.,Top 9 Stocks To Buy on July 23,"The benchmark indices fell by one-tenth of a percent on July 22, following a day of half a percent gains. The market breadth was dominated by bears, with 1,548 shares declining compared to 1,105 advancing shares on the NSE. The consolidation phase is likely to continue until the index shows a strong and sustainable close above short-term moving averages. Below are some short-term trading ideas to consider: Amol Athawale, VP Technical Research at Kotak Securities HDFC Life Insurance Company | CMP: Rs 763.3  After a decline from higher levels, HDFC Life has rebounded from its support zone on the daily charts. Additionally, a sloping trendline breakout has occurred, accompanied by decent volume activity. The stock is witnessing a steady recovery from lower levels, suggesting the onset of a new bullish trend in the near term. As long as the stock trades above Rs 735, the bullish outlook is likely to continue. If it surpasses this level, the stock could move up to Rs 815. Strategy: Buy Target: Rs 815 Stop-Loss: Rs 735 Hindalco Industries | CMP: Rs 690  On the daily chart, Hindalco is forming a rising channel with a higher highs and higher lows pattern. The stock has shown a steady recovery from trendline support levels. Moreover, the RSI indicates potential for further upside momentum, which could fuel a bullish trend in the near future. For positional traders, Rs 665 is a decisive level. If the stock trades above this level, the uptrend is likely to continue, targeting Rs 740. However, if it closes below Rs 665, traders may prefer to exit long positions. Strategy: Buy Target: Rs 740 Stop-Loss: Rs 665 Indian Oil Corporation | CMP: Rs 152  After a gradual decline from higher levels, the downward momentum in Indian Oil Corporation (IOC) has halted. On the daily charts, the stock has reversed from its short-term moving average and found support, with decent volume activity. This formation suggests a revival of the uptrend from the current levels. For the next few trading sessions, Rs 145 will be the key trend-deciding level for the bulls. If it sustains above this level, an uptrend toward Rs 163 is likely. Strategy: Buy Target: Rs 163 Stop-Loss: Rs 145 Ashish Kyal, CMT, Founder and CEO of Waves Strategy Advisors Mahindra and Mahindra | CMP: Rs 3,257.2  Despite the Auto sector closing in the red, Mahindra & Mahindra managed to reach a fresh high of Rs 3,271.90, indicating strength in the stock. Since July 14, the stock has held above its prior day's low on a closing basis and has gained nearly 7%, suggesting a bullish bias. Additionally, the MACD recently gave a bullish crossover, reinforcing a positive outlook for the stock. For the momentum to remain positive, the stock needs to sustain above its fresh high of Rs 3,272, which would further boost bullish momentum. Hence, the current trend for Mahindra & Mahindra remains in favour of the bulls. Strategy: Buy Target: Rs 3,375, Rs 3,500 Stop-Loss: Rs 3,160 Swiggy | CMP: Rs 417.15  In the previous session, Swiggy surged over 5% with a rise in volumes, breaking out of a Cup and Handle pattern, with prices closing above the neckline near Rs 412. This pattern has been forming since February 2025. According to the three candlestick rules, the daily trend has shifted to the positive side. Additionally, Bollinger Bands are expanding, signaling that strong momentum may be seen in the upcoming sessions. However, given the sharp rise over the past two days, the RSI is nearing overbought territory on the shorter time frame. Therefore, buying on dips appears to be a prudent strategy to capitalize on the ongoing trend. A dip toward Rs 410-415 could present a good buying opportunity. Strategy: Buy Target: Rs 430, Rs 445 Stop-Loss: Rs 394 FSN E-Commerce Ventures | CMP: Rs 220  Nykaa has been trading in a higher highs and higher lows structure within its upward-sloping channel since March 2025. At the beginning of July 2025, the stock found support at the channel and saw an 11% rise in a short span of time, signaling a strong bullish trend. Currently, the stock is trading near its previous swing high of Rs 220.40. A decisive break above this level is necessary for upward momentum to continue. If this occurs, the stock is expected to move toward the channel's resistance, near Rs 240. Additionally, the ADX shows readings of 30, suggesting that good positive momentum is likely to persist in the stock. Strategy: Buy Target: Rs 230, Rs 240 Stop-Loss: Rs 210 Vinay Rajani, Senior Technical & Derivative Analyst at HDFC Securities ICICI Prudential Nifty FMCG ETF | CMP: Rs 59.77  The FMCG sector appears to have bottomed out, with many large-cap FMCG stocks turning bullish on short-term charts. FMCG has underperformed the Nifty this calendar year, but a mean reversion and outperformance from the FMCG sector are expected going forward. We recommend going long on ICICI Prudential Nifty FMCG ETF to capitalize on our bullish view of the FMCG sector. Strategy: Buy Target: Rs 63 Stop-Loss: Rs 57.50 ICICI Prudential Nifty India Consumption ETF | CMP: Rs 121.66  The NSE Consumption Index has been in a bullish trend, with higher tops and higher bottoms. Several consumption stocks in sectors like telecom, FMCG, and auto form the majority of the weight in this index. The index is currently above all key moving averages. We recommend going long in the ICICI Prudential Nifty India Consumption ETF to capitalize on our bullish view of the consumption sector. Strategy: Buy Target: Rs 127 Stop-Loss: Rs 115 Nippon India ETF Hang Seng Bees | CMP: Rs 425.63  The Hang Seng, Hong Kong's equity market benchmark, has been forming higher tops and higher bottoms on the daily chart. The index has surpassed the crucial resistance of the previous swing high at 24,875. It is one of the best-performing indices globally year-to-date, and this trend is expected to continue. We recommend going long in the Nippon India ETF Hang Seng Bees to capitalize on our bullish view of the Hang Seng Index. Strategy: Buy Target: Rs 460 Stop-Loss: Rs 405"
21 Jul 2025,"Metal stocks extend rally to 3rd day; NALCO, Vedanta, others rise up to 4% on China's mega dam project",https://www.moneycontrol.com/news/business/markets/metal-stocks-extend-rally-to-3rd-day-nalco-vedanta-others-rise-up-to-4-on-china-s-mega-dam-project-13301957.html,"Metal stocks: The sharp rise in the share prices pushed the Nifty Metal index up nearly 1 percent to hover around 9,545 in the afternoon.",A section of the Yarlung Tsangpo River,"The shares of metal companies recorded notable gains on July 21, amid buzz over China's mega $167-billion dam project in Tibet. The sharp rise in the share prices pushed the Nifty Metal index up nearly 1 percent to hover around 9,545 in the afternoon. The rise was fuelled by several factors. China's dam project boosted metal prices, with iron ore and steel prices climbing to record highs. Additionally, the project may have boosted hopes for reduced dumping of cheap Chinese metals on the Indian market, which may significantly benefit the Indian players in the industry. Chinese Premier Li Qiang had launched the construction of the hydropower project on the Yarlung Tsangpo river on Saturday. The cost of the project is also four times larger than the $37-billion Three Gorges project that was completed in 2009. According to analysts, the project promises strong economic jolt for sectors like construction, cement and steel. The shares of Chinese metal companies significantly surged after the launch of the dam project. India has however raised concerns over the possibility of reduced water flow into River Brahmaputra as a result of the dam. Notably, Indian metal companies have called for strong anti-dumping duties on cheap Chinese imports for a long time now. The possibility of Chinese metal output being absorbed within the country amid higher demand during the construction of the dam may have boosted the Indian metal stocks, along with the rising metal prices. Jindal Stainless Steel (JSL) shares jumped nearly 4 percent to trade at Rs 702 apiece, while those of National Aluminium Company (NALCO) also gained nearly 4 percent to trade at Rs 195 apiece. Vedanta, Hindustan Zinc and Hindustan Copper shares gained over 2 percent each. APL Apollo Tubes shares rose nearly 2 percent, while Hindalco shares were up over 1 percent. NMDC and Adani Enterprises were up nearly 1 percent, while Steel Authority of India (SAIL), Tata Steel, Welspun Corp and Jindal Steel and Power shares were trading in the green with marginal gains. Bucking the trend, JSW Steel shares were down nearly 1 percent to hover around Rs 1,027 apiece. This comes despite the firm reporting a 155 percent surge in net profit to Rs 2,209 crore for the quarter ending June 30, 2025. Revenue from operations rose marginally on-year to Rs 43,147 crore, but fell sequentially from Rs 44,341 crore reported in the previous quarter (Q4). ""While finished steel imports have moderated, exports have fallen as well and India continues to be a net importer. Low priced imports remain a concern, accentuated by changes in global trade flows due to rising tariff uncertainties. While there has been some reduction in steel production in China in recent months, the elevated Chinese exports continue to be a challenge for the industry,"" JSW Steel said in a release. Also read: Our LIVE blog on stock market updates (With inputs from Bloomberg)"
16 Jul 2025,"Tata Steel, SAIL, other metal shares slump up to a percent, dragging Nifty Metal index as dollar rises on US inflation",https://www.moneycontrol.com/news/business/markets/tata-steel-sail-other-metal-shares-slump-up-to-a-percent-dragging-nifty-metal-index-as-dollar-rises-on-us-inflation-13284288.html,"Metal stocks: The rise in the US currency came after US inflation data for the month of June hinted at pressures from President Donald Trump's harsh tariffs, which in turn led to lower bets for Federal Reserve's rate cut.",Metal stocks drop ,"The shares of metal companies dropped in trade on July 16 as US dollar gained strength on the back of higher inflation in US. The fall in share prices pushed the Nifty Metal index into the red, down as the top sectoral loser in the trading session. The Indian rupee opened 18 paise lower following the dollar strength, as a stronger dollar makes commodities costlier for holders of other currencies. The rise in the US currency came after US inflation data for the month of June hinted at pressures from President Trump's harsh tariffs, which in turn led to lower bets for Federal Reserve's rate cut. US consumer prices rose 0.3 percent in June, implying an annual rate of 3.5 percent. This is higher than the 0.1 percent increase reported in May. Morgan Stanley in its daily market update said US inflation is beginning to show ‘signs of tariff pressure’. Markets have noted tariff inflation effects and appear to ‘seemingly brace for the Fed to remain on hold for longer’, it added. ""The increased uncertainty about tariffs and the extension of the trade talks deadline to 1 August suggest the Fed will need a few more months of data before cutting the policy rate,"" ANZ Bank said. Lower expectations of a rate cut may have also impacted the metal stocks. Jindal Stainless Limited (JSL) shares were the top loser on the index, falling nearly 2 percent to trade at Rs 677 apiece. Steel Authority of India (SAIL) and National Aluminium Company (NALCO) shares were down over 1 percent. Heavyweights Tata Steel and JSW Steel shares fell nearly 1 percent each. Hindalco Industries, APL Apollo Tubes and Vedanta shares were down over 0.5 percent each, while Hindustan Zinc, Jindal Steel & Power and Hindustan Copper shares were trading in the red with marginal losses. Bucking the trend, NMDC shares gained 1 percent. Adani Enterprises and Welspun Corp shares were also trading in the green. (With inputs from Reuters) Also read: Our LIVE blog on stock market updates"
09 Jul 2025,Metal index plunges 2%: Viceroy Research's report on Vedanta Resources among key factors behind bearish movement,https://www.moneycontrol.com/news/business/markets/metal-index-plunges-2-viceroy-research-s-report-on-vedanta-resources-among-key-factors-behind-bearish-movement-13248630.html,"Vedanta share price: The US-headquartered short seller took a short position of VRL’s debt, calling it a 'parasite holding company'.",Metal stocks crash: Vedanta down over 3%,"Metal stocks sharply plunged in the second half of July 9, pushing the Nifty Metal index down nearly 2 percent to emerge as the top sectoral loser on the market today. While the index was hovering in the red since morning, the selling pressure intensified after short seller Viceroy Research issued a report on its parent firm Vedanta Resources (VRL), claiming that the Anil Agarwal-led conglomerate ""resembles a Ponzi scheme"". Viceroy Research shorts Vedanta Resources debt, calls it a 'parasite' The US-headquartered short seller took a short position of VRL’s debt, calling it a ""parasite holding company with no significant operations of its own, propped up entirely by cash extracted from its dying host, Vedanta Limited"".Vedanta – Limited Resources Viceroy is short of Vedanta Resources (PropCo), the heavily indebted parent & majority owner of Vedanta Limited (NSE : VEDL). The group structure is financially unsustainable, operationally compromised, & resembles a Ponzi scheme. $VEDL 1/ pic.twitter.com/U15v9tlnPm — Viceroy (@viceroyresearch) July 9, 2025 Anil Agarwal-owned mining conglomerate is systematically draining Vedanta to service its own debt, Viceroy further said. ""VRL's actions to meet its short-term obligations directly impair its creditors’ long-term ability to recover their principal, a situation that resembles a Ponzi scheme where Vedanta stakeholders, which include VRL creditors, are the ""suckers',"" it added. Vedanta shares crashed over 8 percent after the report was published. The stock has now made some recovery, trading over 3 percent lower at Rs 440 apiece. Further, the American short seller said that Hindustan Zinc's resources are being ""looted"" through related-party deals with promoter-family owned companies and unjustifiable brand fees. ""Vedanta's crown jewel may be its biggest liability,"" it said while speaking about Hindustan Zinc. The shares of the company are currently down nearly 3 percent to trade at Rs 424 apiece. A perusal of HZL’s brand fee arrangement (2% of revenues) shows that brand fees are often paid in advance on revenue “estimates”, which appear to be consistently over-estimated. This acts as a interest-free line of credit for tens of millions of dollars. $VEDL 15/ pic.twitter.com/IU8ETl0jR8 — Viceroy (@viceroyresearch) July 9, 2025  Trump threatens 50% tariff on US imports Hindustan Copper, which is part of the group, also witnessed significant selling pressure. The shares of the company dropped over 3 percent. This was further buoyed following US President Trump's threat to impose a 50 percent tariff on imported copper soon, leading to a surge in US prices of the metal by more than 12 percent. Hindalco Industries shares were meanwhile down nearly 2 percent to trade at Rs 674 apiece. ""I believe the tariff on copper, we're going to make 50%,"" the US President told reporters at a White House cabinet meeting. Following this, US Commerce Secretary Howard Lutnick said in an interview with CNBC that the copper tariffs will likely be put in place by the end of July or August 1. Steel, aluminium not to be part of India-US mini trade deal, says reports Steel and aluminium stocks meanwhile plummeted amid reports stating that the two metals won’t be part of the mini trade deal which will likely be announced by US and India soon. Without any exemptions, the steel and aluminium companies will face a 50 percent tariff on exports to America. Tata Steel shares plunged over 2 percent to trade at Rs 158 apiece, while those of Steel Authority of India (SAIL) and National Aluminium Company (NALCO) dropped over 1.5 percent each. NMDC, JSW Steel and Adani Enterprises shares were trading in the red with marginal losses."
09 Jul 2025,Hindalco Industries shares drop amid weakness in metal index,https://www.moneycontrol.com/news/business/stocks/hindalco-industries-shares-drop-amid-weakness-in-metal-index-alpha-article-13247680.html,"With the stock currently trading at Rs 671.85, Hindalco Industries has shown a decline of 2.01% in today's session.",,"Shares of Hindalco Industries declined by over 2% amid a broader fall in metal shares. The metal index is under pressure as Trump threatens 50% tariff on US imports. Financial Performance: The following tables summarize the financial performance of Hindalco Industries. Consolidated Quarterly Results:HeadingMar 2024Jun 2024Sep 2024Dec 2024Mar 2025RevenueRs 55,994.00 CroreRs 57,013.00 CroreRs 58,203.00 CroreRs 58,390.00 CroreRs 64,890.00 CroreNet ProfitRs 3,175.00 CroreRs 3,072.00 CroreRs 3,909.00 CroreRs 3,734.00 CroreRs 5,284.00 CroreEPS14.2913.8417.5916.8223.80The revenue for the quarter ending March 2025 stood at Rs 64,890.00 Crore, up from Rs 55,994.00 Crore in March 2024. The net profit for the same period increased to Rs 5,284.00 Crore from Rs 3,175.00 Crore. The EPS also rose to 23.80 in March 2025 from 14.29 in March 2024. Consolidated Yearly Results:Heading20212022202320242025RevenueRs 131,985.00 CroreRs 195,059.00 CroreRs 223,202.00 CroreRs 215,962.00 CroreRs 238,496.00 CroreNet ProfitRs 5,177.00 CroreRs 14,195.00 CroreRs 10,088.00 CroreRs 10,153.00 CroreRs 15,999.00 CroreEPS15.6661.7345.4245.7172.05BVPS299.73352.24427.09478.17557.25ROE5.2317.5610.659.5612.93Debt to Equity0.980.810.620.510.50The annual revenue for 2025 was Rs 238,496.00 Crore, compared to Rs 215,962.00 Crore in 2024. Net profit increased from Rs 10,153.00 Crore in 2024 to Rs 15,999.00 Crore in 2025. The EPS also increased from 45.71 in 2024 to 72.05 in 2025. The debt-to-equity ratio decreased from 0.51 in 2024 to 0.50 in 2025. Consolidated Yearly Income Statement:Mar 2025Mar 2024Mar 2023Mar 2022Mar 2021Sales238,496 Crore215,962 Crore223,202 Crore195,059 Crore131,985 CroreOther Income2,708 Crore1,496 Crore1,257 Crore1,136 Crore1,222 CroreTotal Income241,204 Crore217,458 Crore224,459 Crore196,195 Crore133,207 CroreTotal Expenditure215,451 Crore199,590 Crore207,581 Crore172,859 Crore121,569 CroreEBIT25,753 Crore17,868 Crore16,878 Crore23,336 Crore11,638 CroreInterest3,419 Crore3,858 Crore3,646 Crore3,768 Crore3,738 CroreTax6,335 Crore3,857 Crore3,144 Crore5,373 Crore2,723 CroreNet Profit15,999 Crore10,153 Crore10,088 Crore14,195 Crore5,177 CroreThe sales increased to Rs 238,496 Crore in March 2025 from Rs 215,962 Crore in March 2024. Consolidated Quarterly Income Statement:Mar 2025Dec 2024Sep 2024Jun 2024Mar 2024Sales64,890 Crore58,390 Crore58,203 Crore57,013 Crore55,994 CroreOther Income700 Crore509 Crore1,075 Crore424 Crore362 CroreTotal Income65,590 Crore58,899 Crore59,278 Crore57,437 Crore56,356 CroreTotal Expenditure58,166 Crore52,787 Crore52,766 Crore51,732 Crore51,331 CroreEBIT7,424 Crore6,112 Crore6,512 Crore5,705 Crore5,025 CroreInterest874 Crore817 Crore869 Crore859 Crore888 CroreTax1,266 Crore1,561 Crore1,734 Crore1,774 Crore962 CroreNet Profit5,284 Crore3,734 Crore3,909 Crore3,072 Crore3,175 CroreSales for the quarter ending March 2025 were Rs 64,890 Crore. Consolidated Cash Flow:Mar 2025Mar 2024Mar 2023Mar 2022Mar 2021Operating Activities24,410 Crore24,056 Crore19,208 Crore16,838 Crore17,232 CroreInvesting Activities-24,739 Crore-14,276 Crore-8,121 Crore-7,074 Crore-25,637 CroreFinancing Activities-1,816 Crore-10,817 Crore-10,345 Crore-6,765 Crore-4,882 CroreOthers130 Crore9 Crore457 Crore301 Crore357 CroreNet Cash Flow-2,015 Crore-1,028 Crore1,199 Crore3,300 Crore-12,930 CroreConsolidated Balance Sheet:Mar 2025Mar 2024Mar 2023Mar 2022Mar 2021Share Capital222 Crore222 Crore222 Crore222 Crore222 CroreReserves & Surplus123,487 Crore105,783 Crore94,580 Crore77,965 Crore66,253 CroreCurrent Liabilities65,516 Crore59,351 Crore60,457 Crore77,273 Crore48,493 CroreOther Liabilities76,766 Crore66,551 Crore69,558 Crore67,602 Crore74,731 CroreTotal Liabilities265,991 Crore231,907 Crore224,817 Crore223,062 Crore189,699 CroreFixed Assets117,270 Crore100,602 Crore92,581 Crore87,854 Crore87,154 CroreCurrent Assets101,959 Crore82,343 Crore89,311 Crore98,543 Crore67,628 CroreOther Assets46,762 Crore48,962 Crore42,925 Crore36,665 Crore34,917 CroreTotal Assets265,991 Crore231,907 Crore224,817 Crore223,062 Crore189,699 CroreContingent Liabilities0 Crore88,564 Crore134,161 Crore98,014 Crore75,698 CroreKey Financial Ratios:RatioMar 2021Mar 2022Mar 2023Mar 2024Mar 2025Basic EPS (Rs.)15.6661.7345.4245.7172.05Diluted Eps (Rs.)15.6561.6545.3645.6571.91Book Value /Share (Rs.)299.73352.24427.09478.17557.25Dividend/Share (Rs.)3.004.003.003.505.00Face Value11111Gross Profit Margin (%)14.2115.1110.7111.7414.47Operating Margin (%)9.1911.667.548.2611.16Net Profit Margin (%)2.637.034.514.706.70Return on Networth / Equity (%)5.2317.5610.659.5612.93ROCE (%)8.5915.6010.2410.3413.28Return On Assets (%)1.836.154.494.376.01Current Ratio (X)1.391.281.481.391.56Quick Ratio (X)0.760.700.770.700.81Debt to Equity (x)0.980.810.620.510.50Interest Coverage Ratios (X)5.027.826.566.5810.09Asset Turnover Ratio (%)0.330.470.480.950.96Inventory Turnover Ratio (X)1.721.891.773.473.263 Yr CAGR Sales (%)7.0522.2437.4527.9210.583 Yr CAGR Net Profit (%)-8.6860.7363.7340.046.16P/E (x)20.879.238.9212.269.47P/B (x)1.091.620.951.171.22EV/EBITDA (x)6.875.845.566.485.87P/S (x)0.550.650.400.580.64Corporate Actions: Hindalco Industries announced several corporate actions:Scrutinizer's Report for Postal ballot dated June 27, 2025.Outcome of Postal Ballot dated June 27, 2025.Closure of Trading window for approval of unaudited financial results for the quarter ending June 30, 2025.The company has announced a final dividend of Rs 3.50 per share (350%) with an effective date of August 09, 2024. Other recent dividends include Rs 3.00 per share in 2023, Rs 4.00 per share in 2022 and Rs 3.00 per share in 2021. The company has also issued bonus shares in the past. A bonus ratio of 1:2 was announced on May 10, 1996, with an ex-bonus date of September 02, 1996. A bonus ratio of 3:5 was announced on September 11, 1990, with an ex-bonus date of September 03, 1990. The company had a stock split on July 12, 2005, with an ex-split date of August 30, 2005. The face value changed from Rs 10 to Rs 1. Hindalco Industries had rights issues with an exrights date of August 28, 2008 in the ratio of 3:7 and another exrights date of November 21, 2005 in the ratio of 1:4. Moneycontrol analysis indicates a very bullish sentiment for the stock. With the stock currently trading at Rs 671.85, Hindalco Industries has shown a decline of 2.01% in today's session."
09 Jul 2025,"Hind Copper, Vedanta, Hindalco shares under pressure as Trump threatens 50% tariff on US imports",https://www.moneycontrol.com/news/business/markets/hind-copper-vedanta-hindalco-shares-under-pressure-as-trump-threatens-50-tariff-on-us-imports-13246576.html,"Copper stocks: US Comex copper futures jumped over 12% to hit a record high after Trump's announcement, which came earlier than industry expectations. The 50% tariff rate was also higher than analysts' expectations.",Copper stocks surge,"Shares of copper mining companies listed in India fell in early trade on July 9 following US President Trump's threat to impose a 50 percent tariff on imported copper soon, leading to a surge in US prices of the metal by more than 12 percent, while LME Copper, the global benchmark, fell on fears of disruption. Prices of US Comex copper futures jumped over 12 percent to hit a record high after Trump’s announcement, as the 50 percent rate mentioned by Trump was higher than analysts’ expectations. Shares of Vedanta, Hindustan Copper and Hindalco Industries shares fell in early trade, with shares of Hind Copper down by over 1.8 percent at 9:48 am. Also Read: Our LIVE blog on stock market updates ""I believe the tariff on copper, we're going to make 50%,"" the US President told reporters at a White House cabinet meeting. Following this, US Commerce Secretary Howard Lutnick said in an interview with CNBC that the copper tariffs will likely be put in place by the end of July or August 1, and President Trump would post details regarding the same on his Truth Social media account on Tuesday. ""The idea is to bring copper home, bring copper production home, bring the ability to make copper, which is key to the industrial sector, back home to America,"" Lutnick said. He added that the administration's Section 232 investigation into US imports of the red metal was completed, much ahead of the November deadline for the review. Trump’s copper tariff dare comes as the demand for the metal is expected to rise going ahead, with increasing demand seen from data centers, car companies and power producers. Already, there are duties in place on import of steel, aluminum and automobiles into America."
03 Jul 2025,"Hindalco, Tata Steel, other metal stocks gain up to 2% as China's services PMI falls to 9-month low in June",https://www.moneycontrol.com/news/business/markets/hindalco-tata-steel-other-metal-stocks-gain-up-to-2-as-china-s-services-pmi-falls-to-9-month-low-in-june-13222215.html,"Metal stocks: Analysts noted that China's external demand remained weak on the wake of US tariffs, which in turn impacted business optimism in the country.",Metal stocks surge,"Metal stocks recorded notable gains on July 3 after data showed that China's services activity growth slowed to a multi-month low in June. The rise in the stocks pushed the Nifty Metal index up nearly 0.6 percent to hover around 9,756. The Caixin/S&P Global services purchasing managers' index (PMI) fell to 50.6 in June, as against 51.1 in May. This marked the weakest growth in services activity recorded by the private survey since September 2024. In its report, Caixin analysts noted that the external demand remained weak on the wake of US tariffs, which in turn impacted business optimism in the country. ""Supplier logistics were delayed slightly. The supply chain was relatively strained, and transportation experienced delays. Supplier delivery times lengthened for a fourth consecutive month,"" said Wang Zhe, Senior Economist at Caixin Insight Group. ""Overall, manufacturing supply and demand recovered in June. External demand still faced downward pressure, and employment continued to shrink, while prices remained weak. Logistics were delayed moderately, with manufacturing purchases declining and inventories remaining stable. Businesses became less optimistic,"" Zhe further said. The analyst noted that the external environment remains severe and complex, in the midst of increasing uncertainties. ""The issue of insufficient effective demand at home has yet to be fundamentally resolved,"" he added. Slowing growth in China's services sector affecting its metal companies will likely give a competitive edge to Indian metal companies. The sharp fall in dollar index continued to support metal stocks. NMDC shares were the top gainer on the index, jumping nearly 2 percent to trade at Rs 69 apiece. Hindalco shares followed, rising over 1 percent to hover around Rs 706 apiece. Jindal Steel and Power (JSP) and Jindal Stainless Steel shares gained nearly 1 percent. National Aluminium (Nalco) and Tata Steel shares rose around 0.8 percent, while Hindustan Copper and Hindustan Zinc shares gained over 0.3 percent. The shares of Steel Authority of India (SAIL) and Adani Enterprises were trading in the green with marginal gains. Bucking the trend, JSW Steel, APL Apollo Tubes, Welspun Corp and Vedanta shares were hovering in the red with marginal losses. Notably, the Nifty Metal index has now extended gains for the third consecutive session, gaining over 2.3 percent during the period so far. "
03 Jul 2025,"Sensex rises 400 pts, Nifty above 25,550: India-US trade deal optimism, other key factors behind market rise",https://www.moneycontrol.com/news/business/markets/sensex-rises-350-pts-nifty-above-25-500-india-us-trade-deal-optimism-other-key-factors-behind-market-rise-13222021.html,"According to analysts, upbeat sentiment around trade negotiations between India and the United States, along with gains in global markets and softening crude oil prices, helped lift investor mood.","Sensex, Nifty rise on Thursday mirroring a positive trend in Asian markets, amid optimism over India-US trade deal. ","The equity benchmark indices climbed on Thursday, tracking positive cues from Asian markets and supported by optimism around a possible India-US trade deal. The Sensex rose 383.61 points or 0.46 percent to 83,793.30, while the Nifty advanced 110.30 points or 0.43 percent to 25,563.70. Oil & Natural Gas Corporation, Mahindra & Mahindra, Apollo Hospitals Enterprise, Maruti Suzuki India and Hindalco Industries were among the major gainers, rising up to 2 percent. Key Factors Driving Market Gains: 1) India-US Trade Deal Optimism: US President Donald Trump on Wednesday announced a trade deal with Vietnam that would lower tariffs to 20 percent from 46 percent. The development raised hopes of similar easing in other trade relationships, including India. Reuters reported that US and Indian officials were working towards a deal, though certain issues related to dairy and agriculture remained unresolved. VK Vijayakumar, Chief Investment Strategist at Geojit Financial Services, said: ""Nifty is likely to trade in the 25,200–25,800 range unless a major trigger emerges. A breakthrough could come from a formal announcement of the India-US trade deal."" India, US may ink interim trade deal in 48 hours, says report 2) Positive Global Cues: Asian markets were mostly higher. South Korea’s Kospi, Japan’s Nikkei 225 and Shanghai’s SSE Composite traded in the green, while Hong Kong’s Hang Seng was marginally lower. Wall Street ended mostly higher on Wednesday, and US futures pointed to a strong opening later in the day. Stock Market LIVE Updates 3) Falling Crude Prices: Global oil benchmark Brent crude dropped 0.77 percent to USD 68.58 per barrel. Lower crude prices are seen as positive for India, a major oil importer. Technical View Anand James, Chief Market Strategist at Geojit Financial Services, said the Nifty has reached the 25,440 level, a target set earlier in the week. ""The trend appears supportive of further upside if the index breaks above 25,588. In that case, the 26,200–26,500 trajectory may come into play. On the downside, support remains at 25,300,"" he said."
25 Jun 2025,"Stocks to Watch Today: Timex Group India, Infosys, Hindalco, BLS E-Services, JB Chemicals, Aurobindo Pharma, Bajel Projects, Arisinfra in focus on 25 June",https://www.moneycontrol.com/news/business/markets/stocks-to-watch-today-timex-group-india-infosys-hindalco-bls-e-services-jb-chemicals-aurobindo-pharma-bajel-projects-arisinfra-in-focus-on-25-june-13173190.html,"Stocks to watch, 25 June: Stocks like BLS E-Services, JB Chemicals and Pharmaceuticals, Aurobindo Pharma, Timex Group India, Infosys, Hindalco Industries, Bajel Projects, Arisinfra Solutions, RITES, and PTC Industries will be in focus on June 25.","Stocks to Watch Today, 25 June","Let's catch up on the latest news from the stock market. From significant investments to major deals, order wins, appointments, and acquisitions, here’s a quick look at which stocks will be in focus in today's trade: Stocks to Watch Timex Group India Promoter Timex Group Luxury Watches BV, Netherlands, will be selling up to a 15% stake in Timex Group India via an Offer-for-Sale (OFS) on June 25–26, including the base offer size of 7.5% (75.71 lakh shares). The OFS will open for non-retail investors on June 25 and for retail investors on June 26. The floor price for the offer is Rs 175 per share. Infosys The digital services and consulting firm has announced a strategic collaboration with Zoetis, the world’s leading animal health company, to enhance Zoetis’ IT operations and digital capabilities by integrating advanced AI solutions and automation services. Hindalco Industries Aditya Holdings LLC, a step-down wholly owned subsidiary of the company, has signed a definitive agreement to acquire a 100% stake in US-based specialty alumina manufacturer AluChem Companies Inc. for $125 million. BLS E-Services BLS E-Services, through its subsidiary Zero Mass, has entered into a definitive agreement to acquire Customer Service Points (CSPs) of State Bank of India (SBI) and HDFC Bank under the Business Correspondent (BC) business of Sub-K Impact Solutions on a slump sale basis for Rs 6.5 crore. JB Chemicals & Pharmaceuticals The company has received approval from the United States Food and Drug Administration (US FDA) for its Abbreviated New Drug Application (ANDA) for Amitriptyline Hydrochloride tablets USP in 10 mg, 25 mg, 50 mg, 75 mg, 100 mg, and 150 mg strengths. These tablets are used to treat symptoms of depression. Aurobindo Pharma CuraTeQ Biologics s.r.o., a wholly owned step-down subsidiary of Aurobindo Pharma, has obtained marketing authorization from the UK’s Medicines and Healthcare products Regulatory Agency (MHRA) for Dyrupeg, its pegylated filgrastim biosimilar version. Earlier in April 2025, Dyrupeg received marketing authorization in the European Union from the European Commission (EC). Dyrupeg is used in cancer patients to help manage neutropenia (low levels of neutrophils, a type of white blood cell). This marks CuraTeQ’s third biosimilar approved by the MHRA, following the approval of Bevqolva in December 2024 and Zefylti in May 2025. Bajel Projects The company has received a large order (valued between Rs 100–200 crore) for the establishment of a 400kV GIS and 765kV AIS extension substation from a leading private player in the energy and power transmission sector. RITES The company has received a Letter of Intent from Gujarat Urban Development Company for the appointment of a TPI agency for WSS/UGD/STP projects under Amrut 2.0/SJMMSVY under GUDC for ULBs of Gujarat. The project is valued at Rs 28.5 crore. PTC Industries The company’s subsidiary, Aerolloy Technologies, has signed a Memorandum of Understanding (MoU) with Safran Aircraft Engines for the manufacturing of components and materials for military aircraft engines in India. Himadri Speciality Chemical The company has completed the acquisition of a 16.24% stake in International Battery Company, Inc., a Delaware corporation, for $4.43 million. Pricol Kanakaraju Krishnasamy has resigned from the position of Chief Technology Officer – Actuation, Control, and Fluid Management Systems, effective June 24, to pursue new professional challenges. Kaynes Technology India The company has raised Rs 1,600 crore via the allotment of 28.72 lakh equity shares to eligible Qualified Institutional Buyers (QIBs) at an issue price of Rs 5,569.50 per share, following the closure of its Qualified Institutions Placement (QIP) issue on June 24. QIBs include Motilal Oswal Mutual Fund, Nomura Funds, HSBC Mutual Fund, Kotak Mahindra AMC, Nippon Life India, Axis Mutual Fund, ICICI Prudential Life Insurance, HDFC Mutual Fund, and HDFC Life Insurance Company. Mastek Raghavendra Jha has resigned from the position of Chief Financial Officer, effective July 11, due to personal reasons. KFin Technologies The Board has approved the reappointment of Vishwanathan Mavila Nair as a Non-Executive Director and Chairperson of the company, effective October 1, 2025, for a second term of one year. Medi Assist Healthcare Services Star Health and Allied Insurance Company has signed a Master Services Agreement with Medi Assist to adopt the company’s advanced AI-powered claims platform, MAtrix. InterGlobe Aviation IndiGo’s market share in May increased to 64.6%, compared to 64.1% in April. SpiceJet SpiceJet’s market share in May declined to 2.4%, down from 2.6% in April. Block Deals Avalon Technologies Alchemy Emerging Leaders of Tomorrow, Alchemy India Long Term Fund, and Alchemy Leaders of Tomorrow acquired 9.89 lakh shares (1.49% stake), while ITI Mutual Fund purchased 2.1 lakh shares (0.32% stake) in Avalon at an average price of Rs 809 per share from promoter Bhaskar Srinivasan. Bulk Deals Capital Trust Promoter Yogen Khosla sold 1.64 lakh shares in Capital Trust at an average price of Rs 76.84 per share, and 87,180 shares at an average price of Rs 78.49 per share, totaling a 1.48% stake. Hilton Metal Forging Promoter Yuvraj Hiralal Malhotra sold 5.9 lakh shares (2.52% stake) in the company at an average price of Rs 68.7 per share. Knowledge Marine & Engineering Works Bandhan Mutual Fund offloaded 1.67 lakh shares in Knowledge Marine & Engineering Works at an average price of Rs 1,705 per share. MIC Electronics Promoter R R K Enterprise sold 20 lakh shares (0.83% stake) in MIC Electronics at an average price of Rs 54 per share. Mainboard Listing on June 25 Arisinfra Solutions SME Listing on June 25 Influx Healthtech Stocks Trade Ex-Dividend Aegis LogisticsAutomobile Corporation of GoaQuest Capital Markets Stocks Trade Ex-Income Distribution (InvIT) Digital Fibre Infrastructure TrustIntelligent Supply Chain Infrastructure Trust Stock Trades Ex-Date for Split Elitecon International Stock in F&O Ban Titagarh Rail Systems Stocks removed from F&O ban Biocon, RBL Bank"
24 Jun 2025,Hindalco Industries acquires specialty alumina manufacturer AluChem Companies for $125 mn,https://www.moneycontrol.com/news/business/markets/hindalco-industries-acquires-specialty-alumina-manufacturer-aluchem-companies-for-125-13171875.html,The company said the purchase will be undertaken through its stepdown wholly owned unit Aditya Holdings,The acquisition will help open up new opportunities for Hindalco with growing application of specialty alumina in new-age sectors such as electric mobility and semiconductors,"Hindalco Industries Ltd has acquired 100 percent equity stake in US-based specialty alumina manufacturer AluChem Companies for $125 million, a company statement said on June 24. The company said the purchase will be undertaken through its stepdown wholly owned unit Aditya Holdings, adding that the deal marks a significant investment in specialty alumina, a key step in scaling its high-value, technology-led materials portfolio. “This acquisition is an important step in our global strategy to build a leadership position in value-added, high-tech materials. Our strategic foray into the specialty alumina space will not only accelerate the development of future-ready, sustainable solutions but also open new pathways to pursue high-impact growth opportunities,” said Kumar Mangalam Birla, Chairman of Aditya Birla Group. The acquisition will help open up new opportunities for Hindalco with growing application of specialty alumina in new-age sectors such as electric mobility and semiconductors, the company statement said. The US-based company will help Aditya Birla group company to expand its presence in North America with an annual capacity of 60,000 tons across its three advanced manufacturing facilities in Ohio and Arkansas. ""As alumina gains increasing relevance in critical and clean-tech sectors, AluChem’s advanced chemistry capabilities will significantly enhance our ability to serve these fast-evolving markets,"" said Satish Pai, managing director, Hindalco Industries."
19 Jun 2025,"Metal, realty stocks tumble up to 3% as US Fed's hawkish stance weighs in",https://www.moneycontrol.com/news/business/markets/metal-realty-stocks-tumble-up-to-3-as-us-fed-s-hawkish-stance-weighs-in-13144274.html,"Both Nifty Realty and Nifty Metal indices have now extended losses for the third consecutive session, and are currently among the top sectoral losers on the stock market.","US Federal Reserve kept its key interest rates unchanged, as against widespread expectations of a rate cut","The shares of metal and real estate companies tumbled on June 19, as no rate cuts from the US Federal Reserve sent jitters to the market. The sharp fall in the share prices pushed the Nifty Metal index down nearly 1.3 percent to hover around 9,040, while the Nifty Realty index was down 1.6 percent to stand at 993. Both the indices have now extended losses for the third consecutive session, and are currently among the top sectoral losers on the stock market. US Federal Reserve kept its key interest rates unchanged, as against widespread expectations of a rate cut. While announcing the American central bank's decision, Federal Reserve Chair Jerome Powell said that he expects 'meaningful inflation' ahead, as consumers pay more for goods due to the massive tariffs announced by the Trump administration on imports. ""Everyone that I know is forecasting a meaningful increase in inflation in coming months from tariffs, because someone has to pay for the tariffs ... between the manufacturer, the exporter, the importer, the retailer…People will be trying not to be the ones who can pick up the cost. Ultimately, the cost of the tariff has to be paid, and some of it will fall on the end consumer,"" he said during a press conference after the policy decision. Although the US Fed kept rates unchanged, it expects to cut rates by half percentage point by the end of this year. However, more policymakers are now expecting to make no rate cuts at all in the near future than before, given the dismal inflation projection. Notably, no rate cuts by the US Federal Reserve may have hiked investors' concerns over the possibility of India's RBI mirroring the stance. The Reserve Bank of India (RBI) had cut its policy repo rate by 50 basis points earlier this month. RBI Governor Sanjay Malhotra however recently remarked that the central bank is not ruling out more rate cuts, provided inflation continues its downward trend and remains below its projections. Rate cuts by RBI make home loans more attractive for home buyers, which boosts demand and thereby the real estate stocks. A boom in the real estate sector trickles down to the metal industry, as it is inextricably linked to construction and other activities, and thereby boosts the metal stocks. Hence, US Fed's hawkish stance may have raised investors' concerns. Phoenix Mills, Brigade Enterprises, Godrej Properties, DLF and other realty stocks dropped up to 3.4%, while those of Hindustan Copper, Hindustan Zinc, National Aluminium (Nalco), Welspun Corp, Hindalco, SAIL, NMDC, Tata Steel and other metal stocks dropped up to 4 percent."
18 Jun 2025,"Hind Copper, Hindalco, Nalco shares rise despite overall weakness in metals: Here's why",https://www.moneycontrol.com/news/business/markets/hind-copper-hindalco-nalco-shares-rise-despite-overall-weakness-in-metals-heres-why-13138820.html,"The shares of the three companies closed in the green with marginal gains, although the broader Nifty Metal index ended the session in the red.","Hindustan Copper, Hindalco, Nalco shares in green despite overall drop in metal stocks","Shares of copper and aluminium producers gained on June 18 despite weakness in the broader metals space, with Hindustan Copper, Hindalco and Nalco ending marginally higher even as the Nifty Metal index ended down over 0.7 percent. This comes as prices of both the non-ferrous metals rose on reports that European inventories have significantly fallen amid rising geopolitical tensions in the Middle East. Copper futures with July expiry on the MCX were trading at around Rs 888.50, while those of aluminium were trading near Rs 247. Copper's prices on the London Metal Exchange have seen a notable rise. Copper inventories have dropped 25 percent MoM in May, while those of aluminium fell 10 percent, according to data cited by Tata Mutual Fund. The fall in inventories may be due to a rise in the demand for these metals, which could cause further increase in prices, benefitting the margins of these companies, said experts. Home prices in China have been in a no-growth trend to nearly two years despite policymakers' efforts to revive the sector, at a time when property investment are falling. ""As China's housing market & real estate ties into copper, it hurt the copper price. Moreover, Copper inventories fell by 25% in May compared to a month ago, indicating at a higher demand,"" Tata Mutual Fund said. ""Aluminium inventories at registered warehouses have come down. Total aluminium inventories declined by 10% in May-25 as compared to previous month. Manufacturing PMI data in Europe, China and UK showed a contraction in manufacturing activity whereas, in US it showed expansion. China's manufacturing activity shrank for two consecutive months (April & May). Going ahead, weak global manufacturing activity is expected to weigh on prices,"" it added. The prices are also expected to be influenced by the outcome of US Federal Reserve policy meeting, slated later tonight. Hindustan Copper shares closed over 0.5 percent higher at Rs 254 apiece. The stock, which has a P/E ratio of over 52, has gained over 12 percent in the past one month, but has declined nearly 2.6 percent in last five days. Hindalco Industries shares closed 0.42 percent higher at Rs 644 apiece, while those of National Aluminium Company (NALCO) ended the session 0.5 percent higher at Rs 186 apiece."
02 Jun 2025,Hindalco Industries Shares Fall More Than 1.1% in Today's Trading Session,https://www.moneycontrol.com/news/business/stocks/hindalco-industries-shares-fall-more-than-1-1-in-today-s-trading-session-alpha-article-13085614.html,The decline in share price occurs amidst very bullish moneycontrol sentiment as of 2025-05-26.,,"Shares of Hindalco Industries experienced a downturn today, with the stock price decreasing by 1.12% to Rs 626.40. Hindalco Industries is a component of the NIFTY 50 STOCKS, indicating its significance in the Indian stock market.Financial PerformanceRecent financial data provides a snapshot of Hindalco Industries' performance.Quarterly Performance:PeriodRevenue (Cr)Net Profit (Cr)EPSMar 202564,890.005,284.0023.80Dec 202458,390.003,734.0016.82Sep 202458,203.003,909.0017.59Jun 202457,013.003,072.0013.84Mar 202455,994.003,175.0014.29Annual Performance:YearRevenue (Cr)Net Profit (Cr)EPSBVPSROEDebt to EquityMar 2025238,496.0015,999.0072.05557.2512.930.50Mar 2024215,962.0010,153.0045.71478.179.560.51Mar 2023223,202.0010,088.0045.42427.0910.650.62Mar 2022195,059.0014,195.0061.73352.2417.560.81Mar 2021131,985.005,177.0015.66299.735.230.98Cash Flow:ParticularsMar 2025Mar 2024Mar 2023Mar 2022Mar 2021Operating Activities24,41024,05619,20816,83817,232Investing Activities-24,739-14,276-8,121-7,074-25,637Financing Activities-1,816-10,817-10,345-6,765-4,882Others1309457301357Net Cash Flow-2,015-1,0281,1993,300-12,930Balance Sheet:Equities & LiabilitiesMar 2025Mar 2024Mar 2023Mar 2022Mar 2021Share Capital222222222222222Reserves & Surplus123,487105,78394,58077,96566,253Current Liabilities65,51659,35160,45777,27348,493Other Liabilities76,76666,55169,55867,60274,731Total Liabilities265,991231,907224,817223,062189,699AssetsMar 2025Mar 2024Mar 2023Mar 2022Mar 2021Fixed Assets117,270100,60292,58187,85487,154Current Assets101,95982,34389,31198,54367,628Other Assets46,76248,96242,92536,66534,917Total Assets265,991231,907224,817223,062189,699Key Financial Ratios:RatioMar 2025Mar 2024Mar 2023Mar 2022Mar 2021Basic EPS (Rs.)72.0545.7145.4261.7315.66Diluted Eps (Rs.)71.9145.6545.3661.6515.65Book Value/Share (Rs.)557.25478.17427.09352.24299.73Dividend/Share (Rs.)5.003.503.004.003.00Debt to Equity (x)0.500.510.620.810.98P/E (x)9.4712.268.929.2320.87P/B (x)1.221.170.951.621.09Moneycontrol's sentiment analysis, conducted on 2025-05-26, indicates a very bullish outlook for the stock. The decline in share price occurs amidst very bullish moneycontrol sentiment as of 2025-05-26."
02 Jun 2025,"Q4 Review: Motilal Oswal sees broad-based beat, Nomura hikes Nifty FY26 target to 26,140",https://www.moneycontrol.com/news/business/markets/q4-earnings-review-motilal-oswal-sees-broad-based-beat-emkay-flags-in-line-results-13083389.html,"India Inc.’s March-quarter earnings drew mixed reactions, with Motilal Oswal citing broad-based beats and Emkay Global calling the performance largely in-line. W"," While mid-caps led growth, small-caps lagged during the quarter. ","With India Inc.'s earnings season for the quarter and full year ended March 31, 2025 done and dusted, brokerages have a mixed outlook on the results on the cards. While Motilal Oswal believes that the fourth quarter's earnings show was a broad-based beat, with thirteen sector posting results above expectations, Emkay Global noted that showing was broadly in-line with projections. According to Motilal Oswal, the sectors that recorded a healthy outperformance were: metals, OMCs, PSU banks, automobiles, healthcare, technology, and capital goods. On the flip side, oil & gas (ex-OMCs) along with private banks dragged the quarter's overall profitability. On a sequential basis, Emkay Global noted that the healthcare, materials, and industrials sectors showed improvement, while the consumer discretionary and IT sectors reported a muted QoQ performance. Nomura Holdings added, ""The aggregate PAT growth for this universe was at 10 percent YoY, with aggregate earnings coming in 6 percent higher than consensus estimates. There were more beats than misses, but in aggregate, earnings continue to be revised lower."" The constituents of the Nifty 50 index delivered a three percent YoY PAT growth, compared to Motilal Oswal's estimate of two percent. Nifty 50 reported a single-digit profit growth for the fourth successive quarter since the pandemic. ""Five Nifty companies – Bharti Airtel, Hindalco, ICICI Bank, Tata Motors, and HDFC Bank – contributed 137 percent of the incremental YoY accretion in earnings. Conversely, IndusInd Bank, ONGC, SBI, Kotak Mahindra Bank, and Grasim contributed adversely to the earnings,"" said Motilal Oswal. Follow our market blog to catch all the updates Within the MOFSL coverage universe, large-caps (86 companies) reported 10 percent YoY earnings growth. Mid-caps (89 companies) outperformed with 19 percent growth (vs. 10 percent estimate), driven by financials (PSU Banks and NBFCs), metals, healthcare, and retail. In contrast, small-caps (122 companies) saw a broad-based miss, mainly due to Financials, with earnings down 16 percent YoY (vs. -11 percent estimate) and 39 percent missing estimates. Among large- and mid-caps, 21 percent and 25 percent of companies missed estimates, respectively. The Nifty EPS for FY25 ended at Rs 1,013 (higher by one percent YoY) over a high base of FY24 (+24 percent YoY) as the earnings normalized and tracked the revenue trend. ""The past two financial years experienced an interesting interplay of revenue and earnings growth, driven by global macros,"" added the brokerage. Going ahead, Emkay Global believes that the markets could consolidate for the short term as the proportion of stocks in BSE200 trading above +1sd above LTA has risen, from 10.6 percent to 30.3 percent. ""We see downgrades over and pick up in earning in H2FY26; short-term global and geopolitical effects are done, and a constructive trade deal with the US would follow. Our March 31, 2026 target for the Nifty is unchanged at 26,000,"" said Emkay Global. Further, the broking house remains constructive on broader markets. ""Worries around reciprocal tariffs have largely receded, and we see the focus shifting to bilateral trade treaties. We expect the Nifty FY26 EPS growth at ~12–13 percent, and signs of a recovery in discretionary consumption demand should start becoming visible as effects of the monetary easing start to take hold"" The report added that the markets saw a V-shaped rally following the tariff pause, with the brokerage expecting the beta rally to continue, therefore any dip should be viewed as an entry point. Nomura raised its FY26 target for Nifty 50 to 26,140, from 24,970 earlier, suggesting a potential upside of 6 percent from current levels. ""The Indian equity markets have been resilient in the recent past despite corporate earnings estimate cuts and global uncertainties. We think positive domestic macros, as reflected in the significant fall in yields and the relatively lower beta of Indian equities underpinned by consistent domestic flows, are supporting market valuation."""
30 May 2025,"Vedanta, Tata Steel, other metal stocks tumble up to 3% as US-China tariff talks 'a bit stalled'",https://www.moneycontrol.com/news/business/markets/vedanta-tata-steel-other-metal-stocks-tumble-up-to-3-as-us-china-tariff-talks-a-bit-stalled-13069810.html,US Treasury Secretary Scott Bessent on May 29 said that US-China tariff talks are a 'bit stalled' and a deal will be concluded possibly after the direct involvement of Donald Trump and Xi Jinping.,Metal stocks,"Metal stocks saw a significant decline on May 30, pushing the Nifty Metal index down over 1.3 percent to emerge as one of the top sectoral losers. This comes amid concerns over a slowdown in the industry as trade talks between US and China got ""a bit stalled"". US Treasury Secretary Scott Bessent on May 29 said that the tariff talks between the two countries are a ""bit stalled"" and a deal will be concluded possibly after the direct involvement of President Donald Trump and Chinese President Xi Jinping. ""I believe we may at some point have a call between the president and party Chair Xi,"" Bessent said. ""Given the magnitude of the talks, given the complexity ... this is going to require both leaders to weigh in with each other. They have a good relationship, and I am confident that the Chinese will come to the table when President Trump makes his preferences known,"" he added. Additionally, a US federal appeals court temporarily reinstated sweeping tariffs on foreign imports. The decision overturned a lower court ruling that had blocked the tariffs, stating Trump had exceeded his authority. This came a day after the US Court of International Trade’s ruling, which blocked most of Trump's so-called 'Liberation Day' tariffs. That ruling had raised hopes of reduced trade tensions and bolstered investor sentiment across global IT counters. Vedanta was the top loser on the Nifty Metal index, dropping over 3 percent to trade at Rs 437 apiece. Hindustan Zinc and Hindalco followed, dropping over 2 percent each. NMDC and Jindal Stainless were down over 1.8 percent each, while Hindustan Copper, JSW Steel, APL Apollo Tubes and Tata Steel were down over 1 percent each. SAIL and Adani Enterprises shares were trading in the red with marginal losses. US President Donald Trump had unveiled a slew of reciprocal tariffs on a number of countries on April 2. What followed was counter measures taken by several countries against US, which triggered a world-wide trade war. The most prominent tariff war was seen between US and China. US and China engaged in a tit-for-tat tariff war, with each announcing a higher tariff on the other. The war reached its peak when Trump hiked tariffs on Chinese imports to a whopping 145 percent. The two countries however then began negotiations to come to a mutual agreement over the tariffs. However, Bessent's latest comment on the talks being stalled triggers concerns over a possible slowdown in the metal industry."
22 May 2025,Hindalco bets on demand for aluminium cans if US consumption trend changes amid recession fears,https://www.moneycontrol.com/news/business/companies/hindalco-bets-on-demand-for-aluminium-cans-if-us-consumption-trend-changes-amid-recession-fears-13040538.html,"Novelis derives about 60 percent of its product mix from beverage packaging, with the remainder spread across automotive, aerospace, and electronics sectors.",Hindalco Industries MD Satish Pai,"At a time when recession fears in the United States seem probable, Hindalco Industries is quietly positioning itself to benefit from any potential shift in consumer habits. The company said a potential economic slowdown could lift demand for aluminium beverage cans, as more Americans opt for at-home consumption - a trend that supports volumes in the packaged drinks segment. In conversation with Moneycontrol, Hindalco’s Managing Director Satish Pai said that economic downturns often nudge consumers toward staying in, which in turn boosts demand for products like soft drinks and beers packaged in aluminium cans. This behavioural trend favours Novelis, the company’s US-based subsidiary, which counts beverage majors like PepsiCo and Coca-Cola among its clients. Novelis derives about 60 percent of its product mix from beverage packaging, with the remainder spread across automotive, aerospace, and electronics sectors. It is a significant player in the global aluminium beverage can industry - not just as a supplier, but also as a world-leading recycler. The company produces aluminium sheet used to make beverage cans and recycles billions of used cans annually, playing a key role in the circular economy. Novelis is also recognised as the world’s largest producer of aluminium sheet for beverage cans, supplying materials to global brands such as Coca-Cola and AB InBev. This scale and dual role - as both producer and recycler - make it a central figure in the global packaging supply chain and a major beneficiary when consumption habits shift toward packaged beverages. “During COVID, we saw the highest can demand ever. If there is a slowdown in the US economy, can volumes could rise again - though that may be offset by weaker auto demand, which has a higher margin per tonne,” Pai said. Despite recent concerns flagged by beverage giants about softening demand, Hindalco continues to see robust can orders in North America. “The market is short of can supply by around 500,000 tonnes. While we have some capacity, much of the shortfall is being met through imports from Korea and other regions,” he added. While the beverage can segment may benefit in the near term, the company is also taking a longer view. Hindalco is gradually repositioning itself as a more downstream-focused, solutions-oriented player. With a capex plan of Rs 45,000 crore over the next few years, about Rs 2,000–3,000 crore has been allocated for expanding its value-added offerings. The company is developing components for electric vehicles, battery systems, and even venturing into smartphone manufacturing. “We’ve begun work on battery systems and are making inroads into smartphones—focusing on parts related to electrification, where we see rising demand,” Pai said. The company is preparing to manufacture smartphone bodies at one of its extrusion facilities."
21 May 2025,Buy Hindalco Industries; target of Rs 770: ICICI Securities,https://www.moneycontrol.com/news/business/buy-hindalco-industries-target-of-rs-770-icici-securities-2-13037676.html,"ICICI Securities is bullish on Hindalco Industries recommended buy rating on the stock with a target price of Rs 770 in its research report dated May 21, 2025.",buy,"ICICI Securities research report on Hindalco Industries Hindalco’s (HNDL) Q4FY25 performance was ahead of our/consensus estimates. Key points: 1) Consolidated EBITDA rose 44% YoY to INR 96bn, mainly due to upstream aluminium (Al) division. 2) Downstream Al EBITDA/te rose 46% YoY to USD 241 owing to better product mix. 3) Net debt was down 16% QoQ to INR 353bn with India business having net cash of INR 75bn. 4) Acquired Bandha coal block to meet the requirement of Mahaan Al plant. Going ahead, we expect the ramp-up of downstream capacities in both Al and Copper (Cu) divisions and higher Specialty Alumina sales to support EBITDA. Outlook We expect HNDL’s growth trajectory to remain on track, as new projects are on schedule. Retain BUY with an unchanged TP of INR 770 based on 6.3x FY27E EBITDA. For all recommendations report, click here Hindalco Industries - 21052025 - icicis"
21 May 2025,Accumulate Hindalco Industries; target of Rs 724: Prabhudas Lilladher,https://www.moneycontrol.com/news/business/stocks/accumulate-hindalco-industries-target-of-rs-724-prabhudas-lilladher-13037400.html,"Prabhudas Lilladher recommended accumulate rating on Hindalco Industries with a target price of Rs 724 in its research report dated May 21, 2025.",Accumulate,"Prabhudas Lilladher's research report on Hindalco Industries Hindalco Industries (HNDL) Q4FY25 delivered strong cons operating performance on strong India aluminium business and Novelis. Strong LME, higher alumina prices and lower operating cost aided Indian upstream aluminium business while superior product mix benefitted downstream as volumes were stable. Mgmt. guided flattish costs for Q1 and expect downstream EBITDA/t (targeting USD250-300/t) to witness improvement as most of the projects would see ramp up in FY26. Bandha coal mine has already received mining lease and mgmt. expects to receive full benefits from FY28E. Securing coal mine would aid HNDL to plan further upstream capacity additions at Mahan complex. Coal supplies from captive Chakla mine to start from Dec’26 (box cut by Apr’26) and full benefits are expected from FY28E (seems delay of two quarters again). Outlook We tweak our FY26/27E EBITDA estimates by -2%/2% respectively as we factor in lower AL prices of USD2,479/USD2,504 for FY26E/27E. At CMP, the stock is trading at EV of 6x/5.3x FY26/27E EBITDA. As uncertainty over Novelis EBITDA/t continues and stock has also run up ~10% in past one month, we downgrade it to ‘Accumulate’ from ‘Buy’ rating earlier with revised TP of Rs724 (earlier Rs736), valuing Novelis at 6.5x & standalone ops at 5.5x EV of Mar’27E EBITDA. For all recommendations report, click here Hindalco Industries - 21052025 - prabhu"
21 May 2025,"Hindalco Consolidated March 2025 Net Sales at Rs 64,890.00 crore, up 15.89% Y-o-Y",https://www.moneycontrol.com/news/business/earnings/hindalco-consolidated-march-2025-net-sales-at-rs-64890-00-crore-up-15-89-y-o-y-13037035.html,,,"Reported Consolidated quarterly numbers for Hindalco Industries are: Net Sales at Rs 64,890.00 crore in March 2025 up 15.89% from Rs. 55,994.00 crore in March 2024. Quarterly Net Profit at Rs. 5,283.00 crore in March 2025 up 66.45% from Rs. 3,174.00 crore in March 2024. EBITDA stands at Rs. 9,536.00 crore in March 2025 up 35.4% from Rs. 7,043.00 crore in March 2024. Hindalco EPS has increased to Rs. 23.80 in March 2025 from Rs. 14.29 in March 2024. Hindalco shares closed at 662.75 on May 19, 2025 (NSE) and has given 2.27% returns over the last 6 months and -4.45% over the last 12 months. "
21 May 2025,"Hindalco Standalone March 2025 Net Sales at Rs 25,116.00 crore, up 13.44% Y-o-Y",https://www.moneycontrol.com/news/business/earnings/hindalco-standalone-march-2025-net-sales-at-rs-25116-00-crore-up-13-44-y-o-y-13036751.html,,,"Reported Standalone quarterly numbers for Hindalco Industries are: Net Sales at Rs 25,116.00 crore in March 2025 up 13.44% from Rs. 22,140.00 crore in March 2024. Quarterly Net Profit at Rs. 1,561.00 crore in March 2025 up 10.55% from Rs. 1,412.00 crore in March 2024. EBITDA stands at Rs. 3,208.00 crore in March 2025 up 33.72% from Rs. 2,399.00 crore in March 2024. Hindalco EPS has increased to Rs. 7.03 in March 2025 from Rs. 6.36 in March 2024. Hindalco shares closed at 662.75 on May 19, 2025 (NSE) and has given 2.27% returns over the last 6 months and -4.45% over the last 12 months. "
21 May 2025,"Hindalco Industries reports strong Q4 earnings show; should you buy, sell, or hold?",https://www.moneycontrol.com/news/business/markets/hindalco-industries-reports-strong-q4-earnings-show-should-you-buy-sell-or-hold-13036090.html,"Hindalco Industries reported a 66 percent year-on-year jump in consolidated net profit at Rs 5,283 crore for the January–March quarter.",Hindalco Industries shares have fallen around four percent over the past year.,"Aditya Birla Group firm Hindalco Industries Ltd.'s shares will be in focus on Wednesday, May 21, after the metals major posted a sharp beat in its earnings for the March quarter of FY2025. Hindalco Industries posted a 66.4 percent year-on-year jump in consolidated net profit at Rs 5,283 crore for the January–March quarter, surpassing Street expectations, aided by lower input costs and supportive macroeconomic conditions. The Aditya Birla Group company reported a 15.9 percent rise in consolidated revenue to Rs 64,890 crore in Q4FY25 compared to the same quarter last year. The firm's India operations’ adjusted EBITDA increased 11 percent QoQ to Rs 5,350 crore owing to higher aluminium prices, improved VAP mix, lower CoP and higher alumina sales volume, partially offset by lower copper profits. Should you buy, sell or hold Hindalco shares? Hindalco posted a decent performance in 4QFY25. The earnings growth was driven by favorable pricing and lower input costs. Novelis' performance rebounded in Q4, which was hurt by higher scrap prices and weak demand in Q3, noted domestic brokerge Motilal Oswal. ""We expect a healthy consolidated performance for FY26/27E, mainly driven by the strong domestic operations. The ongoing capex in Novelis will establish Hindalco as the global leader in thebeverage can and automotive FRP segments,"" added the brokerage, maintaining its 'buy' rating, with a price target of Rs 790 per share. Nuvama Institutional Equities said, ""Aluminium profitability is likely to decrease QoQ in Q1FY26E due to lower aluminium prices. Novelis shall be affected amid US tariffs. As the company is in capex mode, we do not estimate any deleveraging, but net debt (FY26E net debt/EBITDA: 1.1x) is comfortable."" The broking house reiterated its 'buy' rating, with an unchanged target price of Rs 776 per share. Emkay Global upgraded Hindalco to 'reduce' from 'sell' and raised its target price by eight percent to Rs 650, from Rs 600 earlier. 'With major concerns largely priced in and a structurally positive outlook on LME aluminium, we believe a 'sell' is no longer warranted and therefore moving to a neutral stance,"" said the brokerage. ""We believe Hindalco's cost leadership, combined with our structurally positive outlook on LME aluminium prices, positions it well to sustain its strong through-the-cycle performance, with expansion in EBITDA/t, from $822 in FY24 to $1,194 by FY27E in the upstream segment,"" it added. ""Moreover, key concerns around scrap costs, Novelis' margins, negative copper TC/RCs, and valuation excesses appear to be fully priced in."""
20 May 2025,"Hindalco Q4 standalone net profit rises 10% to Rs 1,561 crore; firm declares Rs 5 dividend",https://www.moneycontrol.com/news/business/earnings/hindalco-q4-net-profit-surges-10-to-rs-1-561-crore-revenue-up-13-board-declares-rs-5-dividend-13034834.html,Hindalco also announced acquisition of 100 percent equity stake in EMIL Mines and Mineral Resources Limited. ,"Hindalco Q4 net profit surges 10% to Rs 1,561 crore, revenue up 13%.","Hindalco Industries Ltd on May 20 reported a 10 percent  year-on-year (YoY) rise in standalone net profit to Rs 1,561 crore for the March quarter, driven by strong performance in its Indian aluminium and copper businesses, supported by favourable macroeconomic conditions and lower input costs. The company had posted a net profit of Rs 1,412 crore in the same quarter last year. Standalone revenue from operations rose 13 percent to Rs 25,116 crore. On a consolidated basis, net profit jumped 66 percent to Rs 5,283 crore, while revenue rose to Rs 64,890 crore from Rs 55,994 crore, the company said in a regulatory filing. Consolidated EBITDA was at Rs 10,296 crore, up 43 percent YOY. ""Our Aluminium Upstream business in India remained a strong anchor, complemented by robust growth in the downstream business. The Copper business achieved a record EBITDA backed by strong value added product sales. Despite tighter scrap spreads, Novelis delivered a resilient performance through increased beverage can shipments,"" said managing director Satish Pai. Meanwhile, Hindalco also announced acquisition of 100 percent equity stake in EMIL Mines and Mineral Resources Limited, the lease holder of the Bandha coal block, to meet the company’s strategic objective of securing resources for its aluminium smelters. Segment results Aluminium India posted robust numbers with upstream and downstream operations clocking double-digit revenue boost. Quarterly aluminium upstream revenue was at Rs 10,311 crore, up 22 percent YoY and EBITDA at Rs 4,838 crore, up 79 percent YoY, driven by lower input costs and favourable macros. Meanwhile, downstream revenue rose 23 percent YOY with EBITDA expanding 52 percent at Rs 219 crore, due to favourable product mix. Copper India revenues rose 8 percent YOY at Rs 14,565 crore. Its U.S.-based subsidiary, Novelis Inc, posed 13 percent increase in revenue at $4.6 billion, helped by higher average aluminium price, the company said. However, Novelis EBITDA contracted 8 percent at Rs at $473 million, impacted by higher aluminium scrap prices and operating costs, partially offset by higher product pricing. ""Despite headwinds, Novelis delivered a resilient performance with strong shipments in both the fourth quarter and the full year, led by robust demand for beverage packaging,"" the company added. The company also recommended a dividend of Rs 5 per equity share of Re 1 each for the financial year ended March 31, 2025. Shares of Hindalco Industries Ltd settled higher at Rs 666 per share on the NSE, up 1.16 percent."
16 May 2025,Buy Hindalco Industries; target of Rs 770: ICICI Securities,https://www.moneycontrol.com/news/business/earnings/buy-hindalco-industries-target-of-rs-770-icici-securities-13029548.html,"ICICI Securities is bullish on Hindalco Industries has recommended buy rating on the stock with a target price of Rs 770 in its research report dated May 13, 2025.",BUY,"ICICI Securitie`s research report on Hindalco Industries Novelis’ Q4FY25 performance was in line with our estimates. Key points: 1) Operating leverage benefits resulted in EBITDA/te rebounding to USD 494; 2) sales volume rose 6% QoQ as beverage can market remains strong; 3) higher scrap prices are likely to be structural, prompting several interventions by management; and 4) FY26 management guided capex at USD 1.9-2.2bn while net debt/EBITDA likely to remain below 3.5x. Outlook Going ahead, while several uncertainties pertaining to tariffs, scrap spreads and end-market persist, we believe Novelis’ EBITDA may remain above USD 500/te overall. Taking cognisance of the prevailing LME Al prices, and Novelis’ profitability bottoming out, we raise our TP slightly to INR 770 (earlier INR 765) on an unchanged 6.3x FY27E EBITDA. Maintain BUY. For all recommendations report, click here ICICI_Hindalco Industries"
13 May 2025,"Stocks to Watch Today: Tata Steel, Hindalco, Paytm, Kfin Technologies, Premier Explosives, Aether Industries, Sundaram Clayton in focus on 13 May",https://www.moneycontrol.com/news/business/markets/stocks-to-watch-today-tata-steel-hindalco-paytm-kfin-technologies-premier-explosives-aether-industries-sundaram-clayton-in-focus-on-13-may-13021815.html,"Stocks to watch, 13 May: Stocks like Raymond, Care Ratings, One 97 Communications Paytm, Kfin Technologies, Premier Explosives, Aether Industries, Sundaram Clayton, Northern Arc Capital, Motilal Oswal Financial Services, and Tanla Platforms will be in focus on May 13.",Stocks to Watch Today,"Let's catch up on the latest news from the stock market. From significant investments to major deals, quarterly earnings, and acquisitions, here’s a quick look at which stocks will be in focus in today's trade: Results Today Tata Motors, Hero MotoCorp, Bharti Airtel, Siemens, Bharti Hexacom, Aditya Birla Capital, Cipla, GAIL India, GlaxoSmithKline Pharmaceuticals, Garden Reach Shipbuilders & Engineers, ITD Cementation India, Jubilant Ingrevia, Metropolis Healthcare, Max Financial Services, Suven Life Sciences, VIP Industries, and VST Tillers Tractors will announce their quarterly earnings scorecard on May 13. Quarterly Earnings Tata Steel Q4 (Consolidated YoY) Profit surges 116.5% to Rs 1,200.9 crore Vs Rs 554.6 crore Revenue falls 4.2% to Rs 56,218.1 crore Vs Rs 58,687.3 crore Exceptional loss at Rs 388.6 crore Vs loss of Rs 594.5 crore Tax expenses drop to Rs 998.81 crore Vs Rs 1,254.31 crore Other income jumps to Rs 461 crore Vs Rs 175.9 crore Board recommends final dividend of Rs 3.60 per share Company to invest up to $2.5 billion in subsidiary T Steel Holdings Pte Novelis (Hindalco subsidiary) Q4 (YoY) Net income soars 77% to $294 million Net income attributable to common shareholder excluding special items jumps 46% to $262 million Net sales increase 13% to $4.6 billion Adjusted EBITDA drops 8% to $473 million Rolled product shipments grow 1% to 957 Kilotonnes Adjusted EBITDA per tonne shipped falls 9% to $494 Raymond Q4 (Consolidated YoY) Profit from continuing operations grows 101% to Rs 25.4 crore Vs Rs 12.7 crore Revenue jumps 109.7% to Rs 557.5 crore Vs Rs 265.9 crore Care Ratings Q4 (Consolidated YoY) Profit zooms 76.7% to Rs 43.4 crore Vs Rs 24.6 crore Revenue grows 21.6% to Rs 109.7 crore Vs Rs 90.1 crore Board recommended a final dividend of Rs 11 per share JM Financial Q4 (Standalone YoY) Profit spikes 389.8% to Rs 134.6 crore Vs Rs 27.5 crore Net interest income grows 31.9% to Rs 250.2 crore Vs Rs 189.7 crore Board recommends a dividend of Rs 2.70 per share for FY25 TD Power Systems Q4 (Consolidated YoY) Profit zooms 82.7% to Rs 53 crore Vs Rs 29 crore Revenue jumps 31.9% to Rs 348.2 crore Vs Rs 263.9 crore Thomas Cook Q4 (Consolidated YoY) Profit rises 13.5% to Rs 66 crore Vs Rs 58.2 crore Revenue grows 18.3% to Rs 1,968.9 crore Vs Rs 1,663.8 crore Morepen Laboratories Q4 (Consolidated YoY) Profit falls 28.2% to Rs 20.3 crore Vs Rs 28.3 crore Revenue grows 10.1% to Rs 465.9 crore Vs Rs 423.1 crore Carborundum Universal Q4 (Consolidated YoY) Profit tanks 78.9% to Rs 30.1 crore Vs Rs 142.6 crore Revenue rises 1.3% to Rs 1,217.1 crore Vs Rs 1,201.2 crore Raymond Lifestyle Q4 (Consolidated YoY) Loss stands at Rs 45 crore Vs profit of Rs 235.6 crore Revenue drops 11.3% to Rs 1,494.2 crore Vs Rs 1,684.6 crore Zaggle Prepaid Ocean Services Q4 (Consolidated YoY) Profit zooms 62.5% to Rs 31.1 crore Vs Rs 19.2 crore Revenue soars 50.8% to Rs 412.1 crore Vs Rs 273.4 crore Stocks to Watch One 97 Communications (Paytm) Antfin, an affiliate company of the Chinese conglomerate Alibaba Group, is likely to sell up to a 4% stake in One 97 Communications via block deals, reports CNBC-TV18 quoting sources. The offer size is expected to be Rs 2,066 crore, with a floor price of Rs 809.75 per share. Kfin Technologies General Atlantic Singapore Fund Pte is likely to sell a 6.9% equity stake (equivalent to 1.18 crore equity shares) in Kfin via block deals, reports CNBC-TV18 quoting sources. The offer size may be around Rs 1,209.5 crore, with a floor price of Rs 1,025 per share. Premier Explosives The company has received closure orders from the Telangana Pollution Control Board in Hyderabad, instructing it to stop all industrial activities with immediate effect at its factory in Yadadri-Bhuvanagiri, Telangana. The accident occurred at the factory on April 29, 2025. Aether Industries Promoter Purnima Desai will sell up to a 6.77% equity stake in the company (equivalent to 89.79 lakh shares) via an offer-for-sale (OFS) on May 13 and May 14. The OFS will open for non-retail investors on May 13 and for retail investors on May 14. The floor price for the offer is set at Rs 700 per share. Piramal Pharma The pharmaceuticals and wellness company will invest $90 million towards expanding two of its facilities in the United States—Michigan and Kentucky facilities. Cochin Shipyard Cochin Shipyard announced a collaboration with Drydocks World, a DP World company, to boost India’s ship repair and offshore fabrication capabilities. Allied Blenders and Distillers The Board will consider the proposal for fund raising via equity shares or securities on May 15. Gensol Engineering Anmol Singh Jaggi has resigned as Managing Director, and Puneet Singh Jaggi as Whole-time Director of the company, effective May 12. Bulk deals Sundaram Clayton Tata Mutual Fund acquired a 2.81% stake in the company at an average price of Rs 1,990 per share. However, the promoter entity Srinivasan Trust exited the company by selling its personal shareholding of 2.81% at an average price of Rs 1,990.09 per share. Northern Arc Capital Morgan Stanley Asia Singapore Pte acquired a 0.54% stake in the company at an average price of Rs 193 per share. However, 360 ONE Special Opportunities Fund - Series 2 sold a 2.2% stake at an average price of Rs 194.64 per share. Block Deals Motilal Oswal Financial Services Citigroup Global Markets Mauritius bought 2.03 lakh shares in the company at an average price of Rs 679.5 per share, from Morgan Stanley Asia Singapore Pte. Tanla Platforms Promoter Dasari Uday Kumar Reddy acquired a 1.38% stake in the company at an average price of Rs 470.15 per share, from American Funds Insurance Series Global Small Capitalization Fund and Smallcap World Fund Inc. Stocks Trade Ex-Dividend Godrej Consumer ProductsIFGL Refractories Stock Trades Ex-Date for Income Distribution (InvIT) IRB InvIT Fund Stock Trades Ex-Date for Rights Yamini Investments Company Stocks in F&O ban Central Depository ServicesManappuram Finance Stocks removed from F&O ban RBL Bank"
22 Apr 2025,"Trade Spotlight: How should you trade LIC, CDSL, SBI, Sun Pharma, Hindalco, Adani Green Energy, and others on April 22?",https://www.moneycontrol.com/news/business/markets/trade-spotlight-how-should-you-trade-lic-cdsl-sbi-sun-pharma-hindalco-adani-green-energy-and-others-on-april-22-13000359.html,"After a consistent five-day rally, the market may consolidate, though the overall trend remains positive. Below are some trading ideas for the near term.",Stocks top Buy for short term,"The benchmark indices made a healthy start to the week, with the Nifty 50 rising 1.15 percent on April 22, supported by buying across sectors barring FMCG. Market breadth remained in favour of the bulls, with 2,079 shares advancing compared to 536 declining on the NSE. After a consistent five-day rally, the market may consolidate, though the overall trend remains positive. Below are some trading ideas for the near term: Jigar S Patel, Senior Manager - Equity Research at Anand Rathi Life Insurance Corporation of India | CMP: Rs 817.50  After peaking near Rs 1,222 in August 2024, LIC witnessed a sharp decline of nearly Rs 500, translating to a 42 percent correction. Recently, the stock has formed a classic Inverse Head and Shoulders pattern — a bullish reversal setup. The price has also successfully retested the neckline of the pattern and shown strength, indicating a potential trend reversal. Traders may consider entering long positions in the Rs 800–820 zone, with an upside target of Rs 900. Strategy: Buy Target: Rs 900 Stop-Loss: Rs 765 Clean Science and Technology | CMP: Rs 1,200.4  Clean Science has recently formed a textbook bullish Bat pattern on the daily chart, supported by rising volumes from the bottom, indicating strong buying interest. Interestingly, the Bat pattern’s reversal zone aligns with the S3 monthly Camarilla pivot, adding technical confluence. Moreover, an Inside Value relationship is observed between March and April pivots, where April’s R3 and S3 lie within March’s range. This setup often precedes a significant breakout, hinting at a potentially explosive move ahead. Traders may consider entering long positions in the Rs 1,185–1,200 zone. Strategy: Buy Target: Rs 1,320 Stop-Loss: Rs 1,140 Cello World | CMP: Rs 584.3  Cello World recently formed a double bottom with bullish divergence and broke above a falling trendline, signaling a potential reversal. Strong volume in the Rs 535–565 zone adds bullish confirmation. Both March and April 2025 Camarilla monthly pivots show an Inside Value relationship, where the current month’s pivot lies within the previous month’s range — often a precursor to an explosive move. Traders may consider long positions between Rs 580–585. Strategy: Buy Target: Rs 680 Stop-Loss: Rs 540 Jay Thakkar, Vice President & Head of Derivatives and Quant Research at ICICI Securities Central Depository Services May Futures | CMP: Rs 1,311.6  CDSL has provided a breakout from a base formation, primarily due to short covering. The stock had witnessed its highest short build-up in recent times and is now seeing covering, along with its peers, as the entire Nifty Capital Market index has started to recover. In anticipation of further short covering, one can go long on CDSL in the range of Rs 1,280–1,260 in the short term. Strategy: Buy Target: Rs 1,340, Rs 1,360 Stop-Loss: Rs 1,220 State Bank of India May Futures | CMP: Rs 816.1  SBI has broken out of a base formation with clear short covering in the recent bounce back, leading the stock to break above the crucial resistance of Rs 800, which had a significant Call base. The stock has now seen clear upward momentum and Put additions at lower levels, which may support any dips. In the short term, all PSU banks are likely to witness an uptrend, and SBIN offers a good setup. Buy SBI May Futures in the range of Rs 820–800. Strategy: Buy Target: Rs 850, Rs 870 Stop-Loss: Rs 780 Sun Pharmaceutical Industries May Futures | CMP: Rs 1,746.2  Sun Pharmaceutical has seen long liquidation throughout its uptrend, and the cumulative open interest has now dropped to its lowest level in six years or more, indicating that derivatives positions are quite light. Prices are now providing positive divergence, increasing the chances of an uptrend. Sun Pharma has been one of the relative outperformers in the Nifty Pharma Index and is likely to inch towards the upper end of the range. Buy Sun Pharmaceutical May Futures in the range of Rs 1,760–1,740. Strategy: Buy Target: Rs 1,830, Rs 1,860 Stop-Loss: Rs 1,710 Anshul Jain, Head of Research at Lakshmishree Investments Hindalco Industries | CMP: Rs 622  Hindalco has broken out of a bullish flag pattern on the daily chart, with a close above Rs 618 confirming the breakout. Although volumes were muted, large caps often see follow-up buying. Sustaining above Rs 618 is key for the bulls. The immediate upside target lies near the gap resistance zone of Rs 645–647. A strong close above this level can extend momentum. Until then, it remains a buy-on-dips candidate with defined levels. Strategy: Buy Target: Rs 645 Stop-Loss : Rs 610 SBI Cards and Payment Services | CMP: Rs 909.65  SBI Card has broken out of a 420-day-long bullish Cup and Handle pattern on the daily chart, with a breakout at Rs 890. While volumes were muted, price action remains strong, and follow-through buying may boost participation. The stock closed above the breakout point and continues to trade comfortably above resistance. A sustained move above Rs 890 could lead to an initial upside target of Rs 1,000. Traders can look to ride the breakout with a tight stop-loss below Rs 890. Strategy: Buy Target: Rs 1,000 Stop-Loss: Rs 890 Adani Green Energy | CMP: Rs 956.25  Adani Green Energy is nearing a bullish breakout from a 47-day-long down-slanting Cup and Handle pattern, with the neckline placed at Rs 960. The volume pattern is constructive, indicating strong accumulation. A breakout and sustained move above Rs 960 could trigger a sharp rally, initially targeting the swing high of Rs 1,025. If momentum continues, the breakout structure suggests a further upside towards Rs 1,127. Traders should watch for confirmation above Rs 960 to ride the breakout with strength. Strategy: Buy Target: Rs 1,025 Stop-Loss: 930"
16 Apr 2025,"Hindalco, JSW Steel, Hind Zinc, other metal shares drop up to 2% amid US-China trade war fears",https://www.moneycontrol.com/news/business/markets/hindalco-jsw-steel-hind-zinc-other-metal-shares-drop-up-to-2-amid-us-china-trade-war-fears-12995663.html,"Metal sector has witnessed sharp volatility over the past three weeks, largely driven by the ongoing tariff tensions between the US and China.",Metal stocks traded under pressure in Wednesday's trading session amid US-China trade war fears.,"Metal shares came under selling pressure on Wednesday amid the rising US-China trade war which analysts believe may hit the domestic steel manufacturers. The sharp sell-off was seen after U.S. President Donald Trump ordered a probe into potential new tariffs on all U.S. critical minerals imports, a major escalation in his dispute with global trade partners and an attempt to push back on industry leader China. The Nifty Metal index snapped its two-day rally to drop nearly a percent in April 16 trade. Hindalco Industries, JSW Steel and Hindustan Zinc, among other heavyweights dragged the index. The metal sector has witnessed sharp volatility over the past three weeks, largely driven by the ongoing tariff tensions between the US and China. After the reciprocal tariffs were announced by Trump on April 2, metal stocks plunged on fears of a slowdown in the US and ripple effect in other economies, which could hurt demand for metals. The high tariffs on about 60 countries also heightened worries about the dumping of products into countries like India, dampening domestic players in the sector. However, the sector took a breather when the US president imposed a 90-day pause on the reciprocal tariffs, except China, which continues to attract 145 percent duties on its imports to the US. Meanwhile, Trump's recent order on Tuesday lays bare what manufacturers, industry consultants, academics and others have long warned Washington about: that the U.S. is overly reliant on Beijing and others for processed versions of the minerals that power its entire economy, reported Reuters. China is a top global producer of 30 of the 50 minerals considered critical by the U.S. Geological Survey, for example, and has been curtailing exports in recent months, the report added. Ajit Mishra, Senior Vice President at Religare Broking, noted ""These developments have sparked concerns about a potential global economic slowdown, which could dampen metal demand. Given the uncertainty, we believe it is wise to avoid aggressive positions in metal stocks for now and wait for more clarity."" Hindalco Industries lost almost 2 percent to hit an intraday low of Rs 604.5 per share on the NSE. it was followed by JSW Steel, which was down 1.17 percent to Rs 996.2. Hindustan Zinc and Tata Steel were down, 0.76 percent and 0.68, respectively. Vedanta, Jindal Stainless and National Aluminium Company were down between 0.22 percent and 0.38 percent. ""Since the trade war between US and China is heating up after China’s latest decision to halt exports of rare earths and orders for Boeing, more actions, reactions and volatility are on the cards,"" added VK Vijayakumar, Chief Investment Strategist at Geojit Investments. Additionally, Reuters, citing a report by the Wall Street Journal, said the Trump administration is planning to use ongoing tariff talks to press U.S. trading partners to reduce their ties with China. According to the report, American officials aim to negotiate with over 70 countries, urging them to block China from routing goods through their territories and to stop Chinese companies from setting up operations there in a bid to bypass U.S. tariffs."
15 Apr 2025,"Hindalco Industries Q4 PAT seen up 61% YoY to Rs. 5,110 cr: PL Capital",https://www.moneycontrol.com/news/business/earnings/hindalco-industries-q4-pat-seen-up-61-yoy-to-rs-5-110-cr-pl-capital-12994331.html,"Net Sales are expected to increase by 15.9 percent Y-o-Y (up 11.1 percent Q-o-Q) to Rs. 64,870 crore, according to PL Capital.",Hindalco,"PL Capital has come out with its fourth quarter (January-March’ 25) earnings estimates for the Metal & Mining sector. The brokerage house expects Hindalco Industries to report net profit at Rs. 5,110 crore up 61% year-on-year (up 34% quarter-on-quarter). Net Sales are expected to increase by 15.9 percent Y-o-Y (up 11.1 percent Q-o-Q) to Rs. 64,870 crore, according to PL Capital. Earnings before interest, tax, depreciation and amortisation (EBITDA) are likely to rise by 29.2 percent Y-o-Y (up 13.8 percent Q-o-Q) to Rs. 8,630 crore. Prabhudas_Metals Mining"
11 Apr 2025,"Bulls tighten grip as Sensex, Nifty surge over 2% on Trump's tariff pause, all sectors in green; Vix down 11%",https://www.moneycontrol.com/news/business/markets/bulls-tighten-grip-as-sensex-nifty-surge-over-2-on-trump-s-tariff-pause-all-sectors-in-green-vix-down-11-12991658.html,"Sensex, Nifty surged on hopes of a bilateral trade agreement (BTA) between India and the United States, before the end of the 90-day tariff pause, set to expire on July 9.","Sensex, Nifty surged over 2 percent on Trump's tariff pause in Friday's trading session. ","Equity benchmarks rallied sharply on Friday, with the Sensex and Nifty surging over 2 percent by mid-session, after the United States announced a 90-day pause on additional tariffs on India, fuelling hopes of a bilateral trade agreement (BTA) between the two countries, before the deadline ends. The BSE Sensex zoomed 1,612.42 points or 2.18 percent to 75,459.57 at around 12:15 PM, while the NSE Nifty advanced 519.65 points or 2.32 percent to 22,918.80. Market sentiment remained positive as over 2,700 stocks advanced, outpacing 553 declines. Around 104 stocks were unchanged. The rally was broad-based with all sectoral indices in the green. Metals led the charge as the Nifty Metal index jumped 4.5 percent, followed by pharma, auto, financials, realty and consumer durables – all gaining over 2 percent. The sharp upmove in metal counters came amid easing concerns over a global tariff war following the US decision to pause additional duties on about 60 countries. Stock Market LIVE Updates Among the top gainers in the Nifty pack were Hindalco Industries, Tata Steel, JSW Steel, Coal India, and Kotak Mahindra Bank. Investor optimism was further boosted by expectations that India and the US may finalize a bilateral trade agreement (BTA) before the end of the 90-day tariff pause, set to expire on July 9. A report by Moneycontrol suggested that New Delhi is eyeing a partial pact with Washington, focusing on three key areas—deepening trade ties, improving market access, and protecting domestic interests. Despite weak global cues, domestic equities shrugged off concerns as analysts said India could benefit from the US' decision not to extend the tariff pause to China, Hong Kong, and Macau. ""While intra-day volatility may persist, higher US tariffs on China can improve export prospects for Indian companies. Also, any retaliation by China could push foreign institutional investors (FIIs) to favour Indian markets,"" said Vikas Jain, Head of Research, Reliance Securities. The India VIX, a measure of market volatility, slipped 11 per cent to below 19, signalling reduced investor anxiety. Broader markets also posted strong gains, with Nifty Midcap 100 and Smallcap 100 indices climbing between 2 and 2.5 percent. However, analysts struck a cautious note. ""There is no scope for a sustained rally in such an uncertain global environment. That said, India’s macroeconomic fundamentals remain strong and we are relatively insulated from the ongoing trade tensions,"" said Dr VK Vijayakumar, Chief Investment Strategist at Geojit Financial Services. On the technical front, the Nifty may face resistance in the 23,100–23,300 range, with support near 22,400, said Devarsh Vakil, Head of Prime Research at HDFC Securities. In Asia, the picture remained mixed, with Japan’s Nikkei index leading losses, while Taiwan bucked the trend and outperformed."
07 Apr 2025,"Tata Steel tumbles 7%, Metal index down 7% as Trump tariff rattles Dalal Street",https://www.moneycontrol.com/news/business/markets/tata-steel-hits-lower-circuit-metal-index-down-7-as-trump-tariff-rattles-dalal-street-12986674.html,"The fall in metal stocks is in-line with overall market weakness, after US President Trump's reciprocal tariffs and China's retaliation rattled global markets and triggered fears of a trade war.",Dalal Street clocks its biggest fall in 10 months on tariff jitters.,"Metal stocks plunged sharply on April 7 of rising uncertainty over retaliations to Trump's tariffs, with heavyweight Tata Steel crashing 10 percent to hit the lower circuit in the morning, as a strong downturn pulled Nifty Metal index lower by nearly 7 percent to a one-year low on April 7. The fall in the metal stocks is in-line with the overall weakness, following the major crash on Monday morning, as US President Trump's reciprocal tariffs rattled global markets and triggered fears of a tariff war. As a result of the uncertainty, the US index futures too are under selling pressure, with S&P 500 futures lower by 4 percent as of 10:00 am. Tata Steel shares later made some recovery, to close nearly 7 percent lower at Rs 130.20 apiece. Lloyds Metals and Energy shares plunged nearly 9 percent, while National Aluminium Company, JSW Steel and Hindustan Copper closed nearly 8 percent lower. SAIL, Vedanta Limited and Hindalco shares plunged nearly 6 percent. Adani Enterprises, NMDC, Welspun Corp and other metal stocks also ended the session in the deep red, with losses more than 2 percent. VK Vijayakumar, Chief Investment Strategist at Geojit Financial Services said, ""Globally markets are going through heightened volatility caused by extreme uncertainty. No one has a clue about how this turbulence caused by Trump tariffs will evolve.  Wait and watch would be the best strategy in this turbulent phase of the market."" Vijayakumar added that investors should bear in mind that the uncertainty may not last too long, and India has been relatively better-placed than most Asian peers. ""There are a few things that investors should keep in mind. One, the irrational Trump tariffs will not continue for long. Two, India is relatively better placed since India’s exports to the US as percentage of GDP is only around 2 percent and therefore the impact on India’s growth will not be significant. Three, India is negotiating a Bilateral Trade Agreement with the US and this is likely to be successful resulting in lower tariffs for India."" US President Trump had imposed 25 percent tariff on steel and aluminum imports earlier in March, and hinted at tariff on copper imports as well. While his recent reciprocal tariff announcement didn't include metals, investors are concerned over the impact as countries like China retaliate to US tariffs, resulting in trade wars."
04 Apr 2025,"Vedanta, Tata Steel, other metal stocks crash up to 9% as Trump tariffs stoke demand fears",https://www.moneycontrol.com/news/business/markets/hindalco-nalco-lead-selloff-in-metal-shares-as-trump-tariffs-stoke-demand-fears-12984568.html,"US tariff hikes may slow global economic growth and fuel inflation, while oil prices could remain lower than forecast for several years due to reduced global demand, economists said.",markets,"Major metal stocks weakened by up to 9 percent on April 4, with the biggest losers including Hindustan Copper, National Aluminum, Vedanta, Tata Steel, among others, on growing concerns that President Trump's latest tariffs could severely impact demand for industrial commodities. The Nifty Metal index lost nearly 7 percent on April 4 after declining a percent on April 3. Among top losers, Hindustan Copper fell nearly 9 percent, while National Aluminum, Vedanta, Tata Steel and Hindalco shares dropped over 8 percent each. SAIL shares lost over 5 percent. JSW Steel shares meanwhile declined over 3 percent. While metals were largely excluded from the sweeping trade restrictions, fears remain that the broader economic effects of Trump’s policies could slow global growth and hurt consumption. On the COMEX, copper for May delivery fell to $4.839 per lb. ($10,645 per tonne), marking a 10% decline from last week’s record high. Meanwhile, copper on the London Metal Exchange slid as much as 2% to $9,510.5 per tonne, with aluminum also dropping to its lowest level in nearly seven months. Market analysts warn that copper prices may face continued downward pressure as investors assess the full implications of the new tariffs. Citigroup analysts, including Max Layton, predict that copper prices could slide further to $8,500 per tonne in the second quarter for 2025 as tariff-related concerns weigh on global growth. Economists are projecting a 30 bps downside risk to India’s GDP growth estimate, with 9% of exports at risk. US tariff hikes may slow global economic growth and fuel inflation, while oil prices could remain lower than forecast for several years due to reduced global demand, economists said. Countries worldwide threatened to escalate a trade war with the U.S. after President Trump’s sweeping tariffs sparked fears of rising prices in the world's largest consumer market. The announcement on Wednesday sent global markets tumbling and drew sharp criticism from leaders facing the collapse of decades-long trade liberalization."
03 Apr 2025,"Vedanta, JSW Steel, other metal stocks slide as Trump's tariffs reignite trade war fears",https://www.moneycontrol.com/news/business/markets/vedanta-jsw-steel-other-metal-stocks-slide-as-trump-s-tariffs-reignite-trade-war-fears-12983797.html,"India runs the risk of dumping of steel products into the country after the US tariff imposition, along with concerns over the impact of tariffs on global demand.",Donald Trump,"The shares of metal companies posted strong losses on April 3 following US President Trump's reciprocal tariffs on concerns over global demand growth and the potential disruption to business activities across the globe. A factsheet released by the White House showed that steel, aluminum and other articles will be exempt from the reciprocal tariffs, as the Trump administration has already imposed 25 percent tariffs on them. The exemptions include copper, on which Trump is expected to announce tariffs in the near future. Industry experts, concerned over the impact tariffs on global demand, also fear the uncertainty over potential counter-measures by China and the European Union, sparking worries over an extended trade spat. Kotak Mahindra AMC MD Nilesh Shah has warned against the increase dumping of cheap Chinese exports after US reciprocal tariffs, hurting the domestic players. ""We should negotiate hard with China to create a win-win situation rather than the usual lose-lose situation,"" Shah said. The fall in the metal stocks pushed the Nifty Metal index down nearly a percent to close at 9,005 on April 3. This is the lowest closing level for the index in the last 12 consecutive sessions. Amar Ambani, Executive Director at Yes Securities said India runs the risk of dumping of steel products into the country after the tariff imposition. ""The existing 25 percent US tariff on steel and aluminum remains unchanged, boosting US domestic prices. However, exporters from Vietnam, Japan, and South Korea are pivoting to India and the Middle East, exacerbating India’s challenge with cheap steel imports... No tariffs have hit copper yet, but US reviews of import impacts signal potential 25% duties ahead. Such a move could reshape trade flows and pressure copper-exporting nations,"" said Amar Ambani. Vedanta was the top loser on the index, crashing nearly 4 percent, whiel Hindalco and JSW Steel shares fell over a percent each. Tata Steel, Jindal Steel & Power, Hindustan Copper and National Aluminium shares too closed nearly a percent lower, while Steel Authority of India (SAIL) ended with marginal losses. Bucking the trend, Adani Enterprises and Welspun Corp shares rose over a percent, while Jindal Stainless Steel, NMDC and APL Apollo Tubes shares too closed in the green."
03 Apr 2025,Buy Hindalco Industries; target of Rs 800: Anand Rathi,https://www.moneycontrol.com/news/business/stocks/buy-hindalco-industries-target-of-rs-800-anand-rathi-3-12983611.html,"Anand Rathi is bullish on Hindalco Industries has recommended buy rating on the stock with a target price of Rs 800 in its research report dated April 02, 2025.",Buy,"Anand Rathi's research report on Hindalco Industries We recently attended Hindalco’s Investor Day 2025 where management unveiled ~$10bn expansion plan for Novelis and India, along with multiple strategic initiatives, which would help strengthen its market leadership. Novelis laid down a detailed plan under ‘3X30’ vision, which will help the company to focus on higher circularity (increasing the share of recycled products from 63% to 75%), reduce emissions and ensure industry-leading RoICs. Similarly, the domestic business targets to double its upstream presence and quadruple downstream business by FY30. The company has shifted its focus from being a metals producer to an engineering solutions provider, with innovation and a customer-centric approach at its core. Novelis reiterated its long-term EBITDA/tonne guidance of >$600, driven by operating leverage from scale, pricing and the product mix, coupled with operational efficiencies, cost optimization and enhanced usage of recycled input content. The 600k-tonne strategic expansion at Bay Minette is on track and is expected to be completed in H2 CY26. The company further plans to enhance its India aluminium smelting capacity by 180k tonnes to 1.52m tonnes by FY28. Outlook Considering all the capex progressing per timelines, the strong capital allocation policy, the market-defining product portfolio mix, surging domestic demand, enhanced presence across downstream and the VAP portfolio, integrated domestic operations, etc., augur well for the company. We retain our Buy rating and a sum-of-parts TP of Rs800/share. For all recommendations report, click here Hindalco Industries - 03042025 - anand"
