Date,Title,URL,Article Description,Article Text,Article Content
29 Aug 2025,"Stocks to Watch Today: Reliance Industries, Hexaware, Lemon Tree Hotels, Afcons, Shukra Pharma, Paytm, Muthoot Finance, CG Power in focus on 29 August",https://www.moneycontrol.com/news/business/markets/stocks-to-watch-today-reliance-industries-hexaware-lemon-tree-hotels-afcons-shukra-pharma-paytm-muthoot-finance-cg-power-in-focus-on-29-august-13498041.html,"Stocks to Watch, 29 August: Stocks like Reliance Industries, Hexaware Technologies, Lemon Tree Hotels, Afcons Infrastructure, Shukra Pharmaceuticals, One 97 Communications Paytm, Muthoot Finance, and CG Power and Industrial Solutions will be in focus on August 29.","Stocks to Watch Today, 29 August","Let's catch up on the latest news from the stock market. From significant investments to major deals, order wins, acquisitions, and appointments, here’s a quick look at which stocks will be in focus in today's trade: Stocks to Watch Hexaware Technologies The IT services and solutions provider announced a strategic partnership with Replit, the leading agentic software creation platform, to revolutionize enterprise software development through secure, governed Vibe Coding. ICICI Bank The Board has accepted the early retirement request received from Subir Saha, Group Chief Compliance Officer (GCCO), effective August 28, and appointed Anish Madhavan, an existing SMP, as the GCCO effective August 29, in place of Saha. NTPC The company has approved the transfer of its coal mining business to its wholly owned subsidiary, NTPC Mining. Himatsingka Seide The Board of Directors will meet on September 2 to consider the raising of funds via the issuance of any eligible securities. Lemon Tree Hotels The company has signed a License Agreement for a new hotel property — Lemon Tree Hotel — in Mohkampur, Dehradun. The property will be managed by its subsidiary, Carnation Hotels. Afcons Infrastructure The flagship infrastructure engineering and construction company of the Shapoorji Pallonji Group said the Board has elevated existing Chairman Shapoorji Mistry as Chairman Emeritus, and Krishnamurthy Subramanian as Executive Chairman, while Pallon S. Mistry was inducted to the Board of Afcons. Shukra Pharmaceuticals The company has received a Letter of Award (LoA) from HSCC (India) — a Government of India enterprise — for the supply of medicines and diagnostic kits to Afghanistan. The contract value is Rs 24.06 crore. Muthoot Finance The company has infused Rs 500 crore in its wholly owned subsidiary, Muthoot Money, against the allotment of 3,25,139 shares on a rights basis. The additional equity infusion has been made in order to strengthen the capital base and improve the capital adequacy ratio. Federal Bank Srinivasan P has been appointed as the Executive Vice President & Head – Business Initiatives (Wholesale Banking) and a Senior Management Personnel of the bank. CG Power and Industrial Solutions The company's subsidiary, CG Semi Private, has launched its first outsourced semiconductor assembly and test (OSAT) facility in Sanand, Gujarat. CG Semi is investing over Rs 7,600 crore over five years to develop two facilities (G1 and G2) in Sanand. Welcure Drugs & Pharmaceuticals The Board has approved raising of funds up to Rs 80 crore via qualified institutions placement, in one or more tranches. AGI Infra The company is going to acquire a 60% stake by investing Rs 30 crore in WorldNext Realty LLP. Power & Instrumentation (Gujarat) The company has received a work order worth Rs 9.5 crore from Sadashiv Projects India for the supply, erection, installation, testing, and commissioning of material/equipment for a 5.00 MWP ground-mounted solar project. Jain Irrigation Systems The Board of Directors will meet on September 2 to consider the proposal for fund raising. Mahindra Lifespace Developers The Board has approved the appointment of Parijat Dey as Chief Technology Officer of the company, effective September 1. Allcargo Logistics LCL (Less than Container Load) volume stood at 774 cubic meters in July, an increase of 10% over last month and a decline of 5% over last year. FCL (Full Container Load) volume in July grew by 9% MoM and YoY to 59,443 TEUs. Sammaan Capital The company has raised $300 million via the allotment of $30,00,00,000 8.95% Senior Secured Social Bonds due 2028. The said bonds are expected to be listed on the Global Securities Market of India International Exchange (IFSC). PG Electroplast The Board of Directors of the company's subsidiary, PG Technoplast, has appointed Girish Chander as Chief Executive Officer (CEO), effective August 29. Everest Industries The company has completed its investment of Rs 1.76 crore for 17.6 lakh shares (3.12% stake) in Amplus Ampere. Bulk Deals InterGlobe Aviation The Chinkerpoo Family Trust, with Shobha Gangwal and JP Morgan Trust Company of Delaware as trustees, sold 25.2 lakh shares each at Rs 5,814.71 per share and Rs 5,825.72 per share, respectively. This is equivalent to a 1.3% stake worth Rs 2,933.4 crore. As of June 2025, Rakesh Gangwal and the Chinkerpoo Family Trust had held a 7.81 percent stake in the IndiGo operator. RBL Bank Societe Generale net bought 31,49,445 shares in the private sector lender at Rs 250.57 per share, valued at Rs 78.9 crore. SME Listing on August 29 ARC Insulation & Insulators Annual General Meeting Today Reliance IndustriesOil and Natural Gas CorporationOne 97 CommunicationsSBI Life Insurance CompanyApollo Hospitals EnterpriseNTPCIndusInd BankIndus TowersLIC Housing FinanceNarayana HrudayalayaNMDCNMDC SteelGail (India)United SpiritsEmamiFederal BankFino Payments BankABM KnowledgewareAction Construction EquipmentAgi GreenpacAlstone Textiles (India)Avax Apparels and OrnamentsBannari Amman SugarsBinny MillsCenterac TechnologiesCosmo FerritesDhanashree ElectronicsGlobal Longlife Hospital and ResearchHMA Agro IndustriesIndustrial & Prudential Investment CompanyInflame AppliancesJhandewalas FoodsJasch Gauging TechnologiesJana Small Finance BankJubilant IngreviaJubilant PharmovaSai Silks (Kalamandir)Kalyani ForgeKaycee IndustriesKuberan Global Edu SolutionsKhaitan Chemicals & FertilizersKrishna Institute of Medical SciencesKreon Finnancial ServicesKuantum PapersLloyds EnterprisesMahaveer InfowayMaral OverseasMPSNCCNDL VenturesOmax AutosOrient Paper & IndustriesProcter & Gamble HealthPolyspin ExportsQuess CorpRajapalayam MillsRam Ratna WireSaurashtra CementShetronShree Digvijay Cement CompanyShricon IndustriesSpentex IndustriesStarlit Power SystemsStellant Securities (India)Styrenix Performance MaterialsIndosolarWelspun Enterprises Stocks Trade Ex-Dividend Engineers IndiaIRB Infrastructure DevelopersZee Entertainment EnterprisesPremier EnergiesNBCC (India)Asian Hotels (East)Alfred Herbert IndiaBlack BoxBikaji Foods InternationalCantabil Retail IndiaGanesh Housing CorporationHaryana Leather ChemicalsHarsha Engineers InternationalMorepen LaboratoriesNitin SpinnersPMC FincorpProtean eGov TechnologiesRoyal Orchid HotelsSalzer ElectronicsShetronShilp GravuresSKP SecuritiesSuyog TelematicsUniphos EnterprisesVijaya Diagnostic CentreWhirlpool of IndiaYuken India Stock Trades Ex-Date for Rights Covance SoftsolDeep Diamond IndiaEco Hotels and Resorts Stock Trades Ex-Date for Split Steelcast Stock Trades Ex-Date for Resolution Plan -Suspension JR Foods"
28 Aug 2025,"Union Bank, PSB, other PSU bank stocks fall up to 2%, index extends losses for 6th session",https://www.moneycontrol.com/news/business/markets/union-bank-psb-other-psu-bank-stocks-fall-up-to-2-index-extends-losses-for-6th-session-13495903.html,"HDFC Bank, ICICI Bank and other private lender stocks also dropped. This pushed the Nifty Bank index down nearly 1%.",Banks stocks decline,"The shares of several PSU banks dropped in trade on August 28, pushing the sectoral index down into the red for the sixth consecutive session. The Nifty PSU Bank index was down nearly 0.7 percent to hover around 6,803 in the afternoon. The index has now dropped nearly 5 percent in six consecutive sessions of recording losses. Punjab & Sind Bank (PSB) was the top loser on the index, dropping nearly 2 percent to trade at around Rs 28 apiece. Union Bank of India, Bank of Maharashtra, UCO Bank and Bank of India shares fell more than 1 percent each. Punjab National Bank (PNB), Canara Bank and Central Bank of India shares fell around 1 percent each, while Bank of Baroda, Indian Bank, State Bank of India (SBI) and Indian Overseas Bank (IOB) shares were trading in the red with marginal losses. Private bank stocks also dropped, with AU Small Finance Bank shares being down nearly 2 percent. Heavyweights HDFC Bank and ICICI Bank were down over 1 percent each. Kotak Mahindra Bank, Canara Bank, Bank of Baroda and IDFC First Bank shares were down nearly 1 percent each. The sharp drop in bank stocks pushed the Nifty Bank index down nearly 0.9 percent to stand at 53,969 in the afternoon. ""Bank Nifty continues to remain sluggish. Bank Nifty, with a bearish candle formation, has broken below the important and crucial support zone at the 55,000 level to weaken the bias and sentiment, expecting a further slide with the next major support visible near the 53500 zone. For the bias to improve, the index needs to witness a revival and move past the significant 50EMA level at the 55700 zone to establish some conviction and thereafter expect a further rise in the coming days. Bankex with profit booking witnessed a slip down below the 61000 zone to weaken the bias, and further ahead, a decisive breach below the important support of the 200 DMA level of 59900 shall trigger fresh selling pressure with the next major and crucial support positioned near the 58300 zone. For the bias to improve, the index needs to move past the resistance hurdle of the 50EMA level of 62300 to anticipate further rise in the coming days. BankNifty would have the daily range of 53800-55000 levels,"" said Vaishali Parekh, Vice President - Technical Research at PL Capital, while explaining the technical side of the index. Notably, the Indian government has appointed global investment banking firm Goldman Sachs as the transaction advisor for the stake sale in four public sector banks - UCO Bank, Central Bank of India, Punjab & Sind Bank, and Indian Overseas Bank (IOB). The government will likely dilute its equity stake in each of the four banks by up to 5% over the next two to three years, CNBC-TV18 reported. Also read: Our LIVE blog on stock market updates"
25 Aug 2025,"GIC, ICICI Bank to join TPG as co-Investors in $1-billion green-energy NBFC",https://www.moneycontrol.com/news/business/gic-icici-bank-to-join-tpg-as-co-investors-in-1-billion-green-energy-nbfc-13484540.html,"If approved, the platform will be among the first large-scale, privately backed green financing NBFCs in India "," 
GIC manages Singapore’s foreign reserves and is one of the world’s largest sovereign wealth funds with assets estimated at more than $700 billion. ","Singapore sovereign wealth fund GIC and ICICI Bank are set to come on board as co-investors with private equity firm TPG to launch a dedicated green energy financing platform in India, people familiar with the matter told Moneycontrol. The platform will be structured as a non-banking finance company (NBFC), with an equity base of close to $1 billion and is awaiting approval from the Reserve Bank of India, the sources said. “The approval for the NBFC is currently pending with the Reserve Bank and the regulator is expected to issue the license soon,” one of the persons cited above said. The NBFC will focus on wholesale lending to renewable energy projects and will offer plain vanilla loans rather than structured or hybrid products. Industry watchers said the lending book at inception is expected to be around $4.5–5 billion (nearly Rs 40,000 crore, making it one of the largest dedicated renewable financing vehicles in the country. The move comes at a time when project finance has slowed in India. Several large banks have reduced their exposure to long-term project loans following defaults in the power sector and amid uncertainty in the broader credit environment. India has pledged to install 500 GW of non-fossil fuel capacity by 2030, a target that industry experts estimate will require $20–25 billion in new investment each year. “A specialised NBFC of this size could help ease some of the financing bottlenecks,” an observer tracking the sector said. Emails sent to TPG, GIC and ICICI Bank seeking comment remained unanswered at the time of publication. GIC, which manages Singapore’s foreign reserves, is one of the world’s largest sovereign wealth funds with assets estimated at more than $700 billion. It has been a long-term investor in India across infrastructure, financial services and real estate, including stakes in DLF’s rental arm DCCDL, Bharti Airtel’s tower business and Greenko Energy. TPG, the US private equity firm, has been active in India for more than two decades. Through its Rise platform, it has stepped up exposure to climate and clean-energy ventures. Its investments include a $1-billion infusion in Tata Motors’ electric vehicle subsidiary in 2021 and funding commitments to Greenko Energy Holdings. ICICI Bank’s role as a co-investor is expected to give the NBFC a strong domestic anchor, complementing global capital from GIC and TPG. The platform will aim to fill a gap left by traditional lenders while catering to the fast-growing renewable sector, industry watchers said. If approved, the platform will be among the first large-scale, privately backed green financing NBFCs in India. Industry experts say its launch will highlight growing investor confidence in clean-energy financing, even as the domestic banking system remains cautious on long-term project lending. The NBFC could complement the role of state-backed financiers such as the Indian Renewable Energy Development Agency (IREDA) and REC Ltd, which have, so far, shouldered much of the responsibility for renewable lending but cannot alone meet the scale of financing required for India’s 2030 targets, they said."
21 Aug 2025,"Sensex settles 140 pts higher, Nifty above 25,050: Buying in RIL, bank stocks among key factors behind market gain",https://www.moneycontrol.com/news/business/markets/sensex-surges-400-pts-nifty-above-25-000-buying-in-ril-bank-stocks-among-key-factors-behind-market-rise-13474797.html,"Sensex, Nifty surged amid strong buying in blue-chip stocks, including Reliance and ICICI Bank. ","Sensex, Nifty surged amid strong buying in blue-chip stocks, including Reliance and ICICI Bank. ","The benchmark equity indices settled higher on Thursday, supported by gains in Reliance Industries and banking stocks along with firm Asian cues. Sensex advanced 142.87 points or 0.17 percent higher at 82,000.71, while the Nifty rose to 25,083.75, up 33.20 points or 0.13 percent. Dr. Reddy's Laboratories, Cipla, Reliance Industries, ICICI Bank and Larsen & Toubro were among the major gainers, rising up to 2 percent intraday. Key factors driving markets today 1) Buying in RIL, bank stocks: Reliance Industries saw strong buying interest, while banking counters also moved higher. The Bank Nifty was up 0.35 percent with 9 of its 12 constituents trading in the green. ""An interesting trend in the market is the steady up move in India in contrast to the down trend in the US. While concerns of potential rising inflation in the US is weighing on the market there, the bold reform initiatives in India and the sustained money flows into the market are imparting resilience to the market,"" VK Vijayakumar, Chief Investment Strategist, Geojit Investments Limited, said. 2) Positive global cues: Asian markets were mostly higher, with South Korea’s Kospi and Shanghai Composite index in the positive zone, supporting sentiment in domestic equities. Stock Market LIVE Updates 3) Fed signals awaited: Investors are tracking US Federal Reserve Chair Jerome Powell’s comments at the Jackson Hole Symposium for clarity on the future rate trajectory. 4) Rupee gains: The rupee appreciated 14 paise to 86.93 against the US dollar, aided by strong domestic equities and improved risk appetite. Traders said optimism on global risk sentiment and geopolitical cues supported the local unit. 5) India VIX decline: The volatility index slipped 1.3 percent to 11.63, indicating lower near-term market uncertainty and aiding investor sentiment. Nifty outlook Anand James, Chief Market Strategist at Geojit Financial Services, said, ""Yesterday’s upswings fizzled out near 25,096, the first upside objective. With Nifty near the upper Bollinger band, consolidation is likely. While a collapse is less probable, dips towards 25,000–24,977 may be expected before another upswing attempt towards 25,156–25,200."""
18 Aug 2025,"Street conservative on private banks amid margin squeeze, weak loan growth in Q1; time to relook?",https://www.moneycontrol.com/news/business/markets/street-conservative-on-private-banks-amid-margin-squeeze-weak-loan-growth-in-q1-time-to-relook-13460927.html,Analysts cautioned that the coming quarters may stay subdued as the full impact of repo rate cuts is yet to play out on profitability,Analysts warn of tough quarters ahead for private banks,"Shares of three major private lenders: Axis Bank, IndusInd Bank, and Kotak Mahindra Bank have declined sharply by as much as 10 percent in the past month as muted June quarter (Q1FY26) performance weighed on investor sentiment. Sluggish credit growth and margin contraction dragged earnings, forcing the Street to trim its bets on these banks. In contrast, heavyweights HDFC Bank and ICICI Bank managed to hold steady, reporting relatively resilient numbers that helped them trade flat to positive. Looking ahead, analysts expect the near-term outlook for private banks to stay subdued. The full impact of the 50 basis points repo rate cut is still to play out, while credit growth is yet to show meaningful acceleration. Mahesh Patil, CIO of Aditya Birla Sun Life AMC, said, “Margin compression is yet to show its full impact. Earlier, deposit growth was the sector’s challenge, but now the spotlight has shifted to credit growth, which is still not showing meaningful acceleration. Once this normalises, private lenders can stage a stronger performance as the year progresses.” ALSO READ: Finance Ministry to meet CEOs of state-owned banks to review Q1 performance on August 20 Private banks reported muted performance in Q1 as net interest margins (NIMs) came under pressure from repo rate cuts. This trend is expected to persist into Q2, before improving in the third quarter as deposit repricing begins to stabilise margins. Business growth in Q1 also remained modest, with deposit growth outpacing advances across most large private banks. While loan demand has improved after the rate cuts, margin pressure and elevated provisioning continue to act as drags. Manoj Bahety, founder and fund manager at Carnelian Asset Management, added, “Margins are expected to remain soft over the next few quarters as repo cuts pass through and liabilities get repriced. For those looking to play private banks, credit growth will be the key factor to watch. In a benign liquidity environment, we expect loan growth to return to the system and fee-based income to provide additional support to profitability.” Mutual fund houses have also turned cautious, staying underweight on private banks after a muted earnings season. Data from JM Financial showed that as private lenders account for 28 percent of the Nifty’s index weight and contribute nearly 37 percent of its profits, June quarter performance was weak, with net profit growth in low single digits. Among individual lenders, HDFC Bank reported advances of Rs 26.53 lakh crore in Q1FY26, up 7 percent year-on-year. While growth was slower than anticipated, management reiterated that credit expansion would remain in line with industry trends this fiscal. Meanwhile, PSU banks outshone private peers—Bank of Baroda reported a 13 percent rise in advances, with Bank of India and Bank of Maharashtra also delivering healthy growth supported by decent CD ratios and excess statutory liquidity ratio (SLR). For now, investors remain wary of the sector. With earnings pressure visible and credit growth still to pick up, the Street is keeping a close eye on whether the second half of the year brings relief for private banks. "
14 Aug 2025,"Stocks to Watch Today: Infosys, JSW Cement, All Time Plastics, IRCTC, Pfizer, Vishal Mega Mart, Muthoot Finance, Jain Irrigation, Zydus Life in focus on 14 August",https://www.moneycontrol.com/news/business/markets/stocks-to-watch-today-infosys-jsw-cement-all-time-plastics-irctc-pfizer-vishal-mega-mart-muthoot-finance-jain-irrigation-zydus-life-in-focus-on-14-august-13454416.html,"Stocks to Watch, 14 August: Stocks like JSW Cement, All Time Plastics, IRCTC, Pfizer, Vishal Mega Mart, Muthoot Finance, Jain Irrigation Systems, Zydus Lifesciences, Jubilant Foodworks, United Spirits, and Man Infraconstruction will be in focus on August 14.","Stocks to Watch Today, 14 August","Let's catch up on the latest news from the stock market. From significant investments to major deals, quarterly earnings, and order wins, here’s a quick look at which stocks will be in focus in today's trade: Results Today Indian Oil Corporation, Amara Raja Energy & Mobility, Ashok Leyland, AstraZeneca Pharma India, Glenmark Pharmaceuticals, Vodafone Idea, Inox Wind, Patanjali Foods, Swan Energy, Valor Estate, Easy Trip Planners, GE Power India, Hindustan Copper, Inox Green Energy Services, Inox Wind, IRB Infrastructure Developers, and Zaggle Prepaid Ocean Services will release their quarterly earnings on August 14. Quarterly Earnings Bharat Petroleum Corporation Q1 (Consolidated YoY) Profit zooms 140.7% to Rs 6,839 crore Vs Rs 2,841.6 crore Revenue falls 0.5% to Rs 1,12,551.5 crore Vs Rs 1,13,095 crore Jubilant Foodworks Q1 (Consolidated YoY) Profit soars 60% to Rs 97.2 crore Vs Rs 60.8 crore Revenue grows 17% to Rs 2,260.9 crore Vs Rs 1,933 crore United Spirits Q1 (Consolidated YoY) Profit falls 14% to Rs 417 crore Vs Rs 485 crore Revenue increases 9.4% to Rs 3,021 crore Vs Rs 2,761 crore MTNL Q1 (Consolidated YoY) Loss widens to Rs 943.2 crore Vs Rs 773.5 crore Revenue sinks 64.2% to Rs 65.7 crore Vs Rs 184 crore Man Infraconstruction Q1 (Consolidated YoY) Profit tanks 31% to Rs 58.3 crore Vs Rs 84.4 crore Revenue plunges 46.5% to Rs 182.9 crore Vs Rs 341.6 crore Deepak Nitrite Q1 (Consolidated YoY) Profit sinks 44.6% to Rs 112.2 crore Vs Rs 202.5 crore Revenue falls 12.8% to Rs 1,889.9 crore Vs Rs 2,166.8 crore Texmaco Rail and Engineering Q1 (Consolidated YoY) Profit plunges 50% to Rs 30 crore Vs Rs 59.8 crore Revenue declines 16.3% to Rs 910.6 crore Vs Rs 1,088.2 crore Brigade Enterprises Q1 (Consolidated YoY) Profit zooms 79% to Rs 150 crore Vs Rs 83.7 crore Revenue jumps 18.9% to Rs 1,281.1 crore Vs Rs 1,077.7 crore Shalby Q1 (Consolidated YoY) Profit sinks 43% to Rs 8.9 crore Vs Rs 15.7 crore Revenue grows 6.3% to Rs 296.4 crore Vs Rs 278.9 crore Somany Ceramics Q1 (Consolidated YoY) Profit declines 15.6% to Rs 10.4 crore Vs Rs 12.3 crore Revenue increases 4.5% to Rs 604.4 crore Vs Rs 578.6 crore Indostar Capital Finance Q1 (Consolidated YoY) Profit spikes 50-fold to Rs 535.5 crore Vs Rs 10.7 crore Net interest income grows 24.7% to Rs 129.1 crore Vs Rs 103.6 crore Exceptional gain stands at Rs 1,176 crore Vs Nil Indian Railway Catering and Tourism Corporation Q1 (Consolidated YoY) Profit rises 7.5% to Rs 330.7 crore Vs Rs 307.7 crore Revenue increases 3.8% to Rs 1,159.7 crore Vs Rs 1,117.6 crore Pfizer Q1 (YoY) Profit jumps 27.2% to Rs 191.8 crore Vs Rs 150.7 crore Revenue grows 7.1% to Rs 603 crore Vs Rs 562.9 crore Engineers India Q1 (Consolidated YoY) Profit drops 28.6% to Rs 65.4 crore Vs Rs 91.6 crore Revenue zooms 39.5% to Rs 870.4 crore Vs Rs 623.8 crore Loss in joint venture entities/associates at Rs 7.4 crore Vs profit at Rs 32.7 crore HG Infra Engineering Q1 (Consolidated YoY) Profit tanks 39.2% to Rs 98.8 crore Vs Rs 162.6 crore Revenue falls 3% to Rs 1,482.2 crore Vs Rs 1,528 crore Endurance Technologies Q1 (Consolidated YoY) Profit grows 11% to Rs 226.4 crore Vs Rs 203.9 crore Revenue soars 17.5% to Rs 3,318.9 crore Vs Rs 2,825.5 crore Vishal Mega Mart Q1 (Consolidated YoY) Profit zooms 37.2% to Rs 206.1 crore Vs Rs 150.1 crore Revenue increases 21% to Rs 3,140.3 crore Vs Rs 2,596.3 crore Muthoot Finance Q1 (Consolidated YoY) Profit soars 73.2% to Rs 2,016.2 crore Vs Rs 1,164 crore Net interest income jumps 42.8% to Rs 3,933.1 crore Vs Rs 2,753.8 crore Surya Roshni Q1 (Consolidated YoY) Profit plunges 63.6% to Rs 33.6 crore Vs Rs 92.5 crore Revenue declines 15.2% to Rs 1,604.5 crore Vs Rs 1,893.2 crore ITI Q1 (Consolidated YoY) Loss narrows to Rs 63.6 crore Vs loss of Rs 91.3 crore Revenue drops 4.2% to Rs 498 crore Vs Rs 520 crore Aditya Birla Fashion and Retail Q1 (Consolidated YoY) Loss narrows to Rs 233.7 crore Vs Rs 237.9 crore Revenue increases 9.4% to Rs 1,831.5 crore Vs Rs 1,674.2 crore TMRW gets first investment in its current round of external fund raise (Rs 437 crore) from ServiceNow Ventures Stocks to Watch Infosys Infosys will acquire 75% shareholding in Versent Group, an Australia’s leading digital transformation solutions provider and a wholly owned subsidiary of Telstra Group, for AUD 233.25 million. Telstra will continue to retain a 25% minority stake in Versent Group. ICICI Bank ICICI Bank has slashed the minimum account balance for metro & urban locations to Rs 15,000 from Rs 50,000, for semi-urban to Rs 7,500 from Rs 25,000, and for rural to Rs 2,500 from Rs 10,000. Jain Irrigation Systems The company has secured a Rs 135 crore order from MSEDCL under the Magel Tyala Saur Krushi Pump Yojana / PM-KUSUM B Scheme to design, supply, install, and commission 5,438 off-grid DC solar water pumps across Maharashtra. Zydus Lifesciences The US Food and Drug Administration (USFDA) conducted an inspection at the group’s formulation manufacturing plant in SEZ – II, Ahmedabad, from August 11-13. The inspection was a Pre-Approval Inspection (PAI) for three products, focusing on general cGMP, and concluded with no observations. Additionally, the USFDA conducted a surveillance inspection at the formulation manufacturing plant in Baddi, Himachal Pradesh, from August 4-13, which concluded with four observations. There were no observations related to data integrity. Bulk Deals Zinka Logistics Solutions Sands Capital Private Growth II, owned by the US-based investment management firm Sands Capital Management, offloaded 13.44 lakh shares at Rs 515.61 per share, and another 12.85 lakh shares at Rs 515.72 per share in Zinka, the technology-driven logistics company operating under the BlackBuck brand. In total, the venture capital fund sold a 1.46% stake, worth Rs 135.6 crore. Mainboard Listing on August 14 JSW CementAll Time Plastics SME Listing on August 14 Connplex CinemasSawaliya Food Products Stocks Trade Ex-Dividend Reliance IndustriesHindustan Petroleum CorporationBandhan BankBharat ElectronicsManappuram FinanceNCCNHPCNMDCRECAction Construction EquipmentAlkali MetalsAmalAnuh PharmaArunis AbodeAstralBhagiradha ChemicalsDenta WaterEverest Kanto CylinderElectrosteel CastingsEmcure PharmaceuticalsExcel IndustriesFive-Star Business FinanceGland PharmaGodawari Power and IspatHousing & Urban Development CorporationInternational Gemmological Institute IndiaJindal Drilling & IndustriesKovai Medical Center & HospitalLG BalakrishnanLloyds Engineering WorksMaharashtra SeamlessMangalore ChemicalsMangalam CementMahanagar GasMinda CorporationMorganite Crucible IndiaMunjal Auto IndustriesMurudeshwar CeramicsNath Bio-GenesRepco Home FinanceRossell IndiaRaghav Productivity EnhancersSahyadri IndustriesShiva TexyarnStar CementTourism Finance CorporationUniparts IndiaVaibhav GlobalVenkys (India)West Coast Paper MillsZEN TechnologiesZinema Media And Entertainment Stock Trades Ex-Date for Amalgamation Ind-Swift Stock Trades Ex-Date for Income Distribution (InvIT) INTERISE Trust Stock Trades Ex-Date for Rights Lloyds Enterprises Stock Trades Ex-Bonus VRL Logistics Stocks in F&O Ban PG ElectroplastPNB Housing FinanceRBL BankTitagarh Rail Systems"
12 Aug 2025,"Sensex declines nearly 400 pts, Nifty below 24,500: Key reasons behind market fall",https://www.moneycontrol.com/news/business/markets/sensex-declines-500-pts-from-day-s-high-nifty-below-24-600-key-reasons-behind-sharp-market-reversal-13441777.html,"Sensex, Nifty declined as investors await cues from the US-Russia talks on August 15.","Sensex, Nifty see profit-booking in August 12 trading session. ","The equity benchmark indices Sensex and Nifty settled lower on August 12 in a highly volatile trade dragged down by blue-chip bank stocks and caution ahead of domestic and US inflation data. Sensex dropped 368.49 points or 0.46 percent to settle at 80,235.59. During the day, it hit a high of 80,997.67 and a low of 80,164.36, gyrating 833.31 points. The Nifty went lower by 97.65 points or 0.40 percent to 24,487.40. Bajaj Finance, Trent, Hindustan Unilever, HDFC Bank, Eternal, Bajaj Finserv, ICICI Bank, and Bharat Electronics were among the laggards. Key factors behind the decline: 1) Caution ahead of Trump-Putin meet: Investors stayed guarded ahead of the scheduled meeting between US President Donald Trump and Russian President Vladimir Putin in Alaska on August 15. Analysts said while the recent 90-day US-China trade truce supported IT stocks, broader gains are likely to remain capped until clarity emerges from the US-Russia talks. ""The 90-day extension of trade truce between U.S. and China is positive news (for sectors like IT). However, we do not expect a major rally as the main event that markets are focused on is Trump-Putin meeting in mid August,"" Pankaj Pandey, head of retail research at ICICI Securities told Reuters. 2) Awaiting India, US inflation data: Market participants awaited India’s July retail inflation figures, due after market hours, and the US consumer price index data later in the day. The US numbers are expected to guide the Federal Reserve’s interest rate outlook, while a Reuters poll forecast India’s inflation at an eight-year low of 1.76 percent on easing food prices. Stock Market LIVE Updates 3) FII selling: Foreign Institutional Investors sold shares worth Rs 1,202.65 crore on Monday, exchange data showed, adding to pressure on domestic equities. 4) Rising crude oil prices: Brent crude futures rose 0.33 percent to USD 66.85 a barrel, raising concerns over India’s import bill and inflation trajectory. 5) India VIX uptick: The India VIX, which measures market volatility, climbed over 1 percent to 12.35, indicating a rise in investor nervousness. 6) Weak global cues: Key Asian markets, including South Korea’s Kospi and Hong Kong’s Hang Seng, traded lower. US markets had also ended in the red on Monday. Expert View Sudeep Shah, Head - Technical Research and Derivatives at SBI Securities, noted ""the market couldn’t build on Monday’s gains, showing that the current pullback is still weak and lacks strength within the larger downtrend. Despite a strong start to the week, Tuesday’s session saw Nifty give up early gains and close below 24500, down 0.40%. This lack of follow-through buying underscores the absence of conviction among participants, raising concerns about the sustainability of the recovery attempt. Without a decisive move higher, the pullback risks fizzling out, reinforcing the prevailing bearish undertone. Going ahead, the zone of 24360-24330 will act as immediate support for the index. While on the upside, the zone of 24620-24650 will act as a crucial hurdle."" ""The broader market also showed signs of caution. The Nifty Midcap 100 index ended with a loss of 0.27%, while the Nifty Smallcap 100 closed flat, indicating limited participation beyond the large-cap space. Market breadth was slightly negative, with the advance-decline ratio tilted in favour of the bears. Out of the Nifty 500 universe, 272 stocks ended in the red, highlighting weakness across sectors,"" he added."
11 Aug 2025,"Stocks to Watch Today: Tata Motors, IDFC First Bank, Manappuram Finance, Power Mech Projects, Entero Healthcare, Voltas, Siemens in focus on 11 August",https://www.moneycontrol.com/news/business/markets/stocks-to-watch-today-tata-motors-idfc-first-bank-manappuram-finance-power-mech-projects-entero-healthcare-voltas-siemens-in-focus-on-11-august-13431619.html,"Stocks to Watch, 11 August: Stocks like Tata Motors, IDFC First Bank, Manappuram Finance, Power Mech Projects, Entero Healthcare Solutions, Voltas, Siemens, RBL Bank, DCW, Indian Oil Corporation, Bharat Petroleum Corporation, and Hindustan Petroleum Corporation will be in focus on August 11.","Stocks to Watch Today, 11 August","Let's catch up on the latest news from the stock market. From significant investments to major deals, quarterly earnings, new listings and acquisitions, here’s a quick look at which stocks will be in focus in today's trade: Results Today Ipca Laboratories, Ashoka Buildcon, Astral, Awfis Space Solutions, Bajaj Consumer Care, Bata India, BEML, Brigade Hotel Ventures, Enviro Infra Engineers, Krsnaa Diagnostics, Praj Industries, Tilaknagar Industries, Titagarh Rail Systems, Travel Food Services, VST Tillers Tractors, and Websol Energy System will release quarterly earnings on August 11. Quarterly Earnings Tata Motors Q1 (Consolidated YoY) Profit tanks 30.5% to Rs 3,924 crore Vs Rs 5,643 crore Revenue declines 2.5% to Rs 1,04,407 crore Vs Rs 1,07,102 crore Siemens Q3SY25 (Consolidated YoY) Profit falls 3.1% to Rs 423.4 crore Vs Rs 437 crore Revenue grows 15.5% to Rs 4,346.8 crore Vs Rs 3,762.6 crore Voltas Q1 (Consolidated YoY) Profit sinks 58% to Rs 140.5 crore Vs Rs 334.2 crore Revenue declines 20% to Rs 3,938.6 crore Vs Rs 4,921 crore Puravankara Q1 (Consolidated YoY) Loss stands at Rs 68.6 crore Vs profit of Rs 14.8 crore Revenue falls 20.3% to Rs 524.4 crore Vs Rs 658.3 crore Poly Medicure Q1 (Consolidated YoY) Profit jumps 25.7% to Rs 93.1 crore Vs Rs 74 crore Revenue grows 4.8% to Rs 403.2 crore Vs Rs 384.8 crore Other income zooms to Rs 41.7 crore Vs Rs 16.9 crore DCW Q1 (YoY) Profit surges 69.3% to Rs 11.4 crore Vs Rs 6.7 crore Revenue falls 4.8% to Rs 475.5 crore Vs Rs 499.5 crore Shipping Corporation of India Q1 (Consolidated YoY) Profit grows 21.5% to Rs 354.2 crore Vs Rs 291.5 crore Revenue declines 13.1% to Rs 1,316 crore Vs Rs 1,514.3 crore Entero Healthcare Q1 (Consolidated YoY) Profit soars 38.4% to Rs 27.8 crore Vs Rs 20.1 crore Revenue jumps 28% to Rs 1,403.8 crore Vs Rs 1,097 crore DOMS Industries Q1 (Consolidated YoY) Profit increases 10.5% to Rs 57.3 crore Vs Rs 51.8 crore Revenue climbs 26.4% to Rs 562.3 crore Vs Rs 445 crore Gujarat Alkalies and Chemicals Q1 (Consolidated YoY) Loss narrows to Rs 13.8 crore Vs loss of Rs 44.5 crore Revenue grows 13.1% to Rs 1,105.1 crore Vs Rs 977.3 crore Dhampur Sugar Mills Q1 (Consolidated YoY) Profit declines 43.5% to Rs 0.91 crore Vs Rs 1.6 crore Revenue rises 9.2% to Rs 740.7 crore Vs Rs 678.2 crore Power Mech Projects Q1 (Consolidated YoY) Profit soars 30.5% to Rs 80.6 crore Vs Rs 61.7 crore Revenue jumps 28.4% to Rs 1,293.4 crore Vs Rs 1,007.4 crore Ceigall India Q1 (Consolidated YoY) Profit tanks 33% to Rs 53.2 crore Vs Rs 79.4 crore Revenue rises 1.9% to Rs 838.2 crore Vs Rs 822.4 crore Manappuram Finance Q1 (Consolidated YoY) Profit sinks 76.2% to Rs 132.5 crore Vs Rs 556.5 crore Revenue drops 14.2% to Rs 1,407.1 crore Vs Rs 1,639.9 crore Stocks to Watch ICICI Bank The private sector lender has raised the average minimum balance for savings accounts in metros and urban areas to Rs 50,000 from the current Rs 10,000. This will be applicable to new accounts being opened from August 1. It has also raised the minimum balance requirement for savings accounts in semi-urban branches to Rs 25,000, from Rs 5,000 earlier, and in rural branches to Rs 10,000, up from Rs 2,500 earlier. Additionally, the Reserve Bank of India has imposed a monetary penalty of Rs 75 lakh on ICICI Bank for not carrying out the valuation of properties by independent valuers in certain mortgage loans and for opening/maintaining certain current accounts in contravention of extant regulatory requirements. HPCL, BPCL, IOC The Union Cabinet has approved compensation amounting to Rs 30,000 crore for the three public sector oil marketing companies (Indian Oil Corporation, Bharat Petroleum Corporation, and Hindustan Petroleum Corporation) for the under-recoveries incurred on the sale of domestic LPG. The compensation will be paid in twelve tranches. IDFC First Bank Platinum Invictus B 2025 RSC has received approval from the Reserve Bank of India to invest up to 9.99% of the paid-up share capital of IDFC First Bank. Out of this, Platinum Invictus B 2025 RSC has proposed to invest Rs 2,624 crore (constituting a 5.09% stake) in the bank, as part of the preferential issue approved by the shareholders of the bank on May 17, 2025. Bulk Deals Bharti Airtel Promoter entity Indian Continent Investment offloaded 3 crore shares at Rs 1,870.4 per share and another 3 crore shares at Rs 1,871.95 per share in Bharti Airtel, totaling a 0.98 percent stake worth Rs 11,227.05 crore. Zinka Logistics Solutions Sands Capital Private Growth II has sold 10.68 lakh shares (0.6% stake) in the company at Rs 520.47 per share, valued at Rs 55.58 crore. Sands Capital was holding a 3.68 percent stake in Zinka as of June 2025. EPACK Durable Tata Mutual Fund has bought 15 lakh shares (1.56% stake) in EPACK Durable at Rs 390 per share, amounting to Rs 58.5 crore. However, Augusta Investments Zero Pte offloaded 38.5 lakh shares (4.01% stake) at Rs 391.02 per share, valued at Rs 150.5 crore. Augusta Investments was holding a 10.13% stake in EPACK as of June 2025. Centum Electronics Promoter Mallavarapu Venkata Apparao sold 6.6 lakh shares (equivalent to a 4.5% stake) in Centum Electronics at Rs 2,300.93 per share, amounting to Rs 153.2 crore. Of this, HDFC Mutual Fund and 3P India Equity Fund acquired a 3.5% stake worth Rs 118.45 crore. SME Listing on August 11 Bhadora IndustriesAaradhya Disposal IndustriesJyoti Global PlastParth Electricals & EngineeringBLT LogisticsEssex Marine Stocks Trade Ex-Dividend Jio Financial ServicesAkzo Nobel IndiaCastrol IndiaGlobus SpiritsGPT InfraprojectsIndo Count IndustriesKP EnergyKPI Green EnergyKalyani SteelsNeelamalai Agro IndustriesRashi PeripheralsShri Dinesh MillsStarteck FinanceTainwala Chemicals and Plastics (India) Stock Trades Ex-Date for Income Distribution (InvIT) Capital Infra Trust Stocks in F&O Ban PNB Housing FinanceRBL Bank"
31 Jul 2025,"Nifty Bank jumps 1.4% from day's low as markets shrug off Trump tariff jitters; ICICI, Kotak Mahindra Bank lead recovery",https://www.moneycontrol.com/news/business/markets/nifty-bank-jumps-1-4-from-day-s-low-as-markets-shrug-off-trump-tariff-jitters-icici-kotak-mahindra-lead-recovery-13357223.html,"'The broader price structure continues to reflect a bullish bias, making dips a buying opportunity for positional traders,' said Hardik Matalia from Choice Equity Broking.",Bank Nifty recovers all losses,"The Nifty Bank index sharply rebounded from day’s low, amid a broad-based recovery in the stock market. This comes as the impact of Trump tariffs gradually faded away from the market. After US President Donald Trump announced 25 percent tariff and a penalty on India, Indian benchmark indices opened in the red with significant losses. However, Sensex and Nifty sharply recovered all losses later. Nifty Bank, which had declined more than 600 points in the morning to hit a low of 55,547, regained more than 750 points (1.4 percent) from that level to swing into the green territory. It is currently up nearly 150 points (0.27 percent) to stand at 56,300. The recovery was led by private banks, with Kotak Mahindra Bank and ICICI Bank leading gains, rising nearly 1 percent each. Axis Bank and Bank of Baroda shares gained more than 0.5 percent each. IDFC First Bank, HDFC Bank, AU Small Finance Bank and State Bank of India were hovering in the green with marginal gains. Punjab National Bank (PNB) shares dropped 2 percent, after weak Q1 results. Federal Bank, IndusInd Bank and Canara Bank shares were hovering in the red with marginal losses. On the technical front, the index has broken key resistance levels suggested by analysts. This may imply strong upside potential for the bank index. ""A sustained move above 56,275 could lead to a rally toward 57,000 and 57,630,"" said Hardik Matalia, Derivative Analyst - Research at Choice Equity Broking Private Limited. ""The broader price structure continues to reflect a bullish bias, making dips a buying opportunity for positional traders,"" he said. Motilal Oswal Wealth Management in its report stated that Bank Nifty's support is at 55,750, and then at 55,500. Resistance was quoted at 56,350, and then at 56,500. ""Now it has to hold above 56,000 zone for a bounce towards 56,350 then 56,500 levels while a hold below the same could see decline towards 55,750 then 55,500 zones,"" it said. US President Donald Trump on July 30 announced 25 percent tariffs and an additional penalty against India ahead of the August 1 deadline. In a post on Truth Social, Trump described India as America's ""friend"" but added that it will face 25 percent tariffs plus a penalty for buying Russian military equipment and oil. The US President reiterated that India has among the ""highest tariffs in the world"". ""Seasoned investors know markets rarely reprice on the headline alone. Beneath the volatility lies a set of divergent sectoral narratives that deserve attention,"" said Bhavik Joshi, Business Head at INVasset PMS."
25 Jul 2025,"ICICI Bank shares hit all-time high of Rs 1,500 on NSE",https://www.moneycontrol.com/news/business/stocks/icici-bank-shares-hit-all-time-high-of-rs-1-500-on-nse-alpha-article-13324484.html,"With the stock currently trading at Rs 1,483.40, ICICI Bank has demonstrated strong financial performance and positive market sentiment.",,"Shares of ICICI Bank reached an all-time high of Rs 1,500 on the NSE in early trade. At 9:15 am, the stock was trading at Rs 1,483.40. The consolidated quarterly revenue for ICICI Bank has shown consistent growth. Similarly, the net profit has risen. The EPS also reflects this upward trend. The consolidated annual revenue too for ICICI Bank has steadily increased over the years. Similarly, the net profit has risen significantly. The EPS has also shown a consistent upward trend. ICICI Bank announced transcripts of the call with media and of earnings call with analysts and investors for the quarter ended June 30, 2025. Also, the bank announced the allotment of 71031 equity shares at FV Rs. 2 each under ICICI Bank employees Stock Unit Scheme-2022. ICICI Bank announced a final dividend of Rs 11 per share (550%) on April 21, 2025, with an effective date of August 12, 2025. As of July 21, 2025, sentiment analysis by Moneycontrol indicates a very bullish outlook on the stock. With the stock currently trading at Rs 1,483.40, ICICI Bank has demonstrated strong financial performance and positive market sentiment."
23 Jul 2025,Buy ICICI Bank; target of Rs 1776: Deven Choksey,https://www.moneycontrol.com/news/business/stocks/buy-icici-bank-target-of-rs-1776-deven-choksey-13311858.html,"Deven Choksey is bullish on ICICI Bank has recommended buy rating on the stock with a target price of Rs 1776 in its research report dated July 22, 2025.",buy,"Deven Choksey's research report on ICICI Bank For Q1FY26, the Net Interest Income (NII) grew by 10.1% YoY (+1.2% QoQ) to INR 429.6bn, above our estimates by 2.1%, led by higher NIM margins, partially offset by lower growth in advances. The Net Interest Margin (NIM) declined marginally by 7bps QoQ to 4.34%. NIM margin came-in above our estimates by 18bps led by the banks calibrated approach in passing on lower deposit rates to the investors. PPoP grew by 17.0% YoY (+6.1% QoQ) to INR 187.5bn, higher than the total operating income growth of 13.5% YoY, led by strong growth in non-interest income which grew by 21.5% YoY (+17.1% QoQ). Provisions came in at INR 18.2bn, up 36.2%YoY (+103.7% QoQ), due to lower base in Q1FY25. The net profit stood at INR 127.7bn, up 15.5% YoY (+1.1% QoQ), above our estimates by 5.2%, led by higher NII and non-interest income aided by improved treasury income. Outlook We value ICICI Bank’s standalone business at INR 1,576.0 per share, while we value its stake in its subsidiaries at INR 200.0 per share, with SOTP valuation target at INR 1,776.0 per share, implying potential upside of 23.1% potential upside. We reiterate our “BUY” rating on the stock. For all recommendations report, click here ICICI Bank - 23072025 - deven"
22 Jul 2025,Buy ICICI Bank; target of Rs 1600: Emkay,https://www.moneycontrol.com/news/business/buy-icici-bank-target-of-rs-1600-emkay-13307815.html,"Emkay is bullish on ICICI Bank has recommended buy rating on the stock with a target price of Rs 1600 in its research report dated July 20, 2025.",BUY,"Emkay's research report on ICICI Bank ICICI Bank reported a resilient performance, with limited margin compression at 7bps QoQ to 4.34% (vs peers’ over 15bps drop) and nearly stable asset quality with headline GNPA ratio at 1.7%. This, coupled with higher treasury/dividend income, partly offset by higher provisions, led to a 3% PAT beat at Rs128bn (up 15% YoY); the historically superior RoA came at ~2.4%. Credit growth moderated a bit to 11.5% YoY, owing to slower growth in retail loans, while the bank continues to accelerate growth in the better-yielding SME/BB segments. The bank believes that NIM should compress in 2Q due to swifter rate cuts, partly offset by the recent SA rate cut in June. Notwithstanding the expected near-term margin pressure across the sector (including for ICICIB), Outlook We believe the bank is well positioned to deliver 2.1-2.3% RoA over FY26-28E, aided by better cost management, improving fees, and contained LLP. Thus, we retain BUY with an unchanged TP of Rs1,600, on 2.6x June 27E ABV and subsidiaries’ value at Rs260/sh. For all recommendations report, click here ICICI Bank_22072025_Emkay"
22 Jul 2025,"Nifty, Sensex give up gains to trade flat while smallcaps outshine amid cooling volatility",https://www.moneycontrol.com/news/business/markets/nifty-tops-25-100-sensex-sees-strong-open-as-banking-stocks-continue-to-shine-volatility-cools-13306583.html,"Investors and traders will be eyeing a series of factors for further cues, ranging from the ongoing earnings season, trade deal chatter, along with institutional flows. ",The Nifty 50 and Sensex extended their gains for the second consecutive session in trade on July 22.,"The domestic equity markets opened on a positive note buoyed by favourable global cues on Tuesday, July 22, as the market sentiment remains cautiously optimistic. However, the market gave up its early gains to trade flat. At 09:45 a.m., the Sensex was up 87.99 points or 0.11 percent at 82,288.33, and the Nifty was up   20.05 points or 0.08 percent at 25,110.75. About 1786 shares advanced, 629 shares declined, and 137 shares were unchanged. The India VIX index, a measure of volatility and nervousness in the markets, continued to fall, sinking over one percent. Banking stocks retained their shine, with the Bank Nifty gaining following the strong earnings show from index heavyweights ICICI Bank and HDFC Bank. On the sectoral front, the media, metal, and realty indices traded with some gains. On the flip side, there was some selling pressure seen in pharma, IT, and healthcare companies. The broader markets were mixed, as the Nifty Midcap 100 index hovered close to the flatline, while the smallcap gauge Nifty Smallcap 100 outpaced the benchmarks to gain to rise 0.6 percent. Going ahead, the ongoing earnings season is likely to dictate the market momentum, with a slew of stock-specific moves likely. Additionally, the current FPI positioning will also be a key factor in determining the next leg of market momentum. For now, neutral-to-cautious sentiment prevails as traders await confirmation for the next decisive move. Trade deal progress The markets might find some optimism from the India-U.K. trade deal, which is likely to be approved by the Cabinet, according to sources, ahead of Prime Minister Narendra Modi’s upcoming visit to the U.K. and Maldives. PM Modi and U.K. Prime Minister Keir Starmer are expected to formally sign the Free Trade Agreement (FTA) on July 24. On the flip side, the trade deal between India and U.S. has been ruled out before the tariff deadline, August 1. According to sources, US President Donald Trump had proposed a deal similar to those signed with Indonesia and Vietnam. However, talks have stalled as the US insisted on imposing 20 percent tariffs on Indian goods while demanding zero tariffs in return, along with the inclusion of agriculture and dairy in the trade pact. The Indian government has refused to hold any further trade talks for the rest of the month. Jane Street in focus Market regulator the Securities and Exchange Board of India (Sebi) has confirmed through a press release that restrictions have been lifted against Jane Street Group. However, as per Sebi press release, Jane Street entities have been directed to cease and desist from directly or indirectly engaging in any fraudulent, manipulative or unfair trade practice or undertaking any activity, either directly or indirectly, that may be in breach of regulatory norm, including by dealing in securities using any of the patterns identified or alluded to in the interim order. Sebi press release further added that, entities have confirmed that they will comply with this. Global cues Overnight, the S&P 500 and the Nasdaq notched record high closes, lifted by Alphabet and other megacaps ahead of several earnings reports this week, while investors bet on potential trade deals to blunt economic damage from the Trump administration's global tariffs. The S&P 500 climbed 0.14 percent to end the session at 6,305.60 points. The Nasdaq gained 0.38 percent to 20,974.18 points, while the Dow Jones Industrial Average declined 0.04 percent to 44,323.07 points. Asian stocks posted a modest gain with Japanese markets staging a relief rally after Prime Minister Shigeru Ishiba said he would carry on as leader even after the ruling coalition lost its majority in the upper house election. Institutional flows On July 21, Foreign Portfolio Investors (FPIs) were net sellers to the tune of Rs 1,681 crore worth of shares in Indian equities, while domestic institutional investors (DIIs) net bought Rs 3,578 crore worth of shares, according to provisional NSE data. Technical levels For traders, 25,000 and 24,950 will act as key support areas. ""As long as the market is trading above 24,900, the pullback formation is likely to continue. On the upside, this bounce could extend to the 25,255 or 20-day SMA at 25,300. The uptrend could continue further, taking the market to 25,375. On the other hand, a drop below 24,950 would weaken the uptrend,"" said Shrikant Chouhan, Head Equity Research, Kotak Securities. Derivative outlook Derivatives landscape still reflects a bearish bias, though some signs of stability are emerging with put writers increasing their exposure. ""The 25,100 Call has seen aggressive writing, with open interest swelling to 80.41 lakh contracts, establishing it as the immediate resistance zone. Meanwhile, the 25,000 Put has attracted the highest open interest of 85.87 lakh contracts, reinforcing it as a strong near-term support level,"" said Dhupesh Dhameja, Derivatives Research Analyst, SAMCO Securities. Follow our markets blog to catch all the live updates"
21 Jul 2025,"Trade Spotlight: How should you trade ICICI Bank, Varun Beverages, Sonata Software, Bajaj Auto, M&M, UPL, L&T Finance, KEI Industries and others on July 22?",https://www.moneycontrol.com/news/business/markets/trade-spotlight-how-should-you-trade-icici-bank-varun-beverages-sonata-software-bajaj-auto-m-m-upl-l-t-finance-kei-industries-and-others-on-july-22-13305295.html,The continuation of the northward journey is possible only if the market posts a strong close above the 20-day EMA. Below are some short-term trading ideas to consider.,Top Buy Ideas for July 22,"Equity benchmark indices gained 0.5 percent on July 21 following a couple of days of correction, but the market breadth was slightly in favour of bears. A total of 1,392 shares declined compared to 1,295 advancing shares on the NSE. The continuation of the northward journey is possible only if the market posts a strong close above the 20-day EMA. Below are some short-term trading ideas to consider: Jigar S Patel, Senior Manager - Equity Research at Anand Rathi Hero MotoCorp | CMP: Rs 4,408.2  Hero MotoCorp recently consolidated within a tight range of Rs 4,150–4,375, forming a classic triangle pattern on the charts. On July 15, the stock broke out decisively from this formation, accompanied by a significant rise in volume, confirming the validity of the breakout. This technical strength is further supported by the Camarilla monthly pivot structure, which displayed an inside value relationship — a setup that often precedes sharp directional moves. The confluence of these factors suggests strong bullish potential in the near term. Traders may consider entering long positions in the Rs 4,420–4,380 zone. Strategy: Buy Target: Rs 4,800 Stop-Loss: Rs 4,200 Varun Beverages | CMP: Rs 489.3  After undergoing a sharp correction of nearly 22% from its recent high of Rs 570, Varun Beverages has shown signs of a potential reversal. The stock has successfully breached a falling trendline on the daily chart, supported by a noticeable increase in volume — a key indicator of renewed buying interest. Adding to the bullish case, a positive RSI divergence is visible, reinforcing the likelihood of an upward move. Despite a 7% gain in the past week, the technical setup remains favourable, and a fresh long entry is still justified. Traders may consider entering long positions in the Rs 490–485 zone. Strategy: Buy Target: Rs 530 Stop-Loss: Rs 465 Sonata Software | CMP: Rs 438  Sonata Software formed back-to-back inside value relationships on monthly Camarilla pivots, signaling consolidation and strong buildup. A breakout on July 8 confirmed the end of this phase. Since then, the stock has entered a healthy pullback, finding strong support above Rs 420 — a key technical level. Holding above this mark suggests buyer strength, and if sustained, Sonata Software may resume its upward trajectory in the coming sessions, with potential for further gains. Traders may consider entering long positions in the Rs 440–430 zone. Strategy: Buy Target: Rs 500 Stop-Loss: Rs 405 Jay Thakkar, Vice President & Head of Derivatives and Quant Research at ICICI Securities Bajaj Auto | CMP: Rs 8,438.5  Bajaj Auto has provided a breakout from the falling trendline, and there has been short covering in the stock, which is likely to extend post this breakout. Significant Call unwinding has been observed from the Rs 8,100 to Rs 8,400 strikes, coupled with Put additions at the Rs 8,100 and Rs 8,200 strikes, which is positive in the near term. Therefore, in this series, further short covering is expected, which could help the stock bounce back to the Rs 8,600 to Rs 8,800 levels. Traders may consider buying Bajaj Auto Futures in the range of Rs 8,460 to Rs 8,430. Strategy: Buy Target: Rs 8,670, Rs 8,800 Stop-Loss: Rs 8,290 State Bank of India | CMP: Rs 824.2  SBI has provided a breakout from the sideways consolidation and has retested the breakout level. It has been observed that the stock witnessed short additions during the previous fall, but since then, it has bounced back from its March lows due to short covering. Recent data now indicates long additions as well. The Options data shows that the Rs 820 and Rs 830 strikes have the highest Call base, but since the stock is trading well above its maximum pain level, the probability of these resistance levels being overcome is quite high. Traders may consider buying SBI Futures in the range of Rs 825 to Rs 820. Strategy: Buy Target: Rs 850, Rs 870 Stop-Loss: Rs 814 Mahindra and Mahindra | CMP: Rs 3,246.7  M&M has been forming a higher base with increasing long buildup, and it has more room for long additions as the price nears lifetime highs. However, the overall long positions are still away from their highs, indicating that the stock is not overbought. Once the lifetime highs are surpassed, it can witness further upward momentum. The stock has witnessed significant Put additions at the Rs 3,100 and Rs 3,200 strikes, as well as Call unwinding at the Rs 3,200 strike, which is a positive sign. Although there is still significant Call writing beyond the Rs 3,200 level, the probability of upward momentum remains high as the futures data indicates that bulls have the upper hand. Hence, a meaningful close above Rs 3,300 will likely lead to further short covering in the Calls. Traders may consider buying M&M Futures in the range of Rs 3,370 to Rs 3,240. Strategy: Buy Target: Rs 3,500, Rs 3,600 Stop-Loss: Rs 3,140 Vidnyan S Sawant, Head of Research at GEPL Capital UPL | CMP: Rs 713.75  UPL has witnessed a breakout on the monthly chart, moving above both its recent consolidation range and a downward-sloping trendline. The breakout, marked by a strong bullish candlestick, indicates positive price development on the higher timeframes. On the weekly chart, the stock continues to form a structure of higher highs and higher lows, while sustaining well above its 12, 26, and 50-week EMAs, highlighting strength in the ongoing trend. On the daily chart, UPL exhibits high relative strength despite broader market weakness, supported by a noticeable volume surge exceeding its 20-day EMA average volume. Strategy: Buy Target: Rs 820 Stop-Loss: Rs 675 L&T Finance | CMP: Rs 210.58  L&T Finance recently broke out of a large cup-and-handle pattern on the monthly chart, with the current month showing follow-through positive momentum — reinforcing the bullish setup. On the weekly scale, the stock is well sustained above its key 5, 12, 26, and 50-week EMAs, reflecting strong trend alignment. The MACD indicator is trending higher, indicating accelerating momentum. On the daily chart, LTF has shown a bullish mean reversion from its 26-day EMA, accompanied by a volume surge above its 20-day average, further supporting the positive price action. Strategy: Buy Target: Rs 240 Stop-Loss: Rs 200 ICICI Bank | CMP: Rs 1,465.8  ICICI Bank has been forming a consistent pattern of higher tops and higher bottoms across timeframes, highlighting a sustained long-term uptrend. On the weekly chart, the stock is consolidating near its 12-week EMA, indicating healthy digestion of prior gains. On the daily scale, it has formed a double bottom around the 50-day EMA, signaling a bullish price structure. The weekly RSI holding above 60 reflects sustained positive momentum and underlying strength. Strategy: Buy Target: Rs 1,627 Stop-Loss: Rs 1,390 KEI Industries | CMP: Rs 3,972.4  KEI Industries has been in a strong long-term uptrend, consistently forming higher tops and higher bottoms. In April 2025, the stock witnessed a bullish mean reversion from its 50-month EMA, reigniting upward momentum. On the daily chart, a positive hidden divergence signaled renewed strength, with the stock maintaining high relative performance despite broader market volatility. It continues to trade above key moving averages — 12, 26, and 50-week EMAs — highlighting strong trend alignment and resilience. Strategy: Buy Target: Rs 4,648 Stop-Loss: Rs 3,734"
21 Jul 2025,Buy ICICI Bank; target of Rs 1670: Motilal Oswal,https://www.moneycontrol.com/news/business/stocks/buy-icici-bank-target-of-rs-1670-motilal-oswal-13303271.html,"Motilal Oswal is bullish on ICICI Bank recommended buy rating on the stock with a target price of Rs 1670 in its research report dated July 20, 2025.",Buy,"Motilal Oswal's research report on ICICI Bank ICICI Bank’s results epitomize the saying, “When the going gets tough, the tough get going.” Over the past few years, irrespective of the sectoral challenges such as unsecured asset quality issues, systemic growth moderation, liability accretion or NIM headwinds, the bank has been able to deliver a stellar performance, beating Street expectations. During 1QFY26, the controlled NIM decline of 7bp (half of our estimate) was another solid beat in that series, compared to a double-digit contraction reported by many peers. The bank continues to focus on superior risk-adjusted returns, underpinned by prudent underwriting and strong credit discipline. 1Q PAT grew 15.5% YoY to INR127.6b (6% beat), aided by resilient margins, controlled opex and healthy treasury gains. NII rose 11% YoY/2% QoQ to INR216.3b (3% beat). NIM contracted by a marginal 7bp QoQ to 4.34%. Treasury gains stood at INR12.4b vs. INR2.4b in 4QFY25. Outlook We maintain our earnings estimates and expect FY27E RoA/RoE at 2.3%/17.3%. ICICIBC remains our preferred BUY in the sector with a revised TP of INR1,670 (2.7x FY27E ABV). For all recommendations report, click here ICICI Bank - 21072025 - Motilal"
21 Jul 2025,"Sensex soars over 400 pts, Nifty above 25,000: Buying in ICICI, HDFC Bank among key factors behind market rise",https://www.moneycontrol.com/news/business/markets/sensex-soars-400-pts-nifty-above-25-000-buying-in-icici-hdfc-bank-among-key-factors-behind-market-rise-13301502.html,"Sensex, Nifty surged on Monday on buying in banking heavyweights ICICI Bank and HDFC Bank.","Stock Market Today News: HDFC Bank, ICICI Bank see strong investor interest lifting the market sentiments. ","The domestic benchmark indices Sensex surged by 442 points while Nifty closed above the 25,000 level on Monday following buying in blue-chip stocks HDFC Bank and ICICI Bank after their quarterly earnings. Snapping the two-day falling streak, the Sensex climbed 442.61 points or 0.54 percent to settle at 82,200.34. During the day, it surged 516.3 points or 0.63 percent to 82,274.03. The Nifty jumped 122.30 points or 0.49 per cent to 25,090.70. ICICI Bank, ETERNAL, HDFC Bank, Hindalco Industries and UltraTech Cement were among the major gainers, rising up to 3 percent intraday. Key drivers of the market rebound: 1. Banking stocks lead gains: ICICI Bank shares rose 3 percent after the lender reported a 15.9 percent rise in consolidated net profit for the June quarter to Rs 13,558 crore, compared to Rs 11,696 crore in the year-ago period. HDFC Bank also gained more than 2 percent despite reporting a 1.31 percent drop in consolidated net profit to Rs 16,258 crore for the same period. ICICI Bank Q1 Results: Net profit jumps 15% on-year to Rs 12,768 crore, beats Street estimate 2. Foreign fund inflows: Foreign Institutional Investors (FIIs) were net buyers on Friday, purchasing equities worth Rs 374.74 crore. Consistent FII buying typically supports market sentiment. 3. Positive global cues: Most Asian markets traded in the green, with South Korea’s Kospi and Hong Kong’s Hang Seng posting gains. Wall Street Futures also indicated a firm opening for US markets. Technical view Anand James, Chief Market Strategist at Geojit Financial Services, said Nifty’s weakness would likely persist if it stays below the 25,030 level. A move above 25,120 may trigger short covering, he added. On the downside, a breach of 24,920 could bring 24,000 back into focus, with intermediate supports at 24,800 and 24,450."
21 Jul 2025,"ICICI Bank stock rallies following beat on NIMs, positive Q1 show; should you buy, sell, or hold?",https://www.moneycontrol.com/news/business/markets/icici-bank-stock-rallies-following-beat-on-nims-positive-q1-show-should-you-buy-sell-or-hold-13301161.html,"Motilal Oswal said irrespective of sectoral challenges like asset quality issues, systemic growth moderation, liability accretion, ICICI Bank has always delivered a stellar performance.",ICICI Bank reported a net interest margin of 4.34 percent in Q1FY26.,"Shares of ICICI Bank Ltd, India's second-largest private lender, gained in trade on Monday, July 21, after investors and experts were positive of the bank's beat on net interest margins (NIMs) for the quarter ended June 30, 2025. ICICI Bank reported a 15 percent year-on-year increase in net profit to Rs 12,768.21 crore for the fiscal first quarter, beating analyst expectations. NII (net interest income), which are the difference between interest earned and interest expended, stood at Rs 21,634.46 crore for the June quarter, up 8.4 percent on-year. Total income (standalone) rose to Rs 51,451.81 crore, compared to Rs 45,997.70 crore in the year-ago period. Other income surged to Rs 8,504.90 crore from Rs 7,001.92 crore a year earlier. Further, net interest margins contracted by 7 basis points to 4.34 percent. Going ahead, the management expects that margins would to be rangebound as recent rate cuts are yet to play out. ""The full impact of the recent rate cuts is yet to play out completely — the February and April cuts have largely flowed through the loan book already, while the June cut is expected to reflect more in Q2,"" the management said in its post-results analyst call. At 9.38 a.m., shares of the bank were quoting Rs 1,445.6, up 1.4 percent on the NSE. Should you buy, sell, or hold shares of ICICI Bank? Domestic brokerage Motilal Oswal said, ""ICICI Bank’s results epitomize the saying, “When the going gets tough, the tough get going.” Over the past few years, irrespective of the sectoral challenges such as unsecured asset quality issues, systemic growth moderation, liability accretion or NIM headwinds, the bank has been able to deliver a stellar performance, beating Street expectations."" The brokerage said that ICICI Bank remains its preferred 'buy' in the sector, with an increased price target of Rs 1,670 per share. Emkay Global noted that ICICI Bank reported a resilient performance, with limited margin compression at 7 bps QoQ to 4.34 percent, compared to peers’ 15 bps drop, and nearly stable asset quality with headline GNPA ratio at 1.7 percent. This, coupled with higher treasury/dividend income, partly offset by higher provisions, led to a PAT beat. The brokerage maintained its 'buy' rating, with a price target of Rs 1,600 per share. ICICI Bank's reported NIM decreased 7 bps QoQ in Q1FY26 while core NIM fell only 4 bps QoQ, beating estimates of 12-15 bps decline. ""ICICI Bank is the only bank to post a beat on NIM so far. Even with a lower share of wholesale, the bank has seen a faster repricing of liabilities versus peers including HDFC Bank, highlighting its excellent liability strategy,"" adds Nuvama Institutional Equities. The brokerage kept its 'buy' call intact, with a price target of Rs 1,600 per share, believing the bank is well positioned to deliver 2.1-2.3 percent RoA  over FY26-28E, aided by better cost management, improving fee and contained LLP. Follow our market blog to catch all the live updates"
21 Jul 2025,"Stocks to Watch Today: RIL, HDFC Bank, ICICI Bank, JSW Steel, IDFC First Bank, Dr Reddys Labs, IRCON, Sona Comstar, Anthem Biosciences in focus on 21 July",https://www.moneycontrol.com/news/business/markets/stocks-to-watch-today-ril-hdfc-bank-icici-bank-jsw-steel-idfc-first-bank-dr-reddys-labs-ircon-sona-comstar-anthem-biosciences-in-focus-on-21-july-13300135.html,"Stocks to Watch, 21 July: Stocks like Reliance Industries, HDFC Bank, ICICI Bank, JSW Steel, IDFC First Bank, Dr Reddy's Laboratories, IRCON International, Sona BLW Precision Forgings, Anthem Biosciences, and Spunweb Nonwoven will be in focus on July 21.","Stocks to Watch Today, 21 July","Let's catch up on the latest news from the stock market. From significant investments to major deals, quarterly earnings, appointments, order wins and acquisitions, here’s a quick look at which stocks will be in focus in today's trade: Results Today UltraTech Cement, Eternal, Havells India, IDBI Bank, Andhra Cements, CIE Automotive India, CRISIL, Dhanlaxmi Bank, Dodla Dairy, Mahindra Logistics, Oberoi Realty, Parag Milk Foods, PNB Housing Finance, and UCO Bank will release their quarterly earnings on July 21. Quarterly Earnings Reliance Industries Q1 (Consolidated YoY) Profit surges 76.5% to Rs 30,783 crore Vs Rs 17,445 crore Other income zooms to Rs 15,119 crore Vs Rs 3,983 crore Revenue rises 6% to Rs 2.73 lakh crore Vs Rs 2.57 lakh crore EBITDA grows 35.7% to Rs 58,024 crore Vs Rs 42,748 crore EBITDA margin expands 460 bps to 21.2% Vs 16.6% Other income includes Rs 8,924 crore profit from sale of listed investments Jio Platforms Q1 (Consolidated YoY) Revenue jumps 18.8% to Rs 41,054 crore Vs Rs 34,548 crore Profit soars 24.9% to Rs 7,110 crore Vs Rs 5,698 crore EBITDA zooms 23.9% to Rs 18,135 crore Vs Rs 14,638 crore EBITDA margin expands 210 bps to 51.8% Vs 49.7% ARPU rises 14.9% to Rs 208.8 Vs 181.7 HDFC Bank Q1 (Standalone YoY) Profit soars 12.2% to Rs 18,155.2 crore Vs Rs 16,174.8 crore Net interest income rises 5.4% to Rs 31,438 crore Vs Rs 29,837.1 crore Other income doubles to Rs 21,729.8 crore Vs Rs 10,668.1 crore Provisions & contingencies zoom 455% to Rs 14,441.6 crore Vs Rs 2,602 crore Tax expenses drop sharply to Rs 3,137.1 crore Vs Rs 5,107.8 crore Gross NPA increases to 1.40% Vs 1.33% (QoQ) Net NPA rises to 0.47% Vs 0.43% (QoQ) Board approves issuance of bonus equity share in 1:1 ratio Board approves special interim dividend of Rs 5 per share ICICI Bank Q1 (Standalone YoY) Profit soars 15.5% to Rs 12,768.2 crore Vs Rs 11,059.1 crore Net interest income grows 10.6% to Rs 21,634.5 crore Vs Rs 19,552.9 crore Provisions and contingencies zooms 36.2% to Rs 1,814.6 crore Vs Rs 1,332.2 crore Net NPA rises to 0.41% Vs 0.39% (QoQ) Gross NPA flat at 1.67% (QoQ) JSW Steel Q1 (Consolidated YoY) Profit surges 158.5% to Rs 2,184 crore Vs Rs 845 crore Revenue increases 0.5% to Rs 43,147 crore Vs Rs 42,943 crore EBITDA soars 37.5% to Rs 7,576 crore Vs Rs 5,510 crore Margin expands to 17.6% Vs 12.8% Company enters into Share Purchase Agreement to acquire 100% stake in Saffron Resources for Rs 679.34 crore Company to acquire additional 24.9% stake in joint venture JSW Severfield Structures from Severfield Mauritius for Rs 235.10 crore Union Bank of India Q1 (Standalone YoY) Profit grows 11.9% to Rs 4,115.5 crore Vs Rs 3,678.9 crore Net interest income falls 3.2% to Rs 9,112.6 crore Vs Rs 9,412.1 crore Provisions & contingencies plunge 39.6% to Rs 1,664.5 crore Vs Rs 2,755.8 crore Gross NPA falls to 3.52% Vs 3.60% (QoQ) Net NPA declines to 0.62% Vs 0.63% (QoQ) India Cements Q1 (Consolidated YoY) Loss stands at Rs 131.4 crore Vs profit of Rs 71.3 crore Revenue declines 0.2% to Rs 1,024.7 crore Vs Rs 1,026.8 crore AU Small Finance Bank Q1 (YoY) Profit grows 15.6% to Rs 580.9 crore Vs Rs 502.6 crore Net interest income increases 6.5% to Rs 2,044.7 crore Vs Rs 1,920.6 crore Provisions & contingencies zoom 88.5% to Rs 533.3 crore Vs Rs 282.8 crore Gross NPA rises to 2.47% Vs 2.28% (QoQ) Net NPA soars to 0.88% Vs 0.74% (QoQ) Punjab & Sind Bank Q1 (YoY) Profit jumps 48.3% to Rs 269.2 crore Vs Rs 181.5 crore Net interest income increases 5.9% to Rs 900.4 crore Vs Rs 850 crore Provisions & contingencies spike 110% to Rs 217.1 crore Vs Rs 103.4 crore Gross NPA falls to 3.34% Vs 3.38% (QoQ) Net NPA declines to 0.91% Vs 0.96% (QoQ) Bandhan Bank Q1 (YoY) Profit sinks 65% to Rs 372 crore Vs Rs 1,063.5 crore Net interest income drops 7.7% to Rs 2,757.2 crore Vs Rs 2,986.7 crore Provisions & contingencies soar 119.3% to Rs 1,146.9 crore Vs Rs 523 crore Gross NPA jumps to 4.96% Vs 4.71% (QoQ) Net NPA rises to 1.36% Vs 1.28% (QoQ) Reliance Power Q1 (Consolidated YoY) Profit stands at Rs 44.7 crore Vs loss of Rs 97.9 crore Revenue falls 5.4% to Rs 1,885.6 crore Vs Rs 1,992.2 crore Central Bank Of India Q1 (Standalone YoY) Profit jumps 32.8% to Rs 1,168.7 crore Vs Rs 879.9 crore Net interest income declines 4.6% to Rs 3,383.3 crore Vs Rs 3,547.7 crore Provisions & contingencies plunge 56.2% to Rs 521.1 crore Vs Rs 1,190.9 crore Gross NPA falls to 3.13% Vs 3.18% (QoQ) Net NPA drops to 0.49% Vs 0.55% (QoQ) JK Cement Q1 (Consolidated YoY) Profit zooms 75.4% to Rs 324.3 crore Vs Rs 184.8 crore Revenue grows 19.4% to Rs 3,352.5 crore Vs Rs 2,807.6 crore Board approves expansion by setting up 0.6 MTPA white cement based wall putty plant near Nathdwara, Rajasthan at investment of Rs 195 crore RBL Bank Q1 (Standalone YoY) Profit sinks 46% to Rs 200 crore Vs Rs 372 crore Net interest income falls 13% to Rs 1,481 crore Vs Rs 1,700 crore Provisions & contingencies grow 20.8% to Rs 442.3 crore Vs Rs 366.3 crore Pre-provision operating profit declines 18.2% to Rs 703 crore Vs Rs 859 crore Net NPA rises to 0.45% Vs 0.29% (QoQ) Gross NPA expands to 2.78% Vs 2.60% Yes Bank Q1 (Standalone YoY) Profit zooms 59.4% to Rs 801 crore Vs Rs 502 crore Net interest income grows 5.7% to Rs 2,371 crore Vs Rs 2,244 crore Provisions & contingencies jump 34.1% to Rs 284 crore Vs Rs 212 crore Other income surges 46.1% to Rs 1,752 crore Vs Rs 1,199 crore Operating profit soars 53.4% to Rs 1,358 crore Vs Rs 885 crore Gross NPA remains unchanged at 1.6% (QoQ) Net NPA flat at 0.3% (QoQ) L&T Finance Q1 (Consolidated YoY) Profit rises 2.3% to Rs 701.1 crore Vs Rs 685.5 crore Revenue jumps 12.6% to Rs 4,259.4 crore Vs Rs 3,784.4 crore Net interest income grows 8.4% to Rs 2,278.8 crore Vs Rs 2,101.2 crore Mangalore Refinery and Petrochemicals Q1 (Consolidated YoY) Loss stands at Rs 270.7 crore Vs profit of Rs 73.2 crore Revenue declines 25.3% to Rs 17,356.2 crore Vs Rs 23,247 crore Mastek Q1 (Consolidated YoY) Profit soars 28.7% to Rs 92.1 crore Vs Rs 71.5 crore Revenue increases 12.5% to Rs 914.7 crore Vs Rs 812.9 crore Hatsun Agro Product Q1 (Consolidated YoY) Profit rises 3.6% to Rs 135.2 crore Vs Rs 130.5 crore Revenue grows 9.1% to Rs 2,590.3 crore Vs Rs 2,375 crore Board recommends dividend of Rs 6 per share Aarti Drugs Q1 (Consolidated YoY) Profit zooms 62.2% to Rs 53.9 crore Vs Rs 33.2 crore Revenue increases 6.3% to Rs 590.5 crore Vs Rs 555.3 crore IndiaMART InterMESH Q1 (Consolidated YoY) Profit spikes 34.8% to Rs 153.5 crore Vs Rs 113.9 crore Revenue rises 12.3% to Rs 372.1 crore Vs Rs 331.3 crore Stocks to Watch Dr Reddy's Laboratories The United States Food & Drug Administration (USFDA) completed a GMP and Pre-Approval Inspection (PAI) at the company’s formulations manufacturing facility FTO 11 in Srikakulam, Andhra Pradesh, and issued a Form 483 with 7 observations. The inspection was conducted between July 10 and 18. IDFC First Bank Currant Sea Investments B.V., an affiliate of global private equity major Warburg Pincus, has received RBI approval for its proposed investment of up to 9.99% in IDFC First Bank. Sona BLW Precision Forgings Sona Comstar has signed a binding term sheet with China-based Jinnaite Machinery Co. to establish a joint venture (JV) company in China. The JV will manufacture and supply driveline systems and components to automotive OEMs in China and globally. Sona Comstar will invest $12 million, while Jinnaite Machinery will contribute $8 million in the first phase of the joint venture. IRCON International IRCON has received a Letter of Award for a project worth Rs 755.8 crore from Rail Vikas Nigam. The company participated in the project through a JV with JPWIPL in a 70:30 ratio. Additionally, IRCON received a Letter of Acceptance for two work orders from MMRDA for the Mumbai Metro Rail Project. TVS Supply Chain Solutions The company's subsidiary, TVS Logistics Investment UK (TVS LIUK), has acquired an additional 30% equity stake in its subsidiary TVS Autoserv GmbH. As a result, TVS LIUK now holds an 81% stake in TVS Autoserv GmbH. Godrej Properties The company has appointed Amitesh Shah as the Zonal CEO – MMR, effective July 19, replacing Priyansh Kapoor, who resigned effective July 18. Additionally, Sandeep Navlakhe has been appointed as Chief Operating Officer, effective August 1, replacing Vikas Singhal, who resigned effective July 31. Firstsource Solutions The RP-Sanjiv Goenka Group company has signed an agreement to acquire Pastdue Credit Solutions, a UK-headquartered debt-collection business serving many of the UK’s market-leading companies. The acquisition is subject to approval by the Financial Conduct Authority (FCA). Bulk Deals AWL Agri Business Adani Commodities LLP has exited AWL Agri Business by selling its entire 13.54 crore shares worth Rs 3,732.5 crore to several domestic and global institutional investors. These include Duro India Opportunities Fund, IDFC Mutual Fund, Bandhan MF, Jupiter India Fund, Morgan Stanley, Quant MF, Shajaeatan Investment FZCO, and Vanguard Funds, at a price of Rs 275.5 per share. Mainboard Listing on July 21 Anthem Biosciences SME Listing on July 21 Spunweb Nonwoven Stocks Trade Ex-Dividend Shree CementAnupam Rasayan IndiaAcceleratebs IndiaOCCLOrient BellThangamayil JewelleryWindlas Biotech Stock Trades Ex-Bonus Focus Business Solution Stocks in F&O ban Bandhan BankAngel OneHindustan CopperRBL Bank"
19 Jul 2025,"ICICI Bank Q1 Results: Net profit jumps 15% on-year to Rs 12,768 crore, beats Street estimate",https://www.moneycontrol.com/news/business/earnings/icici-bank-q1-results-net-profit-jumps-15-to-rs-12-768-crore-beats-street-estimate-13297896.html,"ICICI Bank Q1 FY26 Results: Net profit jumps 15% year-on-year, beating analyst expectations. Board approves acquisition of 100% shareholding in ICICI Prudential Pension Funds.",ICICI Bank Q1 FY26 Results,"ICICI Bank, India’s second-largest private sector lender, on Saturday reported a 15 percent year-on-year increase in net profit to Rs 12,768.21 crore for the fiscal first quarter, beating analyst expectations. NII -- the difference between interest earned and interest expended -- stood at Rs 21,634.46 crore for the June quarter, up 8.4 percent on-year. According to a Moneycontrol poll, the Street had projected an 8 percent YoY growth in NII to Rs 21,091 crore and a 9.5 percent rise in net profit to Rs 12,112 crore for ICICI Bank in the April-June quarter. Ahead of the results, on Friday, ICICI Bank results rose 0.56 percent to end at Rs 1,426.7 on NSE. The bank’s core operating profit rose 13.6 percent year-on-year to Rs 17,505 crore, while profit before tax (excluding treasury gains) increased 11.4 percent YoY to Rs 15,690 crore in Q1. Total income (standalone) rose to Rs 51,451.81 crore, compared to Rs 45,997.70 crore in the year-ago period. Other income surged to Rs 8,504.90 crore from Rs 7,001.92 crore a year earlier. Asset quality Asset quality improved year-on-year. The gross NPA ratio declined to 1.67 percent from 2.15 percent in the year-ago quarter. Net NPA ratio also fell to 0.41 percent from 0.43 percent YoY. Sequentially, however, both gross and net NPA ratios remained stable. The gross NPA additions were Rs 6,245 crore (US$ 728 million) in April-June quarter, compared to Rs 5,916 crore (US$ 690 million) in a year ago period, according to the press release. Recoveries and upgrades of NPAs, excluding write-offs and sale, were Rs 3,211 crore (US$ 374 million) in Q1FY26 compared to Rs 3,292 crore (US$ 384 million) in Q1FY25. The net additions to gross NPAs, excluding write-offs and sale, were Rs 3,034 crore (US$ 354 million) in Q1FY26 compared to Rs 2,624 crore (US$ 306 million) in Q1FY25. The Bank has written-off gross NPAs amounting to Rs 2,359 crore (US$ 275 million) in Q1FY26. The provisioning coverage ratio on non-performing loans was 75.3 percent at June 30, 2025. At June 30, 2025, the Bank holds total provisions, other than specific provisions on fund based outstanding to borrowers classified as non-performing, amounting to Rs 22,664 crore (US$ 2.6 billion) or 1.7 percent of loans, release said. Deposit and advances Total period-end deposits increased by 12.8 percent on-year to Rs 16,08,517 crore (US$ 187.6 billion) at June 30, 2025 (Rs 16,10,348 crore (US$ 187.8 billion) at March 31, 2025). Average deposits increased by 11.2 percent on-year and 3.1 percent sequentially to Rs 15,33,241crore (US$ 178.8 billion) in Q1FY26. Average current account deposits increased by 11.2 percent on-year and 4.6 percent sequentially in Q1FY26. Average savings account deposits increased by 7.6 percent year-on-year and 3.6 percent sequentially in Q1FY26. As of June 30, 2025, total advances rose to Rs 13.64 lakh crore. The average CASA ratio stood at 38.7 percent. The bank’s capital adequacy ratio under Basel III norms stood at 16.31 percent, slightly lower than 16.55 percent in the March quarter. Acquisition update: ICICI PFM to become wholly owned unit The board also approved the acquisition of ICICI Prudential Pension Funds Management Company Limited (ICICI PFM) from ICICI Prudential Life Insurance Company, making it a wholly owned subsidiary of the bank. ICICI PFM had total assets of Rs 592.6 million and a net loss of Rs 35.4 million in FY25. The transaction, considered a related party deal but to be executed at arm’s length, involves a cash consideration of Rs 203.5 crore and is subject to approvals from the RBI and PFRDA. The bank said this move aligns with its 'Customer 360' strategy and would enhance synergies in pension fund management. Consolidated performance strong On a consolidated basis, ICICI Bank reported a net profit of Rs 13,557.6 crore for Q1 FY26, up 15.9 percent from Rs 11,695.8 crore in the year-ago period. Total consolidated income stood at Rs 74,576.03 crore. Insurance subsidiaries ICICI Prudential Life and ICICI Lombard General contributed positively to the overall performance, with the group’s total capital employed rising to over Rs 3.29 lakh crore."
18 Jul 2025,"ICICI Bank Allots 71,031 Equity Shares Under ESOP Scheme",https://www.moneycontrol.com/news/business/markets/icici-bank-allots-71-031-equity-shares-under-esop-scheme-alpha-article-13293747.html,"ICICI Bank Allots 71,031 Equity Shares Under ESOP Scheme",,"ICICI Bank has announced the allotment of 71,031 equity shares with a face value of ₹2 each on July 18, 2025, under the ICICI Bank Employees Stock Unit Scheme-2022. The allotment was approved by two Executive Directors on July 18, 2025, at 10.05 a.m., as per the authority delegated by the Board of Directors on October 21, 2023.Equity Share Allotment DetailsParticularsDetailsNumber of Shares Allotted71,031Face Value per Share₹2Allotment DateJuly 18, 2025SchemeICICI Bank Employees Stock Unit Scheme-2022Approval DateOctober 21, 2023 (Board Meeting)Details of the AllotmentThe equity shares were allotted under the ICICI Bank Employees Stock Unit Scheme-2022, indicating that these shares are part of the employee stock option plan. This scheme allows employees to acquire shares in the company, aligning their interests with those of the shareholders and the long-term performance of the bank.Approval and AuthorityThe allotment was approved by two Executive Directors at 10.05 a.m. on July 18, 2025. This decision was made under the powers delegated by the Board of Directors during their meeting held on October 21, 2023, ensuring that the allotment process adheres to the governance standards set by the board.Background of the SchemeThe ICICI Bank Employees Stock Unit Scheme-2022 is designed to incentivize and retain employees by offering them the opportunity to own company shares. Such schemes are common in the banking sector as they help in attracting and retaining talent, and in aligning employee performance with shareholder value."
16 Jul 2025,ICICI Bank shares edge marginally lower in Wednesday's trading session,https://www.moneycontrol.com/news/business/stocks/icici-bank-shares-edge-marginally-lower-in-wednesday-s-trading-session-alpha-article-13284384.html,"In summary, ICICI Bank shares experienced a slight decline, trading at Rs 1,425.20. The bank has shown strong financial performance with increasing revenue and net profit over the past few years.",,"ICICI Bank shares were trading at Rs 1,425.20 on the NSE, a decline of 0.39% from the previous close, in the afternoon. The stock is one of the 50 stocks in the Nifty basked. Financial Snapshot Here's an overview of ICICI Bank's financial performance:Consolidated Quarterly ResultsThe following table summarises the consolidated quarterly financial results:HeadingMar 2025Dec 2024Sep 2024Jun 2024Mar 2024RevenueRs 48,386 CroreRs 47,037 CroreRs 46,325 CroreRs 44,581 CroreRs 42,606 CroreNet ProfitRs 14,323 CroreRs 13,828 CroreRs 13,860 CroreRs 12,405 CroreRs 11,972 CroreEPS19.1118.2618.3916.6416.63The revenue for the quarter-ending March 2025 increased to Rs 48,386 Crore compared to Rs 42,606 Crore in March 2024. Net profit also rose to Rs 14,323 Crore in March 2025 from Rs 11,972 Crore in March 2024.Consolidated Yearly ResultsThe following table summarizes the consolidated yearly financial results:Heading20252024202320222021RevenueRs 186,331 CroreRs 159,515 CroreRs 121,066 CroreRs 95,406 CroreRs 89,162 CroreNet ProfitRs 54,419 CroreRs 45,027 CroreRs 34,483 CroreRs 25,803 CroreRs 20,377 CroreEPS72.4163.1948.8636.2127.26BVPS440.69360.27302.71257.31223.31ROE16.2517.4916.1014.0411.90NIM3.683.613.603.092.95The annual revenue for 2025 stood at Rs 186,331 Crore, a notable increase from Rs 159,515 Crore in 2024. Similarly, the net profit for 2025 was Rs 54,419 Crore, up from Rs 45,027 Crore in the previous year.Corporate ActionsICICI Bank announced several corporate actions:On July 15, 2025, S&P Global Ratings affirmed the bank's credit rating and outlook at ""BBB-/Positive/A-3"". The bank's stand-alone credit profile was revised upwards from ""bbb+"" to ""a-"".Allotment of 62,736 equity shares was announced on July 15, 2025.A final dividend of Rs 11 per share (550%) was announced on April 21, 2025, with an effective date of August 12, 2025.In summary, ICICI Bank shares experienced a slight decline, trading at Rs 1,425.20. The bank has shown strong financial performance with increasing revenue and net profit over the past few years."
15 Jul 2025,"ICICI Bank Q1 Net Profit seen up 5.3% YoY to Rs. 11,649.1 cr: Prabhudas Lilladher",https://www.moneycontrol.com/news/business/icici-bank-q1-net-profit-seen-up-5-3-yoy-to-rs-11-649-1-cr-prabhudas-lilladher-13280529.html,"Net Interest Income (NII) is expected to increase by 8.7 percent Y-o-Y (up 0.8 percent Q-o-Q) to Rs. 21,251.2 crore, according to Prabhudas Lilladher.",ICICI Bank,"Prabhudas Lilladher has come out with its first quarter (April - June’ 26) earnings estimates for the Banking sector. The brokerage house expects ICICI Bank to report net profitat Rs. 11,649.1 crore up 5.3% year-on-year (down 6.9% quarter-on-quarter). Net Interest Income (NII) is expected to increase by 8.7 percent Y-o-Y (up 0.8 percent Q-o-Q) to Rs. 21,251.2 crore, according to Prabhudas Lilladher. Pre Provision Operating Profit (PPOP) is likely to rise by 6.1% Y-o-Y (down 3.1 percent Q-o-Q) to Rs. 16,998.8 crore. Prabhudas_Banking"
15 Jul 2025,"ICICI Bank Allots 62,736 Equity Shares Under ESOP Scheme",https://www.moneycontrol.com/news/business/markets/icici-bank-allots-62-736-equity-shares-under-esop-scheme-alpha-article-13279230.html,"ICICI Bank Allots 62,736 Equity Shares Under ESOP Scheme",,"ICICI Bank has announced the allotment of 62,736 equity shares with a face value of ₹2 each on July 15, 2025, under the ICICI Bank Employees Stock Option Scheme-2000. The allotment was approved by two Executive Directors at 10:17 a.m. today, following the authority delegated by the Board of Directors on October 21, 2023.This allotment is part of the bank's ongoing commitment to its employees through the Employees Stock Option Scheme, which aims to incentivize and reward employees by allowing them to own shares in the company. The decision was made under the powers delegated by the Board of Directors during their meeting held on October 21, 2023. The allotment reflects the bank's efforts to align employee interests with the long-term growth and success of the organization. The shares were allotted under the ICICI Bank Employees Stock Option Scheme-2000, indicating that this is part of a pre-existing plan to incentivize employees. The approval by two Executive Directors signifies the internal governance mechanisms in place to ensure compliance and proper execution of such schemes. "
09 Jul 2025,"Sensex falls 200 pts, Nifty below 25,500 amid caution ahead of India-US trade deal, Q1 earnings announcement; metal, IT stocks decline",https://www.moneycontrol.com/news/business/markets/sensex-falls-over-200-pts-nifty-below-25-500-amid-trade-deal-jitters-metal-it-stocks-decline-13249414.html,"In the broader market, the small-cap index rose over half a percent, whereas the mid-cap index closed flat.","Sensex, Nifty see profit-booking in market.","The equity benchmark indices closed lower on Wednesday as investors turned cautious ahead of the start of the earnings season and the expected trade deal announcement between India and the United States, with selling pressure seen in IT and oil & gas stocks. Sensex declined 176.43 points or 0.21 percent to settle at 83,536.08. During the session, it fell 330.23 points or 0.39 percent to touch a low of 83,382.28. The Nifty slipped 46.40 points or 0.18 percent to close at 25,476.10. Markets traded in a narrow range with a volatile tone, extending the ongoing consolidation phase. After an initial dip, the Nifty attempted a recovery in early trade, but selling in select heavyweights in the last hour dragged the index lower. Among Sensex constituents, HCL Tech, Tata Steel, Tech Mahindra, Reliance Industries, Bharat Electronics and ICICI Bank were among the major losers. Sector-wise, a mixed trend was visible. FMCG and auto sectors saw modest gains, while realty, metal, and IT indices ended in the red. In the broader market, the small-cap index rose over half a percent, whereas the mid-cap index closed flat. The market breadth was nearly even with 1,776 stocks advancing, 1,734 declining, and 107 remaining unchanged on the BSE. ""While the tariff-related concerns linger, the focus now shifts to the earnings season, with IT major TCS set to report results on Thursday, July 10. Additionally, the weekly expiry could add to the choppiness,"" said Ajit Mishra, SVP, Research, Religare Broking. ""Amid all this, we maintain our bullish stance and recommend continuing with a ‘buy on dips’ strategy, with a strong emphasis on stock selection."" The India VIX, a gauge of market volatility, eased more than 2 percent to end at 11.94. According to exchange data, Foreign Institutional Investors (FIIs) sold equities worth Rs 26.12 crore on Tuesday, while Domestic Institutional Investors (DIIs) bought shares worth Rs 1,366.82 crore."
09 Jul 2025,"ICICI Prudential AMC files IPO papers, comprises entirely OFS by British partner",https://www.moneycontrol.com/news/business/ipo/icici-prudential-amc-files-ipo-papers-comprises-entirely-ofs-by-british-partner-13245437.html,"ICICI Prudential AMC IPO | Since 1998, ICICI Prudential AMC has been operating as a joint venture between ICICI Bank and London-based Prudential Corporation Holdings with 51:49 shareholding.",ICICI Prudential AMC IPO,"ICICI Prudential Asset Management Company, the second largest AMC in terms of managed assets in India, has filed preliminary papers with the SEBI on July 8 to raise funds via an initial public offering. The IPO will comprise a sole offer-for-sale of 1.76 crore equity shares by the foreign partner Prudential Corporation Holdings, with no fresh issue components. This means the IPO proceeds will go to the selling shareholder, and the company will not receive any money from the offer. Moneycontrol was the first to report last week quoting sources that ICICI Prudential Asset Management Company is likely to shortly file draft papers for up to Rs 10,000 crore worth IPO. Since 1998, ICICI Prudential AMC has been operating as a joint venture between ICICI Bank and London-based Prudential Corporation Holdings with 51:49 shareholding. Click Here To Read All IPO News With over 30 years in the asset management industry, ICICI Bank subsidiary is the second largest asset management company in India, in terms of QAAUM (quarterly average assets under management), with a market share of 13 percent as of March 2025, serving 14.6 million customers. If the IPO plan turns out successful, this would be the fifth listed firm from the ICICI Group, after ICICI Bank, ICICI Prudential Life Insurance Company, ICICI Lombard General Insurance Company, and ICICI Securities. Additionally, this would be the fifth asset management company to list on the bourses, following HDFC Asset Management Company, UTI AMC, Shriram AMC, Nippon Life India Asset Management, and Aditya Birla Sun Life AMC. Led by Nimesh Vipinbabu Shah (the Managing Director and Chief Executive Officer), and Sankaran Naren (Executive Director and Chief Investment Officer), ICICI Prudential AMC has reported healthy financial numbers in the past years. Profit in fiscal 2025 grew by 29.3 percent to Rs 2,650.7 crore, up from Rs 2,049.7 crore in the previous year, and revenue soared 38.7 percent to Rs 4,682.8 crore, up from Rs 3,375.9 crore in the same period. Total 18 merchant bankers - Citigroup Global Markets India, Morgan Stanley India Company, BofA Securities India, Axis Capital, CLSA India, IIFL Capital Services, Kotak Mahindra Capital Company, Nomura Financial Advisory and Securities (India), SBI Capital Markets, ICICI Securities, Goldman Sachs (India) Securities, Avendus Capital, BNP Paribas, HDFC Bank, JM Financial, Motilal Oswal Investment Advisors, Nuvama Wealth Management, and UBS Securities India - are appointed to handle the big size ICICI Prudential Asset Management Company’s IPO. This is the first time in Indian primary market history that the IPO is being managed by such many bankers. ICICI Bank in its board meeting on June 27 this year has received approval for the purchase of up to 2 percent additional shareholding in ICICI Prudential AMC. ""This purchase will primarily be towards maintaining the bank’s majority shareholding in the event of grant of stock-based compensation by the company,"" the bank said. On February 12 this year, the British joint venture partner Prudential PLC announced its intention for a potential listing of and partial divestment of its stake in ICICI Prudential Asset Management Company. On the same day, ICICI Bank said it intended to retain a majority shareholding in ICICI Prudential Asset Management Company, ensuring its long-term commitment."
07 Jul 2025,"Equitas SFB, J&K Bank, ESAF SFB shares plunge up to 6% as Q1 biz updates fail to impress investors",https://www.moneycontrol.com/news/business/markets/equitas-sfb-j-k-bank-esaf-sfb-shares-plunge-up-to-6-as-q1-biz-updates-fail-to-impress-investors-13238517.html,"Equitas Small Finance Bank's asset quality worsened, with overall net slippage rising from 2.38% in Q1 FY25 to 4.35% in Q1 FY26.","Equitas SFB, J&K Bank, ESAF SFB shares plunge up to 6% as Q1 updates fail to impress markets","The shares of Equitas Small Finance Bank plunged nearly 6 percent on July 7 after the company reported a drop in asset quality and micro finance loans for the April-June quarter. ESAF Small Finance Bank and Jammu & Kashmir Bank shares also recorded significant losses. The sharp fall in the share prices of the three lenders comes amid an overall downturn in bank stocks. Nifty Bank closed in the red at 56,949, with AU Small Finance Bank, State Bank of India (SBI) and ICICI Bank leading losses. Equitas Small Finance Bank Equitas Small Finance Bank reported provisional gross advances at Rs 38,304 crore for the first quarter of the financial year 2026. This marked a rise of over 9 percent from the Rs 34,871 crore gross advances reported in the corresponding quarter of the previous financial year. However, its gross advances in the micro finance and micro loans segment declined over 34 percent to Rs 3,916 crore during the quarter under review. Total deposits, meanwhile, rose over 18 percent on-year to Rs 37,524 crore, while CASA deposits grew over 11 percent on-year to Rs 13,053 crore. CASA ratio stood at 29 percent, lower than the 31 percent reported in the year-ago period. The lender's asset quality worsened, with overall net slippage rising from 2.38 percent in Q1FY25 to 4.35 percent in Q1FY26. Micro finance segment saw the worst rise in net slippage, from 4.98 percent in Q1FY25 to a whopping 19.75 percent in Q1FY26. The shares of the company tumbled nearly 6 percent to close at Rs 64.11 apiece on July 7. ESAF Small Finance Bank ESAF Small Finance Bank reported a nearly 9 percent rise in total deposits to Rs 22,698 crore for the first quarter of the financial year 2026. This however is around 2.5 percent lower than the Rs 23,277 crore total deposits reported in the previous quarter (Q4 FY25). CASA deposits improved on-year to Rs 5,628 crore, but fell nearly 3 percent sequentially. The bank's gross advances however declined around 3 percent on-year to Rs 18,224 crore. This was largely driven by a 39 percent on-year drop in its micro loans segment. The shares of the lender dropped around 2 percent to close at Rs 34.29 apiece on July 7. The Jammu & Kashmir Bank The Jammu & Kashmir Bank on July 7 reported a 10 percent on-year rise in total business to Rs 2.50 lakh crore for the April to June quarter of the current financial year. Its total deposits meanwhile grew over 12 percent on-year to Rs 1.48 lakh crore. CASA deposits grew 3 percent on-year to Rs 67,900 crore, but CASA ratio declined to 45.71 percent. The shares of the lender dropped nearly 3 percent to close at Rs 111 apiece."
02 Jul 2025,"Stocks to Watch Today: HDB Financial, Hero MotoCorp, Sambhv Steel, Lupin, JSW Energy, Asian Paints, RITES, Paras Defence, Maruti Suzuki in focus on 2 July",https://www.moneycontrol.com/news/business/markets/stocks-to-watch-today-hdb-financial-hero-motocorp-sambhv-steel-lupin-jsw-energy-asian-paints-rites-paras-defence-maruti-suzuki-in-focus-on-2-july-13215742.html,"Stocks to Watch, 2 July: Stocks like HDB Financial Services, Hero MotoCorp, Sambhv Steel Tubes, Lupin, JSW Energy, Asian Paints, RITES, Paras Defence and Space Technologies, Maruti Suzuki India, and Hyundai Motor India will be in focus on July 2","Stocks to Watch Today, 2 July","Let's catch up on the latest news from the stock market. From significant investments to major deals, quarterly earnings, order wins, appointments, and acquisitions, here’s a quick look at which stocks will be in focus in today's trade: Q1FY26 Earnings Update (Provisional) V-Mart Retail Q1 Update Total revenue from operations grow 12.6% to Rs 885 crore Vs Rs 786 crore (YoY) Same-store-sales growth (SSSG) at +1% Company opens 15 new stores & closes 2 stores Total number of stores at 510 as of June 2025 Automobile Sales for June Month Hero MotoCorp (YoY) Total sales grow 10% to 5.54 lakh units Vs 5.03 lakh units Domestic sales increase 6.9% to 5.25 lakh units Vs 4.91 lakh units Exports sales zoom 140% to 28,827 units Vs 12,032 units Maruti Suzuki India (YoY) Total sales drop 6.3% to 1.68 lakh units Vs 1.79 lakh units Domestic sales fall 12.2% to 1.30 lakh units Vs 1.48 lakh units Exports grow 21.9% to 37,842 units Vs 31,033 units Total production declines 4.2% to 1.27 lakh units Vs 1.33 lakh units Hyundai Motor India Total monthly sales at 60,924 units Domestic sales at 44,024 units & exports at 16,900 units SUVs contributes 67.6% to company's total domestic sales in June 2025 Stocks to Watch Lupin The company has received approval from the United States Food and Drug Administration (US FDA) for its Abbreviated New Drug Application (ANDA) for Loteprednol Etabonate Ophthalmic Gel, 0.38%. Lupin is the exclusive first-to-file for this product and is eligible for 180 days of generic drug exclusivity. This product is a corticosteroid indicated for the treatment of postoperative inflammation and pain following ocular surgery. RITES The company has received an order worth $3.6 million (CIF) from African Rail Company for the supply of two fully overhauled ALCO locomotives for deployment in Zimbabwe, Mozambique, and Botswana. Additionally, the RITES-Aryan joint venture has received the Letter of Acceptance (LOA) for the Tumakuru Station redevelopment project, worth Rs 37.81 crore, from South Western Railway. The project involves civil works, signalling and telecommunication works, and electrical general services at Tumakuru Station. Exicom Tele-Systems The Board has approved a rights issue of 1.81 crore shares worth Rs 259.41 crore and has fixed the issue price at Rs 143 per share. Further, the Board approved the issuance of 3 rights equity shares for every 20 equity shares held on the record date. The rights issue will open on July 15 and close on July 30. Paras Defence and Space Technologies The company's subsidiary, Paras Anti Drone Technologies, announced that France-based CERBAIR, a leading European counter-UAV company, intends to acquire up to 30 CHIMERA 200 systems—an advanced man-portable radio frequency detection and neutralization device. These systems are designed as a primary defence against drone and swarm drone threats. The deal is worth approximately Rs 22 crore. MOIL The company has increased the prices of all ferro grades of manganese ore and all chemical grades by 2%, effective July 1. Prices of all SMGR (Mn-30% & Mn-25%) and fines grades remain unchanged for July. Asian Paints The Competition Commission of India (CCI) has ordered its Director General (DG) to investigate allegations of abuse of market dominance by paint maker Asian Paints. This investigation follows a complaint raised by Grasim Industries, a new entrant into the paint market through Birla Opus Paints, as per an official order dated July 1. In the complaint, Birla Opus Paints also accused Asian Paints of placing restrictive clauses with its distributors, discouraging them from selling Birla Paints' products. JSW Energy The company’s subsidiary, JSW Renew Energy Thirty Seven, has signed Battery Energy Storage Purchase Agreements (BESPA) with Rajasthan Rajya Vidyut Utpadan Nigam (RVUNL) for a 250 MW / 500 MWh standalone Battery Energy Storage System (BESS). These projects will be developed on a build, own, and operate model in Rajasthan. The BESPA has been signed for a duration of 12 years, with a tariff of Rs 2,24,000 per MW per month. Nazara Technologies The company’s subsidiary, Nodwin Gaming, has completed the acquisition of a 92.30% stake in AFK Gaming from its founders Nishant Patel, Rakesh Ramchandran, Siddharth Nayyar, and other shareholders. Following this acquisition, AFK has become a wholly owned subsidiary of Nodwin and a step-down subsidiary of Nazara Technologies. SBI Cards and Payment Services The company has received a Show Cause Notice from the GST Department, Gurugram, proposing to disallow input tax credit (ITC) of Rs 81.45 crore on account of a mismatch between GSTR-2A and GSTR-3B, and Rs 47.53 lakh on supplies from units whose registrations were cancelled retrospectively or who have not filed GSTR-3B, for the period FY 2018–19 to FY 2020–21. Trident The company has received a Show Cause Notice from CGST, Ludhiana, for alleged tax dues of Rs 51.86 crore along with applicable interest and a penalty equivalent to the tax dues, if any. The notice is based on alleged discrepancies in ITC reconciliation as per GST returns for FY 2018–19 to FY 2020–21 and suppression of outward tax liability due to variance between E-way bills and GST returns. Cyient DLM The Board has appointed Rajendra Velagapudi as Managing Director and Chief Executive Officer (CEO) of the company, effective July 1. He previously served as Managing Director of the company. Sharda Motor Industries Ashwani Maheshwari has been appointed as Deputy Managing Director of the company, effective July 1. ICICI Bank Keshav Ruthiya has been appointed as Chief Procurement Officer of the company, effective August 1. Additionally, Rajesh Naik has been appointed as President – Manufacturing, effective August 1. He will succeed Prashant Patil and lead the operations function. Karur Vysya Bank The bank has signed an agreement with Kshema General Insurance as an additional bancassurance partner for its non-life insurance business. Godrej Properties Godrej Properties has sold a 2.5% stake in Vivrut Developers to Godrej Ventures and Investment Advisers for Rs 8.63 crore. Bulk Deals Ellenbarrie Industrial Gases Motilal Oswal Mutual Fund has acquired 20.95 lakh shares in the company at a price of Rs 511.10 per share, amounting to Rs 107.08 crore. Kajaria Ceramics JP Morgan Funds has sold 8.85 lakh shares at a price of Rs 1,067.88 per share, valued at Rs 94.5 crore. Raymond Realty Norges Bank, on account of the Government Pension Fund Global, has sold 4.12 lakh shares at a price of Rs 1,005.94 per share, valued at Rs 41.5 crore. Block Deals Bharti Airtel Goldman Sachs (Singapore) Pte – ODI has acquired 1.03 lakh shares in the company from Kadensa Master Fund at a price of Rs 2,009.60 per share. Hindustan Aeronautics Goldman Sachs (Singapore) Pte – ODI has bought 1.05 lakh shares in the company at a price of Rs 4,869.80 per share from Kadensa Master Fund. HDFC Bank Goldman Sachs (Singapore) Pte - ODI has purchased 76,851 shares in the bank at a price of Rs 2,001.50 per share from Kadensa Master Fund. ICICI Bank Goldman Sachs (Singapore) Pte - ODI has acquired 1.27 lakh shares in the bank at a price of Rs 1,445.80 per share from Kadensa Master Fund. Kaynes Technology India Goldman Sachs (Singapore) Pte - ODI has purchased 67,690 shares in the company at a price of Rs 6,095 per share from Kadensa Master Fund. Reliance Industries Goldman Sachs (Singapore) Pte - ODI has bought 7.49 lakh shares in the company at a price of Rs 1,500.60 per share from Kadensa Master Fund. Varun Beverages Goldman Sachs (Singapore) Pte - ODI has purchased 15.25 lakh shares in the company at a price of Rs 457.55 per share from Kadensa Master Fund. Voltas Goldman Sachs (Singapore) Pte - ODI has acquired 3.88 lakh shares in the company at a price of Rs 1,314.10 per share from Kadensa Master Fund. Mainboard Listing on July 2 HDB Financial ServicesSambhv Steel Tubes SME Listing on July 2 Supertech EVSuntech Infra SolutionsRama Telecom New Listing on NSE (already traded on BSE) Piccadily Agro Industries Stocks Trade Ex-Dividend Bharat Seats,Sika Interplant Systems Stock Trades Ex-Date for Resolution Plan-Suspension XL Energy Stock in F&O ban RBL Bank"
27 Jun 2025,"Nifty Bank hits new all-time high again, tops 57,400 for the first time ever",https://www.moneycontrol.com/news/business/markets/nifty-bank-hits-new-all-time-high-again-today-tops-57-300-for-the-first-time-ever-psu-stocks-shine-13189670.html,"Analysts however expect the bullish rally to continue, with Bank Nifty hitting further highs.",Bank Nifty hits fresh lifetime high,"Bank stocks extended gains on June 27, pushing the Nifty Bank index to a fresh all-time high level. The bank index has crossed 57,400-mark for the first time ever. The index hit a lifetime high of 57,414.95, breaking its previous record of 57,387.95 which was set just hours ago. The index has now extended gains for the fourth consecutive session. Bank of Baroda and ICICI Bank shares gained over 1 percent each, while IDFC First Bank, State Bank of India (SBI) and HDFC Bank shares gained over 0.8 percent each. Punjab National Bank (PNB) and Canara Bank shares were trading with marginal gains. IndusInd Bank shares gained over 3 percent after report claimed that Axis Bank's Rajiv Anand is a strong candidate for its CEO position. Axis Bank, Kotak Mahindra Bank, Federal Bank and AU Small Finance Bank shares were trading in the red. Will Nifty Bank cross 58,000 soon? Analysts however expect the bullish rally to continue, with Bank Nifty hitting further highs. ""Overall, I expect Bank Nifty to cross 58,000 over next 2-3 weeks. If it holds above 56,250, looks for an upside target of 57,050 today. I am expecting momentum in both Nifty and Bank Nifty post this expiry,"" said Chandan Taparia, Senior Vice President, Head - Derivatives & Technical Research, Motilal Oswal. What led to the rally? Ajay Bagga, Independent Analyst, meanwhile held India's macroeconomic indicators as key to the index's growth. ""Given the manifold actions by RBI, which has cut rates, injected ample liquidity into the money markets, has been pragmatic in undertaking macro prudential easing and has been providing regulatory relief, banks are poised to benefit in the next few quarters. India's robust macro, tailwinds from a good monsoon, income tax relief injecting some purchasing power in the pockets of the middle class and falling inflation all have created a good backdrop for credit growth,"" he said. Bhavik Joshi, Business Head at INVasset PMS, cited the liquidity-driven shift in the Indian financial ecosystem as a key factor behind the surge in Bank Nifty. ""The Reserve Bank of India has been at the forefront, executing a series of bold monetary actions to stimulate the economy. These include a total of 100 bps in repo rate cuts this year (25 bps each in February and April, followed by 50 bps in June), alongside a 100 bps CRR reduction. Most notably, the RBI recently conducted a $10 billion (₹87,000 crore) 3-year USD/INR swap, injecting long-term liquidity into the system,"" he said. ""Bank Nifty's leadership in 2025 is a reflection of this macro transformation. It’s not just a stock index hitting highs—it’s the financial heartbeat of a growing economy, powered by a central bank committed to supporting India’s next phase of expansion,"" he added. Sunny Agrawal of SBI Securities highlighted the surge in HDFC Bank and ICICI Bank's shares as a significant driver of the surge in the bank index. ""HDFC Bank and ICICI Bank account for approximately 50% of the Bank Nifty weight and today we have seen HDFC Bank hitting life high thereby pulling the entire index up. Moreover, ICICI Bank is also trading very close to its life highs. Overall, banks are well placed to enjoy better credit growth, on the back of recent drop in repo rate, albeit, NIMs may come under pressure during 1QFY26 and then gradually improving during FY26, with strong exit in 4QFY26,"" he said. Bank Nifty has been outperforming the Nifty 50 index since the beginning of 2025, posting gains of nearly 12 percent compared to the benchmark's 8 percent gain, said Ravi Singh, SVP - Retail Research, Religare Broking. Speaking about today's rise Singh said that the uptrend was helped by RBI's recent steps like cutting interest rates and reducing CRR, which made investors more confident about the profits of banks. ""On the technical charts, Bank Nifty is likely to move towards the 57,800–58,200 zone in the near term, provided it sustains firmly above the 56,800-breakout level. For the July expiry, the highest open interest build-up is observed at the 56,000 strike, indicating strong support. Overall, sentiment remains positive, with 56,500–56,200 acting as a key support zone and 57,200 as the immediate hurdle for further upside. Traders can look to deploy a 'Buy on Dips' strategy in the banking index,"" Singh said. Also read: Our LIVE blog on stock market updates"
26 Jun 2025,"Bank Nifty hits record high of 57,263; HDFC Bank, Axis Bank shares jump up to 2%",https://www.moneycontrol.com/news/business/markets/bank-nifty-hits-fresh-record-high-of-57-070-hdfc-bank-axis-bank-shares-jump-over-1-13181574.html,"HDFC Bank share price:  Chandan Taparia from Motilal Oswal expects Bank Nifty cross 58,000 over next 2-3 weeks.",Bank Nifty at record high,"Bank stocks recorded significant gains on June 26, pushing the Nifty Bank index higher up in the green to hit a fresh all-time high of 57,263.45. The surge in the segment was led by heavy buying in private bank stocks. Heavyweight HDFC Bank shares jumped nearly 2 percent to hit a fresh all-time high of Rs 2,027 apiece, closing as one of the top gainers and biggest contributors to the uptrend in benchmark indices Sensex and Nifty. HDFC Bank shares have now extended gains for the third consecutive session. This comes as its subsidiary HDB Financial Services sees decent investor interest for its Rs 12,500 IPO. Notably, HDFC Bank had set tomorrow (June 27) as the record date to determine the eligibility of the shareholders set to receive its dividend payment. The rise in the share price comes ahead of the record date. AU Small Finance Bank shares rose over 1.7 percent to close at Rs 821 apiece, while Axis Bank shares gained 1.5 percent to end the session at Rs 1,231 apiece. ICICI Bank shares were trading nearly 1 percent higher, while IndusInd Bank, Punjab National Bank (PNB), Canara Bank, Bank of Baroda and Kotak Mahindra Bank shares were trading in the green with marginal gains. Dodging the uptrend in the segment, the shares of State Bank of India (SBI), Federal Bank, and IDFC First Bank were trading in the red with marginal losses. Will Bank Nifty cross 58,000 soon? Analysts however expect the bullish rally to continue, with Bank Nifty hitting further highs. ""Overall, I expect Bank Nifty to cross 58,000 over next 2-3 weeks. If it holds above 56,250, looks for an upside target of 57,050 today. I am expecting momentum in both Nifty and Bank Nifty post this expiry,"" said Chandan Taparia, Senior Vice President, Head - Derivatives & Technical Research, Motilal Oswal. What led to the rally? Ajay Bagga, Independent Analyst, meanwhile held India's macroeconomic indicators as key to the index's growth. ""Given the manifold actions by RBI, which has cut rates, injected ample liquidity into the money markets, has been pragmatic in undertaking macro prudential easing and has been providing regulatory relief, banks are poised to benefit in the next few quarters. India's robust macro, tailwinds from a good monsoon, income tax relief injecting some purchasing power in the pockets of the middle class and falling inflation all have created a good backdrop for credit growth,"" he said. Bhavik Joshi, Business Head at INVasset PMS, cited the liquidity-driven shift in the Indian financial ecosystem as a key factor behind the surge in Bank Nifty. ""The Reserve Bank of India has been at the forefront, executing a series of bold monetary actions to stimulate the economy. These include a total of 100 bps in repo rate cuts this year (25 bps each in February and April, followed by 50 bps in June), alongside a 100 bps CRR reduction. Most notably, the RBI recently conducted a $10 billion (₹87,000 crore) 3-year USD/INR swap, injecting long-term liquidity into the system,"" he said. ""Bank Nifty's leadership in 2025 is a reflection of this macro transformation. It’s not just a stock index hitting highs—it’s the financial heartbeat of a growing economy, powered by a central bank committed to supporting India’s next phase of expansion,"" he added. Sunny Agrawal of SBI Securities highlighted the surge in HDFC Bank and ICICI Bank's shares as a significant driver of the surge in the bank index. ""HDFC Bank and ICICI Bank account for approximately 50% of the Bank Nifty weight and today we have seen HDFC Bank hitting life high thereby pulling the entire index up. Moreover, ICICI Bank is also trading very close to its life highs. Overall, banks are well placed to enjoy better credit growth, on the back of recent drop in repo rate, albeit, NIMs may come under pressure during 1QFY26 and then gradually improving during FY26, with strong exit in 4QFY26,"" he said. Bank Nifty has been outperforming the Nifty 50 index since the beginning of 2025, posting gains of nearly 12 percent compared to the benchmark's 8 percent gain, said Ravi Singh, SVP - Retail Research, Religare Broking. Speaking about today's rise Singh said that the uptrend was helped by RBI's recent steps like cutting interest rates and reducing CRR, which made investors more confident about the profits of banks. ""On the technical charts, Bank Nifty is likely to move towards the 57,800–58,200 zone in the near term, provided it sustains firmly above the 56,800-breakout level. For the July expiry, the highest open interest build-up is observed at the 56,000 strike, indicating strong support. Overall, sentiment remains positive, with 56,500–56,200 acting as a key support zone and 57,200 as the immediate hurdle for further upside. Traders can look to deploy a “Buy on Dips” strategy in the banking index,"" Singh said. Nifty Financial Services also recorded significant rise today. The index jumped nearly 1 percent to hit a fresh record high of 27,144. ICICI Prudential Life Insurance Company, Jio Financial Services, Shriram Finance and Bajaj Finance surged over 2 percent each to emerge as the top gainers on the index. Also read: Our LIVE blog on stock market updates"
17 Jun 2025,"Stocks to Watch Today: Vishal Mega Mart, Biocon, TCS, Mastek, HCL Tech, ICICI Bank, Tanla Platforms, Zee Entertainment, IndiaMART in focus on 17 June",https://www.moneycontrol.com/news/business/markets/stocks-to-watch-today-vishal-mega-mart-biocon-tcs-mastek-hcl-tech-icici-bank-tanla-platforms-zee-entertainment-indiamart-in-focus-on-17-june-13129916.html,"Stocks to Watch, 17 June: Stocks like NTPC, Godrej Properties, Axiscades Technologies, Zee Entertainment Enterprises, Tanla Platforms, ICICI Bank, IndiaMART InterMESH, Tata Consultancy Services, HCL Technologies, Mastek, Biocon, Vishal Mega Mart, Jainik Power Cables, Hindustan Zinc, and  Shankara Building Products will be in focus on June 17.","Jefferies sees long-term tailwinds for Navin Fluorine from Rs 2,000 crore capex","Let's catch up on the latest news from the stock market. From significant investments to major deals, fund raising, and order wins, here’s a quick look at which stocks will be in focus in today's trade: Stocks to Watch Vishal Mega Mart Promoter Samayat Services is likely to sell up to Rs 9,896 crore worth of shares in Vishal Mega Mart via block deals, increasing the block deal size from around Rs 5,057 crore earlier. The floor price has been set at Rs 110 per share, reports CNBC-TV18, quoting sources. Biocon The biopharmaceutical firm launched its qualified institutions placement (QIP) on June 16. The floor price has been fixed at Rs 340.20 per share. According to CNBC-TV18, quoting sources, the company aims to raise Rs 4,500 crore via QIP. Mastek The digital engineering and cloud transformation services provider has received a contract from NHS England to deliver NHS board and Senior Information Risk Owner (SIRO) cybersecurity training in partnership with Templar Executives. This training is designed to help NHS Boards and executives enhance their understanding of the cyber landscape and build resilience across the healthcare system. HCL Technologies The company has announced a strategic partnership with E.ON, one of Europe’s largest energy companies. Under the new multi-year agreement, HCLTech will establish a new private cloud and provide cloud and network management across E.ON's global hyperscalers. Tata Consultancy Services TCS has partnered with the Council of Europe Development Bank (CEB) to modernize its operations and enhance efficiency. As part of this collaboration, TCS will deploy TCS BaNCSTM for Reconciliations to streamline complex transactions and automate key reconciliation processes using artificial intelligence and automation. IndiaMART InterMESH In its Annual General Meeting, the shareholders of the company approved a final dividend of Rs 30 per share for FY25, along with a special dividend of Rs 20 per share, bringing the total dividend to Rs 50 per share. ICICI Bank The Reserve Bank of India (RBI) has approved the reappointment of Sandeep Batra as Executive Director of ICICI Bank for a period of two years, effective December 23, 2025. Shareholder approval for the reappointment will be sought in due course. Tanla Platforms The Board has approved a buyback proposal of up to 20 lakh shares (1.49% stake) worth up to Rs 175 crore at a price of Rs 875 per share via the tender offer route. Zee Entertainment Enterprises The Board has approved the enhancement of promoter shareholding through the issuance of up to 16.95 crore fully convertible warrants to promoter group entities on a preferential basis, priced at Rs 132 per warrant. The promoters will invest Rs 2,237.44 crore in the company’s next phase of growth, which will raise their total shareholding to 18.39%. The preferential issue is subject to shareholder approval. Axiscades Technologies Indra, a Europe-based global leader in defence, aerospace, and strategic systems, has announced a strategic alliance with Axiscades by signing a Memorandum of Understanding (MoU). With this agreement, the company aims to manufacture several Indra solutions in India, such as antennas for its tactical air navigation systems (TACAN), distance-measuring equipment (DME) that provides in-flight information to aircraft, and countermeasure systems. Godrej Properties The Mumbai-based real estate developer will develop a 16-acre land parcel in Upper Kharadi, Pune. The project will have a developable potential of 2.5 million square feet, with an estimated revenue potential of Rs 3,100 crore. Macrotech Developers The Ministry of Corporate Affairs (MCA) has approved the company’s name change from 'Macrotech Developers' to 'Lodha Developers', effective June 16. NTPC The Board of Directors will meet on June 21 to consider fundraising of up to Rs 18,000 crore via the issuance of non-convertible debentures, subject to shareholder approval. Sona BLW Precision Forgings After the demise of Sunjay Kapur, the Chairman of Sona Comstar, the Board will meet in due course to elect a new Chairman of the board. Hyundai Motor India The company has commenced the production of passenger vehicle engines at its manufacturing facility in the Talegaon plant, Maharashtra, effective June 16. Bata India The Bata Group has announced the appointment of Panos Mytaros as its new Global Chief Executive Officer, effective September 15, 2025. He will succeed Sandeep Kataria, who has led the Group since 2020. Jindal Steel & Power The Board has approved the change in the name of the company from 'Jindal Steel & Power' to 'Jindal Steel'. Block Deals Asian Paints ICICI Prudential Mutual Fund has acquired an additional 85 lakh shares (0.88 percent stake) of Asian Paints from Siddhant Commercials at a price of Rs 2,207 per share, amounting to Rs 1,876 crore. On June 12, SBI Mutual Fund also bought an additional 3.5 crore shares in Asian Paints at a price of Rs 2,201 per share, valued at Rs 7,703.5 crore. As of March 2025, Siddhant Commercials had held a 4.9% stake (4.69 crore shares) in the company. Solara Active Pharma Sciences Pronomz Ventures LLP has acquired 20 lakh shares in Solara Active Pharma Sciences from Spiracca Ventures LLP at a price of Rs 495 per share, amounting to Rs 99 crore. Bulk Deals Sacheerome Chartered Finance & Leasing, Sachin Vilas Randive, Jinendra Kumar Jain, and Cinco Stock Vision LLP have acquired 5.95 lakh shares in the SME company, valued at Rs 8.9 crore. SME Listing on June 17 Jainik Power Cables Stocks Trade Ex-Dividend Hindustan ZincShankara Building Products Stock Trades Ex-Date for Resolution Plan -Suspension Shri Krishna Prasadam Stocks in F&O Ban Aditya Birla Fashion and RetailBirlasoftCentral Depository ServicesChambal Fertilisers and ChemicalsHUDCOIndian Renewable Energy Development Agency (IREDA)Manappuram FinanceRBL BankTitagarh Rail Systems Stocks removed from F&O ban Indian Energy Exchange"
12 Jun 2025,"Stocks to Watch Today: Zydus Lifesciences, CE Info Systems Nazara Tech, Sterlite Technologies, HG Infra, Hindustan Copper, Angel One in focus on 12 June",https://www.moneycontrol.com/news/business/markets/stocks-to-watch-today-zydus-lifesciences-ce-info-systems-nazara-tech-sterlite-technologies-hg-infra-hindustan-copper-angel-one-in-focus-on-12-june-13111776.html,"Stocks to watch, 12, June: Stocks like Cyient, ICICI Bank, Maruti Suzuki India, Canara Bank, Kellton Tech Solutions, GMM Pfaudler, Titagarh Rail Systems, Zydus Lifesciences, CE Info Systems Nazara Technologies, Sterlite Technologies, HG Infra Engineering, Hindustan Copper, and Angel One will be in focus on June 12.","Stocks to Watch Today, 12 June","Let's catch up on the latest news from the stock market. From significant investments to major deals, acquisitions, fund raising, and order wins, here’s a quick look at which stocks will be in focus in today's trade: Stocks to Watch CE Info Systems (MapMyIndia) PhonePe Private Limited is likely to sell up to a 5% equity stake worth Rs 476 crore in CE Info Systems, with a floor price set at Rs 1,750 per share, reports CNBC-TV18 quoting sources. As of March 2025, PhonePe holds an 18.74% stake in the company. Zydus Lifesciences The company has received the Establishment Inspection Report (EIR) from the US FDA for the inspection conducted at its API manufacturing facility in Ankleshwar. The US health regulator inspected the facility during March 10–14, and the inspection has been classified as No Action Indicated (NAI). The USFDA has concluded that this inspection is ""closed."" Nazara Technologies Axana Estates LLP, Plutus Wealth Management LLP, and Junomoneta Finsol have announced an open offer for the acquisition of up to 2.4 crore equity shares (26% stake) of Nazara Technologies at an offer price of Rs 990 per equity share. Sterlite Technologies The company, through its Global Services Business (the demerged business vertical), in consortium with Dilip Buildcon, has entered into an agreement with Bharat Sanchar Nigam Limited (BSNL) for a RS 2,631.14 crore telecom project. The agreement pertains to the design, supply, construction, installation, upgradation, operation, and maintenance of the middle-mile network under BharatNet for the Jammu & Kashmir and Ladakh telecom circles – Package 13. HG Infra Engineering The company has been declared the lowest bidder for the role of Transmission Service Provider to establish an inter-state transmission system for the Eastern Region Generation Scheme – I (ERGS-I) in Odisha, by PFC Consulting, a wholly owned subsidiary of Power Finance Corporation. Transmission charges for the project are set at Rs 43.11 crore per year. Hindustan Copper The company has announced a capital expenditure plan of Rs 2,000 crore over the next 5–6 years, along with a mine capacity expansion from 4.35 MTPA to 12.20 MTPA by FY31. It has also increased its exploration budget, leading to the addition of 123 million tonnes of copper ore reserves and resources in the past two years, and plans to continue adding more. The company is actively acquiring promising copper deposits in India and abroad by participating in upcoming mineral auctions. Angel One Ketan Shah has resigned from the role of Chief Sales and Revenue Officer – Assisted Business, as well as from the position of Whole-Time Director and Key Managerial Personnel of Angel One, including his roles on committees of the Board, due to personal reasons. His resignation will be effective from July 18. Cyient Cyient Foundation, the CSR arm of Cyient, has signed a Memorandum of Understanding (MoU) with the All India Council for Technical Education (AICTE) to establish an innovation cluster in Visakhapatnam, Andhra Pradesh. Under the MoU, the pilot program will focus on transforming higher education institutions in and around Visakhapatnam into vibrant hubs of innovation by fostering collaboration between academia, industry, startups, and investors. ICICI Bank ICICI Bank has sold its entire shareholding of 18.8% in equity shares of NIIT Institute of Finance Banking and Insurance Training (NIIT-IFBI), an associate of the bank, to NIIT for Rs 6.11 crore. Consequently, NIIT-IFBI has ceased to be an associate of the bank. Maruti Suzuki India The National Company Law Tribunal (NCLT), New Delhi, has approved the first motion application of the scheme of amalgamation. The NCLT also approved the amalgamation of Suzuki Motor Gujarat, a wholly-owned subsidiary, into and with Maruti Suzuki India. Canara Bank The PSU lender has reduced its Marginal Cost of Funds Based Lending Rate (MCLR) across all tenures by 20 basis points, effective June 12. Kellton Tech Solutions The Board of Directors of Kellton Tech Solutions is scheduled to meet on June 19 to consider raising funds through the issuance of equity shares, warrants, or other equity-linked securities. The board will also consider altering the share capital of the company by sub-division or split of existing equity shares. GMM Pfaudler GMM Pfaudler’s subsidiary, Pfaudler GmbH, has completed the acquisition of a 51% stake in GMM Inox sp. z o.o., Poland. Honeywell Automation SBI Funds Management increased its equity stake in Honeywell Automation to 5.036% from 4.99%, following the acquisition of 3,260 equity shares via an open market transaction on June 10. Bulk Deals Advait Energy Transitions Kedia Securities has acquired 1 lakh shares in Advait Energy Transitions at an average price of Rs 1,725 per share. Alkem Laboratories Samprada & Nanhamati Singh Family Trust has offloaded 7.55 lakh shares in Alkem Laboratories at an average price of Rs 4,831.92 per share. Axiscades Technologies Jupiter Capital has sold 3.07 lakh shares in Axiscades Technologies at an average price of Rs 1,100.01 per share. Harsha Engineers International Plutus Wealth Management LLP has sold 25 lakh shares in Harsha Engineers at an average price of Rs 415.09 per share. Meanwhile, DSP Mutual Fund bought 13.83 lakh shares at an average price of Rs 415 per share. Shankara Building Products Ohana India Growth Fund has acquired 1.39 lakh shares in Shankara Building Products at an average price of Rs 1,027.80 per share, and an additional 2.5 lakh shares at an average price of Rs 1,028.89 per share. Unified Data Tech Solutions BNP Paribas Financial Markets has bought 1.02 lakh shares in Unified Data Tech Solutions at an average price of Rs 332.68 per share. Block Deals Marksans Pharma Orbimed Asia IV Mauritius FVCI has sold a 2.26% stake (1.02 crore equity shares) in Marksans Pharma to several global and domestic institutional investors at an average price of Rs 249.95 per share. The institutional investors include Unifi Capital, UTI Mutual Fund, Societe Generale, Citigroup Global, Bandhan Mutual Fund, and Subhkam Ventures. Aditya Birla Capital Jomei Investments has offloaded a 1.79% stake (2.68 crore equity shares) in Aditya Birla Capital to several global and domestic institutional investors at an average price of Rs 242.65 per share. The institutional investors include Mirae Asset MF, HSBC MF, BlackRock Global Funds, Mediolanum Best Brands, Goldman Sachs, New York State Teachers’ Retirement System, Greater India Portfolio, Motilal Oswal Mutual Fund, LIC MF, Nordea, and Manulife Global Fund. Eternal Societe Generale has bought 60.93 lakh shares in Eternal at an average price of Rs 255.68 per share from Marshall Wace Investment Strategies – Eureka Fund. ICICI Bank Societe Generale has acquired 1.2 lakh shares in ICICI Bank at an average price of Rs 1,422.90 per share from Marshall Wace Investment Strategies – Eureka Fund. Mahindra and Mahindra Societe Generale has purchased 58,663 equity shares in Mahindra & Mahindra at an average price of Rs 3,067.50 per share from Marshall Wace Investment Strategies – Eureka Fund. Schaeffler India Societe Generale has acquired 80,807 equity shares in Schaeffler India at an average price of Rs 4,199.40 per share from Marshall Wace Investment Strategies – Eureka Fund. UNO Minda Societe Generale has bought 9.9 lakh shares in UNO Minda at an average price of Rs 1,096.60 per share from Marshall Wace Investment Strategies – Eureka Fund. Stocks Trade Ex-Dividend AvantelICICI Prudential Life Insurance CompanyJK Lakshmi CementTata ChemicalsTrentSwastik Safe Deposit & Investments Stock Trades Ex-Date for Rights Ethos Stocks in F&O Ban Central Depository ServicesIndian Energy ExchangeAditya Birla Fashion and RetailChambal Fertilisers and ChemicalsHindustan CopperIndian Renewable Energy Development AgencyRBL BankTitagarh Rail Systems"
06 Jun 2025,"RBI delivers 100 bps cut in CRR: 'This infusion of liquidity is a timely move,' say market experts",https://www.moneycontrol.com/news/business/markets/rbi-delivers-100-bps-cut-in-crr-this-infusion-of-liquidity-is-a-timely-move-say-market-experts-13101715.html,"RBI has reduced its policy repo rate by 50 basis points to 5.5 percent, and has changed its stance to 'neutral' from 'accommodative'.",Stock markets cheer RBI’s 50 bps rate cut,"RBI Governor Sanjay Malhotra on June 6 announced the outcome of the central bank's Monetary Policy Committee's (MPC) meeting. RBI has reduced its policy repo rate by 50 basis points to 5.5 percent, and has changed its stance to 'neutral' from 'accommodative'. RBI also cut the cash reserve ratio (CRR), which banks are required to hold, by 100 basis points to 3% with an aim to accelerate policy transmission and boost lending. Benchmark indices surged over 1% after the announcement, as the rate cut was higher than the estimated 25 bps cut expected by market analysts. Rate-sensitive sectors like realty, banks and more saw a significant jump in the morning trading hours. Here’s what analysts say after RBI’s MPC meet outcome: ""Even rain gods can't stop smiling and neither can the markets,"" said Pallav Bagaria, Director at Sapient Finserv. VK Vijayakumar, Chief Investment Strategist at Geojit Investments, however called the higher-than-expected 50 bps rate cut decision slightly negative from the market perspective for the near-term. ""This big rate cut will impact the margins of the banks and, therefore, bank stocks will be under pressure in the near-term. However, the credit growth that this rate cut will hopefully stimulate will compensate for the dip in margins,"" Vijayakumar said. Divam Sharma, Founder & Fund Manager at Green Portfolio PMS, noted that the 50 bps rate cut came as a surprise. ""The ongoing momentum in domestic consumption, corporate activity, and GDP growth will help sustain the economic trajectory and is a positive signal for the markets. We particularly like niche domestic manufacturing companies that are building in India and gearing up to compete on a global scale. The additional 100 bps cut in CRR is also a positive step, as it encourages banks to lend more freely. With FPI inflows slowing down, this infusion of liquidity is a timely and welcome move."" Sharma said. Marzban Irani, CIO of Fixed Income at LIC Mutual Fund, said that the CRR cut of 100 bps to 3 percent has surprised the markets and is expected to release liquidity of Rs. 2.5 lakh crore. ""Recommended to invest in tenure ranging 3 month to 3 year schemes to take advantage of CRR cut,"" Irani said. Which stocks to watch out for? Bajaj Broking noted that Banking and Financial Services, Real Estate and Capital Goods & Manufacturing (especially domestic focus) are the key beneficiaries of MPC's recent decisions. Commenting on bank stocks, Bajaj Broking said Public Sector Banks (PSBs) could see a rally as they tend to benefit from lower repo rates. Private banks along with NBFC with strong retail focus and good asset quality are also good bets. ""Developers with strong execution capabilities and a presence in the affordable and mid-income housing segments are likely to outperform,"" the brokerage said. ""Niche domestic manufacturing companies that are focused on ""Make in India"" initiatives and require heavy capital expenditure are worth considering. This could include companies in 5G infrastructure, defense,"" it further said. Amit Bivalkar, Founder Director, Sapient Finserv Private Limited, said, ""The 50 bps repo rate cut is a strong push from the RBI, especially with the shift to a neutral stance. Sectors like banking, real estate, and consumer will likely benefit. Lower EMIs mean better affordability for borrowers — from home loans to personal loans. The CRR cut, though only for banks, enhances liquidity and helps PSU and private banks gain momentum. Combined with tax relief up to ₹12 lakh, this policy improves disposable income, fuelling consumption. While NBFCs miss out on direct CRR benefits, the overall softening of rates creates room for broader demand recovery."" Narinder Wadhwa, Managing Director & CEO of SKI Capital Services, said the rate cut is expected to have a broad-based positive impact on the markets, especially on rate sensitive sectors. The banking and NBFC sectors will likely benefit directly from lower funding costs and potentially improved credit demand, with stocks like HDFC Bank, ICICI Bank, Bajaj Finance, and State Bank of India (SBI) likely to gain, he said. Wadhwa added that the real estate and housing finance space is another key beneficiary, as lower interest rates make home loans more affordable, potentially boosting demand for developers like DLF and housing financiers like HDFC Ltd and LIC Housing Finance. The auto sector should also see improved sentiment, with cheaper vehicle loans supporting sales for companies like Maruti Suzuki, Mahindra & Mahindra (M&M), and Hero MotoCorp, he said. ""Consumer discretionary and retail stocks are expected to do well as lower EMIs and better liquidity support consumption, benefiting names like Titan, Trent, and Jubilant FoodWorks. The capital goods and infrastructure sectors may also get a lift if the rate cut translates into an uptick in capex activity, with companies like L&T and Siemens in focus. Meanwhile, export-oriented sectors like IT and pharma may see limited upside as a weaker rupee supports margins, but global trade disruptions could weigh on demand,"" Wadhwa said. He however noted that sectors heavily reliant on imports, such as oil & gas and metals, could face margin pressures if the rupee continues to weaken. ""FMCG stocks, which typically act as defensives, may underperform in the near term as investors rotate into more cyclical and growth-oriented sectors. Overall, the RBI’s bold action and shift in stance are likely to improve market sentiment and may trigger a broader recovery, particularly in mid- and small-cap stocks. With the door now open for further easing, the focus will shift to how effectively the rate cut is transmitted through the financial system and whether global trade tensions ease in the coming months,"" he said. Sonam Srivastava, Founder and Fund Manager at Wright Research PMS, said that RBI's surprise 50 basis point rate cut underscores its strong pivot toward supporting growth, at a time when inflation is under control and global central banks are entering easing cycles. “With real rates still elevated and domestic demand uneven, this move is aimed at unlocking credit growth, reviving private investment, and easing the burden on borrowers. Sectors like housing, autos, banking, and infrastructure are likely to see improved momentum as transmission picks up. It’s also a positive signal for rural and small business credit, where growth has been lagging,"" Srivastava said. ""Bond markets are expected to rally, especially in the long-duration segment, and we believe this cut sets the stage for a more accommodative environment heading into the second half of the year,” Srivastava further said. Ramani Sastri, Chairman & MD of Sterling Developers, painted a positive picture for the real estate sector. “As affordable financing remains a key driver of demand in real estate, we welcome the RBI's decision to cut the repo rate by 50 bps, thereby encouraging end-users to make purchase decisions. However, it is important is that the benefits are passed on to borrowers immediately. While homebuyers will be able to secure home loans at lower rates, developers will benefit from low borrowing costs, thereby easing financing pressures. Overall, a rate cut would strengthen market confidence, infuse much-needed liquidity, and also act as a strong signal of policy support for the real estate sector and the broader economy, thereby encouraging investments,” Sastri said."
02 Jun 2025,"Earnings fineprint: Domestic demand lifts India Inc's profit growth, but global headwinds rein in optimism",https://www.moneycontrol.com/news/business/markets/q4-fy2025-earnings-wrap-domestic-demand-lifts-profit-growth-but-global-headwinds-keep-optimism-in-check-13086328.html,"Sectors linked to domestic consumption - automobiles, FMCG, capital goods, and construction - stood out during the March quarter. Auto sales volumes surged while FMCG reported rural demand after several weak quarters.","Q4 FY2025 earnings wrap: Domestic demand lifts profit growth, but global headwinds keep optimism in check","India Inc’s March quarter earnings saw a muted-to-positive trend with domestic-facing businesses driving double-digit profit growth at a time of global trade challenges. A Moneycontrol analysis of 2,350 companies - excluding BFSI – has shown that India Inc’s net profit jumped and total revenue growth was the highest-ever in four quarters during Q4FY25, rising by 15.12 percent and 6.6 percent quarter-on-quarter, respectively. The operating profit grew sequentially at 6.04 percent, the best-ever in eight quarters. Simultaneously, Operating Profit Margin (OPM), though in a 19-20 percent range for a few years, is still the best-ever in 12 quarters. Tejas Khoday, co-founder and CEO of FYERS, an online brokerage, said the earnings season is a testament to India's domestic resilience. “The Q4FY25 earnings season has been broadly positive, with a majority of BSE 500 companies outperforming expectations. A key highlight is the growing divergence between domestically focused businesses and those reliant on global markets,” he said. “Largecap companies posted a 16 percent rise in net profit, driven by a 6.1% revenue increase. While midcap firms saw profit growth of 12.6 percent, smallcaps lagged with a muted 4.8% rise,” said Khoday. Within the Nifty 50, for all companies including BFSI, the aggregate net profit rose 11.1 percent, aided by margin expansion and lower commodity cost. “One of the standout trends this quarter has been margin expansion across sectors. Companies that invested in capacity during previous downturns are now reaping the benefits, as demand picks up and operating leverage kicks in,” he said. Sectors linked to domestic consumption - automobiles, FMCG, capital goods, and construction - stood out during the March quarter. Auto sales volumes surged across two-wheelers and commercial vehicles, while FMCG companies reported encouraging trends in rural demand after several weak quarters. Capital goods players, especially those tied to government infrastructure projects, delivered robust order flow and margin growth. By contrast, export-heavy segments like IT services and chemicals remained under pressure. Discretionary tech spending in the US and Europe continues to face delays, and management commentaries were cautious on deal flow and pricing. Analysts had pointed out at a slowdown in global discretionary demand, especially in IT and pharma. This segregation has become more structural, with global sectors de-rating as domestic ones re-rate. This aligns with earlier insights from Marcellus’ Arindam Mandal during FY24 results, who observed downgrades in exporters - IT, automobile, specialty chemicals - reflecting ongoing uncertainty around the US market and continued dumping pressure from China. While earnings growth is back in double-digits after a few sluggish quarters, analysts say that other income gains and base effect has helped uplift the bottomline for many companies. Siddharth Khemka, Head of Research at Motilal Oswal said margin gains were key drivers of earnings growth in FY24, even as topline growth lagged. However, in FY25, fading margin improvement has constrained earnings growth to around 4-5%. “We’re already sitting on a high base, so high growth was difficult. Consumption demand in many sectors has been weak. In some areas, growth is slow because newer consumption hasn’t picked up. That’s largely because income levels haven’t risen, while costs have gone up,” Khemka said. Analysts also noted that earnings breadth improved this quarter, with more sectors contributing to growth. Brokerage firm, Motilal Oswal also noted that the mid-cap upgrade-to-downgrade ratio improved after three weak quarters, highlighting rising earnings visibility. “Midcaps are no longer just a beta play — they are increasingly becoming alpha generators,” the brokerage said. On the other hand, small caps saw broad-based earnings disappointments, with sectors like NBFCs and retail posting steep profit declines of 68% and 34%, respectively. Tejas Khoday of FYERS said that sustaining this earnings momentum in FY26 will depend on several macro factors. “…the sustainability of current earnings momentum will depend on several variables - the outcome of upcoming elections, performance of monsoon, and shifts in global monetary policy,” he said, adding that easing inflation and a likely pivot in global interest rates could support sentiment, particularly among FIIs. Among the bright spots, BFSI companies have remained resilient. Big names came out with strong numbers, especially ICICI and HDFC. Improving earnings growth, better liquidity, and falling cost of funds are driving positive sentiment for this space. Similarly, Reliance Industries continues to be a market pillar. “The stock has shown strong momentum over the past couple of weeks and continues to support the market post-results,” Khemka had said recently, emphasizing on its weight in the index. Real estate and cement companies have shown mixed signals, as Khemka’s recent commentary highlighted a plateau in property growth after recent strong quarters, with mid-market demand yet to pick up, and cement showing incremental positivity as input costs ease. The trend based on Q4FY25 earnings reinforces the structural strength of India’s domestic economy, and a broad-based market rally may not follow, market experts have suggested. With valuations stretched in parts and global demand uncertain, a selective, fundamentals-driven strategy remains the prudent way forward. Khodey concluded, “While the environment isn’t great, it’s also not as bad as feared - and that matters in how investors spot opportunities better.” Disclosure: Moneycontrol is a part of the Network18 group. Network18 is controlled by Independent Media Trust, of which Reliance Industries is the sole beneficiary."
30 May 2025,"April may be the best month for stocks, February the bleakest: Here’s why",https://www.moneycontrol.com/news/business/markets/april-may-be-the-best-month-for-stocks-february-is-the-bleakest-here-s-why-13071653.html,"An analysis by Axis Capital has shown that April has seen positive returns on 12 occasions in the last 15 years, the most compared to any other month. On the other hand, February has been the bleakest in terms of monthly returns.","Seasonality analysis can be a useful tool to understand recurring market behaviours and can be used to adjust trading strategies, as per the report.","Wall Street often kicks off the year with a 'January effect' when shares rise more than any other month, but back home, an 'April effect' could be at play on Dalal Street, according to one research note, where stocks often shine the brightest. Data also shows that sectors can sway more during their preferred months of outperformance or underperformance. An analysis by Axis Capital has shown that the month of April has seen positive returns on 12 occasions in the last 15 years, the most compared to any other month. On the other hand, February has been the bleakest in terms of monthly returns. The ‘seasonality analysis’ by Axis Capital experts Neelkanth Mishra, Abhay Khaitan and Vishal Rangarajan showed impact on sectors as well, with historical data showing certain sectors and companies perform better in certain months. This is significant as a strong seasonality correlation can be a useful tool to understand recurring market behaviours, which can shape trading strategies, the report said. “We find evidence of seasonality in the Indian market performance; April is the only month with positive returns 12 times in the past 15 years (ex-2020), with a median return of 2%, and minimum performance of -2%, lower than any other month,” the Axis Capital note said. “This is likely driven by higher MF flows in March (higher SIP, discretionary) which are likely deployed in the market in April. On the other hand, February is the only month that sees a negative performance (on average) with a median return of -2%, with a broad-based decline across sectors,” the report added. Most sectors too have a favourite month, and a not-so-favourite month, said the report, while adding that IT as a sector sees ‘significant seasonality’, and has underperformed in April on 13 occasions in the last 15 years. “In IT, stock-wise patterns are starker; Infosys underperformed 14 times and Wipro 12 times in April. This is likely driven by the full-year guidance by Infosys, which tends to be conservative, thereby hurting sentiments for the sector,” the report said, adding that TCS and HCL Tech too have also shown a similar trend. “Financials outperform in October (11 times), led by ICICI Bank (13 times) and Indian Bank (12 times), likely driven by better clarity on credit growth, which usually surges in H2 of a fiscal. We also find evidence of underperformance of Real Estate in August, usually after a strong show in June-July, and outperformance of Metals in December due to higher Chinese prices,” the note added. As per the report, real estate tends to underperform the market in August, with a mean underperformance of -4% (median: -4%), repeating the underperformance 12 times in the past 15 years. The seasonality analysis, by itself, cannot be conclusive and deterministic, the note has caveated, but combined with other fundamental factors, it can be used to adjust trading strategies, manage risk, and potentially improve investment outcomes."
28 May 2025,"SC upholds ICICI Securities delisting, clears way for merger with ICICI Bank",https://www.moneycontrol.com/news/business/banks/sc-upholds-icici-securities-delisting-clears-way-for-merger-with-icici-bank-13057443.html,"The top court’s order came in response to a plea filed by investor Manu Rishi Gupta, who had challenged the fairness of the share valuation",ICICI Securities was delisted this year in March and became a wholly owned subsidiary of ICICI Bank,"In a major boost, Supreme Court has upheld the delisting of ICICI Securities, clearing the way for its merger with ICICI Bank. The top court’s order came in response to a plea filed by investor Manu Rishi Gupta, who had challenged the fairness of the share valuation. He had also argued that the use of a reverse book-building (RBB) process could have ensured a better price for minority shareholders. ICICI Securities was delisted this year in March and became a wholly owned subsidiary of ICICI Bank. In his plea, Gupta said that the delisting process was not transparent and ‘shocking’ in its execution. In June 2023, ICICI Securities had announced its plans to delist from stock exchanges and merge with its parent ICICI Bank. ICICI Securities investors were to get 67 shares of ICICI Bank against every 100 hundred shares of ICICI securities they owned. The ratio was arrived upon based on a valuation conducted by two registered valuers: PWC Business Consulting Services and EY Merchant Banking Services, disclosures showed."
27 May 2025,"GQG Partners' Rajiv Jain deployed $2 billion in India between Jan-March, invested far more aggressively than last year",https://www.moneycontrol.com/news/business/markets/gqg-partners-deployed-2-billion-of-new-money-in-india-between-jan-march-rajiv-jain-says-invested-far-more-aggressively-than-last-year-13048707.html,"The ongoing equity rally in India has been led far more by largecaps, said Rajiv Jain, where valuations appear supportive. ","GQG Partners said they have been big buyers in HDFC Bank and Bharti Airtel this year, and have been bullish on the utilities, real estate and infrastructure in India. ","GQG Partners has been a net buyer of over $2 billion of fresh Indian equities between January and March this year, which is roughly the same as it invested in entire 2024, chairman Rajiv Jain said on CNBC-TV18 during an interaction on May 26. ""Last year we bought may be just under $2 billion of net new money in India. This year, in the first quarter alone, we have put around $2 billion to work - new money over our extending exposures,"" said Rajiv Jain. ""There was little bit of frothiness last summer and you saw new paper coming through - selling by promoters, IPOs and so on - and for 6-7 months there was a very healthy correction which is sometimes called for, kind of a pause and refresh. We have been net buyers in India this year and have been far more aggressive in the first quarter than the last year,"" Jain added. Read More: Trump's tariff measures 'seismic', not fully understood yet but India may benefit: GQG Partners' Rajiv Jain Jain said the India's earnings and valuations this quarter have been fairly resilient as the outlook for India appears good, relative to other regions. ""Valuations are kind of fine, they are not super cheap, but I won't expect that either, because the outlook is very good,"" said Rajiv Jain, adding that GQG remains Overweight on India. GQG Partners said they have been big buyers in HDFC Bank and Bharti Airtel this year, and have been bullish on the utilities, real estate and infrastructure in India. Banks are a big exposure for GQG, with 'meaningful' holdings in the largecap lenders HDFC Bank, ICICI Bank and SBI, as the current leg of rally has been led by largecaps, said Jain. In fact, utilities and infrastructure are half of GQG's India book, said Rajiv Jain. The asset base at GQG Partners has almost doubled in last three years, said Jain, hence a large part of the deployment of the new money is just portfolio rebalancing. Rajiv Jain also believes nations that are running a trade surplus with America will be far more vulnerable during this phase of trade war, which includes other major Asian economies like Vietnam. India, he said, will emerge as a 'net beneficiary', and so will Brazil and Indonesia, during Trump's efforts to bring manufacturing back to US in order to create more jobs for Americans."
27 May 2025,"Sensex crashes 1,000 pts, Nifty below 24,750: Profit booking, other key factors behind market decline",https://www.moneycontrol.com/news/business/markets/sensex-crashes-over-800-pts-nifty-below-24-800-weak-asian-cues-other-key-factors-behind-market-decline-13048390.html,"Sensex, Nifty declined by over 1 percent amid weak Asian cues after U.S. President Donald Trump deferred a proposed 50 percent tariff on European Union imports. ","Sensex, Nifty declined by over 1 percent amid weak Asian cues after U.S. President Donald Trump deferred a proposed 50 percent tariff on European Union imports. ","The benchmark equity indices tumbled sharply by over 1 percent on Tuesday, snapping a two-day rally, as weak cues from Asian markets and selling in IT and financial shares triggered a broad-based selloff. Sensex dropped 624.82 points or 0.76 percent to settle at 81,551.63, in a volatile session. During the day, the barometer tanked 1,054.75 points or 1.28 percent to 81,121.70. The Nifty declined 174.95 points or 0.70 percent to 24,826.20. UltraTech Cement, Grasim Industries, Mahindra & Mahindra, Tata Consumer Products and ICICI Bank were among the major laggards. Key factors behind the decline: 1) Profit booking at higher levels: Analysts pointed out that profit booking at higher levels weighed on the market. After Nifty closed above the 25,000 mark on Monday, investors chose to lock in gains — a trend visible in recent weeks. ""We are again seeing profit booking at 25,000 levels as there are not enough positive triggers to pull the Nifty above these levels as of now,"" Dharmesh Kant, Head of Equity Research at Cholamandalam Securities told Reuters. 2) Monthly expiry today: The BSE monthly derivatives expiry is scheduled for Tuesday, May 27, a factor typically associated with heightened market volatility. The weekly and monthly derivatives contracts for Sensex and Bankex will also expire today. On the NSE, however, expiry is set for Thursday. 3) Weak Asian market trends: Equities across Asia traded lower, tracking uncertainty in global trade. South Korea's Kospi, Japan's Nikkei 225, China’s Shanghai Composite and Hong Kong’s Hang Seng were in the red. Sentiment turned cautious after U.S. President Donald Trump deferred a proposed 50 percent tariff on European Union imports, pushing investors in Asia to reassess trade risks. 4) Domestic data release: Caution prevailed ahead of the release of key macroeconomic data this week. Industrial production and manufacturing output figures for April are due Wednesday, followed by the release of first quarter GDP data later in the week. Market participants preferred to stay on the sidelines ahead of these crucial indicators. 5) Spike in volatility index: The India VIX, which measures market volatility and investor sentiment, surged nearly 6 percent to 19.05, reflecting rising nervousness among market participants. 6) IT and financial stocks under pressure: The decline was led by selling in IT and financial shares. The Nifty IT index slipped nearly 1 percent amid global trade concerns. Banking indices such as Nifty Bank, Nifty Financial Services, Nifty PSU Bank, and Nifty Private Bank also declined up to 1 percent. 7) Global trade uncertainty remains: While Trump’s decision to delay the new EU tariffs provided some relief, the unpredictable nature of U.S. trade policy continues to keep investors on edge. Talks are now expected to continue until July 9, but market participants are treading cautiously in the interim. 8) Geopolitical tensions: Germany’s green light for Ukraine to launch strikes inside Russian territory has intensified geopolitical tensions. The Kremlin condemned the move as provocative, and Russia responded with a third consecutive night of aerial attacks. The situation has fuelled broader risk aversion across global markets. 9) Rise in Covid cases: The active cases climbed to 1,009 from 257 last week, which further spooked the investors."
15 May 2025,"Bank Nifty over a percent higher, snaps two-day losing streak on rate cut hopes and tariff updates",https://www.moneycontrol.com/news/business/markets/bank-nifty-over-a-percent-higher-snaps-two-day-losing-streak-on-rate-cut-hopes-and-tariff-updates-13027353.html,"Banking shares rallied in-line with the sentiment in the broader market, after latest inflation data raised optimism for potential RBI rate cuts, and easing US-China trade tensions offered respite from global recession fears.",Bank stocks,"The Nifty Bank index jumped nearly 700 points to hover around 55,460 in afternoon trade on May 15, snapping a two-day losing streak, in-line with an overall uptrend in the market. Benchmark Sensex has rallied over 1,300 points at over 82,600, and Nifty is above 25,000 in continued investor interest. ICICI Bank was the top gainer on the index, jumping over 2 percent, followed by Axis Bank which is higher by 1.7 percent. Shares of HDFC Bank were up around 1.5 percent. Kotak Mahindra Bank, State Bank of India (SBI), Bank of Baroda, Federal Bank and Punjab National Bank (PNB) shares too were higher in the trading session. Few stocks bucked the trend, with IndusInd Bank, AU Small Finance Bank, Canara Bank and IDFC First Bank shares trading with marginal losses. Axis Securities remained bullish on the bank index and said easing global slowdown fears could imply greater credit offtake. ""Domestic inflation data raised optimism for potential rate cuts by the Reserve Bank of India, while positive US inflation figures and easing US-China trade tensions eased global recession concerns."" The increased possibility of a rate cut by the central bank may also be seen as a positive for the banking stocks. India's annual retail inflation fell to 3.16 percent in April, down from 3.34 percent in March, data released on May 13 showed. This is the third month in a row that inflation remained below the Reserve Bank of India's target of 4 percent. Additionally, stocks moved after reports said that US President Trump has claimed India offered a 'no tariffs' trade deal to America. Speaking at a meeting with business leaders in Doha, Trump said, ""It is very hard to sell in India, and they are offering us a deal where basically they are willing to literally charge us no tariffs."""
14 May 2025,"Bank Nifty plunges 550 pts from day's high; AU SFB, Kotak Mahindra Bank among top losers: What lies ahead?",https://www.moneycontrol.com/news/business/markets/bank-nifty-plunges-550-pts-from-day-s-high-au-sfb-kotak-mahindra-bank-among-top-losers-what-lies-ahead-13024897.html,"Among top losers of the index are AU Small Finance Bank, which fell 1.44% while Kotak Mahindra Bank fell 1%.","Bank Nifty plunges 574 pts from day's high; AU SFB, Kotak Mahindra Bank among top losers: What lies ahead?","Bank Nifty index fell 574 points from day's high on May 14 and was trading in mild red. This extends the index's losses to second day, after a massive 3.3% rally on May 12. Bank Nifty fell 0.8% on May 13. At 2:15 pm on May 14, Bank Nifty was trading 298 points lower at 54,642.50. Its day's high was 55,208, but profit booking reigned and the index fell 574 points from that level. The 52-week high of the index is 56,098 and 52-week low is 46,077. Among top losers of the index are AU Small Finance Bank, which fell 1.44% while Kotak Mahindra Bank fell 1%. Heavyweights HDFC Bank and ICICI Bank shares meanwhile fell 0.8%, contributing to the downturn in the index. State Bank of India (SBI), Bank of Baroda and Punjab National Bank (PNB) shares were meanwhile trading with marginal losses, less than 0.5%. Few stocks however bucked the trend to trade in the green. Canara Bank, IDFC First Bank, Axis Bank and IndusInd Bank shares were trading with marginal gains. A technical report said Bank Nifty could correct up to 54,100 if it trades below the 55,110 level.""The daily chart shows a bearish candle with an upper shadow, reflecting resistance at higher levels. The trend-deciding level for the day is 55110. If Bank Nifty trades above this level, it may rally up to 55,331-55,721-55,942 levels. However, if it trades below 55,110 levels, we may witness profit booking in the market, and the index may correct up to 54,720-54,499-54,109 levels,"" said Axis Securities in its Daily Technical Outlook. ""For the Bank-Nifty, we may see some buying interest between 54700 and 54500. A close above 54500 would be negative,"" said Shrikant Chouhan, Head of Equity Research at Kotak Securities. Also read: IndusInd Bank’s ex-MD and ex-Dy CEO may face board penalty for insider trading, say sources"
09 May 2025,"Yes Bank shares rise 8% to three-month high as lender, SBI board hold meetings on stake sale",https://www.moneycontrol.com/news/business/markets/yes-bank-shares-rise-8-to-three-month-high-as-lender-sbi-board-hold-meetings-on-stake-sale-13018839.html,"The Japanese financial conglomerate had begun talks to buy some stake in the company back in 2024, Moneycontrol had earlier reported. It is now back in fray to acquire controlling stake in the bank.",Yes Bank,"Shares of Yes Bank surged over 8 percent to hit a three-month high on May 9, after The Economic Times reported citing people familiar with the developments that the lender's board as well that of State Bank of India (SBI) will meet today separately to finalise the sale of stake in Yes Bank to Japan's Sumitomo Mitsui Banking Corporation (SMBC). The Japanese financial conglomerate had begun talks to buy some stake in the company back in 2024, Moneycontrol had earlier reported, and it is now back in fray to acquire controlling stake in the bank. PSU lender SBI holds a 23.97 percent stake in Yes Bank, and may sell up to 20 percent of its holding to SMBC. Moneycontrol has also learnt that SMBC may infuse fresh capital of 6–7 percent, and may make an open offer to take its stake up to 51 percent. Axis Bank, Kotak Mahindra Bank, ICICI Bank and HDFC Bank are the other investors in Yes Bank, who collectively hold a 7.36 percent stake in the private lender. Private equity majors Advent International and Carlyle hold 9.2 percent and 6.84 percent stake in the bank, respectively. Life Insurance Corporation of India (LIC) too holds a 3.98 percent stake in Yes Bank. ""Once SMBC reverts on the proposed terms, the deal will be taken to the regulator for further consideration,"" one senior official familiar with the developments had told Moneycontrol, adding that an agreement may be reached this fiscal if the Japanese firm is agreeable to shareholding and voting rights' laws. Yes Bank shares have so far surged nearly 14 percent in the past one month. The stock however has fallen marginally in 2025 so far."
01 May 2025,"Chartist Talks: Ashish Kyal bets on these 2 stocks as Nifty seems to be moving toward 25,000",https://www.moneycontrol.com/news/business/markets/chartist-talks-ashish-kyal-bets-on-these-2-stocks-as-nifty-seems-to-be-moving-toward-25-000-13009721.html,"As long as major supports are intact near 23,200 which is the Gap area, any correction in Nifty 50 will be a healthy sign that will form the base for the next leg on upside, he said in an interview to Moneycontrol.",Ashish Kyal of Waves Strategy Advisors,"According to Ashish Kyal of Waves Strategy Advisors, overall Nifty outlook remains positive for a move eventually to 25,000 or higher unless any major change in global events results into change of trend. As long as major supports are intact near 23,200 which is the Gap area, any correction will be a healthy sign that will form the base for the next leg on upside, he said in an interview to Moneycontrol. The Founder and CEO of Waves Strategy Advisors is bullish on Mazagon Dock Shipbuilders, and ICICI Bank. ""Mazagon Dock is making fresh highs with each passing day, while ICICI Bank has continued to move up in form of higher high and higher low formation,"" he said. Do you think the Nifty may find it tough to surpass the December swing high? Nifty has shown strong rise from the lows of 21,743 made post Trump tariff announcement and has managed to surpass even 24,000 levels in just 7 trading sessions on April 21. Prices have been climbing the wall of worry, despite of all the odds. Post that prices are consolidating in a broad range of 24,460 and 23,840. This is a good sign as market is taking a breather before getting ready again. As of now we can say prices are consolidating in form of wave 2 which can be in terms of price and/or time correction. Post this we can see resumption of up move. Break above 24,460 will confirm that next wave up is resuming for move to Gann level of 24,728 followed by psychological level of 25,000. Any breach below 23,840 can result into short term pressure but eventually prices should manage to surpass December swing high moving towards 25,000 levels. How did the market behave in the month of May in previous years, and do you see a similar trend playing out in May 2025? There is a famous Wall Street adage which states “Sell in May and Go Away”. However, this is applicable when we have seen multi-month rally and the markets are tired showing sluggish momentum. This time we are climbing the wall of worry, where majority are still skeptical of the rise and are staying on sidelines. As long as major supports are intact near 23,200 which is the Gap area, any correction will be a healthy sign that will form the base for the next leg on upside. In summary, overall outlook remains positive for a move eventually to 25,000 or higher unless any major change in global events results into change of trend. Do you believe the Bank Nifty is looking overbought now and may consolidate around current levels in May? In the month of April, Bank Nifty stretched on the upside and surged by nearly 7,000 points and made a lifetime high of 56,098 levels. As the index has witnessed a strong one side rally, this is often followed by a consolidation or a minor profit booking. Prices for the past few sessions have been trading in between 54,170 to 56,100 levels. For now, acceptance above 56,100 levels is must for prices to resume the up run. Until then, we can except prices to trade within the above-mentioned range. What are your two strong bets for the month of May? Mazagon Dock Shipbuilders Mazagon Dock has gained by more than 18 percent in past 3 days. Stock is making fresh highs with each passing day. Along with this, prices have formed a rounding bottom pattern on the weekly chart. For now, we can expect bullish momentum to continue in this stock with the targets of Rs 3,500 levels. Short term indicators are overbought so buy on dips is better strategy as long as Rs 2,800 is intact. ICICI Bank ICICI Bank has continued to move up in form of higher high and higher low formation and was also the top performing stock in the banking sector. After 2-3 sessions of profit booking prices have again started to move up and made a lifetime high of Rs 1,438.30 levels in the Tuesday’s session. For now, a break above Rs 1,440 levels for up move to continue with the targets of Rs 1,550 levels as long as Rs 1,370 holds on the downside. Are you bullish on PSU stocks? Yes, stocks like Engineers India, Mazagon Dock, Bharat Electronics, Hindustan Aeronautics, and BEML have shown a good rise in this month and now on the verge to give breakout of its respective resistance levels. Once we get a breakout of it, we can expect next wave on upside in above PSU stocks. Do you expect a strong breakout in the Nifty Auto index? We are seeing rotational buying in market with different sectors are contributing to the up move. We can see strong contribution from financials and banking stocks so far and there is possibility that automobile and other interest sensitive stocks might start contributing. Currently auto sector is consolidating at higher end in between 21,900-22,600 levels. A decisive break above 22,600 can result into fresh breakout in the sector."
28 Apr 2025,"Nifty Bank snaps three-day losing streak: PNB, SBI, Axis shares rise over 2%",https://www.moneycontrol.com/news/business/markets/nifty-bank-snaps-three-day-losing-streak-pnb-sbi-axis-shares-rise-over-2-13006942.html,"Axis Bank shares surged 2 percent after lender’s Q4 results beat estimates. It had reported a net profit of Rs 7,118 crore in Q4FY25, marginally lower than Rs 7,130 crore in the corresponding quarter last year. ",Bank stocks,"A strong rally in banking stocks pushed the Nifty Bank higher over 1.5 percent to around 55,500 level on April 28, snapping a three-day losing streak to emerge as one of the top sectoral indices, on a day of broadbased gains. The shares of Punjab National Bank (PNB) were the top gainer on the Nifty Bank index, rising over 3 percent to trade at Rs 103 apiece. State Bank of India (SBI) shares followed, jumping over 2.8 percent to trade at Rs 821 apiece. Bank of Baroda and Canara Bank shares were trading over 2.2 percent higher, while those of heavyweights Axis Bank and ICICI Bank were trading nearly 2 percent higher. Notably, the surge in the share price of Axis Bank comes after lender's Q4 results beat estimates. It had reported a net profit of Rs 7,118 crore in Q4FY25, marginally lower than Rs 7,130 crore in the corresponding quarter last year. According to Moneycontrol's poll, Axis Bank's profit-after-tax (PAT) was pegged 6 percent year-on-year lower at Rs 6,710 crore. Federal Bank and AU Small Finance Bank were meanwhile trading nearly 1.5 percent higher each. IndusInd Bank shares were up around 1.4 percent. Notably, the stock is in focus today after the lender said that the board of the bank is taking 'necessary steps' to fix accountability of the persons responsible for the accounting lapses and realign roles and responsibilities of senior management. Kotak Mahindra Bank, HDFC Bank and IDFC First Bank shares were trading in the green with marginal gains. On the technical aspect of the bank index, Shriram Group's Way2Wealth Brokers said, ""The overall trend remains bullish. Bank Nifty continues to form a higher high and higher low pattern on both the weekly and daily charts. The Super Trend indicate is positive, and it is trading above both short-term and long-term moving averages, which are sloping upward. Currently, support is placed at 54,176/54,000/53,150, while resistance is seen at 56,100. Traders should monitor daily price action closely and consider buying on dips, as the upcoming week could be volatile & the immediate intraday trend remains negative."""
27 Apr 2025,Check these top 4 stocks turning bullish on charts,https://www.moneycontrol.com/news/business/markets/check-these-top-4-stocks-turning-bullish-on-charts-13006031.html,"Amid the noise, a handful of large-cap names are flashing bullish technical setups. These are not speculative penny stocks or volatile midcaps. These fundamentally strong companies show clear breakouts on the charts—ideal candidates for those seeking tactical entries in a conservative portfolio.",4 stocks with bullish setup,"As market volatility rattles investor sentiment, with geopolitical tremors from the Pulwama attack to tariff tensions dominating headlines, discerning traders shift their gaze away from emotional reactions and back to technical discipline. In March, the Nifty50 surged from 22,000 to a peak of 23,869 before dropping sharply to 21,743. The subsequent recovery brought us to a new 2025 high of 24,365, marking a 12 percent rally that’s ignited fear of missing out (FOMO) among retail participants. But for the prudent traders, it’s not the hype that matters—it’s the structure. Amid the noise, a handful of large-cap names are flashing bullish technical setups. These are not speculative penny stocks or volatile midcaps. These fundamentally strong companies show clear breakouts on the charts—ideal candidates for those seeking tactical entries in a conservative portfolio. Here are four large-cap stocks that deserve attention in the current market setup: Bajaj Finserv Bajaj Finserv is a core part of the Bajaj Group and operates in financial services, insurance, and lending. Known for its strong balance sheet and disciplined management, the company has consistently delivered long-term value.  On the daily chart, Bajaj Finserv has decisively broken out of a six-month range and is now trending toward its 52-week high of Rs 2,135. Post-breakout, the price retested its support zone around Rs 2,023 and the key psychological level of Rs 2,000—both holding strong. The emergence of a golden cross (where the 50-day moving average crosses above the 200-day moving average) and a bullish Relative Strength Index (RSI) suggest that this breakout has legs. This stock has the technical strength to potentially maintain upward momentum. HDFC Bank HDFC Bank stands as a benchmark for private sector banking in India. With its strong loan book, prudent asset quality, and wide retail footprint, it remains one of the most trusted names in Indian banking.  After a period of tight consolidation, HDFC Bank broke out to hit a new 52-week high of Rs 1,978 last week. The presence of a golden cross and strengthening RSI add further conviction to the bullish trend. However, the ideal entry zone for risk-averse traders lies between Rs 1,880 and Rs 1,910, where a breakout retest is likely. This gives a potentially safer entry with a favourable risk-reward ratio. ICICI Bank One of India’s top private sector banks, ICICI Bank, has recently transformed itself with digital adoption, better governance, and strong earnings growth. It has become a favourite among institutional investors for its consistency and scale.  ICICI Bank has broken out from an 8-month consolidation pattern. More importantly, the slope of both 50-day and 200-day EMAs has turned upward, which is a classic signal of trend acceleration. With increasing volume confirming the breakout, this stock stands out as one with substantial upside potential, especially in the short to medium term. Kotak Mahindra Bank Kotak Mahindra Bank is one of India’s most conservative and efficiently managed banks. It is known for its low-risk appetite and high-quality credit underwriting. It’s a staple for any long-term investor focused on capital preservation with growth.  This is the most compelling chart in the banking space right now. Kotak has broken out from a two-year consolidation zone, a rare and powerful technical event. The breakout level at ?2,000 was tested and held, followed by a swift rally indicating robust buying interest. The structure of higher highs and higher lows post-breakout signals a strong uptrend, giving confidence to investors looking to ride a potential long-term bullish wave. Let the charts lead the way in the volatile markets. Note: The purpose of this article is only to share interesting charts, data points and thought-provoking opinions. It is NOT a recommendation. This article is strictly for educative purposes only."
27 Apr 2025,"Chartist Talks: SBI Securities' Sudeep Shah shares Nifty, Bank Nifty outlook, FIIs positioning, 2 stock picks for next week",https://www.moneycontrol.com/news/business/markets/chartist-talks-sbi-securities-sudeep-shah-shares-nifty-bank-nifty-outlook-fiis-positioning-2-stock-picks-for-next-week-13005788.html,"In the case of Bank Nifty, Sudeep Shah of SBI Securities believes the presence of strong support levels and overall positive structure suggests that the index is unlikely to undergo a deep correction in the immediate term.",Sudeep Shah is the Deputy Vice President and Head of Technical and Derivative Research at SBI Securities ,"According to Sudeep Shah of SBI Securities, technical structure indicates that the upside momentum is losing steam, and Nifty is likely to enter a consolidation phase in the coming sessions as the market digests recent gains. In the case of Bank Nifty, he believes the presence of strong support levels and overall positive structure suggests that the index is unlikely to undergo a deep correction in the immediate term. Meanwhile, the FII data points toward a constructive yet balanced approach, where buying interest in cash markets is complemented by a guarded view in futures, indicating optimism with a layer of prudence, said the Deputy Vice President and Head of Technical and Derivative Research at SBI Securities in an interview with Moneycontrol. He picks Mphasis and Grasim Industries for next week. Do you think the Nifty has made a short-term top and will consolidate for a couple of weeks before finding a firm direction? The benchmark index, Nifty, extended its upside journey this week (ended April 25), continuing the sharp rally that began from the low of 21,743.65. Over the course of just 12 trading sessions, the index surged more than 2,600 points, reflecting strong bullish momentum. However, this rally hit a brief pause amid anticipated geopolitical tensions between India and Pakistan, triggering a minor throwback. Notably, the throwback was arrested near a key technical support — the neckline of a double bottom pattern, which coincides with the 8-day EMA. This level acted as a cushion, helping the index recover slightly before eventually closing the week at 24,039, registering a modest gain of 0.79 percent. On the weekly chart, Nifty has formed a small-bodied candle with a long upper shadow, a classic indication of selling pressure at higher levels. While the index remains above its short and long-term moving averages, it’s important to note that the slope of short-term averages is flattening, hinting at waning momentum. From an indicator perspective, the daily RSI (Relative Strength Index) remains in bullish territory, though it has started to trend lower, while the MACD (Moving Average Convergence Divergence) histogram has declined for the last two sessions, both suggesting fading bullish strength. Overall, the technical structure indicates that the upside momentum is losing steam, and Nifty is likely to enter a consolidation phase in the coming sessions as the market digests recent gains. Talking about crucial levels, the zone of 24,350-24,380 will act as a crucial hurdle for the index. If the index sustains above 24,380 levels, then we may witness a sharp upside rally up to the level of 24,600, followed by the 24,850 level in the short term. On the downside, the zone of 23,800-23,750 will act as important support for the index as the 23.6 percent Fibonacci retracement level of its prior upward move (21,744-24,365) is placed in that region. If the index slips below 23,750 levels, then the next crucial support is placed at the 23,350 levels. How are the FIIs positioning themselves after the recent rally? Over the last eight consecutive trading sessions, FIIs have emerged as net buyers in the Indian equity markets, signaling renewed confidence in domestic fundamentals. This buying spree reflects positive sentiment towards Indian equities. In the derivatives segment, the FII long-short ratio in index futures currently stands at 37.63 percent, suggesting a moderately cautious stance. While it’s not overly bullish, it indicates a gradual unwinding of short positions and buildup of long positions — a sign that FIIs are selectively participating in the uptrend but are still hedging against near-term volatility. Overall, the FII data points toward a constructive yet balanced approach, where buying interest in cash markets is complemented by a guarded view in futures, indicating optimism with a layer of prudence. What are your top two stock picks for the coming week? Mphasis The Nifty IT has witnessed a strong rebound last week. It has strongly outperformed frontline indices. The stock has surged above its short-term moving averages, i.e., 20 and 50-day EMA (Exponential Moving Average) levels. These averages are starting to edge higher, which is a bullish sign. Further, the daily RSI has surged above the 60 mark, and it is on a rising trajectory. Hence, we believe the stock is likely to continue its northward journey and test the level of Rs 2,800 in the short term. On the downside, the zone of Rs 2,420-2,400 is likely to provide the cushion in case of any immediate decline. Grasim Industries The stock is in an uptrend as it marks the sequence of higher tops and higher bottoms. Also, it is trading above its short and long-term moving averages. Most noteworthy, recently, the daily RSI took support near the 60 level and witnessed a rebound, which is a bullish sign as per RSI range shift rules. Hence, we recommend accumulating the stock in the zone of Rs 2,740-2,720 level with a stop-loss of Rs 2,640. On the upside, it is likely to test the level of Rs 2,900 in the short term. Are you bullish on UltraTech Cement and ICICI Bank? UltraTech Cement The stock is in a strong uptrend as it marks the sequence of higher tops and higher bottoms. Also, it is trading above its short and long-term moving averages. The daily RSI is in a bullish zone, and it is rising mode, which is a bullish sign. Hence, we believe the stock is likely to continue its northward journey in the short term. ICICI Bank After registering a high of Rs 1,436, the stock has witnessed a throwback. The throwback was halted near the 23.6 percent Fibonacci retracement level of its prior upward rally (Rs 1,265-Rs 1,436), and it coincides with the 20-day EMA level. Currently, the stock is trading above its short and long-term moving averages, which is a bullish sign. The daily RSI is in bullish territory. Going ahead, any sustainable move above the level of Rs 1420 will lead to resume its northward journey. Do you expect a major breakout in the Nifty FMCG index in May? No, a major breakout in the Nifty FMCG index is unlikely in May, as the weekly chart suggests a short-term consolidation phase. The index is expected to remain rangebound between 55,500 and 58,100. A decisive breakout or breakdown beyond this range could trigger a strong trending move in either direction. Are technical indicators suggesting that the Nifty Bank may not undergo a major correction despite near-term consolidation? Yes, technical indicators currently point towards a phase of consolidation rather than a major correction for Nifty Bank. The banking benchmark index has outperformed frontline indices in recent sessions and even registered a fresh all-time high of 56,098.70 during the first half of last week. Although the index witnessed a throwback after its peak, it managed to find support at the 8-day EMA, a sign of underlying strength. On the weekly chart, a small-bodied candle with both upper and lower shadows suggests some indecision at elevated levels, calling for near-term caution. However, the broader structure remains intact, with the index trading well above both its short and long-term moving averages — a distinctly bullish signal. While the daily RSI remains in the bullish zone, it is showing signs of easing, hinting at a possible pause or consolidation following the recent rally. Still, the presence of strong support levels and overall positive structure suggests that the index is unlikely to undergo a deep correction in the immediate term. Talking about crucial levels, the zone of 54,200-54,100 will act as immediate support for the index. Any sustainable move below the level of 54,100 will lead to further correction up to the level of 53,400. While on the upside, the zone of 55,500-55,600 will act as a crucial hurdle for the index. Any sustainable move above the level of 55,600 will lead to resuming its northward journey. In that case, the index is likely to test the level of 56,300, followed by 57,000 in the short term."
23 Apr 2025,"Bank Nifty snaps six-day rally to slip 1.3% from day's high, Kotak Mahindra, HDFC Bank top laggards",https://www.moneycontrol.com/news/business/markets/bank-nifty-snaps-six-day-rally-to-slip-1-5-from-day-s-high-canara-hdfc-bank-top-laggards-13001765.html,"The selloff comes a day after the bank index hit a record high of 55,961 for the first time, including several bank shares touching fresh highs. The fall in share prices may be driven by profit booking after the recent upmove. ",Bank Nifty,"Banking stocks fell on April 23, snapping Bank Nifty's six-day gaining streak as the index took a pause from a recent rally, down nearly 1.3 percent from the highest level. The selloff comes a day after the bank index hit a record high of 55,961 for the first time, including several bank shares touching fresh highs. The fall in share prices may be driven by profit booking after the recent upmove. So far this year, the Nifty Bank index is higher by 8 percent so far this year, having witnessed a sharp rebound since April 9. On the technicals of the Bank Nifty index, Axis Securities said the trend-deciding level would be 55,617. ""If Bank Nifty trades above this level, it may rally up to 55991-56335-56709 levels. However, if it trades below 55617 levels, we may witness profit booking in the market, and the index may correct up to 55273-54900-54556 levels."" Kotak Mahindra Bank shares were the top loser on the index, falling 2 percent to trade at Rs 2,221.40 apiece. Heavyweight HDFC Bank followed, dropping over 2 percent each to close at Rs 1,920 per share. Notably, this comes a day after the private lender achieved the Rs 15 lakh crore-milestone following a sharp surge in share price, becoming the third Indian company to hit the level. Canara Bank and State Bank of India (SBI) shares closed over 1 percent lower each. Federal Bank, Axis Bank, Bank of Baroda and Punjab National Bank (PNB) meanwhile closed with marginal gains. Despite the bearish trend, few bank stocks bucked the trend to trade in the green. AU Small Finance Bank shares surged nearly 8 percent to close at Rs 662 apiece. The sharp surge in the share price comes after the lender reported a 37 percent rise in net profit to Rs 2,106 crore in FY25. IDFC First Bank shares also gained over 2 percent to trade at Rs 68.34 apiece. IndusInd Bank and ICICI Bank shares closed with marginal gains. The Reserve Bank of India (RBI) on April 21 released the Liquidity Coverage Ratio (LCR) norms and assigned additional run-off rates of 2.5 per cent to internet and mobile banking enabled retail and small business customer deposits. Motilal Oswal in its latest report said that revised LCR framework is expected to enhance banks’ funding and liquidity operations. ""We maintain our positive view on the banking sector,"" the brokerage said. It further said that its top picks among the bank stocks are ICICI Bank, HDFC Bank, SBI and AU Small Finance Bank."
22 Apr 2025,Buy ICICI Bank; target of Rs 1650: Sharekhan,https://www.moneycontrol.com/news/business/stocks/buy-icici-bank-target-of-rs-1650-sharekhan-13000757.html,"Sharekhan is bullish on ICICI Bank has recommended buy rating on the stock with a target price of Rs 1650 in its research report dated April 19, 2025.",Buy,"Sharekhan's research report on ICICI Bank ICICI Bank reported yet another steady Q4, with earnings beating estimates (up 18% y-o-y) on better NIMs and stable asset quality. Yet, the RBI’s repo rate cuts would pinch NIMs going ahead. Core operating profits grew by 13% y-o-y (better than estimates). Credit cost (27 bps annualised) continued to remain lower. Net slippage ratio was at 0.4% annualised versus 0.9% q-o-q. Loan growth was modest at 2% q-o-q, while deposit growth rose 6% q-o-q due to seasonality, but avg. deposit growth was subdued at 2% q-o-q. The bank expects better deposit growth and is reasonably confident to report 15-16% RoE over the next 2 years. Outlook We maintain a Buy with a revised PT of Rs. 1,650. Stock trades at 2.4x/2.1x its FY2026E/ FY2027E core BV estimates. For all recommendations report, click here ICICI Bank - 22042025 - khan"
22 Apr 2025,"BFSI market cap soared over 50x in two decades, powered by digitalization and fintech",https://www.moneycontrol.com/news/business/markets/bfsi-market-cap-soared-over-50x-in-two-decades-powered-by-digitalization-and-fintech-13000651.html,"Over the past two decades, the market capitalisation of India's BFSI space has grown more than 50-times to Rs 91 lakh crore in 2025 from Rs 1.8 lakh crore in 2005, at a CAGR of ~22%, a note by Motilal Oswal said.","The sector’s share in Nifty's earnings has risen to 33% in FY24 from 16% back in FY10, helped by asset quality, loan growth, and lower provisioning. ","In a note highlighting the growth in India's BFSI space, Motilal Oswal on April 22 said it believes the next phase in the sector will witness hyper-personalized banking experiences, driven by AI and decentralized finance, along with a growing adoption of Central Bank Digital Currencies (CBDCs). The note added that ICICI Bank, HDFC Bank and SBI remain its top largecap picks, while Federal Bank and AU Small Finance are the midcap recommendations. Over the past two decades, the market capitalisation of India's BFSI space has grown more than 50-times to Rs 91 lakh crore in 2025 from Rs 1.8 lakh crore in 2005, at a CAGR of ~22%. ""While banks remain the backbone, their share in the total BFSI sector market cap has declined to ~57% at present from 85% in 2005. This shift is largely due to the emergence of segments such as NBFCs and fintech firms, backed by technological shift and innovation,"" the note added. Fintechs, which did not exist before 2015, now have a market cap of over Rs 12 lakh crore, listed and unlisted combined. This rising digitalization and evolving consumer preferences offers 'significant high-growth investment opportunities', said MOSL. ""The BFSI sector has undergone a profound transformation driven by digitalization, regulatory reforms, the growth of fintechs, and demographic dividends,"" said MOSL. The sector’s share in Nifty's earnings has risen to 33% in FY24 from 16% back in FY10, helped by asset quality, loan growth, and lower provisioning. Its weight in the Nifty 50 Index has risen to 37.9% in April 2025 from 14.6% in FY04, powered by HDFC Bank and ICICI Bank, while among PSU banks, only SBI remains in the index. The share of NBFCs peaked in FY20 but later fell due to the HDFC’s merger into HDFC Bank. MOSL said India's retail credit has seen significant growth, with its share of GDP rising to 18% in FY25 from 9% in FY14. ""This growth has been driven by private banks, increasing digitalization, emergence of fintech platforms and relentless efforts by the regulator to promote financial inclusion,"" the note added. The growth in consumer lending has been helped by rising disposable income, technology advancement, and improved credit models, has broadened access to housing, vehicle, and personal loans. The note also highlighted the growth in deposit accounts, which have more than doubled over the past decade, fuelled by Jan Dhan Yojana and financial inclusion and greater banking penetration. Deposit accounts per capita now stands at 1.90 in FY24 from 0.63 in FY10, underscoring higher formalization. The growth of BFSI has also been helped by the emergence of UPI as a payment gateway, now accounting for 93% of total digital transactions as against 68% in FY21. UPI's transaction value has now risen from 1% of GDP in FY18 to 71% in FY25. Fintechs like PhonePe, Google Pay, Groww and Paytm have cornered market share and are increasingly collaborating with traditional finance players have led to cost-effective, tech-driven solutions thus driving the rapid growth of the sector while providing an improved customer experience. Fintech companies have attracted significant capital investments and we note that the new-age companies accounted for 10% of incremental market cap of entire BFSI sector over FY20-25. Motilal Oswal said HDFC AMC and UTI AMC are gaining traction, helping BFSI's weightage in the BSE 200 index to rise to 31.4% in 2025 from 18.2% in 2014."
22 Apr 2025,Buy ICICI Bank; target of Rs 1638: LKP Research,https://www.moneycontrol.com/news/business/stocks/buy-icici-bank-target-of-rs-1638-lkp-research-13000642.html,"LKP Research is bullish on ICICI Bank has recommended buy rating on the stock with a target price of Rs 1638 in its research report dated April 22, 2025.",Buy,"LKP Research's research report on ICICI Bank ICICI Bank reported strong financial results for Q4 and FY25, marked by growth in net interest income (NII), fee income, improved operational efficiencies, and robust profitability. The bank witnessed healthy growth in both deposits and loans, although retail loan growth moderated, particularly in the unsecured segments, due to a more cautious lending approach. As a result, asset quality improved notably, and is expected to remain healthy, supported by stringent credit underwriting standards. While margins remain strong, repo rate cut cycles could exert short-term pressure. Outlook However, over the medium to long term, ICICI Bank is well-positioned to outpace system credit growth, driven by its agile technology platform and steadily expanding distribution network. Supported by a favourable macroeconomic backdrop, we maintain our BUY rating on the stock, with a Sum-of-the-Parts (SOTP)-based target price of ₹1,638 For all recommendations report, click here ICICI Bank - 22042025 - lkp"
21 Apr 2025,Buy ICICI Bank; target of Rs 1600: Emkay Global Financial,https://www.moneycontrol.com/news/business/stocks/buy-icici-bank-target-of-rs-1600-emkay-global-financial-12999772.html,"Emkay Global Financial is bullish on ICICI Bank has recommended buy rating on the stock with a target price of Rs 1600 in its research report dated April 20, 2025.",Buy,"Emkay Global Financial's research report on ICICI Bank ICICI Bank has noted a superlative performance yet again, with 5% PAT beat at Rs126bn (up 18% YoY; historically superior RoA of ~2.5%), healthy credit growth at 13% YoY, and a sharp 16bps QoQ margin uptick to 4.4%. Overall asset quality improved, with GNPA ratio down by 29bps QoQ to more than a decadal low of 1.7%. The bank continues to hold healthy specific/contingent provision buffer, which we believe should protect its P&L from initial assetquality hiccups, if any. Notwithstanding the expected near-term margin pressure across the sector following the RBI’s consecutive rate-cuts, we believe ICICIB is well positioned to deliver over 2% RoA on the back of better cost management/lower LLP. This, coupled with management credibility vs peers and capital/provision buffers, grants us confidence on the stock. Outlook We hence continue to favor ICICIB while upping its TP by ~10% to Rs 1,600, based on 2.6x FY27E ABV (deserving premium over HDFCB@2.5x) and subs at Rs260/sh. For all recommendations report, click here ICICI Bank - 21042025 - emkay"
