Date,Title,URL,Article Description,Article Text,Article Content
29 Aug 2025,"UBS upgrades Kotak Bank to a Buy, says non-lending financials will outpace lending businesses",https://www.moneycontrol.com/news/business/markets/ubs-upgrades-kotak-bank-to-a-buy-says-non-lending-financials-will-outpace-lending-businesses-13499182.html,"The note said the non-lending businesses within the financial sector such as AMCs and wealth management are expected to grow up to 1.5-1.7 times faster than the lending businesses, showing strong outperformance.","On Kotak Bank, UBS believes the stock is the best way to play the financial services sector, supported by its various subsidiaries, expecting the re-rating in the stock to continue.","Brokerage UBS has come out with a bullish note on financials, where it has projected the profit pool of the sector to nearly double over five years, and has upgraded Kotak Mahindra Bank to a Buy from Neutral, with a target price of Rs 2450 per share. The note said the non-lending businesses within the financial sector such as AMCs and wealth management are expected to grow up to 1.5-1.7 times faster than the lending businesses, showing strong outperformance. Among NBFCs, UBS said it is bullish on Chola Finance and PFC, and prefers SBI Life among its play on insurers. The sector is expected to benefit from a structural shift in household saving and investment pattern. The note added that it sees Paytm's margins improving going forward and raised its target on the stock to s 1250 per share from the previous Rs 1,100 per share. On Kotak Bank, UBS believes the stock is the best way to play the financial services sector, supported by its various subsidiaries, expecting the re-rating in the stock to continue. Kotak's key subsidiaries include Kotak Securities, Kotak AMC, Kotak Life, Kotak Alternate Assets and Kotak Prime. Shares of Kotak Mahindra Bank are higher by over 1.3 percent in early trade on August 29, while the Nifty 50 is marginally in the green and the Bank Nifty is higher by 0.4 percent. During its June quarter earnings call, Kotak Bank had told analysts that it expects the bank's Net Interest Margin (NIM) to stabilize over FY26, and the full benefit of RBI's repo rate cuts would accrue to borrowers in Q2FY26. The lender said it has reduced its unsecured advances from 11.6% to 9.7% by tightening underwriting norms, especially for unsecured business. The bank added that it saw a sequential increase in slippages and credit cost due to its microfinance business and stress in retail commercial vehicle loans, along with a seasonal impact on the rural segment."
18 Aug 2025,"Street conservative on private banks amid margin squeeze, weak loan growth in Q1; time to relook?",https://www.moneycontrol.com/news/business/markets/street-conservative-on-private-banks-amid-margin-squeeze-weak-loan-growth-in-q1-time-to-relook-13460927.html,Analysts cautioned that the coming quarters may stay subdued as the full impact of repo rate cuts is yet to play out on profitability,Analysts warn of tough quarters ahead for private banks,"Shares of three major private lenders: Axis Bank, IndusInd Bank, and Kotak Mahindra Bank have declined sharply by as much as 10 percent in the past month as muted June quarter (Q1FY26) performance weighed on investor sentiment. Sluggish credit growth and margin contraction dragged earnings, forcing the Street to trim its bets on these banks. In contrast, heavyweights HDFC Bank and ICICI Bank managed to hold steady, reporting relatively resilient numbers that helped them trade flat to positive. Looking ahead, analysts expect the near-term outlook for private banks to stay subdued. The full impact of the 50 basis points repo rate cut is still to play out, while credit growth is yet to show meaningful acceleration. Mahesh Patil, CIO of Aditya Birla Sun Life AMC, said, “Margin compression is yet to show its full impact. Earlier, deposit growth was the sector’s challenge, but now the spotlight has shifted to credit growth, which is still not showing meaningful acceleration. Once this normalises, private lenders can stage a stronger performance as the year progresses.” ALSO READ: Finance Ministry to meet CEOs of state-owned banks to review Q1 performance on August 20 Private banks reported muted performance in Q1 as net interest margins (NIMs) came under pressure from repo rate cuts. This trend is expected to persist into Q2, before improving in the third quarter as deposit repricing begins to stabilise margins. Business growth in Q1 also remained modest, with deposit growth outpacing advances across most large private banks. While loan demand has improved after the rate cuts, margin pressure and elevated provisioning continue to act as drags. Manoj Bahety, founder and fund manager at Carnelian Asset Management, added, “Margins are expected to remain soft over the next few quarters as repo cuts pass through and liabilities get repriced. For those looking to play private banks, credit growth will be the key factor to watch. In a benign liquidity environment, we expect loan growth to return to the system and fee-based income to provide additional support to profitability.” Mutual fund houses have also turned cautious, staying underweight on private banks after a muted earnings season. Data from JM Financial showed that as private lenders account for 28 percent of the Nifty’s index weight and contribute nearly 37 percent of its profits, June quarter performance was weak, with net profit growth in low single digits. Among individual lenders, HDFC Bank reported advances of Rs 26.53 lakh crore in Q1FY26, up 7 percent year-on-year. While growth was slower than anticipated, management reiterated that credit expansion would remain in line with industry trends this fiscal. Meanwhile, PSU banks outshone private peers—Bank of Baroda reported a 13 percent rise in advances, with Bank of India and Bank of Maharashtra also delivering healthy growth supported by decent CD ratios and excess statutory liquidity ratio (SLR). For now, investors remain wary of the sector. With earnings pressure visible and credit growth still to pick up, the Street is keeping a close eye on whether the second half of the year brings relief for private banks. "
18 Aug 2025,"Bajaj Finance, Axis Bank, HDFC Bank shares rise up to 6% on S&P upgrade, GST reform cheer",https://www.moneycontrol.com/news/business/markets/bajaj-finance-axis-bank-hdfc-bank-shares-rise-up-to-6-on-s-p-upgrade-gst-reform-cheer-13461688.html,"The Nifty Bank index was up more than 1.3 percent to hover around 56,035, while the Nifty Financial Services index rose nearly 2 percent to stand at 26,810, as seen at 10.10 am.","Bajaj Finance, Axis Bank, HDFC Bank shares jump up to 6%: S&P upgrade among key factors","The shares of banks and non-banking financial institutions saw strong rise in the morning trading hours of August 18. The sharp rise in the share prices pushed the Nifty Bank and Nifty Financial Services indices higher in the deep green. The Nifty Bank index was up more than 1.3 percent to hover around 56,035, while the Nifty Financial Services index rose nearly 2 percent to stand at 26,810, as seen at 10.10 am. Here are some of the key reasons leading to the uptrend in the financial pocket of the stock market: S&P upgrade: International credit ratings agency S&P Global on August 15 upgraded ratings of top 10 financial institutions, saying that India's financial institutions will continue to ride the country's good economic growth momentum. S&P has raised long-term issuer credit ratings on seven Indian banks - State Bank of India (SBI), ICICI Bank, HDFC Bank, Axis Bank, Kotak Mahindra Bank, Union Bank of India, and Indian Bank, and three finance companies - Bajaj Finance, Tata Capital, and L&T Finance. ""We expect India's banks to maintain adequate asset quality, good profitability, and enhanced capitalization over the next 12-24 months. This is despite some pockets of stress,"" S&P said, adding, credit risk in the system has reduced. This boosted investor sentiment for the stocks, as well as the broader sector, a day after US-based agency raised India's sovereign credit rating. ""S&P upgrade...is a significant macro and structural positive for the overall Indian market, likely supporting incremental valuation expansion driven by lower bond yields and decreased risk perception. Moreover, a higher sovereign rating will drive better FPI debt flows and lead to better USDINR and GOI bond yields. Foreign currency-heavy borrowers can benefit from lower interest costs. Indian financial companies, such as Bajaj Finance, accessing the ECB market could see a 15-20bp reduction on their coupon payments,"" said Motilal Oswal Financial Services. GST reforms: While delivering his Independence Day speech, Prime Minister Narendra Modi hinted at the next generation of Goods and Services Tax (GST) reforms to be announced as a Diwali gift for consumers. The Centre has proposed to move towards ""simple tax"" with 2 slabs—""standard and merit"", with special rates applicable for only for select few items. According to reports, this will significantly reduce tax burden on consumers aiming to buy several items, like electronics and other consumer durables. More demand for consumer durables may in turn boost stocks like Bajaj Finance who offer affordable EMIs to consumers to purchase several goods. Broader market uptrend: The sharp rise in the share prices also comes amid broader optimism in the stock market today. Sensex jumped over 1,000 points to hover around 81,629, while Nifty crossed the key 25,000-mark level. HDFC AMC and several other stocks will likely be strongly benefitted from the optimism in the stock markets. Bajaj Finance shares jumped more than 6 percent, while Chola Finance, ICICI Prudential Life Insurance Company, Bajaj Finsev and SBI Life shares were up more than 4 percent, leading the strong gains on the Nifty Financial Services index. IndusInd Bank shares rose nearly 3 percent, while AU Small Finance Bank, IDFC First Bank and Kotak Mahindra Bank shares were up nearly 2 percent each. Heavyweights ICICI Bank, HDFC Bank and Axis Bank shares were up more than 1 percent each, while SBI and PNB shares were hovering in the green with marginal gains. Also read: Our LIVE blog on stock market updates"
13 Aug 2025,"Sensex up 300 pts, Nifty above 24,600: US CPI-led global rally among key factors behind market rise",https://www.moneycontrol.com/news/business/markets/sensex-rises-250-pts-nifty-above-24-550-positive-global-cues-among-key-factors-behind-market-rise-13448931.html,"Sensex, Nifty gained on expectations that an in-line US inflation reading could increase the likelihood of a September rate cut by the Federal Reserve, a move seen as favourable for emerging markets like India.","Sensex, Nifty rise in Wednesday's trading session. ","The equity benchmark indices advanced on Wednesday, tracking firm global markets and easing domestic retail inflation data. Sensex climbed 304.32 points or 0.38 percent to settle at 80,539.91. During the day, it jumped 448.15 points or 0.55 percent to 80,683.74. The Nifty edged up by 131.95 points or 0.54 percent to 24,619.35. Apollo Hospitals Enterprise, Hindalco Industries, Hero MotoCorp, HDFC Life Insurance Company and Kotak Mahindra Bank were among the major gainers in the Nifty pack today, rising up to 6 percent. Key factors behind market rise today 1) Retail inflation drops: Retail inflation eased to an eight-year low of 1.55 percent in July, falling below the Reserve Bank's comfort zone for the first time since January 2019, aided by subdued food prices, according to government data released on Tuesday. The softer reading supported a positive trend in domestic equities. ""Nifty and Bank Nifty traded with a bullish undertone as positive cues from lower CPI readings in India and steady US inflation boosted sentiment,"" said Prashanth Tapse, Senior VP (Research), Mehta Equities Ltd. Stocks advance to record on Fed rate-cut bets: Markets wrap 2) Positive global cues: Asian markets were in positive territory, with South Korea's Kospi, Japan's Nikkei 225, Shanghai's SSE Composite and Hong Kong's Hang Seng posting gains. US markets closed sharply higher on Tuesday. Stock Market LIVE Updates 3) Trump-Putin Summit: Investor sentiment also improved ahead of the scheduled meeting between US President Donald Trump and Russian President Vladimir Putin in Alaska on Friday to discuss the Russia-Ukraine conflict. ""The Trump-Putin talks may provide a positive trigger, but there is no certainty about it,"" said VK Vijayakumar, Chief Investment Strategist, Geojit Financial Services. 4) Hopes of Fed rate cut hopes: Expectations of a Federal Reserve rate cut in September further buoyed markets after US consumer prices rose 0.2 percent month-on-month in July. The in-line inflation print pushed the probability of a September rate cut to 94 percent from 86 percent a day earlier, reported Reuters. On the technical front, Anand James, Chief Market Strategist, Geojit Financial Services, said, ""Despite the turn lower yesterday, we will stick to yesterday's view that a rush to the 200-day SMA, now positioned at 24,049, may not be seen unless 24,450 gives away. Expect an upswing attempt initially, but we will need a push above 24,560 to get back on to the 25,000 trajectory."""
08 Aug 2025,"Stocks to Watch Today: Titan, Bharti Airtel, Biocon, Cummins, BSE, LIC, KRBL, Metropolis, Kalpataru Projects, Godrej Consumer, Kalyan Jewellers, AU SFB in focus on 8 August",https://www.moneycontrol.com/news/business/markets/stocks-to-watch-today-titan-bharti-airtel-biocon-cummins-bse-lic-krbl-metropolis-kalpataru-projects-godrej-consumer-kalyan-jewellers-au-sfb-in-focus-on-8-august-13419699.html,"Stocks to Watch, 8 August: Stocks like Titan Company, Bharti Airtel, Biocon, Cummins India, BSE, Life Insurance Corporation, KRBL, Metropolis Healthcare, Kalpataru Projects International, Godrej Consumer Products, Kalyan Jewellers, and CE Info Systems will be in focus on August 8.","Stocks to Watch Today, 8 August","Let's catch up on the latest news from the stock market. From significant investments to major deals, quarterly earnings, new listings and stake sale, here’s a quick look at which stocks will be in focus in today's trade: Results Today State Bank of India, Tata Motors, Grasim Industries, Siemens, Afcons Infrastructure, Bombay Dyeing & Manufacturing Company, DOMS Industries, Equitas Small Finance Bank, ESAF Small Finance Bank, Gandhar Oil Refinery, Lemon Tree Hotels, Manappuram Finance, Info Edge (India), Apeejay Surrendra Park Hotels, PG Electroplast, TVS Supply Chain Solutions, Voltas, and Wockhardt will announce their quarterly earnings on August 8 Quarterly Earnings Titan Company Q1 (Consolidated YoY) Profit zooms 52.6% to Rs 1,091 crore Vs Rs 715 crore Revenue grows 24.6% to Rs 16,523 crore Vs Rs 13,266 crore Life Insurance Corporation of India Q1 (Consolidated YoY) Profit rises 3.9% to Rs 10,957 crore Vs Rs 10,544.3 crore Net premium income increases 4.7% to Rs 1,19,618.4 crore Vs Rs 1,14,230.2 crore Net commission falls 2.8% to Rs 4,975 crore Vs Rs 5,117.3 crore Total annual premium equivalent (APE) jumps 9.45% to Rs 12,652 crore Vs Rs 11,560 crore Retail APE grows 4.65% to Rs 7,061 crore Vs Rs 6,747 crore Value of new business (VNB) soars 20.75% to Rs 1,944 crore Vs Rs 1,610 crore VNB margin expands to 15.4% Vs 13.9% Biocon Q1 (Consolidated YoY) Profit plunges 95.2% to Rs 31.4 crore Vs Rs 659.7 crore Revenue grows 14.8% to Rs 3,941.9 crore Vs Rs 3,432.9 crore Other income falls sharply to Rs 79.7 crore Vs Rs 1,134.5 crore Company to acquire 26% stake in Pro-zeal Green Power Sixteen for purchase of solar power from captive off-site solar energy power plant General Insurance Corporation of India Q1 (Consolidated (YoY) Profit zooms 80.7% to Rs 2,530.6 crore Vs Rs 1,400.7 crore Net premium income jumps 11.6% to Rs 11,274 crore Vs Rs 10,097.6 crore Net commission falls 14.6% to Rs 1,879.5 crore Vs Rs 2,201.6 crore Cummins India Q1 (Standalone YoY) Profit soars 40.4% to Rs 589.3 crore Vs Rs 419.8 crore Revenue grows 26.2% to Rs 2,906.8 crore Vs Rs 2,304.2 crore BSE Q1 (Consolidated YoY) Profit surges 103.5% to Rs 539.4 crore Vs Rs 265 crore Revenue spikes 59.2% to Rs 958.4 crore Vs Rs 601.9 crore Hindustan Petroleum Corporation (Consolidated YoY) Profit zooms 548.5% to Rs 4,110.9 crore Vs Rs 633.9 crore Revenue falls 2.7% to Rs 1.1 lakh crore Vs Rs 1.14 lakh crore KRBL Q1 (Consolidated YoY) Profit jumps 74% to Rs 150.6 crore Vs Rs 86.6 crore Revenue grows 32.1% to Rs 1,584.4 crore Vs Rs 1,199.2 crore Schneider Electric Infrastructure Q1 (YoY) Profit drops 14.9% to Rs 41.2 crore Vs Rs 48.5 crore Revenue rises 4.8% to Rs 621.6 crore Vs Rs 592.9 crore Linde India Q1 (Consolidated YoY) Profit falls 5.7% to Rs 107.2 crore Vs Rs 113.7 crore Revenue declines 12.6% to Rs 571.1 crore Vs Rs 653.2 crore Metropolis Healthcare Q1 (Consolidated YoY) Profit jumps 18.7% to Rs 45.1 crore Vs Rs 37.9 crore Revenue grows 23.2% to Rs 386.1 crore Vs Rs 313.4 crore Gujarat State Fertilizers & Chemicals Q1 (Consolidated YoY) Profit soars 58.7% to Rs 138.6 crore Vs Rs 87.3 crore Revenue rises 1% to Rs 2,184.4 crore Vs Rs 2,162.5 crore Sun TV Network Q1 (Consolidated YoY) Profit falls 5.4% to Rs 529.1 crore Vs Rs 559.3 crore Revenue declines 1.8% to Rs 1,290.3 crore Vs Rs 1,313.6 crore Global Health Q1 (Consolidated YoY) Profit zooms 49.6% to Rs 159 crore Vs Rs 106.3 crore Revenue increases 19.7% to Rs 1,030.8 crore Vs Rs 861.1 crore Medi Assist Healthcare Services Q1 (Consolidated YoY) Profit grows 19% to Rs 22.4 crore Vs Rs 18.8 crore Revenue jumps 13.6% to Rs 190.6 crore Vs Rs 167.7 crore GMM Pfaudler Q1 (Consolidated YoY) Profit tanks 52% to Rs 11.2 crore Vs Rs 23.2 crore Revenue rises 1.2% to Rs 794.6 crore Vs Rs 785.2 crore Kalpataru Projects International Q1 (Consolidated YoY) Profit spikes 154.4% to Rs 213.6 crore Vs Rs 84 crore Revenue zooms 34.5% to Rs 6,171.2 crore Vs Rs 4,586.6 crore Crompton Greaves Consumer Electricals Q1 (Consolidated YoY) Profit declines 19.4% to Rs 122.3 crore Vs Rs 151.7 crore Revenue drops 6.5% to Rs 1,998.3 crore Vs Rs 2,137.7 crore Godrej Consumer Products Q1 (Consolidated YoY) Profit increases 0.4% to Rs 452.5 crore Vs Rs 450.7 crore Revenue jumps 9.9% to Rs 3,661.9 crore Vs Rs 3,331.6 crore Kalyan Jewellers Q1 (Consolidated YoY) Profit zooms 48.7% to Rs 264.1 crore Vs Rs 177.6 crore Revenue grows 31.5% to Rs 7,268.5 crore Vs Rs 5,527.8 crore CE Info Systems Q1 (Consolidated YoY) Profit jumps 28.7% to Rs 46.1 crore Vs Rs 35.8 crore Revenue increases 19.8% to Rs 121.6 crore Vs Rs 101.5 crore PTC India Q1 (Consolidated YoY) Profit grows 44.2% to Rs 195 crore Vs Rs 135.2 crore Revenue falls 12% to Rs 4,009.2 crore Vs Rs 4,554.7 crore Data Patterns Q1 (YoY) Profit drops 22.2% to Rs 25.5 crore Vs Rs 32.8 crore Revenue declines 4.6% to Rs 99.3 crore Vs Rs 104.1 crore Indigo Paints Q1 (Consolidated YoY) Profit dips 2.2% to Rs 26 crore Vs Rs 26.6 crore Revenue drops 0.7% to Rs 308.9 crore Vs Rs 311 crore Ramco Cements Q1 (Consolidated YoY) Profit jumps 131.2% to Rs 84.6 crore Vs Rs 36.6 crore Revenue slips 0.9% to Rs 2,074 crore Vs Rs 2,093.6 crore Apollo Tyres Q1 (Consolidated YoY) Profit tanks 95.7% to Rs 12.9 crore Vs Rs 302 crore Revenue rises 3.6% to Rs 6,560.8 crore Vs Rs 6,334.9 crore Exceptional loss at Rs 370.2 crore Vs loss at Rs 40.4 crore NLC India Q1 (Consolidated YoY) Profit zooms 42.6% to Rs 797.6 crore Vs Rs 559.4 crore Revenue grows 13.2% to Rs 3,825.6 crore Vs Rs 3,378.2 crore Stocks to Watch Bharti Airtel Promoter entity Indian Continent Investment is likely to sell a 0.8% equity stake in the company via a block deal, reports CNBC-TV18, quoting sources. The block size is expected to be around Rs 9,310 crore, and the floor price for the deal is likely set at Rs 1,862 per share. AU Small Finance Bank AU Small Finance Bank has received in-principle approval from the Reserve Bank of India (RBI) for its transition from a small finance bank to a universal bank. Zydus Lifesciences The company has received a Notice of Compliance (NOC) from Health Canada for its ZDS-Varenicline tablets (0.5 mg and 1 mg). This marks the group’s first NOC approval in Canada. Varenicline is used as an aid for smoking cessation. Piramal Pharma The company has informed exchanges about a fire incident at a third-party warehouse in Telangana, which also housed certain inventory belonging to the company, on August 6. The fire is largely under control, and the cause of the fire is under investigation. The value of inventory affected by the incident is currently estimated at Rs 45 crore. Bulk Deals Eternal Alibaba-backed Antfin Singapore Holding Pte has sold 14.13 crore shares (1.46% stake) in Eternal, the parent firm of Zomato, at Rs 289.91 per share, amounting to a total transaction value of Rs 4,096.7 crore. Antfin had held a 1.95% stake in Eternal as of June 2025. Kotak Mahindra Bank Oppenheimer Funds Inc, through its Oppenheimer Developing Markets Fund, has sold 1.03 crore shares (0.52% stake) in Kotak Mahindra Bank at a price of Rs 1,965.2 per share, totaling approximately Rs 2,035.4 crore. Zinka Logistics Solutions Ithan Creek Master Investors (Cayman) LPF has sold 9.9 lakh shares (0.55% stake) in Zinka Logistics Solutions at Rs 540.54 per share, valued at Rs 53.67 crore. As of June 2025, Ithan Creek held a 1.3% stake in Zinka. SME Listing on August 8 Flysbs Aviation Stocks Trade Ex-Dividend Hindalco IndustriesABB IndiaAlkem LaboratoriesAurobindo PharmaComputer Age Management ServicesCeatDelta CorpIndian Oil CorporationJtekt IndiaKronox Lab SciencesMankind PharmaMatrimony.comMulti Commodity Exchange of IndiaFlair Writing IndustriesAlldigi TechGujarat ContainersGujarat HotelsIndo Thai SecuritiesOriental AromaticsParas Defence and Space TechnologiesPremco GlobalQuess CorpShilchar TechnologiesShradha AI TechnologiesSonata SoftwareSteelcastVarroc EngineeringVishnu ChemicalsVoith Paper Fabrics IndiaWonderla HolidaysZF Commercial Vehicle Control Systems India Stock Trades Ex-Date for Bonus Nestle India Stock Trades Ex-Date for Income Distribution (InvIT) POWERGRID Infrastructure Investment TrustAnzen India Energy Yield Plus Trust Stock in F&O Ban PNB Housing Finance"
07 Aug 2025,"Bulk deals: Alibaba-backed Antfin offloads 1.46% stake worth Rs 4,097 crore in Eternal",https://www.moneycontrol.com/news/business/markets/bulk-deals-alibaba-backed-antfin-offloads-1-46-stake-worth-rs-4-097-crore-in-eternal-13417973.html,"Despite such a big transaction, Eternal shares closed the session higher at Rs 301.75, up nearly a percent amid higher volumes.",Bulk deals on August 7,"Alibaba-backed Antfin Singapore Holding Pte has sold 1.46 percent stake in Eternal, the parent firm of Zomato, the food delivery giant, via open market transactions on August 7. Antfin offloaded 14.13 crore equity shares of Eternal, the bulk deals available on the exchanges showed. These shares were sold at Rs 289.91 per share on the NSE, valued at Rs 4,096.7 crore. Antifin had held 1.95 percent stake in Eternal as of June 2025. Despite such a big transaction, Eternal shares closed the session higher at Rs 301.75, up nearly a percent amid higher volumes. Further, Kotak Mahindra Bank was also in focus on Thursday. Oppenheimer Funds Inc through its Oppenheimer Developing Markets Fund sold 1.03 crore shares (or 0.52 percent stake) in the bank at Rs 1,965.2 per share, valued at Rs 2,035.4 crore. Kotak Bank shares finished the session at Rs 1,992.1, down half a percent compared to previous day, trading well below all its key moving averages. Zinka Logistics Solutions corrected sharply in today's trade, falling 7.88 percent to Rs 517.05, after a day of 15.66 percent rally. Ithan Creek Master Investors (Cayman) LPF sold 9.9 lakh shares (or 0.55 percent stake) at Rs 540.54 per share, amounting to Rs 53.67 crore. As of June 2025, Ithan Creek Master Investors was holding 1.3 percent stake in Zinka, a technology-driven logistics company operating under the brand name BlackBuck."
31 Jul 2025,"Nifty Bank jumps 1.4% from day's low as markets shrug off Trump tariff jitters; ICICI, Kotak Mahindra Bank lead recovery",https://www.moneycontrol.com/news/business/markets/nifty-bank-jumps-1-4-from-day-s-low-as-markets-shrug-off-trump-tariff-jitters-icici-kotak-mahindra-lead-recovery-13357223.html,"'The broader price structure continues to reflect a bullish bias, making dips a buying opportunity for positional traders,' said Hardik Matalia from Choice Equity Broking.",Bank Nifty recovers all losses,"The Nifty Bank index sharply rebounded from day’s low, amid a broad-based recovery in the stock market. This comes as the impact of Trump tariffs gradually faded away from the market. After US President Donald Trump announced 25 percent tariff and a penalty on India, Indian benchmark indices opened in the red with significant losses. However, Sensex and Nifty sharply recovered all losses later. Nifty Bank, which had declined more than 600 points in the morning to hit a low of 55,547, regained more than 750 points (1.4 percent) from that level to swing into the green territory. It is currently up nearly 150 points (0.27 percent) to stand at 56,300. The recovery was led by private banks, with Kotak Mahindra Bank and ICICI Bank leading gains, rising nearly 1 percent each. Axis Bank and Bank of Baroda shares gained more than 0.5 percent each. IDFC First Bank, HDFC Bank, AU Small Finance Bank and State Bank of India were hovering in the green with marginal gains. Punjab National Bank (PNB) shares dropped 2 percent, after weak Q1 results. Federal Bank, IndusInd Bank and Canara Bank shares were hovering in the red with marginal losses. On the technical front, the index has broken key resistance levels suggested by analysts. This may imply strong upside potential for the bank index. ""A sustained move above 56,275 could lead to a rally toward 57,000 and 57,630,"" said Hardik Matalia, Derivative Analyst - Research at Choice Equity Broking Private Limited. ""The broader price structure continues to reflect a bullish bias, making dips a buying opportunity for positional traders,"" he said. Motilal Oswal Wealth Management in its report stated that Bank Nifty's support is at 55,750, and then at 55,500. Resistance was quoted at 56,350, and then at 56,500. ""Now it has to hold above 56,000 zone for a bounce towards 56,350 then 56,500 levels while a hold below the same could see decline towards 55,750 then 55,500 zones,"" it said. US President Donald Trump on July 30 announced 25 percent tariffs and an additional penalty against India ahead of the August 1 deadline. In a post on Truth Social, Trump described India as America's ""friend"" but added that it will face 25 percent tariffs plus a penalty for buying Russian military equipment and oil. The US President reiterated that India has among the ""highest tariffs in the world"". ""Seasoned investors know markets rarely reprice on the headline alone. Beneath the volatility lies a set of divergent sectoral narratives that deserve attention,"" said Bhavik Joshi, Business Head at INVasset PMS."
29 Jul 2025,Buy Kotak Mahindra Bank; target of Rs 2570: ICICI Securities,https://www.moneycontrol.com/news/business/earnings/buy-kotak-mahindra-bank-target-of-rs-2570-icici-securities-13343749.html,"ICICI Securities is bullish on Kotak Mahindra Bank has recommended buy rating on the stock with a target price of Rs 2570 in its research report dated July 27, 2025.",BUY,"ICICI Securities's research report on Kotak Mahindra Bank Kotak Mahindra Bank (KMB) reported weak Q1FY26 PAT of INR 32.8bn (~6% miss), pulled down by ~32bps QoQ decline in NIM and rise in credit costs. Loan growth was strong at ~4% QoQ (~14% YoY), though was led by corporate (up 11% QoQ) while retail unsecured declined. Despite a sharp cut in its savings rate (down ~45bps QoQ), cost of funds eased only marginally. Contained opex (-4% QoQ) drove a 2% beat on PPOP and seems to be a potent lever to offset slower revenue growth in the near term. Slippages jumped QoQ, though stemming predominantly from retail CV and seasonality in rural portfolio, Outlook While PL / credit card stress is stabilising and MFI stress seems peaked. Growth focus remains intact with unchanged aspiration to grow unsecured retail share to ~15%. Retain BUY; TP revised to INR 2,570. For all recommendations report, click here Kotak Mahindra Bank_28072025_ICICI Securities"
29 Jul 2025,Buy Kotak Mahindra Bank; target of Rs 2350: Prabhudas Lilladher,https://www.moneycontrol.com/news/business/stocks/buy-kotak-mahindra-bank-target-of-rs-2350-prabhudas-lilladher-13337621.html,"Prabhudas Lilladher is bullish on Kotak Mahindra Bank has recommended buy rating on the stock with a target price of Rs 2350 in its research report dated July 27, 2025.",buy,"Prabhudas Lilladher's research report on Kotak Mahindra Bank KMB saw a weak quarter as miss on provisions, fees and NII led to 13.7% lower core PAT. While NII was cushioned as cash was utilized to pay-off borrowings, Q2FY26 would see impact of normal liquidity and 50bps repo cut suggesting NIM decline QoQ. However, H2FY26 NIM could improve due to CRR cut and deposit repricing. While loan growth was healthy at 4.2% QoQ, it was led by SME and mid-market. Barring housing, retail growth was sluggish due to weak demand while unsecured recovery is slower. Hence, we trim loan growth by 100bps for FY26/27E to 16% YoY. Asset quality worsened QoQ due to higher net slippages/provisions led by MFI stress and slower corporate recovery. Outlook We cut NIM & fees, increase provisions but reduce opex; net cut in core PAT for FY26/27E is avg. 4.2% We tweak multiple to 2.3x from 2.4x on Mar’27 core ABV and slightly reduce TP to Rs2,350 from Rs2,400. Retain ‘BUY’. For all recommendations report, click here Kotak Mahindra Bank - 28072025 - prabhu"
28 Jul 2025,"Sensex settles nearly 600 pts lower, Nifty below 24,700: FII selling, rising India VIX among key factors behind market fall",https://www.moneycontrol.com/news/business/markets/sensex-down-300-pts-from-day-s-high-nifty-below-24-800-fii-selling-among-key-factors-behind-market-fall-13336580.html,"Sensex, Nifty declined as heavy selling in Kotak Mahindra Bank and weak trends in Asian markets weighed on the investor sentiments. ","Sensex, Nifty declined as heavy selling in Kotak Mahindra Bank and weak trends in Asian markets weighed on the investor sentiments. ","The equity benchmark indices Sensex and Nifty declined for the third day on Monday to drop nearly 1 percent amid heavy selling in Kotak Mahindra Bank, continued foreign fund outflows and weak trends in Asian markets. Sensex tanked 572.07 points or 0.70 percent to settle at 80,891.02. During the day, it slumped 686.65 points or 0.84 percent to 80,776.44. The Nifty declined 156.10 points or 0.63 percent to 24,680.90. Kotak Mahindra Bank, Bharat Electronics, Bharti Airtel, Titan and Apollo Hospitals Enterprise were among the major laggards, declining up to 7 percent intraday. Key factors behind Monday’s market fall: 1. Kotak Mahindra Bank drags: Shares of Kotak Mahindra Bank declined nearly 7 percent after the lender reported a consolidated net profit of Rs 4,472 crore for the June quarter. The bank flagged stress in its retail commercial vehicle portfolio due to unfavourable macroeconomic conditions. The profit in the same quarter last year was Rs 7,448 crore, which had included a one-time gain of over Rs 3,000 crore from a stake sale in its general insurance arm. The bank was the top loser in the Nifty Bank index, which was down up to 0.4 percent with eight of its constituents trading in the red. 2. FII selling pressure: Foreign Institutional Investors (FIIs) offloaded equities worth Rs 1,979.96 crore on Friday. The sustained FII selling adds pressure on domestic equities. Stock Market LIVE Updates According to VK Vijayakumar, Chief Investment Strategist at Geojit Financial Services, FII selling of Rs 13,552 crore in the cash market last week has added to the weakness in the market. 3. Weak Asian market cues: Asian markets were largely negative with South Korea’s Kospi, Japan’s Nikkei 225 and China’s Shanghai Composite Index trading in the red, weighing on investor sentiment back home. 4. Brent crude gains: Global oil benchmark Brent crude rose 0.29 percent to USD 68.64 per barrel. Higher crude prices raise input costs and inflationary pressures for oil-importing countries like India. 5. Selling in IT stocks: The Nifty IT index also witnessed pressure, with notable losses in Wipro, TCS, HCL Tech and Tech Mahindra. Vijayakumar added that the continued weakness in IT stocks is weighing on the broader market. TCS’s announcement of a 2 percent reduction in global workforce has also added to concerns. 6) Rising India Vix:  The volatility index, India VIX, rose nearly 7 percent to 12.07, indicating rising nervousness among traders. A spike in the VIX typically reflects heightened fear in the market and can lead to increased selling pressure. Technical View Anand James, Chief Market Strategist at Geojit Financial Services, said Nifty may find support around 24,450 and 24,000. He noted that the index could see some downside in the near term, with a potential rebound expected if it crosses above 24,922, which may trigger short-covering. In such a scenario, the index could test 25,324, although resistance near the 25,000 mark remains."
28 Jul 2025,Kotak Mahindra Bank shares decline 6.42% amid volume surge,https://www.moneycontrol.com/news/business/stocks/kotak-mahindra-bank-shares-decline-6-42-amid-volume-surge-alpha-article-13335656.html,Kotak Mahindra Bank shares decline 6.42% amid volume surge in early trading.,,"Shares of Kotak Mahindra Bank experienced a significant drop in early trade, falling 6.42% to Rs 1,988.20. Trading began today and the stock is experiencing a surge in trading volume. Key financial metrics for Kotak Mahindra Bank indicate the following: The consolidated quarterly financial results show a fluctuating trend in net profit and EPS over the last five quarters.HeadingJun 2024Sep 2024Dec 2024Mar 2025Jun 2025Net ProfitRs 7,399 CroreRs 4,997 CroreRs 4,639 CroreRs 4,908 CroreRs 4,429 CroreEPS37.4725.3723.6424.8122.49The consolidated yearly financial performance shows a steady increase in net profit and EPS from 2021 to 2025. Similarly, net profit increased by 121% from Rs 9,903 crore in 2021 to Rs 21,946 crore in 2025.Heading20212022202320242025Net ProfitRs 9,903 CroreRs 11,932 CroreRs 14,780 CroreRs 17,977 CroreRs 21,946 CroreEPS50.5360.7674.9691.45111.29BVPS425.56487.06562.86653.81792.11ROE11.8412.5013.3414.0114.04NIM4.144.054.474.384.25The company announced audio recording of the earnings conference call on the consolidated and standalone unaudited financial results for the quarter ended June 30, 2025. The company announced a final dividend of Rs 2.50 per share on May 5, 2025, with the ex-date as July 18, 2025. The company had previously announced a bonus issue on May 5, 2015, with an existing ratio of 1 and offered ratio of 1. The ex-bonus date was July 8, 2015. Additionally, the company had a stock split on May 11, 2010, where the old face value of Rs 10 was split to a new face value of Rs 5. The ex-split date was September 13, 2010. Kotak Mahindra Bank shares decline 6.42% amid volume surge in early trading."
28 Jul 2025,"Kotak Mahindra Bank shares sink 7% on muted Q1 show; should you buy, sell, or hold?",https://www.moneycontrol.com/news/business/earnings/kotak-mahindra-bank-shares-in-focus-as-net-profit-slips-7-yoy-should-you-buy-sell-or-hold-13334903.html,"While Kotak Bank's growth outpaced the banking pack, brokerages were disappointed by the decline in NIMs and elevated formation of non-performing loans.",Kotak Mahindra Bank,"Shares of private lender Kotak Mahindra Bank cracked over seven percent in trade on Monday, July 28, following the bank's earnings show for the quarter ended June 30, 2025, wherein net profit took a seven percent tumble. Kotak Mahindra Bank reported a standalone net profit of Rs 3,282 crore for Q1 FY26, marking a 7 percent year-on-year decline from Rs 3,520 crore in the same period last year. This figure is after adjusting for a one-time gain from the sale of its general insurance business. Including the gain, the unadjusted net profit stood significantly higher at Rs 6,250 crore. The drop in profit was mainly due to a sharp rise in provisioning and contingencies, which surged 109 percent year-on-year to Rs 1,208 crore. Net interest income (NII) rose 6 percent to Rs 7,259 crore, while the net interest margin (NIM) remained strong at 4.65 percent. Further, Kotak Mahindra Bank delivered higher credit growth at 14 percent YoY, with heavy lifting done by the low-yielding corporate book. This, coupled with lending rate cuts, led to a steep 32 bps QoQ margin contraction to 4.7 percent. The management expects margin pressure to persist in Q2 as full impact of the 50 bps repo rate cut sinks in, albeit to gradually stabilize and improve thereafter, as cost reduction (including SA cost) flows through. Asset quality too deteriorated, with slippages jumping to 1.9 percent due to stress inMFI, retail CV, and KCC loans. At 11,00 a.m., shares of the bank were quoting Rs 1,987, lower by 6.5 percent on the NSE. Should you buy, sell, or hold shares of Kotak Mahindra Bank? Brokerages noted that after a strong business update, Kotak Mahindra Bank reported weak Q1FY26 earnings with a sharp 32 bps QoQ decline in NIM, a steep rise in specific credit cost from 64 bps to 93 bps (50 percent QoQ in value) and a sharp slowdown in YoY fee growth. Nomura has maintained a 'neutral' rating on Kotak Mahindra Bank with a target price of Rs 2,150 per share. The brokerage has cut its FY26–28 earnings per share estimates by 3–7 percent, citing asset quality concerns and margin pressure. Nomura noted that the core bank trades at approximately 1.9× FY27 book value per share, indicating limited upside. Morgan Stanley maintained an 'overweight' rating on Kotak Bank, with a target price of Rs 2,600 per share. The brokerage said that bank’s growth outpaced the industry, but was disappointed by the decline in NIMs and elevated formation of non-performing loans. Q2 to remain challenging due to further margin compression, but sees earnings accelerating thereafter. ""Management expects NIM to bottom out by Q2FY26, supported by the full transmission of rate cuts, deposit repricing, and CRR benefits, with a recovery likely from H2. Growth in the unsecured segment is expected to pick up gradually as the lending environment improves, aiding both growth and margin trajectory,"" said Motilal Oswal. The brokerage cut its target price on the firm to Rs 2,400 per share, while keep its 'buy' tag intact. Going ahead, international brokerage Bernstein believes that believes the surge in credit costs and soft asset quality will continue to weigh on Kotak Mahindra Bank’s valuation. It assigned the bank a market-perform rating with a target price of Rs 1,950 per share. Follow our market blog to catch all the live updates "
28 Jul 2025,"Stocks to Watch Today: Kotak Bank, CDSL, Balkrishna Ind, Orient Cement, Tata Chemicals, Poonawalla Fincorp, VA Tech Wabag, RITES in focus on 28 July",https://www.moneycontrol.com/news/business/markets/stocks-to-watch-today-kotak-bank-cdsl-balkrishna-ind-orient-cement-tata-chemicals-poonawalla-fincorp-va-tech-wabag-rites-in-focus-on-28-july-13334581.html,"Stocks to Watch Today, 28 July: Stocks like Kotak Mahindra Bank, Central Depository Services, Balkrishna Industries, Orient Cement, Tata Chemicals, Poonawalla Fincorp, VA Tech Wabag, RITES, Sigachi Industries, and Ola Electric Mobility will be in focus on July 28.","Stocks to Watch Today, 28 July","Let's catch up on the latest news from the stock market. From significant investments to major deals, quarterly earnings, order wins, appointments, and acquisitions, here’s a quick look at which stocks will be in focus in today's trade: Results Today IndusInd Bank, Bharat Electronics, Adani Green Energy, Adani Total Gas, Bajaj Healthcare, CarTrade Tech, Gail (India), JK Paper, KEC International, Mazagon Dock Shipbuilders, Motherson Sumi Wiring India, Nippon Life India Asset Management, NTPC Green Energy, Piramal Pharma, Quess Corp, RailTel Corporation of India, Torrent Pharmaceuticals, Vijaya Diagnostic Centre, and Waaree Energies will release quarterly earnings on July 28. Quarterly Earnings Kotak Mahindra Bank Q1 (Standalone YoY) Profit tanks 47.5% to Rs 3,281.7 crore Vs Rs 6,249.8 crore Net interest income grows 6.1% to Rs 7,259.3 crore Vs Rs 6,842.4 crore Provisions and contingencies jump 108.8% to Rs 1,207.8 crore Vs Rs 578.5 crore Exceptional item Nil Vs exceptional gain of Rs 3,519.9 crore Gross NPA rises to 1.48% Vs 1.42% (QoQ) Net NPA increases to 0.34% Vs 0.31% (QoQ) Bank of Baroda Q1 (Standalone YoY) Profit rises 1.9% to Rs 4,541.4 crore Vs Rs 4,458.2 crore Net interest income falls 1.4% to Rs 11,434.8 crore Vs Rs 11,600 crore Provisions and contingencies jump to Rs 1,967 crore Vs Rs 1,010.7 crore Gross NPA increases to 2.28% Vs 2.26% (QoQ) Net NPA rises to 0.6% Vs 0.58% (QoQ) IDFC First Bank Q1 (Standalone YoY) Profit sinks 32% to Rs 462.6 crore Vs Rs 680.7 crore Net interest income grows 5.1% to Rs 4,933.1 crore Vs Rs 4,695 crore Provisions and contingencies zoom 66.8% to Rs 1,659.1 crore Vs Rs 994.4 crore Gross NPA jumps to 1.97% Vs 1.87% (QoQ) Net NPA rises to 0.55% Vs 0.53% (QoQ) Central Depository Services (CDSL) Q1 (Consolidated YoY) Profit declines 23.7% to Rs 102.4 crore Vs Rs 134.2 crore Revenue increases 0.6% to Rs 258.8 crore Vs Rs 257.4 crore Balkrishna Industries Q1 (Consolidated YoY) Profit plunges 41.2% to Rs 288.3 crore Vs Rs 490 crore Revenue rises 1.7% to Rs 2,760 crore Vs Rs 2,714.5 crore Whirlpool of India Q1 (Consolidated YoY) Profit increases 0.6% to Rs 146.1 crore Vs Rs 145.3 crore Revenue declines 2.6% to Rs 2,432.3 crore Vs Rs 2,496.9 crore Jain Irrigation Systems Q1 (Consolidated YoY) Profit grows 2.5% to Rs 13.9 crore Vs Rs 13.6 crore Revenue rises 4.6% to Rs 1,545.7 crore Vs Rs 1,477.9 crore Jammu & Kashmir Bank Q1 (Standalone YoY) Profit jumps 16.7% to Rs 484.8 crore Vs Rs 415.5 crore Net interest income grows 7% to Rs 1,465.5 crore Vs Rs 1,369.2 crore Gross NPA climbs to 3.50% Vs 3.37% (QoQ) Net NPA rises to 0.82% Vs 0.79% (QoQ) Steel Authority of India Q1 (Consolidated YoY) Profit zooms over 9-fold to Rs 744.6 crore Vs Rs 81.8 crore Revenue grows 8% to Rs 25,921.8 crore Vs Rs 23,997.8 crore Orient Cement Q1 (YoY) Profit spikes 459.4% to Rs 205.4 crore Vs Rs 36.7 crore Revenue increases 24.4% to Rs 866.5 crore Vs Rs 696.3 crore RPG Life Sciences Q1 (YoY) Profit falls 1.8% to Rs 26.3 crore Vs Rs 26.8 crore Revenue rises 2.1% to Rs 168.9 crore Vs Rs 165.4 crore Petronet LNG Q1 (Consolidated YoY) Profit plunges 23.8% to Rs 841.9 crore Vs Rs 1,105.5 crore Revenue declines 11.4% to Rs 11,879.9 crore Vs Rs 13,415.1 crore Prataap Snacks Q1 (YoY) Profit sinks 93.7% to Rs 0.7 crore Vs Rs 9.4 crore Revenue drops 2.5% to Rs 411 crore Vs Rs 421.4 crore Tamilnad Mercantile Bank Q1 (YoY) Profit rises 6.1% to Rs 304.9 crore Vs Rs 287.3 crore Net interest income increases 2.3% to Rs 579.6 crore Vs Rs 566.6 crore Gross NPA falls to 1.22% Vs 1.25% (QoQ) Net NPA declines to 0.33% Vs 0.36% (QoQ) Sobha Q1 (Consolidated YoY) Profit zooms 125% to Rs 13.6 crore Vs rs 6.1 crore Revenue grows 33% to Rs 851.9 crore Vs Rs 640.4 crore Tata Chemicals Q1 (Consolidated YoY) Profit soars 87% to Rs 252 crore Vs Rs 135 crore Revenue declines 1.8% to Rs 3,719 crore Vs Rs 3,789 crore SBI Cards and Payment Services Q1 (YoY) Profit drops 6.5% to Rs 556 crore Vs Rs 594.5 crore Net interest income grows 13.8% to Rs 1,680.3 crore Vs Rs 1,476.5 crore Gujarat Mineral Development Corporation Q1 (Consolidated YoY) Profit declines 11% to Rs 163.8 crore Vs Rs 184 crore Revenue falls 10.5% to Rs 732.6 crore Vs Rs 818.1 crore Aadhar Housing Finance Q1 (Standalone YoY) Profit jumps 18.6% to Rs 237.3 crore Vs Rs 200.1 crore Net interest income grows 21.6% to Rs 428.2 crore Vs Rs 352.1 crore Poonawalla Fincorp Q1 (Standalone YoY) Profit plunges 78.5% to Rs 62.6 crore Vs Rs 291.6 crore Net interest income grows 11% to Rs 639.3 crore Vs Rs 576.1 crore Impairment on financial instruments zooms 467.4% to Rs 241.1 crore Vs Rs 42.5 crore Home First Finance Company India Q1 (YoY) Profit zooms 35.5% to Rs 118.9 crore Vs Rs 87.8 crore Net interest income grows 32.6% to Rs 194.1 crore Vs Rs 146.4 crore Sigachi Industries Q1 (Consolidated YoY) Loss stands at Rs 100.4 crore Vs profit of Rs 13.2 crore Revenue jumps 34% to Rs 128.2 crore Vs Rs 95.7 crore Exceptional loss at Rs 121 crore Vs Nil Schaeffler India Q1 (Consolidated YoY) Profit grows 17% to Rs 287.1 crore Vs Rs 245.5 crore Revenue rises 11.7% to Rs 2,352.6 crore Vs Rs 2,106.8 crore Stocks to Watch Alembic Pharmaceuticals The company has received final approval from the US Food & Drug Administration (USFDA) for its Abbreviated New Drug Application (ANDA) for Carbamazepine extended-release tablets. These tablets are used as an anticonvulsant drug and for the treatment of pain associated with true trigeminal neuralgia. Carbamazepine had an estimated market size of $71 million for the twelve months ending March 2025, according to IQVIA. VA Tech Wabag The company has secured a Rs 380 crore order from the Bangalore Water Supply and Sewerage Board (BWSSB), which is funded by the World Bank. The order involves the design, engineering, construction, and commissioning of wastewater treatment plants with tertiary treatment facilities, biogas generation, solar sludge drying beds, and intermediate pumping stations, along with associated piping works. RITES The company has received a Letter of Intent from Bharat Electronics (BEL) for a project worth Rs 177.2 crore. The project involves the design, project management consultancy (PMC) services, and construction of a mass manufacturing facility for EM SBU at BEL – Palasamudram (Andhra Pradesh). Dr Reddy's Laboratories The company has made an investment of Rs 565.4 crore in its step-down wholly-owned subsidiary, Dr Reddy’s Laboratories LLC, Russia, for a 45.19% equity stake. IndusInd Bank Zubin Mody has resigned as Chief Human Resources Officer and Senior Management Personnel of the bank, effective October 24, to pursue new opportunities outside the organization. Additionally, the Reserve Bank of India (RBI) has granted approval for the extension of the tenure of the Committee of Executives for one month, effective July 29, or until a new MD & CEO is appointed and assumes charge, whichever is earlier. JSW Energy The National Company Law Tribunal (NCLT), Hyderabad, has allowed the withdrawal of the application for the corporate insolvency resolution process for KSK Water Infrastructures under the Insolvency and Bankruptcy Code. The company will be taking necessary steps to implement the settlement plan. Concord Biotech The company announced the successful completion of the Russian GMP (Good Manufacturing Practice) inspection at its Active Pharmaceutical Ingredient (API) manufacturing facility in Dholka, Gujarat. The inspection was conducted during July 22–25. Ola Electric Mobility The Board has approved the proposed variation in the objects or terms of utilisation of the initial public offering (IPO) proceeds and the extension of the time limit for their utilisation. This is subject to the receipt of shareholders’ approval. Bulk Deals Dodla Dairy Promoter Bommi Surekha Reddy sold 4.65 lakh shares at Rs 1,280.68 per share. Authum Investment & Infrastructure Fidelity Securities Fund: Fidelity Blue Chip Growth Fund bought 22.67 lakh shares, and Goldman Sachs (Singapore) Pte acquired 8.89 lakh shares at Rs 2,250 per share. However, promoter Mentor Capital sold 58 lakh shares at Rs 2,253.57 per share. Block Deals Jindal Poly Films First Water Fund bought 1.88 lakh shares at Rs 600 per share from Haresh Tikamdas Kaswani. Polyplex Corporation First Water Fund acquired 2.23 lakh shares at Rs 1,120 per share from Haresh Tikamdas Kaswani. SME Listing on July 28 Swastika CastalSavy Infra & Logistics Stocks Trade Ex-Dividend WiproDLFCosmo FirstCRISILEIH Associated HotelsKPIT TechnologiesShyam Metalics and EnergyThe Yamuna Syndicate Stock Trades Ex-Date for Bonus, Split GTV Engineering Stock Trades Ex-Date for Rights Indian Infotech & Software Stock Trades Ex-Bonus Jonjua Overseas Stock in F&O ban RBL Bank Stock out of F&O ban Indian Energy Exchange"
26 Jul 2025,"Kotak Mahindra Bank Q1 Results: Net profit declines 7% to Rs 3,282 crore",https://www.moneycontrol.com/news/business/earnings/kotak-mahindra-bank-q1-results-net-profit-declines-7-to-rs-3-282-13331395.html,"Provisions surge 109% yoy to Rs 1,208 crore; NII up 6% to Rs 7,259 crore",Kotak Mahindra Bank,"Kotak Mahindra Bank, on July 26, reported a standalone net profit of Rs 3,282 crore during Q1 FY26, registering a 7 percent year-on-year decline from Rs 3,520 crore in Q1 FY25. The net profit numbers come in after adjusting for the one-time gain from the sale of its general insurance business. Including the gain, the unadjusted net profit was significantly higher at Rs 6,250 crore. According to the investor presentation, the decline in profit is primarily attributable to a substantial increase in provisioning and contingencies, which rose 109 percent year-on-year to Rs 1,208 crore.The net interest income (NII) of Kotak Mahindra Bank rose by 6 percent year-on-year to Rs 7,259 crore, while the net interest margin (NIM) stood at a robust 4.65 percent. However, the cost-to-income ratio remained high at 46.19 percent, and the return on equity (ROE) moderated to 10.94 percent from 13.91 percent in the same quarter last year. The bank’s asset quality showed a marginal deterioration, with gross non-performing assets (GNPA) rising to 1.48 percent from 1.39 percent a year ago. Net NPA (NNPA) stood stable at 0.34 percent. The CASA (Current Account Savings Account) ratio declined to 40.9 percent, compared to 43.4 percent in Q1FY25, reflecting a shift in the deposit mix. Customer assets rose to Rs 4,92,972 crore, showing a 13 percent growth, while net advances increased by 14 percent to Rs 4,44,823 crore. The bank’s capital adequacy ratio (CAR) stood at 23 percent and a CET-I ratio of 22.4 percent, above regulatory requirements. On a consolidated basis, Kotak Mahindra Group reported a net profit of Rs 4,472 crore, reflecting a 1 percent increase from the previous year, excluding the one-time gain from the divestment of Kotak General Insurance (KGI) in Q1 FY25. The group’s return on equity stood at 11.13 percent and return on assets at 2.03 percent. The Group’s total assets under management (AUM) reached Rs 7.5 lakh crore, up 18 percent over the previous year. Kotak’s subsidiaries performed well. Kotak Asset Management Company (AMC) posted an 86 percent year-on-year jump in profit after tax to Rs 326 crore, driven by a 24 percent increase in average equity assets under management (AUM), which stood at Rs 3.33 lakh crore. Overall AUM rose to Rs 5.25 lakh crore, supported by strong SIP inflows of Rs 1,792 crore in June 2025 and a 57 percent share of individual investors in MAAUM, the presentation said. Kotak Mahindra Prime, the vehicle and asset finance arm, reported a 17 percent year-on-year rise in PAT to Rs 272 crore. Its customer assets grew 16 percent year-on-year to Rs 41,469 crore, supported by both vehicle loans and other financing. The business maintained strong margins with a Return on Assets (ROA) of 2.4 percent and a Capital Adequacy Ratio (CAR) of 23.5 percent. Kotak Securities recorded a 16 percent increase in PAT to Rs 465 crore in Q1 FY26. The company achieved an overall market share of 12.8 percent, including 10.1 percent in cash and 14.3 percent in derivatives. Kotak Mahindra Life Insurance showed strong performance, with PAT up 88 percent year-on-year to Rs 327 crore. Gross written premium for the quarter stood at Rs 2,861 crore, while the AUM reached Rs 96,581 crore, reflecting 14.7 percent year-on-year growth. The solvency ratio remained strong at 2.40x, and 63.1 percent of individual regular premiums came from traditional products."
16 Jul 2025,"Stocks to Watch Today: Ashok Leyland, Dixon Tech, Zydus Lifesciences, ICICI Lombard, HDB Financial, HDFC Life, Jindal Steel, Biocon in focus on 16 July",https://www.moneycontrol.com/news/business/markets/stocks-to-watch-today-ashok-leyland-dixon-tech-zydus-lifesciences-icici-lombard-hdb-financial-hdfc-life-jindal-steel-biocon-in-focus-on-16-july-13282597.html,"Stocks to watch, 16 July: Stocks like HDFC Life Insurance Company, HDB Financial Services, ICICI Lombard General Insurance Company, Just Dial, Dixon Technologies, Zydus Lifesciences, Biocon, Jindal Steel & Power, Asston Pharmaceuticals, and Ashok Leyland will be in focus on July 16.","Stocks to Watch Today, 16 July","Let's catch up on the latest news from the stock market. From significant investments to major deals, quarterly earnings, and acquisitions, here’s a quick look at which stocks will be in focus in today's trade: Results Today Tech Mahindra, ITC Hotels, Angel One, DB Corp, Le Travenues Technology, Kalpataru, Lotus Chocolate Company, L&T Technology Services, and Reliance Industrial Infrastructure will release their quarterly earnings on July 16. Quarterly Earnings HDFC Life Insurance Company Q1 (YoY) Profit grows 14.4% to Rs 546 crore Vs Rs 478 Total APE (annual premium equivalent) increases 12.5% to Rs 3,225 crore Vs Rs 2,866 crore Retail (individual) APE soars 12.5% to Rs 2,777 crore Vs Rs 2,467 crore Value of new business (VNB) increases 12.7% to Rs 809 crore Vs Rs 718 crore VNB margin expands to 25.1% Vs 25% Assets under management jumps 14.7% to Rs 3.55 lakh crore Vs Rs 3.1 lakh crore HDB Financial Services Q1 (YoY) Profit drops 2.4% to Rs 568 crore Vs Rs 582 crore Net interest income grows 18.3% to Rs 2,092 crore Vs Rs 1,768 crore Net interest margin expands to 7.7% Vs 7.6% Gross loans increases 14.3% to Rs 1.09 lakh crore Vs Rs 95,629 crore Pre-provisioning operating profit zooms 17.2% to Rs 1,402 crore Vs Rs 1,196 crore Gross NPA jumps to 2.56% Vs 2.26% Net NPA climbs to 1.11% Vs 0.77% ICICI Lombard General Insurance Company Q1 (YoY) Profit zooms 28.7% to Rs 747 crore Vs Rs 580 crore Gross written premium grows 1.5% to Rs 8,053 crore Vs Rs 7,931 crore Gross direct premium income increases 0.6% to Rs 7,735 crore Vs Rs 7,688 crore Net premier earned surges 14% to Rs 5,136 crore Vs Rs 4,503.9 crore Combined ratio rises to 102.9% Vs 102.3% Just Dial Q1 (YoY) Profit rises 13% to Rs 159.6 crore Vs Rs 141.2 crore Revenue increases 6.2% to Rs 297.9 crore Vs Rs 280.6 crore EBITDA grows 7.2% to Rs 86.4 crore Vs Rs 80.6 crore Margin expands 28 bps to 29% Vs 28.7% Network 18 Media & Investments Q1 (YoY) News business operating revenue declines 4.9% to Rs 430 crore Vs Rs 453 crore News business operating EBITDA grows 68.5% to Rs 4 crore Vs Rs 2 crore Operating EBITDA margin expands to 1% Vs 0.5% News business operating expense drops 5.3% to Rs 426 crore Vs Rs 450 crore Stocks to Watch Dixon Technologies (India) The company has entered into a binding term sheet with Kunshan Q Tech Microelectronics (India) and its shareholders for the proposed acquisition of a 51% stake in Q Tech India. This move aims to establish collaboration in the manufacturing, sale, and distribution of camera and fingerprint modules for mobile handsets, Internet of Things (IoT) systems, and automotive applications. The acquisition will be executed through a combination of primary and secondary investments by Dixon. Additionally, Dixon has entered into a binding term sheet with Chongqing Yuhai Precision Manufacturing Co. to form a prospective joint venture in India with a 74:21 ownership ratio. The JV company will focus on the manufacturing of precision components for laptops, mobile phones, IoT, automotive, and other products. Kotak Mahindra Bank Phani Shankar has resigned from the position of President and Chief Credit Officer (Senior Management Personnel) of the bank. His resignation will be effective July 21. Zydus Lifesciences The company has received final approval from the US Food and Drug Administration (USFDA) for its Celecoxib capsules, which will be available in 50 mg, 100 mg, 200 mg, and 400 mg strengths. Celecoxib is used to treat pain and inflammation caused by various conditions such as arthritis, ankylosing spondylitis, and menstrual pain. Biocon Biocon’s subsidiary, Biocon Biologics, has received approval from the US FDA for KIRSTY (Insulin Aspart-xjhz), 100 units/mL, as the first and only interchangeable biosimilar to NovoLog (Insulin Aspart). KIRSTY is a rapid-acting human insulin analog, indicated to improve glycemic control in adult and pediatric patients with diabetes mellitus. Bajaj Finserv The Insurance Regulatory and Development Authority of India (IRDAI) has approved the transfer of 26% equity shares held by Allianz SE in its two insurance subsidiaries—Bajaj Allianz General Insurance Company and Bajaj Allianz Life Insurance Company—to Bajaj Finserv, Bajaj Holdings & Investment (promoter), and Jamnalal Sons (promoter group). Jindal Steel & Power Mayank Gupta has resigned as Chief Financial Officer of the company, effective July 15, citing personal commitments. Bulk Deals MAS Financial Services Nippon India Mutual Fund acquired an additional 20 lakh shares at Rs 305 per share from Business Excellence Trust III. As of March 2025, Nippon India MF held a 5.29% stake in MAS Financial. SME IPO Listing on July 16 Asston Pharmaceuticals Stocks Trade Ex-Dividend Tata Consultancy ServicesPiramal PharmaAnant RajAvadh Sugar & EnergyB&A Packaging IndiaDJ Mediaprint & LogisticsTCI ExpressUltramarine & Pigments Stock Trades Ex-Bonus Ashok Leyland Stock in F&O ban Glenmark PharmaHindustan CopperRBL Bank"
08 Jul 2025,"Stocks to Watch Today: Titan, Tata Motors, Navin Fluorine, Refex Industries, JSW Infrastructure, Lodha Developers, Kotak Mahindra Bank in focus on 8 July",https://www.moneycontrol.com/news/business/markets/stocks-to-watch-today-titan-tata-motors-navin-fluorine-refex-industries-jsw-infrastructure-lodha-developers-kotak-mahindra-bank-in-focus-on-8-july-13240185.html,"Stocks to Watch, 8 July: Stocks like Titan Company, Tata Motors, Navin Fluorine International, Refex Industries, JSW Infrastructure, Macrotech Developers, and Kotak Mahindra Bank will be in focus on July 8.","Stocks to Watch Today, 8 July","Let's catch up on the latest news from the stock market. From significant investments to major deals, quarterly earnings, order wins, and auto sales, here’s a quick look at which stocks will be in focus in today's trade: Q1FY26 Earnings Update (Provisional) Titan Company Q1 (YoY) International business grows 49% Domestic business registers 19% growth Consumer business shows 20% growth Jewellery segment reports 18% growth Watch business increases 23% EyeCare segment records 12% increase Company adds 9 new domestic stores & 1 new international store, taking total to 3,322 Kotak Mahindra Bank Q1 (YoY) Total deposit soars 12.9% to Rs 4.92 lakh crore Vs Rs 4.35 lakh crore CASA increases 4.2% to Rs 1.92 lakh crore Vs Rs 1.84 lakh crore Net advances (EOP) surges 14% to Rs 4.45 lakh crore Vs Rs 3.9 lakh crore Lodha Developers Q1 (YoY) Pre-sales grows 10% to Rs 4,450 crore Collections increase 7% to Rs 2,880 crore Company adds five new projects across Mumbai, Pune and Bengaluru, with gross development value of Rs 22,700 crore Phoenix Mills Q1 Retailer sales across all operational malls grow 12% (YoY) Occupancy in operational assets at Mumbai and Pune stands at 69% Gross leasing of 4.07 lakh square feet completed during Q1 across assets in Mumbai, Pune, Bangalore, Chennai P N Gadgil Jewellers Q1 (YoY) Total revenue grows 2.8% to Rs 1,713.7 crore Vs Rs 1,667.5 crore Retail segment revenue growth at 19.4% Company achieved highest ever single-day festive sales on Akshaya Tritiya amounting to Rs 139.5 crore Auto Sales Update Tata Motors - JLR Q1 (YoY) JLR wholesales down 10.7% to 87,286 units JLR retail sales down 15.1% to 94,420 units Range Rover, Range Rover Sport and Defender model mix at 77.2% of total wholesale volumes Vs 67.8% Mahindra and Mahindra (June month YoY) Production grows 20.2% to 83,435 units Vs 69,441 units Sales jumps 14.3% to 76,335 units Vs 66,800 units Exports increase 1.4% to 2,634 units Vs 2,597 units Stocks to Watch Navin Fluorine International The company launched its Qualified Institutional Placement (QIP) on July 7 to raise up to Rs 750 crore. The floor price has been fixed at Rs 4,798.28 per share. Refex Industries The company has secured an order worth Rs 250 crore for comprehensive ash disposal along with operation and maintenance of fly ash systems from a prominent GENCO. The contract is for a tenure of three years. SPML Infra The company has received sanction for enhanced credit facilities amounting to Rs 205 crore to boost its project execution capabilities. JSW Infrastructure The company has received a Letter of Award from the Syama Prasad Mookerjee Port Authority for the reconstruction of Berth 8 and mechanization of Berths 7 and 8 at Netaji Subhas Dock, Kolkata. The project comes with a 30-year concession period, and the estimated capital expenditure (capex) is Rs 740 crore. Bulk Deals Marathon Nxtgen Realty Nomura Singapore sold 4.37 lakh shares at Rs 670.11 per share, amounting to a total value of Rs 29.3 crore. Additionally, Necta Bloom VCC – Necta BLOOM One offloaded 3.6 lakh shares at Rs 674.10 per share, totaling Rs 24.3 crore. Listing post Scheme of Arrangement Emkay Tools Stocks Trade Ex-Dividend Titan CompanyJSW SteelAdor WeldingAditya VisionBombay Oxygen InvestmentsIngersoll-Rand (India)JK CementPlastiblends IndiaSolar Industries India Stock Trades Ex-Bonus Meghna Infracon Infrastructure Stock in F&O ban RBL Bank"
03 Jul 2025,Gainers & Losers: Stocks that moved the most on July 3,https://www.moneycontrol.com/news/business/markets/gainers-losers-top-10-stocks-that-moved-the-most-on-july-3-13224040.html,"Gainers & Losers: After opening higher in the green, bulls failed to hold control as bears pounced during the day. Benchmark indices closed in the red, erasing all losses recorded in the morning.",Top gainers and losers,"Indian stock markets witnessed significant volatility on July 3. After opening higher in the green, bulls failed to hold control as bears pounced during the day. Benchmark indices closed in the red, erasing all losses recorded in the morning. At close, Sensex was down over 170 points (0.2 percent) at 83,239.47, while Nifty 50 fell more than 48 points (0.19 percent) to end the session at 25,405.30. Broader markets outperformed benchmarks, with midcap and smallcap indices closing the green with marginal gains. Media, auto and pharma stocks led gains, while PSU Banks, metals and realty stocks were the top losers. Here are the stocks which moved the most today. SpiceJet: SpiceJet The shares of SpiceJet jumped nearly 3 percent intraday on July 3 after the Indian airline announced that it has received the first two of its overhauled engines from international MRO provider StandardAero. The firm also said that it has successfully ungrounded another Boeing 737 NG. The shares later pared some gains to close at Rs 39.97 apiece. M&M Financial: M&M Financial Shares of M&M Financial Services rose by 4 percent intraday after the company shared a stable business update for the first quarter of the financial year 2025–26. The shares later pared some gains to close at Rs 266.50 apiece. In the April–June quarter, the company reported disbursements worth Rs 12,800 crore, which is a small increase of 1 percent compared to the same period last year. Its total business assets grew by 15 percent year-on-year to Rs 1.22 lakh crore. The company also said its loan recovery rate (collection efficiency) stood at 95 percent, slightly higher than 94 percent a year ago. DMart: DMart Value retailer Avenue Supermarts Ltd, also known as the DMart parent, saw its shares tumble four percent in the early session on Thursday, July 3, after posting its business update for the quarter ended March, which came in under expectations. DMart noted that the standalone revenue from operations for the quarter ended June 30, 2025 stood at Rs 15,932 crore, higher by 16.2 percent YoY from Rs 13,712 crore reported in the same quarter last year. The stock closed 1.41 percent lower at Rs 4,330 apiece. Bosch: Bosch The shares of export-oriented auto stocks recorded significant gains on July 3 as markets remained optimistic around the possibility of India-US trade deal being announced soon. India and US are on the verge of a breakthrough in their negotiations for a mini-trade deal, and an announcement could come as early as this weekend, people familiar with the matter told Moneycontrol. Bosch shares were the top gainer among the auto stocks, jumping over 6 percent. Natco Pharma: Natco Pharma Pharma stocks also accompanied auto stocks, bucking the downturn in the overall market to close in the green amid buzz around US-India trade deal. Natco Pharma shares were the top gainer on the pharma index, rallying over 5 percent to trade at Rs 970 apiece. Nykaa: Nykaa Shares of FSN E-Commerce Ventures, also known as the Nykaa parent, fell 4 percent after a large deal took place on the bourses. Around 6 crore shares or 2.3 percent equity in the firm was exchanged. According to sources, the Banga family, which includes shipping tycoon Harindarpal Banga, known as Harry Banga, and others, launched block deals to sell nearly 2 percent of its stake, or half of what it owns, in FSN E-Commerce. Punjab National Bank (PNB): PNB Shares of Punjab National Bank (PNB) declined by more than 3 percent after the state-owned lender's April–June quarter (Q1FY26) business update fell short of brokerage expectations. Citi assigned a ""sell"" rating on the bank, while Morgan Stanley maintained its ""underweight"" stance. Kotak Mahindra Bank: Kotak Mahindra Bank Shares of Kotak Mahindra Bank fell over 2 percent after global brokerage Macquarie downgraded the stock to 'neutral'.  Macquarie, in its latest note, downgraded Kotak Mahindra Bank to ‘neutral’ but raised the target price to Rs 2,300, according to CNBC-TV18."
03 Jul 2025,Kotak Mahindra Bank shares drop up to 2% on Macquarie downgrade,https://www.moneycontrol.com/news/business/markets/kotak-mahindra-bank-shares-drop-up-to-2-on-macquarie-downgrade-13222947.html,"Macquarie, in its latest note, downgraded Kotak Mahindra Bank to ‘neutral’ but raised the target price to Rs 2,300.",Kotak Mahindra Bank shares drop up to 2% on Macquarie downgrade,"Shares of Kotak Mahindra Bank fell over 2 percent in Thursday’s trade after global brokerage Macquarie downgraded the stock to ‘neutral’. The scrip slipped as much as 2.1 percent to Rs 2,125.1 apiece on the NSE. The stock has declined 2.36 percent over the last two sessions. Macquarie, in its latest note, downgraded Kotak Mahindra Bank to ‘neutral’ but raised the target price to Rs 2,300, according to CNBC-TV18. The brokerage said margin concerns for banks are temporary and projected a 15 percent CAGR in earnings per share (EPS) over the next three years. It said it prefers large private lenders and sees selective opportunities in NBFCs. Its top picks include HDFC Bank, Axis Bank, Aditya Birla Capital, Power Finance Corporation, Shriram Housing Finance and LIC. Sensex rises 400 pts, Nifty above 25,550: India-US trade deal optimism, other key factors behind market rise Kotak Mahindra Bank was among the top laggards on the Nifty Bank index, which also traded in the red, even as broader headline indices remained positive. Meanwhile, Macquarie upgraded PB Fintech to ‘neutral’ from ‘underperform’ with a revised target price of Rs 1,945 and downgraded IndusInd Bank to ‘underperform’ from ‘outperform’, cutting its target price to Rs 650."
01 Jul 2025,Indian billionaires shine in first half of 2025 despite market turbulence,https://www.moneycontrol.com/news/business/earnings/indian-billionaires-shine-in-first-half-of-2025-despite-market-turbulence-13209664.html,"Satyanarayan Nuwal, Co-founder and Chairman of Solar Industries India, recorded the highest surge in wealth during the first half of 2025, followed by Sunil Mittal, Chairman of Bharti Airtel, and Lakshmi Mittal, Chairman of ArcelorMittal—the world’s largest steelmaker.",markets,"The wealth of several Indian billionaires saw significant growth despite pronounced market volatility in the first half of 2025, with foreign and retail investors largely staying on the sidelines and mutual funds maintaining elevated cash levels amid geopolitical tensions and richly valued equity markets. Satyanarayan Nuwal, Co-founder and Chairman of Solar Industries India, recorded the highest surge in wealth during this period, with his net worth soaring by over 78 percent to $7.90 billion, according to Bloomberg Billionaire Index data. Solar Industries, headquartered in Nagpur, manufactures explosives, detonators, drones, and ammunition. The company's stock jumped 81 percent in 2025, following gains of 45 percent in 2024 and 54 percent in 2023. Solar Industries robust order book of around Rs 17,000 crore—including Rs 15,000 crore in defence orders—has significantly boosted investor confidence. Solar Industries has projected FY26 revenue at Rs 100 billion, representing a 33 percent increase over FY25, with Rs 30 billion expected from defence. The explosives segment is projected to grow between 15 to 20 percent, according to the company.  Sunil Mittal, Chairman of Bharti Airtel, and Lakshmi Mittal, Chairman of ArcelorMittal—the world's largest steelmaker—were the second and third biggest gainers. Sunil Mittal’s wealth rose by over 27 percent to $30.40 billion, supported by a 27 percent rally in Bharti Airtel’s stock in 2025 so far, after gains of 54 percent in 2024 and 28 percent in 2023. Analysts attribute this to strong subscriber additions following recent tariff hikes, which are expected to bolster future revenues. Lakshmi Mittal’s net worth climbed over 26 percent, with Luxembourg listed ArcelorMittal’s stock advancing more than 20 percent, despite concerns over rising tariffs in Europe that expected to impact margins. Other notable gainers included Rahul Bhatia, Co-founder of InterGlobe Aviation (IndiGo - India’s largest airline), whose wealth jumped nearly 25 percent to $10.8 billion. Mukesh Ambani, Chairman of Reliance Industries, saw a 22 percent increase in his wealth. Radhakishan Damani, who controls Avenue Supermarts, posted a 21 percent gain. Benu Bangur, Chairman emeritus of Shree Cement, and Uday Kotak, former managing director of Kotak Mahindra Bank, each recorded gains of over 20 percent. Other billionaires were Vikram Lal, founder of Eicher Motors (wealth rose 16 percent), Nusli Wadia, chairman of Britannia Industries (wealth gained 16 percent), Rakesh Gangwal, co-founder of InterGlobe Aviation (14.5 percent), Kumar Mangalam Birla, chairman of the Aditya Birla Group (11.4 percent), Murli Divi, founder of Divi’s Laboratories (10 percent), and Gautam Adani, founder of Adani Group (9 percent), Bloomberg data showed. On the other end, Ravi Jaipuria, chairman of RJ Corp, saw the steepest decline in wealth—down 24.6 percent—following a 28.5 percent drop in its flagship subsidiary Varun Beverages’ stock, a PepsiCo franchisee. Dilip Shanghvi, founder of Sun Pharmaceutical Industries, experienced a decline of over 10 percent in his wealth. Azim Premji (Wipro) and Shapoor Mistry (Tata Sons) saw their wealth fall by nearly 8 percent, while Shiv Nadar’s wealth declined over 6 percent. During this period, benchmark indices Sensex and Nifty gained 7.2 percent and 8.1 percent respectively. However, the BSE MidCap index rose only 0.5 percent, and the BSE SmallCap index declined by 1.2 percent. Foreign Institutional Investors (FIIs) sold Indian equities worth over $8.92 billion, while retail investors added just Rs 5,000 crore. Mutual funds remained net buyers, investing over Rs 2.38 lakh crore in equities, with cash holdings standing at Rs 1.65 lakh crore in May, down from Rs 1.73 lakh crore in April."
26 Jun 2025,"Bank Nifty hits record high of 57,263; HDFC Bank, Axis Bank shares jump up to 2%",https://www.moneycontrol.com/news/business/markets/bank-nifty-hits-fresh-record-high-of-57-070-hdfc-bank-axis-bank-shares-jump-over-1-13181574.html,"HDFC Bank share price:  Chandan Taparia from Motilal Oswal expects Bank Nifty cross 58,000 over next 2-3 weeks.",Bank Nifty at record high,"Bank stocks recorded significant gains on June 26, pushing the Nifty Bank index higher up in the green to hit a fresh all-time high of 57,263.45. The surge in the segment was led by heavy buying in private bank stocks. Heavyweight HDFC Bank shares jumped nearly 2 percent to hit a fresh all-time high of Rs 2,027 apiece, closing as one of the top gainers and biggest contributors to the uptrend in benchmark indices Sensex and Nifty. HDFC Bank shares have now extended gains for the third consecutive session. This comes as its subsidiary HDB Financial Services sees decent investor interest for its Rs 12,500 IPO. Notably, HDFC Bank had set tomorrow (June 27) as the record date to determine the eligibility of the shareholders set to receive its dividend payment. The rise in the share price comes ahead of the record date. AU Small Finance Bank shares rose over 1.7 percent to close at Rs 821 apiece, while Axis Bank shares gained 1.5 percent to end the session at Rs 1,231 apiece. ICICI Bank shares were trading nearly 1 percent higher, while IndusInd Bank, Punjab National Bank (PNB), Canara Bank, Bank of Baroda and Kotak Mahindra Bank shares were trading in the green with marginal gains. Dodging the uptrend in the segment, the shares of State Bank of India (SBI), Federal Bank, and IDFC First Bank were trading in the red with marginal losses. Will Bank Nifty cross 58,000 soon? Analysts however expect the bullish rally to continue, with Bank Nifty hitting further highs. ""Overall, I expect Bank Nifty to cross 58,000 over next 2-3 weeks. If it holds above 56,250, looks for an upside target of 57,050 today. I am expecting momentum in both Nifty and Bank Nifty post this expiry,"" said Chandan Taparia, Senior Vice President, Head - Derivatives & Technical Research, Motilal Oswal. What led to the rally? Ajay Bagga, Independent Analyst, meanwhile held India's macroeconomic indicators as key to the index's growth. ""Given the manifold actions by RBI, which has cut rates, injected ample liquidity into the money markets, has been pragmatic in undertaking macro prudential easing and has been providing regulatory relief, banks are poised to benefit in the next few quarters. India's robust macro, tailwinds from a good monsoon, income tax relief injecting some purchasing power in the pockets of the middle class and falling inflation all have created a good backdrop for credit growth,"" he said. Bhavik Joshi, Business Head at INVasset PMS, cited the liquidity-driven shift in the Indian financial ecosystem as a key factor behind the surge in Bank Nifty. ""The Reserve Bank of India has been at the forefront, executing a series of bold monetary actions to stimulate the economy. These include a total of 100 bps in repo rate cuts this year (25 bps each in February and April, followed by 50 bps in June), alongside a 100 bps CRR reduction. Most notably, the RBI recently conducted a $10 billion (₹87,000 crore) 3-year USD/INR swap, injecting long-term liquidity into the system,"" he said. ""Bank Nifty's leadership in 2025 is a reflection of this macro transformation. It’s not just a stock index hitting highs—it’s the financial heartbeat of a growing economy, powered by a central bank committed to supporting India’s next phase of expansion,"" he added. Sunny Agrawal of SBI Securities highlighted the surge in HDFC Bank and ICICI Bank's shares as a significant driver of the surge in the bank index. ""HDFC Bank and ICICI Bank account for approximately 50% of the Bank Nifty weight and today we have seen HDFC Bank hitting life high thereby pulling the entire index up. Moreover, ICICI Bank is also trading very close to its life highs. Overall, banks are well placed to enjoy better credit growth, on the back of recent drop in repo rate, albeit, NIMs may come under pressure during 1QFY26 and then gradually improving during FY26, with strong exit in 4QFY26,"" he said. Bank Nifty has been outperforming the Nifty 50 index since the beginning of 2025, posting gains of nearly 12 percent compared to the benchmark's 8 percent gain, said Ravi Singh, SVP - Retail Research, Religare Broking. Speaking about today's rise Singh said that the uptrend was helped by RBI's recent steps like cutting interest rates and reducing CRR, which made investors more confident about the profits of banks. ""On the technical charts, Bank Nifty is likely to move towards the 57,800–58,200 zone in the near term, provided it sustains firmly above the 56,800-breakout level. For the July expiry, the highest open interest build-up is observed at the 56,000 strike, indicating strong support. Overall, sentiment remains positive, with 56,500–56,200 acting as a key support zone and 57,200 as the immediate hurdle for further upside. Traders can look to deploy a “Buy on Dips” strategy in the banking index,"" Singh said. Nifty Financial Services also recorded significant rise today. The index jumped nearly 1 percent to hit a fresh record high of 27,144. ICICI Prudential Life Insurance Company, Jio Financial Services, Shriram Finance and Bajaj Finance surged over 2 percent each to emerge as the top gainers on the index. Also read: Our LIVE blog on stock market updates"
23 Jun 2025,"Trade Spotlight: How should you trade Indus Towers, Kotak Mahindra Bank, NRB Bearings, ICICI Lombard, KFin Technologies, M&M, and others on June 23?",https://www.moneycontrol.com/news/business/markets/trade-spotlight-how-should-you-trade-indus-towers-kotak-mahindra-bank-nrb-bearings-icici-lombard-kfin-technologies-m-m-and-others-on-june-23-13161465.html,"The sustainability of Friday's gains is the key factor to watch in the upcoming sessions, as the Iran-Israel conflict and global cues could lead to volatility and consolidation in near term. Below are some short-term trading ideas to consider.",Top Buy Ideas for Short Term,"The benchmark indices bounced back with a 1.29 percent rally on June 20, snapping a three-day losing streak. Market breadth turned positive, with 1,755 shares advancing compared to 828 shares that saw a correction on the NSE. The sustainability of these gains is the key factor to watch in the upcoming sessions, as the Iran-Israel conflict and global cues could lead to volatility and consolidation in the near term. Below are some short-term trading ideas to consider: Rajesh Palviya, Senior Vice President Research (Head Technical Derivatives) at Axis Securities Indus Towers | CMP: Rs 404.3  With Friday's strong close, Indus Towers has decisively surpassed its past three months’ down-sloping trendline resistance at Rs 398 on a closing basis, confirming bullish sentiment. This breakout is accompanied by huge volumes, signifying increased participation. The daily Bollinger Bands buy signal indicates increased momentum. The stock is well-placed above its 20, 50, and 100-day SMAs, which reconfirms a bullish trend. The daily, weekly, and monthly RSI indicators point to rising strength. Investors should consider buying, holding, and accumulating this stock. Strategy: Buy Target: Rs 425, Rs 444 Stop-Loss: Rs 398 Kotak Mahindra Bank | CMP: Rs 2,169.8  Kotak Mahindra Bank is in a strong uptrend, forming a series of higher tops and bottoms across all time frames. The stock is well-placed above its 20, 50, 100, and 200-day SMAs, and these averages are also inching up along with prices, reconfirming the bullish trend. The stock is strongly sustaining above its multi-year resistance zone of Rs 2,055, which reconfirms bullish sentiment. The daily, weekly, and monthly RSI indicators suggest rising strength. Investors should consider buying, holding, and accumulating this stock. Strategy: Buy Target: Rs 2,255, Rs 2,320 Stop-Loss: Rs 2,130 NRB Bearings | CMP: Rs 290.2  On the weekly chart, NRB Bearings has witnessed a breakout from a one-year down-sloping trendline on a closing basis. This breakout is accompanied by high volumes, signifying increased participation. The stock is well-placed above its 20, 50, 100, and 200-day SMAs, which are also trending upward with prices, reaffirming a bullish trend. The daily and weekly Bollinger Bands buy signal indicates increased momentum. The daily, weekly, and monthly RSI indicators show rising strength. Investors should consider buying, holding, and accumulating this stock. Strategy: Buy Target: Rs 315, Rs 345 Stop-Loss: Rs 280 Osho Krishan, Chief Manager - Technical & Derivative Research at Angel One ICICI Lombard General Insurance Company | CMP: Rs 1,971  ICICI Lombard General Insurance has shown impressive growth over the past couple of months, following a cycle of higher highs and higher lows. This surge has been supported by several key developments, beginning with a rounding base formation and a breakout above the 200-day SMA—suggesting building market interest and a potential trend reversal. Additionally, the 14-day RSI shows a positive crossover, adding a bullish note. These technical indicators suggest that ICICI Lombard General Insurance may be entering a period of sustained growth, making it an attractive option for investors. We recommend buying the stock on dips around Rs 1,950–1,940. Strategy: Buy Target: Rs 2,100 Stop-Loss: Rs 1,860 KFin Technologies | CMP: Rs 1,272.5  KFin Technologies has seen a decent move after a consolidation phase and is now trading above all key EMAs and the 200-day SMA. The recent buying traction has been backed by rising trading volumes, attributed to positive developments. The counter has also formed a higher low on the daily chart and is positioned above the 50% Fibonacci retracement level of the recent fall—adding to the bullish outlook. Technical indicators align with the positive momentum, suggesting further upside potential. We recommend buying KFin Technologies on dips around Rs 1,250–1,230. Strategy: Buy Target: Rs 1,380 Stop-Loss: Rs 1,160 Mahindra and Mahindra | CMP: Rs 3,184.4  Mahindra and Mahindra has experienced a gradual resurgence over recent trading sessions, culminating in a strong weekly close. The stock is firmly positioned above all its short-term EMAs on the daily timeframe after an extended period, indicating inherent strength. It has also witnessed a breakout from a sloping trendline during its consolidation phase, backed by a positive crossover on the 14-day RSI. These factors support a bullish outlook. We recommend buying M&M around Rs 3,150–3,120. Strategy: Buy Target: Rs 3,340, Rs 3,380 Stop-Loss: Rs 3,020 Anshul Jain, Head of Research at Lakshmishree Investments TVS Motor Company | CMP: Rs 2,812.1  TVS Motor is on the verge of a bullish breakout on the daily chart, forming a 169-day-long cup-and-handle pattern. While the cup formation was broad, the handle has been exceptionally tight, with ideal volume behaviour—lower on down days and higher on up days. The pattern is maturing, with short-term weekly EMAs having caught up. The last 8–9 weeks have shown tight weekly closes. A breakout above Rs 2,840 could propel the stock toward Rs 3,200. Strategy: Buy Target: Rs 3,050, Rs 3,200 Stop-Loss: Rs 2,700 Apollo Hospitals Enterprises | CMP: Rs 7,063.5  Apollo Hospitals is forming a flag-like pattern on the daily chart, resembling a rounding formation. Following a sharp, pole-like upmove, the flag has allowed short-term weekly moving averages to catch up, setting the stage for a potential breakout. A move above Rs 7,100 appears highly likely, but confirmation will require strong volumes. The current consolidation has occurred on below-average volumes, which is typical; however, the loose structure requires a high-volume breakout to validate a sustained uptrend. Strategy: Buy Target: 7,500 Stop-Loss: Rs 6,900"
19 Jun 2025,"Trade Spotlight: How should you trade Asahi India Glass, Avenue Supermarts, AU Small Finance Bank, Cyient, Vedant Fashions, and others on June 19?",https://www.moneycontrol.com/news/business/markets/trade-spotlight-how-should-you-trade-asahi-india-glass-avenue-supermarts-au-small-finance-bank-cyient-vedant-fashions-and-others-on-june-19-13142386.html,The market is likely to remain rangebound with focus on the Iran-Israel conflict. Below are some short-term trading ideas to consider.,Top Buy Ideas for June 19,"The benchmark indices remained in negative terrain for another session, with the Nifty 50 declining 0.17 percent amid rangebound trading on June 18. Bears continued to control market breadth, with about 1,689 shares declining compared to 894 advancing shares on the NSE. The market is likely to remain rangebound with focus on the Iran-Israel conflict. Below are some short-term trading ideas to consider: Jatin Gedia, Technical Research Analyst, Capital Market Strategy at Mirae Asset Sharekhan Asahi India Glass | CMP: Rs 771.3  Asahi India Glass has broken out of a Symmetrical Triangle pattern on the daily charts, suggesting a resumption of the next leg of the upmove. The daily momentum indicator has given a positive crossover, which is a buy signal. The breakout has been accompanied by above-average volume, indicating renewed interest in the stock. We expect the stock to continue its upward move and target levels of Rs 844. Strategy: Buy Target: Rs 844 Stop-Loss: Rs 755 Kotak Mahindra Bank | CMP: Rs 2,132.4  Kotak Mahindra Bank has taken support at a cluster of Rs 2,075–2,095, which coincides with the 61.82% Fibonacci retracement level (Rs 2,087) of the previous five-wave advance, as well as the 20- and 40-day moving averages. Both the daily and hourly momentum indicators have shown a positive crossover, indicating a buy signal. We expect a sharp upmove in the stock. Strategy: Buy Target: Rs 2,214, Rs 2,267 Stop-Loss: Rs 2,103 Sudeep Shah, Deputy Vice President and Head of Technical and Derivative Research at SBI Securities Avenue Supermarts | CMP: Rs 4,228.4  Avenue Supermarts (DMart) has been trading in a horizontal channel on the daily chart for the last 25 trading sessions. Currently, it is on the verge of a channel breakout. On Wednesday, trading volumes were above the 50-day average, a sign of accumulation before a potential breakout. The broader trend remains bullish, with the stock quoting above its short- and long-term moving averages. Notably, the daily RSI is about to break out of a rising channel on the daily scale. Hence, we recommend accumulating the stock in the Rs 4,240–4,200 range, with a stop-loss at Rs 4,090. On the upside, it is likely to test Rs 4,580 in the short term. Strategy: Buy Target: Rs 4,580 Stop-Loss: Rs 4,090 AU Small Finance Bank | CMP: Rs 794.5  On Wednesday, AU Small Finance Bank gave a 6-day Flag pattern breakout on the daily scale, confirmed by robust volume. Additionally, the stock formed a sizeable bullish candle on the breakout day, adding strength to the move. As the stock is trading at all-time high levels, all moving averages and momentum-based indicators suggest strong bullish momentum. The daily RSI is in a super bullish zone as per RSI range shift rules. Hence, we recommend accumulating the stock in the Rs 795–790 range, with a stop-loss at Rs 765. On the upside, it is likely to test Rs 850 in the short term. Strategy: Buy Target: Rs 850 Stop-Loss: Rs 765 Rupak De, Senior Technical Analyst at LKP Securities Cyient | CMP: Rs 1,356.5  Cyient has resumed its upward trajectory after a few days of sideways consolidation. This rise, following a prolonged period of rangebound movement, indicates growing optimism. A positive crossover between the 21 EMA and 50 EMA signals a strengthening uptrend, while a bullish crossover in the RSI suggests renewed positive momentum. This clean bullish setup may trigger fresh demand, potentially driving the stock toward Rs 1,465 in the short term. Support is placed at Rs 1,314. Strategy: Buy Target: Rs 1,465 Stop-Loss: Rs 1,314 Vedant Fashions | CMP: Rs 810.6  Vedant Fashions has broken out of a brief consolidation phase on the daily chart, suggesting renewed optimism. The recent upmove has been accompanied by a significant spike in volume, indicating strong participation. Furthermore, the price has crossed above the key 21 EMA, and the daily RSI has entered a bullish crossover. Given this setup, the stock has the potential to move toward Rs 880 in the near term. Support is placed at Rs 788; a drop below this level may result in a loss of bullish momentum. Strategy: Buy Target: Rs 880 Stop-Loss: Rs 788"
17 Jun 2025,"Trade Spotlight: How should you trade Biocon, Swiggy, Kotak Mahindra Bank, Apollo Hospitals, SJS Enterprises, TCS, Oberoi Realty, and others on June 17?",https://www.moneycontrol.com/news/business/markets/trade-spotlight-how-should-you-trade-biocon-swiggy-kotak-mahindra-bank-apollo-hospitals-sjs-enterprises-tcs-oberoi-realty-and-others-on-june-17-13129104.html,The market is likely to maintain a positive bias in the upcoming session. Below are some short-term trading ideas to consider.,Top Buy ideas,"Equity benchmarks shrugged off the Israel-Iran conflict and gained nearly 1 percent on June 16, snapping a two-day fall. The market breadth was slightly positive, with 1,366 shares advancing and 1,232 shares declining on the NSE. The market is likely to maintain a positive bias in the upcoming session. Below are some short-term trading ideas to consider: Jigar S Patel, Senior Manager - Equity Research at Anand Rathi Route Mobile | CMP: Rs 1,062.2  Recently, Route Mobile broke out after nearly a month of consolidation, accompanied by a significant surge in volume—indicating strong accumulation. This consolidation phase is notable as it occurred within the R3–S3 zone of the monthly Camarilla pivots, establishing an Inside Value relationship. This setup forms when the current month’s pivots are nested within the previous month’s range, often signaling a potential breakout with strong directional bias. Adding to the bullish case, the daily RSI (Relative Strength Index) has consistently held above the 60 level and is now positioned at 64, reflecting strengthening momentum. Traders may consider entering long positions in the Rs 1,065–Rs 1,050 zone. Strategy: Buy Target: Rs 1,180 Stop-Loss: Rs 995 Biocon | CMP: Rs 357.3  Biocon recently broke out of a consolidation zone between Rs 330–345 and is now trading well above it, signaling renewed strength. On the monthly floor pivot, an Inside Value relationship between May and June (R1–S1) suggests potential for an explosive move. The breakout was supported by a volume surge and a breach of the short-term falling trendline, reinforcing bullish sentiment. Additionally, the RSI held steady in the 40–50 range during consolidation and now hovers around 65. Traders may consider entering long positions in the Rs 358–Rs 353 zone. Strategy: Buy Target: Rs 390 Stop-Loss: Rs 337 Swiggy | CMP: Rs 360.95  Swiggy recently broke out of a falling channel and touched Rs 376, indicating bullish momentum. Over the past five sessions, it has seen mild correction but found support at the monthly R3 Camarilla pivot. Notably, the stock had consolidated between R3 and S3 pivots from March to May, a setup that often precedes strong directional moves. This technical structure suggests potential for further upside. Traders may consider entering long positions in the Rs 363–Rs 355 zone. Strategy: Buy Target: Rs 390 Stop-Loss: Rs 340 Jay Thakkar, Vice President & Head of Derivatives and Quant Research at ICICI Securities Kotak Mahindra Bank | CMP: Rs 2,139  Kotak Mahindra Bank recently provided a breakout from a multi-year consolidation and has now witnessed long build-up, suggesting that the short- to medium-term outlook for the stock is positive. Although the stock has a higher Call base at Rs 2,160, it has witnessed Call unwinding at almost all other strikes, increasing the probability of an upside. It is trading well above its maximum pain and modified maximum pain levels, which suggests a positive short-term outlook. Traders may consider buying Kotak Bank Futures in the Rs 2,150 to Rs 2,130 range. Strategy: Buy Targets: Rs 2,200, Rs 2,250 Stop-Loss: Rs 2,090 Apollo Hospitals Enterprise | CMP: Rs 7,114  Apollo Hospitals Enterprise seems to be breaking its range on the upside, supported by long additions in the futures, indicating a higher probability of upward movement. Although the stock has high Call bases from Rs 7,100 to Rs 7,300, with a maximum at Rs 7,200, Call unwinding at lower levels, coupled with Put additions and a range breakout on the upside, may trigger short covering in the Calls, leading to further upward momentum. The stock is trading well above its maximum pain and modified maximum pain levels. Traders may initiate long positions in the Rs 7,140 to Rs 7,110 range. Strategy: Buy Target: Rs 7,300, Rs 7,400 Stop-Loss: Rs 7,000 Tata Consultancy Services | CMP: Rs 3,496.3  The Nifty IT index has bounced back significantly over the past couple of months and has even outperformed the Nifty Bank, indicating overall strength in the near term. TCS witnessed short build-up in its previous fall, and there has not been much short covering in TCS yet. With the bounce-back in the index, the stock is likely to witness short covering until it manages to hold on to Rs 3,390. It is trading above its maximum pain and modified maximum pain levels, which increases the probability of further upside. Traders may buy TCS Futures in the Rs 3,510 to Rs 3,500 range. Strategy: Buy Target: Rs 3,650, Rs 3,700 Stop-Loss: Rs 3,390 Vidnyan S Sawant, Head of Research at GEPL Capital SJS Enterprises | CMP: Rs 1,252.8  SJS is demonstrating a robust price structure on the monthly chart, marked by a series of higher bottoms, indicating long-term strength. On the weekly scale, the stock witnessed buying interest near the 61.8% Fibonacci retracement level of its prior upmove from Rs 537 to Rs 1,347. Notably, the March 2025 retracement support aligned with the 100-week EMA, highlighting a bullish mean reversion setup. Following this support, the stock has resumed its upward trajectory, respecting the prevailing uptrend with consistent follow-through. It is currently trading well above the 12-week and 26-week EMAs, underscoring a strong bullish alignment and reinforcing that market control remains with the bulls. Strategy: Buy Target: Rs 1,457 Stop-Loss: Rs 1,180 Caplin Point Laboratories | CMP: Rs 2,095.7  Caplin Point is exhibiting a strong long-term uptrend on the monthly chart, marked by higher tops and bottoms. In May 2025, it confirmed a breakout above a two-month long wick candlestick pattern, signaling follow-through strength. The stock has remained above its 12-month EMA since May 2023, reinforcing the bullish trend. On the weekly chart, it is forming a base pattern, while the MACD is in buy mode with a rising histogram, indicating building bullish momentum and a constructive outlook. Strategy: Buy Target: Rs 2,443 Stop-Loss: Rs 1,960 Oberoi Realty | CMP: Rs 1,928.9  Oberoi Realty has broken out of a four-month consolidation and is sustaining above its 26-month EMA, signaling trend continuation. It has rebounded from the 50% Fibonacci level with bullish mean reversion from the 100-week EMA. Supported by the 20- and 50-day EMAs, the MACD in buy mode confirms strong momentum. Strategy: Buy Target: Rs 2,238 Stop-Loss: Rs 1,814 Fertilizers and Chemicals Travancore (FACT) | CMP: Rs 1,037.85  FACT has been exhibiting robust momentum across timeframes, consistently forming higher tops and higher bottoms. On the weekly chart, it has formed a double bottom pattern, followed by a sustained upward move. On the daily scale, the stock has recently retested a falling trendline drawn from June 2024, further reinforcing its bullish outlook. Strategy: Buy Target: Rs 1,245 Stop-Loss: Rs 964"
13 Jun 2025,"Bank Nifty crashes 1.2% as Israel strikes Iran; AU SFB, Kotak Mahindra Bank, others fall up to 2.1%",https://www.moneycontrol.com/news/business/markets/bank-nifty-crashes-1-2-as-israel-strikes-iran-au-sfb-kotak-mahindra-bank-others-fall-up-to-2-1-13116260.html,"The PSU Bank index also fell 1.2% to trade at 6,940. Shares of Indian Overseas Bank and UCO Bank led the losses by falling 2.59% and 2.36%, respectively","Bank Nifty crashes 1.2% as Israel strikes Iran; AU SFB, Kotak Mahindra Bank, others fall up to 2.1%","Financial stocks plunged on June 13 tracking declines in Asian markets, after Israel launched military strikes on Iran, escalating tensions in the oil-rich Middle East. At 9:45 am on June 13, Bank Nifty was trading nearly 700 pts lower at 55,409. Kotak Mahindra Bank led the losses among the Bank Nifty constituents by falling 2.1% to trade at Rs 2,081 apiece. Meanwhile, shares of HDFC Bank and AU Small Finance Bank were trading 1.25% and 2.11% lower, respectively. The PSU Bank index also fell 1.2% to trade at 6,940. Shares of Indian Overseas Bank and UCO Bank led the losses by falling 2.59% and 2.36%, respectively. Punjab & Sind Bank and Union Bank of India shares also fell 2%. Israel carried out what it called as ""preemptive strikes"" against Iran. Israeli Prime Minister Benjamin Netanyahu said the airstrikes were aimed at key parts of Iran’s nuclear and military program. ""We struck at the heart of Iran's nuclear enrichment program, Iran's nuclear weaponization program, Iran's main enrichment facilities, leading nuclear scientists, and ballistic missile programs,"" Netanyahu said. PM Netanyahu said in a video message: ""Moments ago, Israel launched Operation Rising Lion, a targeted military operation to roll back the Iranian threat to Israel's very survival."" Multiple explosions were heard across Tehran, CNN reported citing Iran’s state news agency IRNA. Iran has meanwhile vowed to fight back, raising concerns of further escalations and spooking investors. Also read: Our LIVE blog on Israel-Iran war Until June 11, financial stocks were on the upmove post-Reserve Bank of India announcing reduction in cash reserve ratio by 100 bps and reduced the key repo rate by 50 bps, thus infusing liquidity into the system. ""The charts of Bank Nifty indicate that it may get support at 55,500 followed by 55,100 and 54,800. If the index advances further, 56,000 would be the initial key resistance, followed by 56,200 and 56,400,"" said Hardik Matalia, derivative analyst, Choice Broking."
13 Jun 2025,"Black Friday: Sensex tumbles 600 pts, Nifty below 24,750; Middle East tensions among key factors behind market decline",https://www.moneycontrol.com/news/business/markets/black-friday-sensex-crashes-850-pts-nifty-falls-1-middle-east-tensions-among-key-factors-behind-market-decline-13115986.html,"Sensex, Nifty crashed on weak global cues and a spike in crude oil prices following Israel’s strikes on Iran. Continuous FII selling also added to pressure.","Sensex, Nifty tumble on Friday amid profit-booking due to tensions in the Middle East. ","The benchmark equity indices fell sharply on Friday, with the Sensex and Nifty declining nearly 1 percent, tracking weak global cues and a spike in crude oil prices following Israel’s strikes on Iran. Falling for the second day in a row, the Sensex dived 573.38 points or 0.7 percent to settle at 81,118.60. During the morning trade, it tanked 1,337.39 points or 1.63 percent to 80,354.59. The Nifty dropped 169.60 points or 0.68 percent to 24,718.60. Kotak Mahindra Bank, Power Grid, Adani Ports, Tata Motors, UltraTech Cement and Asian Paints were among the major laggards in early deals. Key factors behind market fall: 1) Middle East tensions: Israeli strikes on Iran early Friday targeted nuclear-linked facilities, escalating fears of a broader conflict in the region. The attacks, among the most significant Iran has faced in decades, hit multiple sites including a main nuclear enrichment facility. Iran’s Supreme Leader Ayatollah Ali Khamenei warned of “severe punishment” against Israel, raising the threat of further retaliation. ""The Nifty fell over a per cent yesterday, as geopolitical tensions in the Middle East showed signs of erupting. As of this morning, Israel has launched pre-emptive strikes on Iran and that's led to a broad-based risk-off across markets,"" Akshay Chinchalkar, Head of Research, Axis Securities, said. 2) Weak global cues: Asian markets, including South Korea’s Kospi, Japan’s Nikkei 225, Shanghai’s SSE Composite and Hong Kong’s Hang Seng, traded lower. Wall Street futures were also down over 1 percent around 10:15 AM IST, reflecting rising investor nervousness. Stock Market LIVE Updates 3) Surge in crude oil prices: Brent crude jumped 9.33 percent to USD 75.83 a barrel after reports of Israel’s strikes. The development sparked fears of supply disruptions from the oil-rich Middle East. With India importing more than 85 percent of its oil requirements, the sharp rise in crude prices poses risks to the trade deficit and could pressure the rupee further. ""The economic consequences of this Israeli strike can be profound if the attack and counter attack by Iran lingers long. Brent crude prices have flared up by around 12% to $78. The impact on market will depend on how long the conflict lingers. In the near-term the market will be in a risk-off mode,"" VK Vijayakumar, Chief Investment Strategist, Geojit Investments Limited, said. 4) FII selling: Foreign Institutional Investors offloaded shares worth Rs 3,831.42 crore on Thursday, adding to the market’s downward pressure. 5) Rupee weakness: The rupee fell 56 paise to 86.08 against the US dollar in early trade on Friday, weighed down by stronger dollar demand, rising crude prices, weak domestic equities and persistent foreign fund outflows."
09 Jun 2025,"Bank Nifty rallies to record high of 57,000 as RBI's CRR, repo rate cuts boost optimism",https://www.moneycontrol.com/news/business/markets/bank-nifty-hits-record-high-tops-57-000-as-rbi-s-policy-move-gives-bulls-momentum-13104709.html,"The Bank Nifty index extended its gains from the previous session to hit another fresh record high in trade on June 9, 2025, with Kotak Bank leading the winners.","Over the past one year, the Nifty Bank index has rallied over 14 percent.","The banking gauge Bank Nifty extended its rally to hit a fresh lifetime high in trade on Monday, June 9, claiming the 57,000 level for the first-time ever as the Reserve Bank of India's surprise repo rate cut of 50 basis points and CRR cut buoyed the bullish sentiment. The dual indices for PSU lenders and private sector banks also recorded sharp gains in trade. The Reserve Bank of India's Monetary Policy Committee slashed the key lending rate by 50 basis points on Friday, June 6, ahead of market expectations. During the April meeting, the RBI MPC cut the lending rate by 25 basis points to the 6 percent mark, down from 6.25 percent earlier, marking the second consecutive rate cut. With the 50 basis points cut, the repo rate stands at 5.5 percent. Further, banking stocks got a fillip from the RBI trimming the CRR, also known as the cash reserve ratio, by 100 basis points. The CRR cut will happen in four tranches of 25 basis points each starting from September 6, October 4, November 1 and November 29 this year. At 9.30 am, the Bank Nifty index was trading at 56,828.75, higher by 0.44 percent or 250 points. The index retreated slightly from the 57,000 level. On the banking index, Kotak Mahindra Bank, Canara Bank, and IDFC First Bank were among the top gainers, rallying between 1.5 - 2.5 percent.  The Nifty Private Bank index rallied 80 basis points to 28,067.95, with RBL Bank, Kotak Mahindra Bank and Bandhan Bank emerging as the top winners. The Nifty PSU Bank index led the sectoral gainers, jumping up to 1.2 percent in the early session. UCO Bank, Bank of Maharashtra and Indian Overseas Bank were amid the counters reporting the maximum gains in trade, soaring between 3 - 4 percent. Follow our live blog to catch all the updates During the ongoing monetary policy easing cycle, experts had already pencilled in an easing of 100-125 basis points in the repo rate. The only surprise on the rate cut front was the Reserve Bank of India frontloading the cuts, ahead of expectations. Therefore, the real surprise came as the cut in the CRR, with the central bank enhancing the liquidity available. ""The CRR cut is expected to provide some support to margins. We expect the recent actions of RBI – injection of durable liquidity since January 2025, relaxation of LCR norms, reduction of risk-weights on MFI loans and loans to NBFCs, overall repo rate cut of 100 bps since February 2025, and cumulative CRR cut of 150bp (since December 2024) – to provide some impetus to system loan growth,"" said Nomura, the Japan-based brokerage. The brokerage added that it expects the CRR cut to benefit to be higher for mid-sized banks, such as IndusInd Bank, AU Small Finance Bank and Federal Bank and deposit-growth constrained large banks such as Axis Bank and HDFC Bank."
31 May 2025,Kotak Mahindra Bank's deputy MD Shanti Ekambaram to step down on October 31,https://www.moneycontrol.com/banking/kotak-mahindra-bank-s-deputy-md-shanti-ekambaram-to-step-down-on-october-31-article-13081872.html,"With the exit of Ekambaram from the bank, it is a total change of guards from the leadership perspective",Ekambaram has been a part of the bank since 1991 and has played a key role in shaping the growth of the lender in the last three decades,"Kotak Mahindra Bank’s deputy managing director Shanti Ekambaram is set to retire on October 31 after the completion of her term, marking a major transition in the leadership of the group. The lender further announced that Paritosh Kashyap, current group president and business head – wholesale banking group, will be appointed as whole-time director (executive director) and key managerial personnel. Ekambaram has been a part of the bank since 1991 and has played a key role in shaping the growth of the lender in the last three decades, a statement said on May 31. With the exit of Ekambaram from the bank, it is a total change of guards from a leadership perspective. Back in 2023, when it became eminent that Uday Kotak could not continue as the bank’s MD & CEO, Ekambaram and KVS Manian (now, Federal Bank’s MD & CEO) were seen as the preferred internal choices as Kotak’s successor. ""Shanti has been a cornerstone of Kotak’s journey. Her leadership has been marked by entrepreneurial thinking, deep customer insight, bold actions and an unwavering commitment to excellence,"" said Ashok Vaswani, MD & CEO, Kotak Mahindra Bank. Ekambaram has led some of the most strategic businesses of group, including investment banking, capital markets, corporate banking, treasury, 811 and consumer banking, the statement added. “It has been an extraordinary privilege to serve the Kotak Group for over three decades, across diverse roles and phases of its evolution. I take great pride in having contributed to its growth and in working alongside visionary leaders who upheld integrity, innovation, and long-term value,” Ekambaram said. Kashyap too has been with the bank for over three decades and has been handling the wholesale banking business since 2022. He has led several key businesses including structured finance, real estate, and debt capital markets during his career with the group. He has previously been the MD and CEO of KMIL from 2016 to 2019 and is a member of the Group Management Council, according to the statement"
15 May 2025,"Bank Nifty over a percent higher, snaps two-day losing streak on rate cut hopes and tariff updates",https://www.moneycontrol.com/news/business/markets/bank-nifty-over-a-percent-higher-snaps-two-day-losing-streak-on-rate-cut-hopes-and-tariff-updates-13027353.html,"Banking shares rallied in-line with the sentiment in the broader market, after latest inflation data raised optimism for potential RBI rate cuts, and easing US-China trade tensions offered respite from global recession fears.",Bank stocks,"The Nifty Bank index jumped nearly 700 points to hover around 55,460 in afternoon trade on May 15, snapping a two-day losing streak, in-line with an overall uptrend in the market. Benchmark Sensex has rallied over 1,300 points at over 82,600, and Nifty is above 25,000 in continued investor interest. ICICI Bank was the top gainer on the index, jumping over 2 percent, followed by Axis Bank which is higher by 1.7 percent. Shares of HDFC Bank were up around 1.5 percent. Kotak Mahindra Bank, State Bank of India (SBI), Bank of Baroda, Federal Bank and Punjab National Bank (PNB) shares too were higher in the trading session. Few stocks bucked the trend, with IndusInd Bank, AU Small Finance Bank, Canara Bank and IDFC First Bank shares trading with marginal losses. Axis Securities remained bullish on the bank index and said easing global slowdown fears could imply greater credit offtake. ""Domestic inflation data raised optimism for potential rate cuts by the Reserve Bank of India, while positive US inflation figures and easing US-China trade tensions eased global recession concerns."" The increased possibility of a rate cut by the central bank may also be seen as a positive for the banking stocks. India's annual retail inflation fell to 3.16 percent in April, down from 3.34 percent in March, data released on May 13 showed. This is the third month in a row that inflation remained below the Reserve Bank of India's target of 4 percent. Additionally, stocks moved after reports said that US President Trump has claimed India offered a 'no tariffs' trade deal to America. Speaking at a meeting with business leaders in Doha, Trump said, ""It is very hard to sell in India, and they are offering us a deal where basically they are willing to literally charge us no tariffs."""
14 May 2025,"Sensex gives up 81,000, Nifty below 24,600: Three key reasons behind market reversal",https://www.moneycontrol.com/news/business/markets/sensex-gives-up-81-000-nifty-below-24-600-three-key-reasons-behind-market-reversal-13024924.html,"Sensex, Nifty were off their highs after a strong start, as traders booked profits near highs leading to a pullback from the day’s peak levels.","Sensex, Nifty traded in a narrow range after falling from highs intraday. ","The benchmark indices gave up early gains to trade lower on Wednesday as profit-taking in financials and FMCG shares dragged the market down. Rising crude prices and weak global cues further weighed on investor sentiment. After hitting an intraday high of over 500 points earlier in the session, the BSE Sensex tumbled 781.84 points from its high to trade at 80,910.03. The broader Nifty also slipped below the crucial 24,600-mark, to 24,535.55. Most sectoral indices pared gains, with the Nifty Bank index turning red. Shares of Cipla, Asian Paints, Power Grid Corporation, Tata Motors and Kotak Mahindra Bank were among the top losers, declining up to 2 percent. Three key reasons behind market reversal 1) Profit-booking at higher levels: After a strong start, domestic equities witnessed selling pressure as traders booked profits near highs. This led to a sharp pullback from the day’s peak levels. 2) Surge in crude oil prices: Crude oil futures rose sharply on Tuesday amid easing U.S.-China trade tensions and better-than-expected inflation data in the U.S. Brent crude jumped $1.67 or 2.57 percent to $66.63 a barrel, while WTI crude advanced $1.72 or 2.78 percent to $63.67. Higher oil prices are seen as negative for India, which relies heavily on imports to meet its energy needs. 3) Weakness in financial and FMCG stocks: Key sectors such as banking and fast-moving consumer goods, which had supported the recent rally, came under pressure. The selling in heavyweights dragged indices lower and capped broader market momentum. What do technical analysts say? According to analysts at Way2Wealth Brokers (part of Shriram Group), support for the Nifty is seen in the 24,600–24,400 zone, while resistance lies between 24,800 and 24,900. “Traders can adopt a buy-on-dips approach and consider entering near the support zone for targets around 24,800–24,900,” the brokerage said. Axis Securities, in its Daily Technical Outlook, said the trend-deciding level for Nifty is 24,700. “If the index trades above this, it could rally to 24,852–25,126–25,279. However, a fall below 24,700 may trigger further profit-booking and drag the index towards 24,426–24,274–24,000,” the note said."
14 May 2025,"Bank Nifty plunges 550 pts from day's high; AU SFB, Kotak Mahindra Bank among top losers: What lies ahead?",https://www.moneycontrol.com/news/business/markets/bank-nifty-plunges-550-pts-from-day-s-high-au-sfb-kotak-mahindra-bank-among-top-losers-what-lies-ahead-13024897.html,"Among top losers of the index are AU Small Finance Bank, which fell 1.44% while Kotak Mahindra Bank fell 1%.","Bank Nifty plunges 574 pts from day's high; AU SFB, Kotak Mahindra Bank among top losers: What lies ahead?","Bank Nifty index fell 574 points from day's high on May 14 and was trading in mild red. This extends the index's losses to second day, after a massive 3.3% rally on May 12. Bank Nifty fell 0.8% on May 13. At 2:15 pm on May 14, Bank Nifty was trading 298 points lower at 54,642.50. Its day's high was 55,208, but profit booking reigned and the index fell 574 points from that level. The 52-week high of the index is 56,098 and 52-week low is 46,077. Among top losers of the index are AU Small Finance Bank, which fell 1.44% while Kotak Mahindra Bank fell 1%. Heavyweights HDFC Bank and ICICI Bank shares meanwhile fell 0.8%, contributing to the downturn in the index. State Bank of India (SBI), Bank of Baroda and Punjab National Bank (PNB) shares were meanwhile trading with marginal losses, less than 0.5%. Few stocks however bucked the trend to trade in the green. Canara Bank, IDFC First Bank, Axis Bank and IndusInd Bank shares were trading with marginal gains. A technical report said Bank Nifty could correct up to 54,100 if it trades below the 55,110 level.""The daily chart shows a bearish candle with an upper shadow, reflecting resistance at higher levels. The trend-deciding level for the day is 55110. If Bank Nifty trades above this level, it may rally up to 55,331-55,721-55,942 levels. However, if it trades below 55,110 levels, we may witness profit booking in the market, and the index may correct up to 54,720-54,499-54,109 levels,"" said Axis Securities in its Daily Technical Outlook. ""For the Bank-Nifty, we may see some buying interest between 54700 and 54500. A close above 54500 would be negative,"" said Shrikant Chouhan, Head of Equity Research at Kotak Securities. Also read: IndusInd Bank’s ex-MD and ex-Dy CEO may face board penalty for insider trading, say sources"
07 May 2025,"Trade Spotlight: How should you trade Maruti Suzuki, APL Apollo Tubes, Devyani International, Aditya Birla Capital, Motherson, and others on May 8?",https://www.moneycontrol.com/news/business/markets/trade-spotlight-how-should-you-trade-maruti-suzuki-apl-apollo-tubes-devyani-international-aditya-birla-capital-motherson-and-others-on-may-8-13016475.html,The market is expected to remain rangebound in the upcoming sessions. Below are some short-term trading ideas to consider.,Stocks to Bet for short term,"The benchmark indices recovered smartly from the day's low and remained rangebound, closing moderately higher after the commencement of Operation Sindoor by the Indian armed forces in Pakistan and PoK. The market breadth was positive, with 1,570 shares advancing compared to 974 declining shares on the NSE. The market is expected to remain rangebound in the upcoming sessions. Below are some short-term trading ideas to consider: Rupak De, Senior Technical Analyst at LKP Securities Tech Mahindra | CMP: Rs 1,495.2  Tech Mahindra has been in a short-term uptrend, recovering sharply from its recent low around Rs 1,220. Currently, the price is consolidating just above its 50-day EMA (Rs 1,467), confirming a positive short-term trend. The RSI (14) is above 60, remaining in bullish territory with a bullish crossover. In the short term, we expect the stock to continue moving higher, with the potential to reach Rs 1,575. A breakout above Rs 1,560 could open the door for further upside, while support lies at Rs 1,440. A decisive fall below this level might trigger weakness in the stock. Strategy: Buy Target: Rs 1,560, Rs 1,600 Stop-Loss: Rs 1,439 Kotak Mahindra Bank | CMP: Rs 2,094.9  Kotak Mahindra Bank slipped sharply but found support at the crucial 50-day exponential moving average. Despite the recent decline, the stock remains in a long-term breakout and is forming an ascending pattern on the medium-term chart. Additionally, a bullish engulfing pattern is visible on the daily chart, indicating a potential bullish reversal. In the short term, the stock may move towards Rs 2,200, while support is placed at Rs 2,050. A fall below this level could signal a potential bearish scenario. Strategy: Buy Target: Rs 2,200 Stop-Loss: Rs 2,050 Asian Paints | CMP: Rs 2,334.1 Asian Paints formed a rounding top around the Rs 2,450–2,500 zone before the recent decline. It has slipped below its recent consolidation range on the daily chart, indicating increased bearish sentiment among traders. Renewed participation from sellers could trigger further downside, especially as the weakening RSI (Relative Strength Index) suggests continued deterioration in price. On the lower end, the correction may extend towards Rs 2,200, while on the higher end, resistance is likely around Rs 2,371. Strategy: Sell Target: Rs 2,200 Stop-Loss: Rs 2,371 Jatin Gedia, Technical Research Analyst at Mirae Asset Sharekhan Devyani International | CMP: Rs 183 Devyani International has broken out of a sideways consolidation on the upside. A rise in volume in the direction of the trend suggests renewed buying interest. We expect the stock to continue with the momentum and target levels of Rs 194, which coincides with the daily upper Bollinger Band. Strategy: Buy Target: Rs 194 Stop-Loss: Rs 178 APL Apollo Tubes | CMP: Rs 1,663 APL Apollo Tubes has broken out of a Bullish Flag pattern on the daily charts. The breakout has been accompanied by above-average volume, which is a bullish sign and suggests that the positive momentum is likely to continue. Strategy: Buy Target: Rs 1,697, Rs 1,725 Stop-Loss: Rs 1,620 Sudeep Shah, Deputy Vice President and Head of Technical and Derivative Research at SBI Securities Aditya Birla Capital | CMP: Rs 200.75 On Wednesday, Aditya Birla Capital took support near the 200-day EMA level, which coincides with the 50% Fibonacci retracement level of its prior upward rally (Rs 169.43–Rs 208.80). Thereafter, it witnessed a strong rebound along with robust volume. Most notably, the stock formed a Bullish Engulfing candlestick pattern on a daily scale, which is a bullish sign. The daily RSI (Relative Strength Index) is about to cross the 60 mark and is in rising mode. Hence, we recommend accumulating the stock in the zone of Rs 201–199. Strategy: Buy Target: Rs 218 Stop-Loss: Rs 193 Samvardhana Motherson International | CMP: Rs 142.46  On Wednesday, Samvardhana Motherson International surged above the 100-day EMA level for the first time since November 2024. Notably, the stock witnessed volume above the 50-day average, indicating strong buying interest. The daily RSI is in bullish territory and rising. Further, the daily MACD (Moving Average Convergence Divergence) remains bullish, quoting above the zero line and the signal line. Hence, we recommend accumulating the stock in the zone of Rs 143–141. Strategy: Buy Target: Rs 155 Stop-Loss: Rs 136 Maruti Suzuki India | CMP: Rs 12,633  Nifty Auto has strongly outperformed the frontline indices in the last couple of trading sessions. The ratio chart of the index compared to the Nifty index has given a horizontal trendline breakout. The stock of Maruti Suzuki India recently gave a downward-sloping trendline breakout on a daily scale, marking a swing high at Rs 12,727. It has since entered a consolidation period. Currently, the stock is trading above its short and long-term moving averages. The daily RSI is in bullish territory and rising. Hence, we recommend accumulating the stock in the zone of Rs 12,650–12,600. Strategy: Buy Target: Rs 13,400 Stop-Loss: Rs 12,200"
06 May 2025,Buy Kotak Mahindra Bank; target of Rs 2500: Sharekhan,https://www.moneycontrol.com/news/business/stocks/buy-kotak-mahindra-bank-target-of-rs-2500-sharekhan-2-13014068.html,"Sharekhan is bullish on Kotak Mahindra Bank has recommended buy rating on the stock with a target price of Rs 2500 in its research report dated May 03, 2025.",Buy,"Sharekhan's research report on Kotak Mahindra Bank Core PPoP was weak (up just ~2% y-o-y) besides higher provisions on investment book led to weak net earnings in Q4FY25 (below estimates). Core credit cost stood marginally lower at 64 bps annualised versusversus 68 bps q-o-q. Weak NII, higher opex growth was partially offset by higher fee and other income. Higher other income has aided profitability on a q-o-q basis. Asset quality improved, led by contained slippages and higher write-offs. Loan / deposit growth was modest at 13.5% y-o-y/11.2% y-o-y respectively. The bank is confident of a growth rebound in FY26E. Outlook We acknowledge that core operating profitability would be slight lower in FY26E led by lower NIMs, but we believe that balance sheet growth /profitability is expected to be better than peers. Thus, we maintain a Buy rating with an unchanged SOTP-based PT of Rs. 2,500. The stock trades at 2.2x/2.0x its FY2026E/FY2027E core BV estimates. For all recommendations report, click here Kotak Mahindra Bank - 06052025 - khan"
05 May 2025,"Sensex, Nifty trade higher as Adani Enterprises leads gains; broader markets outperform",https://www.moneycontrol.com/news/business/markets/benchmark-indices-trade-higher-as-adani-enterprises-leads-gains-broader-markets-outperform-13013239.html,Nifty 50 and Sensex have extended their gains as investor confidence grows amid easing inflation concerns and optimism around India-US trade talks.,Benchmark indices trade flat with broader markets outperforming; Adani Enterprises lead the gains,"Indian equity markets traded marginally higher on Monday, May 5, supported by positive global cues, falling crude oil prices, and continued buying interest from foreign investors. The benchmark indices, Nifty 50 and Sensex, have extended their gains, as investor confidence grows amid easing inflation concerns and optimism around India-US trade talks. Broader markets showed strength, with the BSE Midcap and Smallcap indices rising between 1% and 1.5%. Market breadth remains positive, with more than 2,300 shares advancing against about 1,200 declining. The India VIX, a gauge of market volatility, is largely unchanged, indicating steady investor sentiment. Crude oil prices have slipped sharply following OPEC+’s decision to increase output, raising concerns about a global supply glut amid subdued demand due to ongoing trade tensions. Brent crude futures fell over 4%, easing inflationary pressures and providing relief to energy-importing economies like India. Among sectors, all are trading in positive territory except the banking index, with Kotak Mahindra Bank dragging it lower. Kotak Mahindra released its earnings result on Saturday and failed to meet analyst estimates. The stock fell 5% during the day. Information technology stocks are gaining ahead of the US Federal Reserve’s two-day policy meeting starting tomorrow, as investors anticipate a pause in interest rate hikes and continued foreign fund inflows. As of the last trading session that concluded on Friday, Foreign institutional investors (FIIs) had extended their buying streak to 11 sessions infusing Rs 2,769 crore into Indian equities, while domestic institutional investors (DIIs) pumped in Rs 3,290 crore on the same day. Data for today’s FII activity is awaited as the market continues to trade. Adani Group stocks are in focus after reports that representatives of billionaire Gautam Adani met US officials seeking dismissal of criminal charges. Shares of Adani Enterprises have jumped 5%, while Adani Ports, Adani Green Energy, Adani Energy Solutions, and Adani Power are up between 4% and 6%. Meanwhile, AU Small Finance Bank is under pressure following a block deal involving over 1 crore shares, with major private equity players reportedly offloading around 92 lakh shares. The stock has declined over 3% in early trade. Market participants will be closely watching trades along with upcoming corporate earnings and global developments such as the US Fed’s policy decision, which could influence market direction in the near term. "
05 May 2025,Buy Kotak Mahindra Bank; target of Rs 2500: Motilal Oswal,https://www.moneycontrol.com/news/business/stocks/buy-kotak-mahindra-bank-target-of-rs-2500-motilal-oswal-13013187.html,"Motilal Oswal is bullish on Kotak Mahindra Bank recommended buy rating on the stock with a target price of Rs 2500 in its research report dated May 04, 2025.",buy,"Motilal Oswal's research report on Kotak Mahindra Bank Kotak Mahindra Bank (KMB) reported a standalone 4QFY25 PAT of ~INR35.5b (6% miss on MOFSLe), because of higher provisions (to shore up PCR, partly due to AIF provisions of INR560m). Consol. PAT stood at INR49b (5% QoQ growth and 8% YoY decline) in 4QFY25. NII grew 5.4% YoY to INR72.8b (largely in line). NIM expanded 4bp QoQ to 4.97% (MOFSLe: 4.92%). Advances growth was modest at 13.5% YoY/3.2% QoQ to ~INR4.27t, while deposits rose 11.2% YoY/5.4% QoQ. CASA mix improved 70bp QoQ to 43%. Fresh slippages declined 10.2% QoQ to INR14.9b (INR16.6b in 3QFY25 and INR18.7b in 2QFY25). GNPA ratio thus declined by 8bp QoQ to 1.42%, while NNPA declined 10bp QoQ to 0.31%. PCR increased 492bp QoQ to 78.1%. Outlook We estimate KMB to deliver an FY27E RoA/RoE of 2.1%/13.3%. Reiterate BUY with a TP of INR2,500 (premised on 2.5xFY27E, SoTP of INR770). For all recommendations report, click here Kotak Mahindra Bank - 05052025 - moti"
05 May 2025,Reduce Kotak Mahindra Bank; target of Rs 1950: Emkay Global Financial,https://www.moneycontrol.com/news/business/stocks/reduce-kotak-mahindra-bank-target-of-rs-1950-emkay-global-financial-13013042.html,"Emkay Global Financial recommended reduce rating on Kotak Mahindra Bank with a target price of Rs 1950 in its research report dated May 04, 2025.",Reduce,"Emkay Global Financial's research report on Kotak Mahindra Bank Kotak Mahindra Bank (KMB) reported in-line healthy PAT at Rs35.5bn/2.2% RoA, aided by higher other income and partly offset by higher provisions – such provisions were for further shoring-up PCR closer to that of large peers at 78% and AIF provisions (Rs1bn). Margins and asset quality too held up well during 4Q, but credit growth slipped to 13.5% YoY; this was despite inclusion of the StanC PL portfolio (Rs41bn), and hence hurt growth premia vs large peers like Axis/HDFCB. This was mainly due to higher run-down in MFI, Cards, and the corporate portfolio. With management change and regulatory overhang (card embargo lifted) being largely behind, we raise the standalone bank FY27E target multiple to 1.9x vs 1.7x Dec-26E ABV. Outlook This coupled with revised subs valuation at Rs625/sh from Rs550 led to revision in our TP by +11% to Rs 1950. However, we retain REDUCE on the stock, given its higher valuations (2.2x) for relatively sub-optimal return ratios (RoE@12%) vs large peers. For all recommendations report, click here Kotak Mahindra Bank - 05052025 - emkay"
05 May 2025,Buy Kotak Mahindra Bank; target of Rs 2400: Prabhudas Lilladher,https://www.moneycontrol.com/news/business/stocks/buy-kotak-mahindra-bank-target-of-rs-2400-prabhudas-lilladher-13012914.html,"Prabhudas Lilladher is bullish on Kotak Mahindra Bank has recommended buy rating on the stock with a target price of Rs 2400 in its research report dated May 05, 2025.",Buy,"Prabhudas Lilladher's research report on Kotak Mahindra Bank KMB saw a mixed quarter as core PPoP missed PLe by 4% though asset quality improved. Despite lifting of embargo and acquiring StanC’s PL portfolio of Rs 33bn, loan growth was weak at 13.5% YoY (PLe 15.0%). NII was 3% lower owing to QoQ increase in balance sheet liquidity by Rs377bn leading to softer NIM at 4.5% for FY25 (PLe 4.67%). While we are factoring NIM decline of 10bps YoY in FY26E to 4.4%, levers for upgrade are (1) utilization of excess liquidity (2) faster growth in PL/CC and (3) reduction in fixed SA rate from 3.8%. Asset quality was better since net slippages were lower and higher provisions were partly driven by QoQ increase in PCR by 492bps to 78%. PL credit cost declined whereas credit cost for CC is stable. Outlook Hence, we expect provisions to reduce from 73bps in FY25 to 63bps in FY26. We keep multiple at 2.4x but increase TP to Rs 2400 from Rs2,230 as we roll forward to Mar’27 core ABV. Retain ‘BUY’. For all recommendations report, click here Kotak Mahindra Bank - 05052025 - prabhu"
05 May 2025,Buy Kotak Mahindra Bank; target of Rs 2490: LKP Research,https://www.moneycontrol.com/news/business/stocks/buy-kotak-mahindra-bank-target-of-rs-2490-lkp-research-13012689.html,"LKP Research is bullish on Kotak Mahindra Bank has recommended buy rating on the stock with a target price of Rs 2490 in its research report dated May 05, 2025.",Buy,"LKP Research's research report on Kotak Mahindra Bank Kotak Mahindra Bank (KMB) delivered a stable quarterly performance, supported by strong secured loan growth, improving asset quality, and disciplined cost management. While NIM contracted YoY due to rising funding costs and asset mix shifts, it improved sequentially as the bank took measures like savings rate cuts and focused on garnering low-cost deposits. Further, with stable cost-to-income (C/I) ratio and advanced provisioning, the resumption of growth levers like the credit card and 811 platforms post-embargo, should aid profitability going forward. With management guiding for growth at 1.5x–2x nominal GDP and strong execution of its strategic priorities—including acquisition of the Standard Chartered personal loan portfolio—KMB is well-positioned to accelerate earnings as macro conditions ease. Outlook Hence, we reiterate our BUY rating on the stock, with a Sum-of-the-Parts (SOTP)- based target price of ₹ 2,490. For all recommendations report, click here Kotak Mahindra Bank - 05052025 - lkp"
05 May 2025,"Kotak Mahindra Bank shares fall 5% after weak Q4 results; should you buy, sell, or hold?",https://www.moneycontrol.com/news/business/markets/kotak-mahindra-bank-shares-in-focus-after-weak-q4-results-should-you-buy-sell-or-hold-13012609.html,"Kotak Mahindra Bank shares came under pressure as it reported a miss on key performance metrics, and deterioration in asset quality further weighed on sentiment",kotak,"Shares of Kotak Mahindra Bank tumbled 5 percent to Rs 2,085 apiece on May 5, following the release of its weaker-than-anticipated March quarter (Q4FY25) results. The private lender reported a miss on key performance metrics, and deterioration in asset quality further weighed on sentiment. As a result, several brokerages downgraded the stock, viewing current valuations as expensive. CLSA downgraded the stock to “Hold” from “Outperform,” even as it raised the target price to Rs 2,225 from Rs 2,125 per share. The brokerage described the Q4 performance as mixed, noting that pre-provision operating profit (PPoP) missed estimates by 3 percent due to weaker Net Interest Income (NII) and higher operating expenses. Credit costs also rose, as the bank increased its provision coverage ratio. Loan growth moderated to the low-teens, prompting CLSA to cut profit estimates by 3–5 percent, factoring in lower NII and higher cost assumptions. Catch all the market action on our LIVE blog Bernstein also expressed a cautious stance, maintaining a “Market-Perform” rating with a target price of Rs 1,950 per share. It pointed out that earnings per share (EPS) declined 13 percent year-on-year (YoY), although there was a 7 percent improvement quarter-on-quarter (QoQ), primarily due to increased provisioning. Deposit growth slowed to 11 percent YoY, lagging behind peers such as ICICI Bank and HDFC Bank. While seasonal improvement in the current account–savings account (CASA) ratio and stable loan growth helped sustain margins, elevated operating expenses and provisioning limited any significant improvement in return on assets (RoA). The brokerage said that the results highlight an ongoing margin-versus-growth trade-off for the bank in the near term. Elara Capital, meanwhile, described Kotak Mahindra Bank’s Q4 performance as lacking strength in its core fundamentals. The quarter was marked by tepid NII growth and below-trend loan expansion. According to the brokerage, future discussions are likely to focus on the bank’s ability to balance growth with margin outcomes and core profitability. Despite the underwhelming quarter, Elara maintained a positive long-term view, calling Kotak Mahindra Bank a “safe earnings compounding story” amid broader sector headwinds. It raised its target price to Rs 2,330 from the earlier Rs 2,100 per share. In terms of financial performance, Kotak Mahindra Bank reported a 14 percent decline in net profit, which fell to Rs 3,552 crore in Q4FY25, largely due to a sharp rise in provisions for bad loans. Interest income for the January–March quarter increased 10 percent YoY to Rs 13,529.77 crore, compared to Rs 12,307.06 crore in the corresponding quarter of the previous year. The bank's provisions for bad loans surged 245 percent to Rs 909 crore in Q4FY25, up from Rs 264 crore in the year-ago period. Gross non-performing assets (NPAs) inched up by 3 basis points to 1.42 percent, compared to 1.39 percent a year earlier. However, net NPAs declined by 3 basis points to 0.31 percent, down from 0.34 percent in the same quarter last year, indicating improved recovery and provisioning measures."
05 May 2025,"Stocks to Watch Today: SBI, Kotak Mahindra Bank, Marico, Indian Bank, RR Kabel, AU SFB, Azad Engineering, IRCON, Concord Biotech in focus on 5 May",https://www.moneycontrol.com/news/business/markets/stocks-to-watch-today-sbi-kotak-mahindra-bank-marico-indian-bank-rr-kabel-au-sfb-azad-engineering-ircon-concord-biotech-in-focus-on-5-may-13012519.html,"Stocks to Watch, 05 May: Stocks like Avenue Supermarts, Vardhman Textiles, Voltamp Transformers, PNB Gilts, Archean Chemical Industries, Sanofi Consumer Healthcare India, Gravita India, Sunteck Realty, City Union Bank, Aether Industries, Shilpa Medicare, BSE, GOCL Corporation, Tata Motors, Indraprastha Gas, and Tata Steel will be in focus on May 5.",Stocks to Watch Today,"Let's catch up on the latest news from the stock market. From significant investments to major deals, quarterly earnings, order wins, acquisitions, and appointments, here’s a quick look at which stocks will be in focus in today's trade: Results Today Mahindra & Mahindra, Indian Hotels Company, Coforge, Bombay Dyeing & Manufacturing Company, Computer Age Management Services, CCL Products, Capri Global Capital, Cigniti Technologies, Ethos, Jammu & Kashmir Bank, Nureca, Unicommerce Esolutions, and Zee Media Corporation will release their quarterly earnings on May 5. Quarterly Earnings State Bank of India Q4 (Standalone YoY) Profit drops 9.9% to Rs 18,642.6 crore Vs Rs 20,698.4 crore Net interest income grows 2.7% to Rs 42,774.6 crore Vs Rs 41,655.2 crore Provisions and contingencies spikes 4-fold to Rs 6,441.7 crore Vs Rs 1,609.8 crore Gross NPA falls to 1.82% Vs 2.07% (QoQ) Net NPA declines to 0.47% Vs 0.53% (QoQ) Board declares dividend of Rs 15.9 per share for FY25 Board approves fund raising up to Rs 25,000 crore in FY26 Kotak Mahindra Bank Q4 (Standalone YoY) Profit declines 14.1% to Rs 3,551.7 crore Vs Rs 4,133.3 crore Net interest income increases 5.4% to Rs 7,283.6 crore Vs Rs 6,909.4 crore Provisions and contingencies soars 244.8% to Rs 909.4 crore Vs Rs 263.7 crore Gross NPA slips to 1.42% Vs 1.50% (QoQ) Net NPA drops to 0.31% Vs 0.41% (QoQ) Avenue Supermarts Q4 (Consolidated YoY) Profit falls 2.2% to Rs 550.9 crore Vs Rs 563.3 crore Revenue grows 16.9% to Rs 14,872 crore Vs Rs 12,726.6 crore Indian Bank Q4 (Standalone YoY) Profit zooms 31.6% to Rs 2,956.1 crore Vs Rs 2,247 crore Net interest income rises 6.2% to Rs 6,389.3 crore Vs Rs 6,015.4 crore Provisions and contingencies plunge 36.3% to Rs 794.6 crore Vs Rs 1,247.8 crore Gross NPA drops to 3.09% Vs 3.26% (QoQ) Net NPA slips to 0.19% Vs 0.21% (QoQ) Vardhman Textiles Q4 (Consolidated YoY) Profit jumps 18.3% to Rs 237.3 crore Vs Rs 200.6 crore Revenue increases 2% to Rs 2,508.6 crore Vs Rs 2,459.4 crore Voltamp Transformers Q4 (YoY) Profit rises 3.5% to Rs 96.8 crore Vs Rs 93.5 crore Revenue soars 23.9% to Rs 624.8 crore Vs Rs 504.2 crore Board recommends dividend of Rs 100 per share for FY25 PNB Gilts Q4 (YoY) Profit increases 10.1% to Rs 75 crore Vs Rs 68.1 crore Revenue declines 11.6% to Rs 418.8 crore Vs Rs 473.9 crore Archean Chemical Industries Q4 (Consolidated YoY) Profit drops 6.7% to Rs 53.7 crore Vs Rs 57.6 crore Revenue grows 21.7% to Rs 345.6 crore Vs Rs 283.9 crore Sanofi Consumer Healthcare India Q1 (YoY) Profit sinks 20.3% to Rs 50 crore Vs Rs 62.7 crore Revenue tanks 22.1% to Rs 172.6 crore Vs Rs 221.6 crore Gravita India Q4 (Consolidated YoY) Profit grows 36.7% to Rs 94.9 crore Vs Rs 69.4 crore Revenue jumps 20.1% to Rs 1037.1 crore Vs Rs 863.4 crore Board declares interim dividend of Rs 6.35 per share RR Kabel Q4 (Consolidated YoY) Profit spikes 64% to Rs 129.1 crore Vs Rs 78.7 crore Revenue soars 26.4% to Rs 2,217.8 crore Vs Rs 1,754 crore Sunteck Realty Q4 (Consolidated YoY) Profit plunges 50.3% to Rs 50.4 crore Vs Rs 101.3 crore Revenue sinks 51.7% to Rs 206 crore Vs Rs 426.9 crore City Union Bank Q4 (YoY) Profit grows 13% to Rs 288 crore Vs Rs 254.8 crore Net interest income increases 9.8% to Rs 600.3 crore Vs Rs 546.6 crore Provisions and contingencies zooms 143.8% to Rs 78 crore Vs Rs 32 crore Gross NPA drops to 3.09% Vs 3.36% (QoQ) Net NPA declines to 1.25% Vs 1.42% (QoQ) Aether Industries Q4 (Consolidated YoY) Profit stands at 50.3 crore Vs loss of Rs 1.4 crore Revenue zooms 104.4% to Rs 240.2 crore Vs Rs 117.5 crore Marico Q4 (Consolidated YoY) Profit increases 7.8% to Rs 345 crore Vs Rs 320 crore Revenue grows 19.8% to Rs 2,730 crore Vs Rs 2,278 crore EBTIDA rises 3.6% to Rs 458 crore Vs Rs 442 crore Margin drops 260 bps to 16.8% Vs 19.4% Board recommends final dividend of Rs 7 per share for FY25 Stocks to Watch AU Small Finance Bank True North, Indium IV (Mauritius), and Silver Leaf Oak are likely to sell 92.3 lakh shares (1.24% equity) in the bank via block deals, reports CNBC-TV18 quoting sources. The floor price is set at Rs 650 per share. Azad Engineering The company has signed a long-term supply agreement with GE Steam Power GMBH, acting through its GE Vernova Power business based in Baden, Switzerland, for the manufacture and supply of highly engineered and complex rotating and stationary airfoils for advanced nuclear, industrial, and thermal power industries. This phase of the contract is valued at $53.5 million (Rs 452.48 crore). IRCON International The company has received a work order worth Rs 458.14 crore from North Eastern Electric Power Corporation. The order involves the construction of civil works on an item-rate basis for the Tato-I Hydro Electric Project in Arunachal Pradesh. Shilpa Medicare The company's biologics subsidiary, Shilpa Biologics, has received European GMP certification for its Dharwad plant in Karnataka for manufacturing test batches, based on a recent inspection. The inspection was conducted between February 18–20 by the competent authority of Austria. Concord Biotech The US Food and Drug Administration has issued Form 483 with four observations for the company's API facility in Dholka. The US health regulator inspected the facility between April 28 and May 2. These observations are procedural in nature and none are related to data integrity. BSE The company has executed a Share Purchase Agreement to divest its 100% stake in BSE Institute (BIL) to AV Financial Experts Network for Rs 16.9 crore, subject to the fulfilment of pre-closing obligations. GOCL Corporation The company has received approval from its Board to sell its subsidiary, IDL Explosives, to Apollo Defence Industries for Rs 107 crore. Tata Motors The Board has approved the issuance of non-convertible debentures (NCDs) worth up to Rs 500 crore. Indraprastha Gas The Board has approved the appointment of Rajkumar Dubey as Chairman of the company, effective May 1. Sukhmal Kumar Jain has ceased to be the Chairman. Tata Steel Life Insurance Corporation of India has increased its stake in Tata Steel to 7.851% from 5.836% between July 28, 2022, and April 30, 2025. NTPC The company's subsidiary, NTPC Renewable Energy, has declared commercial operation of the third and final phase of its 60 MW capacity, part of the 150 MW Gujarat Solar PV project. With this, the total installed and commercial capacity of the NTPC Group has reached 80,155 MW. JSW Steel The Revisionary Authority has set aside the demand notices and remanded the matter back to the State Government of Odisha to be disposed of after providing a proper opportunity for a hearing to the company. The Deputy Director of Mines had issued a demand notice, claiming Rs 702 crore for an alleged drop in the grade of production, violation of the mining plan, and use of a higher mesh size for screening in respect of iron ore mining at the Narayanposhi, Jajang, Nuagaon, and Gonua mines. Adani Ports and Special Economic Zone The company handled cargo volume of 37.5 MMT, a 4% YoY growth, led by containers (up 21% YoY), and liquids and gas (up 8% YoY). Its logistics rail volume stood at 57,751 TEUs, up 17% YoY, while GPWIS volume reached 1.8 MMT, up 4% YoY. Bulk Deals Resourceful Automobile Plutus Capital Management LLP bought 30,000 equity shares in the company at an average price of Rs 70.26 per share. Expo Gas Containers Aegis Investment Fund bought 2,48,991 equity shares in the company at an average price of Rs 60 per share. Gujarat Natural Resources Prime Venture Growth Fund-I sold 6.5 lakh shares in the company at an average price of Rs 46.76 per share. Block Deals PNB Housing Finance Quality Investment Holdings PCC exited PNB Housing by selling its entire 10.44% stake (2.71 crore shares) at an average price of Rs 1,000.20 per share, valued at Rs 2,712.97 crore. However, the buyers for the 10.44% stake included Edelweiss MF, Franklin Templeton MF, Aditya Birla Sun Life MF, ICICI Prudential Life Insurance Company, Nippon India MF, Bandhan MF, Kotak Mahindra MF, Daiwa House Industry Pension Fund, Employees Provident Fund Board, Nomura, Singularity Holdings, Viridian Asia Opportunities Master Fund, AL Mehwar Commercial Investments, Ask Absolute Return Fund, Aurigin Master Fund, Axis MF, Bank of India MF, Canara Robeco MF, Carmignac Portfolio, Citigroup, Cohesion MK Best Ideas Sub-Trust, Discovery Global Opportunity Mauritius, DSP MF, Edelweiss Life Insurance Company, Florida Retirement System, Ghisallo Master Fund, Goldman Sachs, HDFC Bank, ITI MF, Jupiter India Fund, Kotak Mahindra Life Insurance Company, Mahindra Manulife MF, Max Life Insurance, Morgan Stanley, Motilal Oswal MF, Neuberger Berman, Norges Bank, Nuvama Multi Asset Strategy Return Fund, Optimix Wholesale, PI Opportunities AIF V, Plutus Wealth Management, Aditya Birla Sun Life Insurance Company, SBI Life Insurance, Societe Generale, Subhkam Ventures, Sundaram MF, Tara Emerging Asia Liquid Fund, Tata AIA Life Insurance, Tata MF, Jupiter Global Fund, Saudi Second Investment Company, Theleme India Master Fund, UTI MF, and Valuequest India. Stocks Trade Ex-Dividend Oberoi RealtyPTC India Stocks in F&O ban RBL Bank"
27 Apr 2025,Check these top 4 stocks turning bullish on charts,https://www.moneycontrol.com/news/business/markets/check-these-top-4-stocks-turning-bullish-on-charts-13006031.html,"Amid the noise, a handful of large-cap names are flashing bullish technical setups. These are not speculative penny stocks or volatile midcaps. These fundamentally strong companies show clear breakouts on the charts—ideal candidates for those seeking tactical entries in a conservative portfolio.",4 stocks with bullish setup,"As market volatility rattles investor sentiment, with geopolitical tremors from the Pulwama attack to tariff tensions dominating headlines, discerning traders shift their gaze away from emotional reactions and back to technical discipline. In March, the Nifty50 surged from 22,000 to a peak of 23,869 before dropping sharply to 21,743. The subsequent recovery brought us to a new 2025 high of 24,365, marking a 12 percent rally that’s ignited fear of missing out (FOMO) among retail participants. But for the prudent traders, it’s not the hype that matters—it’s the structure. Amid the noise, a handful of large-cap names are flashing bullish technical setups. These are not speculative penny stocks or volatile midcaps. These fundamentally strong companies show clear breakouts on the charts—ideal candidates for those seeking tactical entries in a conservative portfolio. Here are four large-cap stocks that deserve attention in the current market setup: Bajaj Finserv Bajaj Finserv is a core part of the Bajaj Group and operates in financial services, insurance, and lending. Known for its strong balance sheet and disciplined management, the company has consistently delivered long-term value.  On the daily chart, Bajaj Finserv has decisively broken out of a six-month range and is now trending toward its 52-week high of Rs 2,135. Post-breakout, the price retested its support zone around Rs 2,023 and the key psychological level of Rs 2,000—both holding strong. The emergence of a golden cross (where the 50-day moving average crosses above the 200-day moving average) and a bullish Relative Strength Index (RSI) suggest that this breakout has legs. This stock has the technical strength to potentially maintain upward momentum. HDFC Bank HDFC Bank stands as a benchmark for private sector banking in India. With its strong loan book, prudent asset quality, and wide retail footprint, it remains one of the most trusted names in Indian banking.  After a period of tight consolidation, HDFC Bank broke out to hit a new 52-week high of Rs 1,978 last week. The presence of a golden cross and strengthening RSI add further conviction to the bullish trend. However, the ideal entry zone for risk-averse traders lies between Rs 1,880 and Rs 1,910, where a breakout retest is likely. This gives a potentially safer entry with a favourable risk-reward ratio. ICICI Bank One of India’s top private sector banks, ICICI Bank, has recently transformed itself with digital adoption, better governance, and strong earnings growth. It has become a favourite among institutional investors for its consistency and scale.  ICICI Bank has broken out from an 8-month consolidation pattern. More importantly, the slope of both 50-day and 200-day EMAs has turned upward, which is a classic signal of trend acceleration. With increasing volume confirming the breakout, this stock stands out as one with substantial upside potential, especially in the short to medium term. Kotak Mahindra Bank Kotak Mahindra Bank is one of India’s most conservative and efficiently managed banks. It is known for its low-risk appetite and high-quality credit underwriting. It’s a staple for any long-term investor focused on capital preservation with growth.  This is the most compelling chart in the banking space right now. Kotak has broken out from a two-year consolidation zone, a rare and powerful technical event. The breakout level at ?2,000 was tested and held, followed by a swift rally indicating robust buying interest. The structure of higher highs and higher lows post-breakout signals a strong uptrend, giving confidence to investors looking to ride a potential long-term bullish wave. Let the charts lead the way in the volatile markets. Note: The purpose of this article is only to share interesting charts, data points and thought-provoking opinions. It is NOT a recommendation. This article is strictly for educative purposes only."
23 Apr 2025,"Bank Nifty snaps six-day rally to slip 1.3% from day's high, Kotak Mahindra, HDFC Bank top laggards",https://www.moneycontrol.com/news/business/markets/bank-nifty-snaps-six-day-rally-to-slip-1-5-from-day-s-high-canara-hdfc-bank-top-laggards-13001765.html,"The selloff comes a day after the bank index hit a record high of 55,961 for the first time, including several bank shares touching fresh highs. The fall in share prices may be driven by profit booking after the recent upmove. ",Bank Nifty,"Banking stocks fell on April 23, snapping Bank Nifty's six-day gaining streak as the index took a pause from a recent rally, down nearly 1.3 percent from the highest level. The selloff comes a day after the bank index hit a record high of 55,961 for the first time, including several bank shares touching fresh highs. The fall in share prices may be driven by profit booking after the recent upmove. So far this year, the Nifty Bank index is higher by 8 percent so far this year, having witnessed a sharp rebound since April 9. On the technicals of the Bank Nifty index, Axis Securities said the trend-deciding level would be 55,617. ""If Bank Nifty trades above this level, it may rally up to 55991-56335-56709 levels. However, if it trades below 55617 levels, we may witness profit booking in the market, and the index may correct up to 55273-54900-54556 levels."" Kotak Mahindra Bank shares were the top loser on the index, falling 2 percent to trade at Rs 2,221.40 apiece. Heavyweight HDFC Bank followed, dropping over 2 percent each to close at Rs 1,920 per share. Notably, this comes a day after the private lender achieved the Rs 15 lakh crore-milestone following a sharp surge in share price, becoming the third Indian company to hit the level. Canara Bank and State Bank of India (SBI) shares closed over 1 percent lower each. Federal Bank, Axis Bank, Bank of Baroda and Punjab National Bank (PNB) meanwhile closed with marginal gains. Despite the bearish trend, few bank stocks bucked the trend to trade in the green. AU Small Finance Bank shares surged nearly 8 percent to close at Rs 662 apiece. The sharp surge in the share price comes after the lender reported a 37 percent rise in net profit to Rs 2,106 crore in FY25. IDFC First Bank shares also gained over 2 percent to trade at Rs 68.34 apiece. IndusInd Bank and ICICI Bank shares closed with marginal gains. The Reserve Bank of India (RBI) on April 21 released the Liquidity Coverage Ratio (LCR) norms and assigned additional run-off rates of 2.5 per cent to internet and mobile banking enabled retail and small business customer deposits. Motilal Oswal in its latest report said that revised LCR framework is expected to enhance banks’ funding and liquidity operations. ""We maintain our positive view on the banking sector,"" the brokerage said. It further said that its top picks among the bank stocks are ICICI Bank, HDFC Bank, SBI and AU Small Finance Bank."
16 Apr 2025,"Nifty Bank extends gains for 3rd straight session; Federal Bank, BoB, PNB shares surge up to 2%",https://www.moneycontrol.com/news/business/markets/nifty-bank-extends-gains-for-3rd-straight-session-federal-bank-bob-pnb-shares-surge-up-to-2-12995600.html,"The moderation in both headline and core inflation strengthens the case for a potential policy rate cut, said Mahendra Patil frokm MP Financial Advisory Services LLP",The increased possibility of another rate cut may have boosted the bank stocks.,"Bank stocks recorded strong gains on April 16, pushing the Nifty Bank index higher in the green for the third consecutive session. This comes despite bulls losing grip of the market, with benchmark indices closing with marginal gains. Nifty Bank index jumped over 1.4 percent to end the session at around 53,118. India's inflation eased to a 67-month low of 3.34 percent in March, according to data released by the Reserve Bank of India (RBI) on April 15. ""The moderation in both headline and core inflation strengthens the case for a potential policy rate cut by the Reserve Bank of India in the coming days. With inflation now well within the central bank’s 4% target and core price pressures subdued, the current data underscores a favorable macroeconomic environment for monetary easing,"" said Mahendra Patil, founder and managing partner at MP Financial Advisory Services LLP. The increased possibility of another rate cut may have boosted the bank stocks. IndusInd Bank shares were the top gainer on the index, rising nearly 7 percent to close at Rs 785.50 apiece. The rise in the stock price comes after the lender received external auditor's report on the discrepancies found in its derivatives portfolio. The external agency has found Rs 1,979 crore of 'negative impact' to the bank's net worth due to the derivative discrepancies. This represents 2.27 percent of the lender's total net worth, slightly lower than the bank's earlier estimate of 2.35 percent. Axis Bank shares followed, rising over 4 percent to close at Rs 1,161 apiece. Bank of Baroda, Punjab National Bank (PNB), Canara Bank and IDFC First Bank followed, rising over 2 percent each. Federal Bank, AU Small Finance Bank and State Bank of India (SBI) shares meanwhile closed over 1 percent higher each. Heavyweights HDFC Bank, ICICI Bank and Kotak Mahindra Bank shares meanwhile closed with marginal gains in the green. Explaining the technical front of the index, Kotak Securities said, ""The market continues to display an uptrend formation, indicating potential for further gains from [previous closing] levels. We believe the current market environment is bullish; however, due to temporary overbought conditions, we may see some profit booking at higher levels. As long as the bank-nifty remains above 51800 levels, the bullish sentiment is expected to continue. On the upside, it could retest the range of 52600 to 53,000. However, if it falls below 51,800, the chances of reaching levels of 51,200 to 51,000 would increase."""
11 Apr 2025,"Bulls tighten grip as Sensex, Nifty surge over 2% on Trump's tariff pause, all sectors in green; Vix down 11%",https://www.moneycontrol.com/news/business/markets/bulls-tighten-grip-as-sensex-nifty-surge-over-2-on-trump-s-tariff-pause-all-sectors-in-green-vix-down-11-12991658.html,"Sensex, Nifty surged on hopes of a bilateral trade agreement (BTA) between India and the United States, before the end of the 90-day tariff pause, set to expire on July 9.","Sensex, Nifty surged over 2 percent on Trump's tariff pause in Friday's trading session. ","Equity benchmarks rallied sharply on Friday, with the Sensex and Nifty surging over 2 percent by mid-session, after the United States announced a 90-day pause on additional tariffs on India, fuelling hopes of a bilateral trade agreement (BTA) between the two countries, before the deadline ends. The BSE Sensex zoomed 1,612.42 points or 2.18 percent to 75,459.57 at around 12:15 PM, while the NSE Nifty advanced 519.65 points or 2.32 percent to 22,918.80. Market sentiment remained positive as over 2,700 stocks advanced, outpacing 553 declines. Around 104 stocks were unchanged. The rally was broad-based with all sectoral indices in the green. Metals led the charge as the Nifty Metal index jumped 4.5 percent, followed by pharma, auto, financials, realty and consumer durables – all gaining over 2 percent. The sharp upmove in metal counters came amid easing concerns over a global tariff war following the US decision to pause additional duties on about 60 countries. Stock Market LIVE Updates Among the top gainers in the Nifty pack were Hindalco Industries, Tata Steel, JSW Steel, Coal India, and Kotak Mahindra Bank. Investor optimism was further boosted by expectations that India and the US may finalize a bilateral trade agreement (BTA) before the end of the 90-day tariff pause, set to expire on July 9. A report by Moneycontrol suggested that New Delhi is eyeing a partial pact with Washington, focusing on three key areas—deepening trade ties, improving market access, and protecting domestic interests. Despite weak global cues, domestic equities shrugged off concerns as analysts said India could benefit from the US' decision not to extend the tariff pause to China, Hong Kong, and Macau. ""While intra-day volatility may persist, higher US tariffs on China can improve export prospects for Indian companies. Also, any retaliation by China could push foreign institutional investors (FIIs) to favour Indian markets,"" said Vikas Jain, Head of Research, Reliance Securities. The India VIX, a measure of market volatility, slipped 11 per cent to below 19, signalling reduced investor anxiety. Broader markets also posted strong gains, with Nifty Midcap 100 and Smallcap 100 indices climbing between 2 and 2.5 percent. However, analysts struck a cautious note. ""There is no scope for a sustained rally in such an uncertain global environment. That said, India’s macroeconomic fundamentals remain strong and we are relatively insulated from the ongoing trade tensions,"" said Dr VK Vijayakumar, Chief Investment Strategist at Geojit Financial Services. On the technical front, the Nifty may face resistance in the 23,100–23,300 range, with support near 22,400, said Devarsh Vakil, Head of Prime Research at HDFC Securities. In Asia, the picture remained mixed, with Japan’s Nikkei index leading losses, while Taiwan bucked the trend and outperformed."
08 Apr 2025,Jay Kotak picks a side in 'investing versus running businesses' debate that father Uday Kotak once ignited,https://www.moneycontrol.com/news/business/jay-kotak-picks-a-side-in-investing-versus-running-businesses-debate-that-father-uday-kotak-once-ignited-12988683.html,"Jay Kotak has backed the next generation of business families to focus on building businesses, while RP-Sanjiv Goenka Group’s Shashwat Goenka believes it is important to do both investing as well as run operations. ",Jay Kotak,"New-age banking service Kotak811’s Co-Head Jay Kotak believes the younger generation should focus on building businesses and running operations, when asked about his father Uday Kotak’s recent remark that evoked a debate on whether younger scions of entrepreneurs should become financial investors early in their lives. Kotak was speaking at a panel discussion on Network 18's Rising Bharat Summit 2025 being held in New Delhi, on April 8. ""Where India is today, I agree that the next generation should lean towards operating. If you look at the US a 100 years ago, you would see the sons and daughters of the largest industrialists – they tended to be in operations. It is only now, many many generations later, that folks wear more into the investment side in the US,"" Jay said, alluding to his father’s comment that had suggested a decline in India’s ‘economic animal spirits.’ Uday Kotak had recently sparked a debate by stating that the next generation of business families in India were prioritising stock market speculation and asset management over building and running businesses. ""I would love to see this generation be hungry for success and build operational businesses. Even today, I firmly believe that the next generation must work hard and create businesses rather than becoming financial investors too early in life,"" he had said. RPG Group chairperson Harsh Goenka too had supported Uday Kotak's view, stating that today's heirs chase ‘passive income, active vacations, and aggressive networking at yacht parties’, instead of immersing themselves in business challenges. Goenka’s nephew, however, held a different point of view. While speaking alongside Jay at the event, RP-Sanjiv Goenka Group Vice Chairman Shashwat Goenka said, ""It is not either-or question. It is important that you do both. Wealth creation opportunities that are available, it is important to look at your family offices and how best you can invest what's in there and grow."" Lavanya Nalli, the Vice-Chairman of her family's business Nalli Group of Companies said people now have the choice to become an operator. She however felt it is beneficial to be the operator in one’s own family business."
08 Apr 2025,"Trade Spotlight: How should you trade Kotak Mahindra Bank, Bajaj Finance, GMR Airports, Chambal Fertilizers, PNB Housing, and others on April 8?",https://www.moneycontrol.com/news/business/markets/trade-spotlight-how-should-you-trade-kotak-mahindra-bank-bajaj-finance-gmr-airports-chambal-fertilizers-pnb-housing-and-others-on-april-8-12987972.html,"The trend is expected to remain favourable for bears, but some rebound can't be ruled out, considering the significant fall in the past few days. Below are some trading ideas for the near term.",Stocks To Bet on,"The benchmark indices nosedived sharply and closed with a 3 percent decline after recouping around 2 percent from the day's low, tracking tariff-led turmoil in global peers. The market breadth was dismal, with a total of 2,448 shares trapped in a bear market, compared to just 193 shares that outperformed. The trend is expected to remain favourable for bears, but some rebound can't be ruled out, considering the significant fall in the past few days. Below are some trading ideas for the near term: Jay Thakkar, Vice President & Head of Derivatives and Quant Research at ICICI Securities Kotak Mahindra Bank | CMP: Rs 2,037.85  Kotak Mahindra Bank has been one of the outperformers in the Nifty private sector banks, and the uptrend has been largely due to short covering. The stock has provided a breakout from a range lasting more than 3 years, which is quite significant. It is one of the few stocks in the current scenario trading near its all-time high levels, reflecting relative outperformance. Due to the heavy sell-off in the markets during the last trading session, the stock witnessed Put unwinding at almost all the strikes. However, it didn’t see much short addition from current levels; rather, the stock bounced back from lower levels. Based on these observations, the probability of the stock holding onto the Rs 2,000 levels—its second-highest Put open interest—is quite high, at least on a closing basis. Below that, there is another critical support level at Rs 1,960. Therefore, the risk-reward is favourable on the long side. So, buy Kotak Mahindra Bank in the range of Rs 2,000 to Rs 2,040. Strategy: Buy Target: Rs 2,120, Rs 2,200 Stop-Loss: Rs 1,960 Bajaj Finance | CMP: Rs 8,568  Bajaj Finance has also witnessed a huge range breakout—a consolidation breakout lasting more than 3 years—and the short covering is still pending. Since the prices have fallen back to the level from where it broke upwards, there is a higher probability of short covering, as the stock has not seen a significant short build-up in the recent fall from the top. While there was Put unwinding at most strikes, additions were seen at the Rs 8,400 strike. Hence, the range of Rs 8,500 to Rs 8,400 is very critical in the near term, while Rs 9,000 is an immediate hurdle, making it the first target due to the highest Call open interest. So, buy Bajaj Finance in the range of Rs 8,550 to Rs 8,650. Strategy: Buy Target: Rs 9,000, Rs 9,200 Stop-Loss: Rs 8,220 SRF | CMP: Rs 2,715.2  SRF has also outperformed the overall markets recently. There has been a breakout from a huge consolidation due to sharp short covering. Although some fresh short additions were seen in the recent fall, the prices have reversed from the breakout point, making the risk-reward favourable on the long side. The Rs 2,700 strike Put has the highest open interest, while the Rs 3,000 strike Call has the highest open interest. So, the range to watch is Rs 2,700 to Rs 3,000, and since the stock is near the lower end of the range, the bulls have a favourable chance from hereon. Buy SRF in the range of Rs 2,700 to Rs 2,650. Strategy: Buy Target: Rs 2,900, Rs 3,000 Stop-Loss: Rs 2,550 Jigar S Patel, Senior Manager - Equity Research at Anand Rathi Zomato | CMP: Rs 209.63  Despite a sharp market-wide correction, Zomato outperformed, closing with only a marginal loss. The stock is forming multiple bottoms near the Rs 195 level, indicating strong support. Traders may consider entering long positions near Rs 205, with a stop-loss at Rs 195 and an upside target of Rs 225. Strategy: Buy Target: Rs 225 Stop-Loss: Rs 195 GMR Airports | CMP: Rs 82.22  Unlike most F&O stocks, GMR Airports ended with gains in an otherwise volatile market. The stock witnessed a breakout above Rs 80, followed by a sharp pullback, and has now resumed its upward move. This price action suggests renewed strength and presents a potential buying opportunity. Traders may consider entering long positions near Rs 80, with a stop-loss at Rs 76 and an upside target of Rs 88. Strategy: Buy Target: Rs 88 Stop-Loss: Rs 76 Anshul Jain, Head of Research at Lakshmishree Investments Chambal Fertilizers and Chemicals | CMP: Rs 612.8  Chambal Fertilizers, after breaking out of a rectangle pattern at Rs 546, offered no buying dips—until today. The stock has now smartly defended its 10–20 day moving average zone, giving short-term traders a golden entry into the momentum. Today’s bullish candle hints at renewed buying interest, supported by the cooling off of previously overheated momentum indicators. With the trend intact and structure strong, Chambal Fertilizers looks poised to clock fresh all-time highs in the coming sessions. Traders should watch for continued strength above support to ride the next leg up. Strategy: Buy Target: Rs 700 Stop-Loss: Rs 580 PNB Housing Finance | CMP: Rs 923.65  PNB Housing Finance has defended its rounding bottom breakout impressively, even amid a falling market, with volumes consistently above the 50-day average, signaling strong institutional accumulation. For the bullish momentum to persist, the stock must hold above Rs 940. A sustained move above this level will likely lead to an initial target of Rs 1,050. The volume profile throughout the entire pattern reflects accumulation by strong hands, suggesting confidence in the stock’s long-term potential and positioning it as a frontrunner once market sentiment improves. Strategy: Buy Target: Rs 1,050 Stop-Loss: Rs 880"
07 Apr 2025,Banking shares drag Nifty Bank lower by 3% as Trump tariffs trigger recession fears,https://www.moneycontrol.com/news/business/markets/banking-shares-drag-nifty-bank-lower-by-3-as-trump-tariffs-trigger-recession-fears-12986811.html,"ICICI Bank and HDFC Bank shares are down 3% each, contributing the most to the decline on Nifty Bank index.",Bank stocks,"Banking shares fell on April 7, tracking the bloodbath in the overall market as US President Trump's reciprocal tariffs raised concerns of a possible recession, sending the Nifty Bank index down over 3 percent in early trade. US President Trump introduced a slew of tariffs on multiple countries, with India being charged 26 percent on all its exports bound for America. Experts have raised fears of a global trade war as some nations have retaliated with counter-measures. Vinod Nair, Head of Research at Geojit Investments said, ""The recent implementation of higher-than-anticipated US tariffs has had a significant impact on global markets, triggering a bearish trend as investors assess broader implications. The likelihood of retaliatory measures against the US has further heightened uncertainty. US bond yields and oil prices are trending downward, reflecting concerns over potential economic slowdown and increased recessionary risks."" Kotak Mahindra Bank shares were the top losers on the Nifty Bank index, tumbling over 4 percent. Heavyweights HDFC Bank, ICICI Bank and Axis Bank meanwhile ended the session over 3 percent lower each. Canara Bank shares also closed nearly 3 percent lower. The fall in the share prices of ICICI Bank and HDFC Bank were the top contributors to the downturn in Nifty Bank index. State Bank of India (SBI), Federal Bank, IDFC First Bank and Bank of Baroda shares dropped over 2 percent each. Punjab National Bank (PNB), AU Small Finance Bank and IndusInd Bank shares also closed in the red."
03 Apr 2025,"Sensex falls 400 pts, Nifty at 23,200: Trump’s reciprocal tariffs among key factors to rattle markets",https://www.moneycontrol.com/news/business/markets/sensex-falls-400-pts-nifty-at-23-200-trump-s-reciprocal-tariffs-other-factors-rattle-markets-12983320.html,"Sensex and Nifty slipped in early trade on Thursday, tracking weak global cues after US President Donald Trump imposed 26 per cent reciprocal tariffs on about 60 countries, including India.  ","Sensex falls 400 pts, Nifty at 23,200: Trump’s reciprocal tariffs, other factors rattle markets","Benchmark indices Sensex and Nifty slipped in early trade on Thursday, tracking weak global cues after US President Donald Trump imposed reciprocal tariffs on about 60 countries, including India. The move dented sentiment in domestic equities, with IT stocks leading the losses. At 10 AM, the BSE Sensex was down 348.86 points or 0.46 percent at 76,268.58, while the broader NSE Nifty fell 103.70 points or 0.44 percent to 23,228.65. Among the major laggards were Tata Consultancy Services, Infosys, Tech Mahindra, HCL Technologies, Tata Motors, Adani Ports, Bharti Airtel, Reliance Industries, Maruti Suzuki, Zomato, and Kotak Mahindra Bank. Key Factors Behind Market Decline: 1) Trump’s Reciprocal Tariffs: The US announced a 26 percent reciprocal tariff on India, citing high import duties imposed by New Delhi on American goods. While pharma imports from India are exempt, other exports could face pressure. ""The tariffs are significantly higher than anticipated and will disrupt global trade, impacting growth,"" Ankita Pathak, Macro Strategist and Global Equities Fund Advisor at Ionic Asset told Reuters. ""This is likely to affect India’s domestic growth, corporate earnings, and valuations."" 2) Rupee Under Pressure: The Indian rupee fell 26 paise to 85.78 against the US dollar in early trade following Trump’s tariff decision. Forex traders noted that the move sparked risk aversion, prompting investors to seek safer assets. 3) Weak Global Cues: Asian markets mirrored the sell-off, with Japan’s Nikkei plunging over 3 percent, Hong Kong’s Hang Seng dropping 2 percent and South Korea’s KOSPI declining by 1 percent. China’s Shanghai Composite fell 0.39 percent. US Dow Jones Futures were also down 2 percent, signaling further pressure on global equities. Market Outlook Technical analysts remain cautious despite the volatility. Anand James, Chief Market Strategist at Geojit Investments, said, ""While Nifty formed an inside bar candlestick pattern yesterday, broader market risk appetite appears to be improving. If Nifty manages to stay above 23,270 after early volatility, a move towards 23,450 is possible. However, a slide below 23,050-22,960 could indicate further downside. Strong support is expected around 22,730-22,650."""
30 Mar 2025,"Chartist Talks: SBI Securities' Sudeep Shah bullish on these 6 stocks; says good time to accumulate, though market may consolidate",https://www.moneycontrol.com/news/business/markets/chartist-talks-sbi-securities-sudeep-shah-bullish-on-these-6-stocks-says-good-time-to-accumulate-though-market-may-consolidate-12979658.html,"Going ahead, the current chart structure indicates that the Nifty 50 may continue its consolidation for the next couple of sessions before picking its next direction, said Sudeep Shah.",Sudeep Shah is the Deputy Vice President and Head of Technical and Derivative Research at SBI Securities,"Going ahead, the current chart structure indicates that the Nifty 50 may continue its consolidation for the next couple of sessions before picking its next direction, said Sudeep Shah, the Deputy Vice President and Head of Technical and Derivative Research at SBI Securities in an interview to Moneycontrol. He believes Poonawalla Fincorp, Britannia Industries, and Nykaa are in a strong bullish trend, hence it is a good time to accumulate these stocks for potential gains. Further, he advised buying Kotak Mahindra Bank, and Sumitomo Chemical India for next week. ""Both stocks are trading above short and long-term moving averages, and also their daily RSI is in a super bullish zone,"" he reasoned. Do you think the Nifty 50 will gain direction in the later part of next week and conquer 24,000? FY 2025 was nothing short of a rollercoaster ride, defined by intense market swings and shifting sentiments. The year began with heightened volatility driven by the General Election, keeping investors on edge. This turbulence was followed by a spectacular rally, propelling the index to a fresh all-time high of 26,277. However, the euphoria was short-lived as the market entered a prolonged correction phase, shedding over 4,300 points in five months. Just when pessimism loomed large, March brought a strong comeback after finding support at 21,964. The index staged an impressive 1,900-point rebound in just 15 trading sessions, reigniting hopes of stability. Finally, the financial year ended on a positive note, with a 5% gain. In recent sessions, Nifty has consolidated within a narrow 457-point range, aligning with our expectations from previous reports. Despite this consolidation, the index continues to trade above both its short and long-term moving averages. The momentum indicators cooled off from elevated levels. Going ahead, the current chart structure indicates that the index may continue its consolidation for the next couple of sessions before picking its next direction. On the upside, the zone of 23,720-23,750 remains a crucial hurdle. A decisive breakout above 23,750 could spark a fresh rally toward 24,100, followed by 24,400 in the short term. On the downside, the 23,400-23,350 zone serves as immediate support, as it is the confluence of the 100-day EMA, 200-day EMA, and the 23.6% Fibonacci retracement level of the prior rally (21,964-23,869). If the index slips below 23,350, the 50-day EMA at 23,114 will act as the next crucial support. Do you expect the market to be strong in the month of April, considering historical data? Tracking seasonality, over the past 17 years, the April month has often exhibited a positive trend for Nifty. On 12 occasions, the index has concluded on a positive note with an average gain of 4.48%, while on 5 occasions, it has ended on a negative note with an average loss of 1.16%. The average return for Nifty in the April series has been 2.82%. Over the past 17 years, April has consistently shown an average volatility of 7 percent for the Nifty index. Will the Bank Nifty continue to outperform the benchmark Nifty 50, considering the technical indicators? The banking benchmark index Bank Nifty ended the March month on a strongly positive note and snapped its 3 months losing streak. Finally, it has ended the month above 51,500 level with a gain of over 6.5%. On a monthly scale, it has formed a strong base near its 20-month EMA level and thereafter witnessed a strong rebound, which is a positive sign. During the last week, the index marked a high of 52,064 level and thereafter slid into a period of consolidation. However, it is trading above its short and long-term moving averages. These averages are in rising mode, and they are in the desired sequence, which suggests trend is strong. Further, the daily RSI is in bullish territory. Going ahead, the zone of 52,000-52,100 will act as a crucial hurdle for the index. If the index sustains above the level of 52,100, then we may witness a sharp upside rally upto the 52,800, followed by 53,500 in the short term. On the downside, the zone of 51,100-51,000 will act as immediate support for the index as a 23.6% Fibonacci retracement is placed in that region. If the index slips below the 51,000 level, then the next crucial support is placed in the zone of 50,500-50,400 level. Do you see the BSE reclaiming its record high in the coming week? After registering the low of Rs 3,682, the stock has witnessed a sharp upside rally of nearly 49 percent in just 13 trading sessions. Along with this sharp rise, the stock has also surged above its short and long-term moving averages. The momentum indicators also suggest strong bullish momentum. Hence, we believe the stock is likely to continue its northward journey and test the level of Rs 6,000 in the short term. What are your top 2 picks for next week? Kotak Mahindra Bank Recently, the Kotak Mahindra Bank has witnessed a sharp upside rally and marked the high of Rs 2,202.50 level. Thereafter, it has witnessed a minor throwback. The throwback was halted near 23.6% Fibonacci retracement level of its prior upward rally (Rs 1,893-2,202). Currently, the stock is trading above its short and long-term moving averages. Most noteworthy, the daily RSI (Relative Strength Index) is in a super bullish zone as per RSI range shift rules. Hence, we recommend accumulating the stock in the zone of Rs 2,180-2,160 level with a stop-loss of Rs 2,090 level. On the upside, it is likely to test the level of Rs 2,300, followed by Rs 2,350 in the short term. Sumitomo Chemical India The stock has given a downward sloping trendline breakout on a daily scale. This breakout is confirmed by robust volume. In addition, the stock has formed a sizeable bullish candle on a daily scale. Currently, the stock is trading above its crucial moving averages, and they are edging higher. The daily RSI is in bullish territory, and it is in rising mode. Hence, we recommend accumulating the stock in the zone of Rs 560-555 level with a stop-loss of Rs 535 level. On the upside, it is likely to test the level of Rs 590, followed by Rs 630 in the short term. Is it the right time to bet on Poonawalla Fincorp, Britannia Industries, and Nykaa? Yes, all three stocks—Poonawalla Fincorp, Britannia Industries, and Nykaa—are in a strong bullish trend. Momentum indicators and oscillators confirm positive strength, suggesting a favourable short-term outlook. Therefore, this appears to be a good time to accumulate these stocks for potential gains."
27 Mar 2025,Buy Kotak Mahindra Bank; target of Rs 2500: Sharekhan,https://www.moneycontrol.com/news/business/stocks/buy-kotak-mahindra-bank-target-of-rs-2500-sharekhan-12977399.html,"Sharekhan is bullish on Kotak Mahindra Bank has recommended buy rating on the stock with a target price of Rs 2500 in its research report dated March 26, 2025.",BUY,"Sharekhan's research report on Kotak Mahindra Bank The bank is reasonably confident to deliver loan growth of 1.5-2.0x the nominal GDP growth and sustain RoA over ~2% in the near to medium term. PL and CC delinquencies have broadly stabilised. Slippages in the MFI segment are likely to peak out over the next two quarters. Secured assets portfolio quality continues to remain stable. Growth rebound in the unsecured segment is likely to help the bank manage the margins and growth better than peers in FY26E. Also, recent appointments of senior management personnel hint at stability in the near future. Outlook We reiterate buy on KMB with a revised SOTP-based PT of Rs. 2,500. We believe balance sheet growth /profitability is expected to be better than peers. The stock is trading at 2.3x/2.1x its FY2026E/FY2027E core BV estimates. For all recommendations report, click here Kotak Mahindra Bank - 27032025 - khan"
