Date,Title,URL,Article Description,Article Text,Article Content
22 Aug 2025,"ITC, Nestle, other FMCG stocks drop up to 2%, extend losses to second day after 3-day rally",https://www.moneycontrol.com/news/business/markets/itc-nestle-other-fmcg-stocks-drop-up-to-2-extend-losses-to-second-day-after-3-day-rally-13480265.html,"FMCG stocks: The index had gained nearly 4% from August 18-20, after PM Narendra Modi hinted at the next generation of GST reforms to be announced as a Diwali gift for consumers.",Nifty FMCG ,"The shares of major FMCG companies dropped on August 22, pushing the Nifty FMCG index down for the second consecutive session. This comes after the stocks recorded strong gains for three consecutive sessions on optimism over prospective GST reforms. Nifty FMCG index was down 1 percent to stand at 55,742.05, as seen at 1:05 pm. The index had gained nearly 4 percent between August 18 and August 20, after Prime Minister Narendra Modi hinted at the next generation of Goods and Services Tax (GST) reforms to be announced as a Diwali gift for consumers. Investors may have then resorted to profit booking after the strong spike in the sector. The Nifty FMCG index has dropped over 1.6 percent in two sessions. ITC and Colgate Palmolive shares dropped nearly 2 percent each, while Nestle India and Marico shares were down over 1 percent. Emami, United Breweries (UBL), Hindustan Unilever (HUL) and Britannia Industries shares were trading in the red with marginal losses. Bucking the trend, Varun Beverages, Tata Consumer Products, Radico Khaitan and Dabur shares were trading in the green with marginal gains, while Godrej Consumer Products were up more than 1 percent. In its latest report, Axis Securities noted that the FMCG sector r delivered modest single-digit topline growth in Q1FY26, largely driven by price hikes and improving sentiment in select urban pockets. “Unseasonal rains weighed on summer-led categories like beverages and glucose. Nonetheless, management commentary across companies reflects optimism, with most anticipating volume recovery over the next 2–3 quarters, supported by easing inflation and improving macro indicators,” the brokerage said. Axis Securities noted that urban markets, which contribute to nearly 50-60 percent of total FMCG sales, continue to face headwinds due to muted wage growth, higher EMIs, and stiff competition from emerging distribution formats like D2C and Q-commerce. However, rural demand remains robust despite macro headwinds. “Looking ahead, we maintain a constructive outlook for the FMCG sector. With rural inflation easing, higher MSPs, healthy monsoon projections, and increased government spending, we expect rural consumption to remain a key growth lever. Moreover, the upcoming quarters—particularly H2FY26 are expected to bring about a more broad-based volume recovery, fueled by seasonal tailwinds, improved consumer sentiment, and monetary policy support,” it added, while naming Varun Beverages and DOMS Industries as its top picks in the sector. Also read: Our LIVE blog on stock market updates"
20 Aug 2025,Nestle India shares rise 2.03% in today's session,https://www.moneycontrol.com/news/business/stocks/nestle-india-shares-rise-2-03-in-today-s-session-alpha-article-13471358.html,"Moneycontrol analysis, dated August 18, 2025, suggests a bearish sentiment for the stock.",,"Nestle India shares experienced a rise of 2.03% to reach Rs 1,185.00 in Wednesday's session. The stock is part of the NIFTY 50 index. Financial Performance: The financial performance of Nestle India reveals key insights into its revenue, profitability, and efficiency. Here’s a look at the consolidated financial highlights: Income Statement (Quarterly): The quarterly income statement provides a snapshot of Nestle India's financial health. Key figures are detailed below (All values in Rs. Crore):Jun 2025Mar 2025Dec 2024Sep 2024Jun 2024Sales5,0965,5034,7795,1044,813Other Income484639Total Income5,1005,5124,7845,1104,853Total Expenditure4,1524,2703,8273,8743,812EBIT9471,2429561,2361,040Interest4637343231Tax241318226300262Net Profit659885695903746The sales for the quarter ending June 2025 were Rs 5,096 Crore, compared to Rs 5,503 Crore for the quarter ending March 2025. The net profit for the quarter ending June 2025 was Rs 659 Crore, while it was Rs 885 Crore for the quarter ending March 2025. Income Statement (Yearly): The yearly income statement offers a broader view of Nestle India's financial performance. Key figures are detailed below (All values in Rs. Crore):Mar 2025Mar 2024Sales20,20124,393Other Income58147Total Income20,26024,541Total Expenditure15,78419,107EBIT4,4765,434Interest136145Tax1,1081,356Net Profit3,2313,932The sales for the year ending March 2025 were Rs 20,201 Crore, compared to Rs 24,393 Crore for the year ending March 2024. The net profit for the year ending March 2025 was Rs 3,231 Crore, while it was Rs 3,932 Crore for the year ending March 2024. Financial Ratios: Key financial ratios provide insight into Nestle India's profitability, efficiency, and leverage. The basic EPS (Rs.) for March 2025 is 33.27 compared to 40.79 for March 2024. The diluted EPS (Rs.) is also 33.27 for March 2025 and 40.79 for March 2024. The book value per share (Rs.) is 41.59 for March 2025, up from 34.65 for March 2024. The company’s debt to equity ratio is 0.19 as of March 2025, compared to 0.01 in March 2024. Balance Sheet: The balance sheet shows the assets, liabilities, and equity of Nestle India (All values in Rs. Crore):Mar 2025Mar 2024Share Capital9696Reserves & Surplus3,9133,244Current Liabilities4,6853,956Other Liabilities3,4973,226Total Liabilities12,19310,523Fixed Assets6,6465,201Current Assets3,7343,494Other Assets1,8121,826Total Assets12,19310,523Contingent Liabilities5001,313Cash Flow: The cash flow statement provides details on the movement of cash both in and out of the company (All values in Rs. Crore):Mar 2025Mar 2024Operating Activities2,9364,174Investing Activities-1,810-1,237Financing Activities-1,848-3,134Others00Net Cash Flow-722-197Corporate Actions: Nestle India announced a bonus issue of 1:1, with the ex-bonus date being August 8, 2025. Additionally, the company had allotted bonus equity shares on August 11, 2025. Moneycontrol analysis, dated August 18, 2025, suggests a bearish sentiment for the stock."
18 Aug 2025,Nestle India shares surge 6.54% amid high volume; stock among top gainers on Nifty 50 in today's session,https://www.moneycontrol.com/news/business/stocks/nestle-india-shares-surge-6-54-amid-high-volume-stock-among-top-gainers-on-nifty-50-in-today-s-session-alpha-article-13462443.html,"Nestle India's stock shows a positive movement amid high volume, with a neutral sentiment indicated by Moneycontrol analysis.",,"Shares of Nestle India rose sharply in Monday's session, with the stock currently trading at Rs 1,160.70, a 6.54% increase. The surge was coupled with high volume, marking a notable movement for the stock. The increase in trading activity suggests heightened investor interest. At 12:22 pm, Nestle India was among the top gainers on the Nifty 50. Financial Snapshot Nestle India's financial performance provides additional context. Here's an overview of the company's consolidated financial results: Income Statement (Quarterly) The following table summarizes the quarterly income statement figures:Jun 2025Mar 2025Dec 2024Sep 2024Jun 2024SalesRs 5,096 CroreRs 5,503 CroreRs 4,779 CroreRs 5,104 CroreRs 4,813 CroreOther IncomeRs 4 CroreRs 8 CroreRs 4 CroreRs 6 CroreRs 39 CroreTotal IncomeRs 5,100 CroreRs 5,512 CroreRs 4,784 CroreRs 5,110 CroreRs 4,853 CroreTotal ExpenditureRs 4,152 CroreRs 4,270 CroreRs 3,827 CroreRs 3,874 CroreRs 3,812 CroreEBITRs 947 CroreRs 1,242 CroreRs 956 CroreRs 1,236 CroreRs 1,040 CroreInterestRs 46 CroreRs 37 CroreRs 34 CroreRs 32 CroreRs 31 CroreTaxRs 241 CroreRs 318 CroreRs 226 CroreRs 300 CroreRs 262 CroreNet ProfitRs 659 CroreRs 885 CroreRs 695 CroreRs 903 CroreRs 746 CroreIncome Statement (Annual) The following table summarizes the annual income statement figures:Mar 2025Mar 2024SalesRs 20,201 CroreRs 24,393 CroreOther IncomeRs 58 CroreRs 147 CroreTotal IncomeRs 20,260 CroreRs 24,541 CroreTotal ExpenditureRs 15,784 CroreRs 19,107 CroreEBITRs 4,476 CroreRs 5,434 CroreInterestRs 136 CroreRs 145 CroreTaxRs 1,108 CroreRs 1,356 CroreNet ProfitRs 3,231 CroreRs 3,932 CroreThe yearly revenue for March 2025 stood at Rs 20,201 Crore compared to Rs 24,393 Crore in March 2024. The net profit for the year ending March 2025 was Rs 3,231 Crore, while in the year ending March 2024, the net profit was Rs 3,932 Crore. Cash Flow The following table summarizes the cash flow figures:Mar 2025Mar 2024Operating ActivitiesRs 2,936 CroreRs 4,174 CroreInvesting ActivitiesRs -1,810 CroreRs -1,237 CroreFinancing ActivitiesRs -1,848 CroreRs -3,134 CroreOthersRs 0 CroreRs 0 CroreNet Cash FlowRs -722 CroreRs -197 CroreBalance Sheet The following table summarizes the balance sheet figures:Mar 2025Mar 2024Share CapitalRs 96 CroreRs 96 CroreReserves & SurplusRs 3,913 CroreRs 3,244 CroreCurrent LiabilitiesRs 4,685 CroreRs 3,956 CroreOther LiabilitiesRs 3,497 CroreRs 3,226 CroreTotal LiabilitiesRs 12,193 CroreRs 10,523 CroreFixed AssetsRs 6,646 CroreRs 5,201 CroreCurrent AssetsRs 3,734 CroreRs 3,494 CroreOther AssetsRs 1,812 CroreRs 1,826 CroreTotal AssetsRs 12,193 CroreRs 10,523 CroreContingent LiabilitiesRs 500 CroreRs 1,313 CroreKey Financial Ratios Key financial ratios for Nestle India include a debt-to-equity ratio of 0.19 as of March 2025, compared to 0.01 in March 2024.Mar 2025Mar 2024Basic EPS (Rs.)33.2740.79Diluted EPS (Rs.)33.2740.79Book Value /Share (Rs.)41.5934.65Dividend/Share (Rs.)27.0032.20Face Value11Gross Profit Margin (%)23.8124.46Operating Margin (%)21.2422.25Net Profit Margin (%)15.9916.12Return on Networth / Equity (%)79.98117.71ROCE (%)57.1782.68Return On Assets (%)26.3037.37Current Ratio (X)0.800.88Quick Ratio (X)0.190.36Debt to Equity (x)0.190.01Interest Coverage Ratios (X)35.3741.02Asset Turnover Ratio (%)1.780.00Inventory Turnover Ratio (X)3.400.003 Yr CAGR Sales (%)14,113.2215,518.543 Yr CAGR Net Profit (%)5,584.666,171.24P/E (x)33.8332.14P/B (x)54.1275.71EV/EBITDA (x)45.2542.26P/S (x)10.7410.37Corporate Actions Nestle India Limited has informed the Exchange regarding the allotment of 964157160 number of equity shares of face value Re. 1/- each as fully paid-up bonus equity shares, pursuant to bonus issue at its meeting held on August 11, 2025. The company announced a bonus issue with exbonus date of August 08, 2025, in the ratio of 1:1, where one new share is offered for each existing share. Nestle India announced a final dividend of Rs 10 per share (1000%) on April 24, 2025, with an effective date of July 04, 2025. Nestle India's stock shows a positive movement amid high volume, with a neutral sentiment indicated by Moneycontrol analysis."
11 Aug 2025,Nestlé India Allots Bonus Shares in 1:1 Ratio,https://www.moneycontrol.com/news/business/markets/nestl-india-allots-bonus-shares-in-1-1-ratio-alpha-article-13434060.html,Nestlé India Allots Bonus Shares in 1:1 Ratio,,"Nestlé India's board has approved the allotment of bonus equity shares in the ratio of 1:1, where one fully paid-up equity share of ₹1 each will be allotted for every one existing fully paid-up equity share of ₹1 each. The allotment was decided during the board meeting held on August 11, 2025. The meeting commenced at 9:00 hours and concluded at 9:15 hours. With this, the company has allotted 964,157,160 equity shares. Consequently, the paid-up share capital of the Company stands increased to ₹1,928,314,320 divided into 1,928,314,320 equity shares of face value of ₹1 each. This allotment is for eligible members of the Company whose names appeared in the Register of Members/ Beneficial Owners as on the Record Date, i.e., 8th August 2025. The company has also uploaded this intimation on its website at www.nestle.in. The scrip code for BSE is 500790 and the NSE symbol is NESTLEIND. Regulation 30 of the SEBI (Listing Obligations and Disclosure Requirements) Regulations, 2015 was followed for the allotment of bonus equity shares. Pramod Kumar Rai, Company Secretary and Compliance Officer, has authorized this release."
08 Aug 2025,Nestle India shares fall 2.04% on Nifty 50,https://www.moneycontrol.com/news/business/stocks/nestle-india-shares-fall-2-04-on-nifty-50-alpha-article-13423849.html,"The stock’s last traded price was Rs 1,094.50, which represents a decrease from its previous close.",,"Shares of Nestle India declined by 2.04%, trading at Rs 1,094.50 on Friday. This downturn positions the stock among the top losers on the Nifty 50 index. The stock's movement reflects bearish sentiment, according to a recent Moneycontrol analysis. Nestle India's quarterly financial performance shows a fluctuating revenue trend. The company's consolidated revenue for the quarter-ending June 2025 stood at Rs 5,096.16 Crore, up from Rs 4,813.95 Crore in June 2024. However, it is slightly lower than the revenue of Rs 5,503.88 Crore reported for the quarter-ending March 2025. Net profit for the same period was Rs 659.23 Crore, compared to Rs 746.60 Crore in June 2024. Earnings per share (EPS) stood at Rs 6.71, down from Rs 7.74 in the same quarter of the previous year. Nestle India's annual financial performance reveals a decrease in both revenue and net profit. Consolidated revenue for the year 2025 was Rs 20,201.56 Crore, a decrease from Rs 24,393.89 Crore in 2024. The net profit also decreased from Rs 3,932.84 Crore in 2024 to Rs 3,231.54 Crore in 2025. EPS decreased from Rs 40.79 in 2024 to Rs 33.27 in 2025. However, the book value per share (BVPS) increased from Rs 34.65 in 2024 to Rs 41.59 in 2025. The return on equity (ROE) decreased from 117.71% in 2024 to 79.98% in 2025, while the debt-to-equity ratio increased from 0.01 in 2024 to 0.19 in 2025. The following table summarizes Nestle India's key financial data:Financial YearRevenue (Rs Crore)Net Profit (Rs Crore)EPS (Rs)BVPS (Rs)ROE (%)Debt to Equity2024Rs 24,393.89 CroreRs 3,932.84 Crore40.7934.65117.710.012025Rs 20,201.56 CroreRs 3,231.54 Crore33.2741.5979.980.19Nestle India has announced a bonus issue with a record date of August 8, 2025, offering a 1:1 bonus ratio. The company has also announced dividends. A final dividend of Rs 10 per share (1000%) was announced on April 24, 2025, with an effective date of July 4, 2025. An interim dividend of Rs 14.25 per share (1425%) was announced on January 24, 2025, with an effective date of February 7, 2025. The stock’s last traded price was Rs 1,094.50, which represents a decrease from its previous close."
05 Aug 2025,Hold Nestle India: target of Rs 2400: ICICI Securities,https://www.moneycontrol.com/news/business/earnings/hold-nestle-india-target-of-rs-2400-icici-securities-13396806.html,"ICICI Securities recommended hold rating on Nestle India with a target price of Rs 2400 in its research report dated August 03, 2025.",Hold,"ICICI Securities's research report on Nestle India Over the last three decades, Suresh Narayanan’s tenure (ten years) as CMD of Nestlé India has been one of the most celebrated. Notable achievements: (1) steering it through the Maggi crisis and maintaining market leadership by rebuilding consumer trust, (2) doubling down on volume-led growth (~8%), driving revenue/PAT CAGR of 10%/ 12%, resulting in 18% TSR (vs. FMCG 12%), (3) accelerating growth in core brand with aggressive NPD (over 150 new products), thereby increasing contribution to 7% from 1.5% of sales, (4) expanding its retail footprint - especially in rural areas through the RURBAN strategy (adding 1.3mn retail outlets). Misses: (1) milk products and nutrition (a high-margin segment) underperformed due to weak volume growth (declined 1% CAGR), probably driven by reduced affordability Outlook We model revenue / EBITDA / PAT CAGR of 10% / 10% / 13% over FY25-27E. Maintain HOLD with a DCF-based target price of INR 2,400. Upside risk: Faster-thananticipated recovery in demand environment. Downside risk: Higher-than-expected inflation in key raw material prices. For all recommendations report, click here Nestle India_05082025_ICICI Securities"
28 Jul 2025,Buy Nestle India; target of Rs 2600: Sharekhan,https://www.moneycontrol.com/news/business/stocks/buy-nestle-india-target-of-rs-2600-sharekhan-13336308.html,"Sharekhan is bullish on Nestle India has recommended buy rating on the stock with a target price of Rs 2600 in its research report dated July 24, 2025.",Buy,"Sharekhan's research report on Nestle India Nestle India’s (Nestle’s) Q1FY26 performance missed expectations on profitability front as OPM declined 156 bps y-o-y to 21.6% (versus 23.5% expected), while PAT declined by 11.7% y-o-y to Rs. 659 crore (against expectation of Rs. 749 crore). Revenue grew by 6% y-o-y. Nestle sustained strong volume-led double-digit growth in Confectionery and Powdered & Liquid Beverages and posted volume-growth revival in Prepared Dishes & Cooking Aids. Margins were hit by consumption of high-cost inventory and increased operational costs. Going ahead, management has guided for stabilisation/correction in prices of key inputs - edible oil, cocoa and coffee, and expects milk prices to decline. Outlook Stock trades at 67x/59x its FY26E/FY27E EPS, respectively. We maintain a Buy rating with a revised PT of Rs. 2,600. For all recommendations report, click here Nestle India- 28072025 - khan"
28 Jul 2025,Neutral Nestle India; target of Rs 2400: Motilal Oswal,https://www.moneycontrol.com/news/business/neutral-nestle-india-target-of-rs-2400-motilal-oswal-13336522.html,"Motilal Oswal recommended Neutral rating on Nestle India with a target price of Rs 2400 in its research report dated July 24, 2025.",Neutral,"Motilal Oswal's research report on Nestle India Nestle India (Nestle) reported a 5.9% YoY revenue growth in 1QFY26, in line with our expectations. Domestic sales grew 5.5% YoY. We believe volume growth was in the low single digits. Nestle highlighted that, except for the Milk Products and Nutrition category, all other categories recorded volumeled growth. Export revenue grew 16% YoY, driven by strong performance in Foods, Coffee, Instant Tea, and Breakfast Cereals. GM contracted 250bp YoY/100bp QoQ to 55.2% (est. 57%), given the inflationary commodity prices. Management indicated that Coffee, Cocoa, and Edible Oil prices are expected to remain range-bound, while milk prices will likely cool off. EBITDA margin contracted 130bp YoY to 21.9%, the lowest in the past 12 quarters, due to elevated operating costs. We model an EBITDA margin of 23.6% for FY26 and 24.5% for FY27. Outlook The stock is trading at 69x/60x FY26/FY27 EPS. Given its expensive valuation, we reiterate our Neutral rating with a TP of INR2,400 (based on 60x P/E Jun'27E). For all recommendations report, click here Nestle India_25072025_Motilal Oswal"
25 Jul 2025,Hold Nestle India; target of Rs 2392: Prabhudas Lilladher,https://www.moneycontrol.com/news/business/stocks/hold-nestle-india-target-of-rs-2392-prabhudas-lilladher-13326021.html,"Prabhudas Lilladher recommended hold rating on Nestle India with a target price of Rs 2392 in its research report dated July 24, 2025.",hold,"Prabhudas Lilladher's research report on Nestle India We cut FY26/FY27 estimates by 4.4/6.8% given 1) pressure on Milk Products & Nutrition category (~38% of sales) due to muted growth in dairy and rising competitive intensity in low growth infant nutrition and 2) higher overheads /depreciation due to near doubling of gross block over last 3 years. NESTLE posted a weak quarter with 5.9% sales growth and flattish EBIDTA as margins declined 155bps given impact of elevated commodity prices (coffee, cocoa, milk and palmoil), higher operational costs (expansion in capacity) and drag in sales from Milk products and nutrition. We remain confident of doubledigit sales growth in Maggi, Nescafe (powder + RTD) and Chocolates (Wafers and milk chocolates). However, Maggi Noodles face rising competition from host of B2C brands in a fast-evolving category. Outlook Even after assuming 11.5% EPS CAGR post FY26, the stock trades at 63xJune27 EPS, which limits any meaningful upside. We cut the target price to Rs2392 (Rs2550 earlier) and rating from Accumulate to Hold given headwinds in a dairy and nutrition and premium valuations. For all recommendations report, click here Nestle India - 25072025 - prabhu"
25 Jul 2025,Nestle India share price falls over 2% in early trade,https://www.moneycontrol.com/news/business/stocks/nestle-india-share-price-falls-over-2-in-early-trade-alpha-article-13324603.html,"With the stock currently trading at Rs 2,274.30, Nestle India experiences a notable decrease in early trade.",,"Shares of Nestle India declined by 2.06% to Rs 2,274.30 in Friday's early trading session. This decline reflects a negative shift in investor sentiment towards the stock. Nestle India is included as one of the stocks in the benchmark NIFTY 50 index. Financial Highlights: The following table summarizes the consolidated quarterly financial performance of Nestle India:HeadingJun 2024Sep 2024Dec 2024Mar 2025Jun 2025RevenueRs 4,813.95 CroreRs 5,104.00 CroreRs 4,779.73 CroreRs 5,503.88 CroreRs 5,096.16 CroreNet ProfitRs 746.60 CroreRs 903.21 CroreRs 695.82 CroreRs 885.88 CroreRs 659.23 CroreEPS7.749.337.149.066.71The revenue for the quarter-ending June 2025 was Rs 5,096.16 Crore, compared to Rs 4,813.95 Crore in June 2024. The net profit for the quarter-ending June 2025 was Rs 659.23 Crore, compared to Rs 746.60 Crore in June 2024. The EPS for the quarter-ending June 2025 was 6.71, compared to 7.74 in June 2024. The following table summarizes the consolidated yearly financial performance of Nestle India:Heading20242025RevenueRs 24,393.89 CroreRs 20,201.56 CroreNet ProfitRs 3,932.84 CroreRs 3,231.54 CroreEPS40.7933.27BVPS34.6541.59ROE117.7179.98Debt to Equity0.010.19The revenue for the year 2025 was Rs 20,201.56 Crore, compared to Rs 24,393.89 Crore in 2024. The net profit for the year 2025 was Rs 3,231.54 Crore, compared to Rs 3,932.84 Crore in 2024. The EPS for the year 2025 was 33.27, compared to 40.79 in 2024. The BVPS for the year 2025 was 41.59, compared to 34.65 in 2024. The ROE for the year 2025 was 79.98, compared to 117.71 in 2024. The Debt to Equity for the year 2025 was 0.19, compared to 0.01 in 2024. The following table summarizes the consolidated yearly income statement of Nestle India:Mar 2025Mar 2024SalesRs 20,201 CroreRs 24,393 CroreOther IncomeRs 58 CroreRs 147 CroreTotal IncomeRs 20,260 CroreRs 24,541 CroreTotal ExpenditureRs 15,784 CroreRs 19,107 CroreEBITRs 4,476 CroreRs 5,434 CroreInterestRs 136 CroreRs 145 CroreTaxRs 1,108 CroreRs 1,356 CroreNet ProfitRs 3,231 CroreRs 3,932 CroreThe sales for the year ending March 2025 was Rs 20,201 Crore compared to Rs 24,393 Crore for the year ending March 2024. The net profit for the year ending March 2025 was Rs 3,231 Crore compared to Rs 3,932 Crore for the year ending March 2024. The following table summarizes the consolidated quarterly income statement of Nestle India:Jun 2025Mar 2025Dec 2024Sep 2024Jun 2024SalesRs 5,096 CroreRs 5,503 CroreRs 4,779 CroreRs 5,104 CroreRs 4,813 CroreOther IncomeRs 4 CroreRs 8 CroreRs 4 CroreRs 6 CroreRs 39 CroreTotal IncomeRs 5,100 CroreRs 5,512 CroreRs 4,784 CroreRs 5,110 CroreRs 4,853 CroreTotal ExpenditureRs 4,152 CroreRs 4,270 CroreRs 3,827 CroreRs 3,874 CroreRs 3,812 CroreEBITRs 947 CroreRs 1,242 CroreRs 956 CroreRs 1,236 CroreRs 1,040 CroreInterestRs 46 CroreRs 37 CroreRs 34 CroreRs 32 CroreRs 31 CroreTaxRs 241 CroreRs 318 CroreRs 226 CroreRs 300 CroreRs 262 CroreNet ProfitRs 659 CroreRs 885 CroreRs 695 CroreRs 903 CroreRs 746 CroreThe sales for the quarter ending June 2025 was Rs 5,096 Crore compared to Rs 4,813 Crore for the quarter ending June 2024. The net profit for the quarter ending June 2025 was Rs 659 Crore compared to Rs 746 Crore for the quarter ending June 2024. Balance Sheet: The following table summarizes the consolidated balance sheet of Nestle India:Equities & LiabilitiesMar 2025Mar 2024Share CapitalRs 96 CroreRs 96 CroreReserves & SurplusRs 3,913 CroreRs 3,244 CroreCurrent LiabilitiesRs 4,685 CroreRs 3,956 CroreOther LiabilitiesRs 3,497 CroreRs 3,226 CroreTotal LiabilitiesRs 12,193 CroreRs 10,523 CroreAssetsMar 2025Mar 2024Fixed AssetsRs 6,646 CroreRs 5,201 CroreCurrent AssetsRs 3,734 CroreRs 3,494 CroreOther AssetsRs 1,812 CroreRs 1,826 CroreTotal AssetsRs 12,193 CroreRs 10,523 CroreOther InfoMar 2025Mar 2024Contingent LiabilitiesRs 500 CroreRs 1,313 CroreTotal assets were Rs 12,193 Crore for the year ending March 2025 compared to Rs 10,523 Crore for the year ending March 2024. Cash Flow: The following table summarizes the consolidated cash flow of Nestle India:Mar 2025Mar 2024Operating ActivitiesRs 2,936 CroreRs 4,174 CroreInvesting ActivitiesRs -1,810 CroreRs -1,237 CroreFinancing ActivitiesRs -1,848 CroreRs -3,134 CroreOthersRs 0 CroreRs 0 CroreNet Cash FlowRs -722 CroreRs -197 CroreFinancial Ratios: Key financial ratios for Nestle India show a P/E ratio of 67.65 and a P/B ratio of 54.12. The company reported a debt-to-equity ratio of 0.19 as of the year-ending March 2025. Corporate Actions: Nestle India announced a final dividend of Rs 10 per share (1000%) with an effective date of July 4, 2025. Additionally, an interim dividend of Rs 14.25 per share (1425%) was announced, effective from February 7, 2025. Moneycontrol analysis, as of yesterday, indicated a bearish sentiment on the stock. With the stock currently trading at Rs 2,274.30, Nestle India experiences a notable decrease in early trade."
24 Jul 2025,"Nestle Standalone June 2025 Net Sales at Rs 5,096.16 crore, up 5.86% Y-o-Y",https://www.moneycontrol.com/news/business/earnings/nestle-standalone-june-2025-net-sales-at-rs-5096-16-crore-up-5-86-y-o-y-13320412.html,,,"Reported Standalone quarterly numbers for Nestle India are: Net Sales at Rs 5,096.16 crore in June 2025 up 5.86% from Rs. 4,813.95 crore in June 2024. Quarterly Net Profit at Rs. 659.23 crore in June 2025 down 11.7% from Rs. 746.60 crore in June 2024. EBITDA stands at Rs. 1,104.30 crore in June 2025 down 4.26% from Rs. 1,153.45 crore in June 2024. Nestle EPS has decreased to Rs. 6.84 in June 2025 from Rs. 7.74 in June 2024. Nestle shares closed at 2,452.50 on July 22, 2025 (NSE) and has given 11.53% returns over the last 6 months and -5.00% over the last 12 months. "
24 Jul 2025,"Nestle Consolidated June 2025 Net Sales at Rs 5,096.16 crore, up 5.86% Y-o-Y",https://www.moneycontrol.com/news/business/earnings/nestle-consolidated-june-2025-net-sales-at-rs-5096-16-crore-up-5-86-y-o-y-13320421.html,,,"Reported Consolidated quarterly numbers for Nestle India are: Net Sales at Rs 5,096.16 crore in June 2025 up 5.86% from Rs. 4,813.95 crore in June 2024. Quarterly Net Profit at Rs. 646.59 crore in June 2025 down 13.4% from Rs. 746.60 crore in June 2024. EBITDA stands at Rs. 1,104.30 crore in June 2025 down 4.26% from Rs. 1,153.45 crore in June 2024. Nestle EPS has decreased to Rs. 6.71 in June 2025 from Rs. 7.74 in June 2024. Nestle shares closed at 2,452.50 on July 22, 2025 (NSE) and has given 11.53% returns over the last 6 months and -5.00% over the last 12 months. "
24 Jul 2025,Nestle shares fall 5% to emerge as top Nifty loser as Q1 net profit misses estimates,https://www.moneycontrol.com/news/business/markets/nestle-shares-fall-5-to-emerge-as-top-nifty-loser-as-q1-net-profit-misses-estimates-13319260.html,"Nestle India share price: Elevated consumption prices across the commodity portfolio impacted the FMCG company's earnings in Q1, said Chairman and MD Suresh Narayanan.",Nestle shares crash after Q1 results,"The shares of Nestle India crashed nearly 5 percent on July 24 after the company's Q1 net profit missed analysts' expectations. The stock is currently the top loser on the benchmark Nifty 50 index. Nestle reported a net profit of Rs 647 crore for the first quarter of the financial year 2026. This marks a 13% drop from the Rs 747 crore net profit reported in the corresponding quarter of the previous financial year. The net profit is significantly lower than the Rs 751 crore estimated on an average by brokerages polled by Moneycontrol. The shares of the company were trading at 2,340 in the afternoon. The sharp fall in the share price pushed the Nifty FMCG index down more than 1 percent to hover around 55,143. Revenue from operations beats estimate The FMCG major's revenue from operations rose 6 percent on-year to Rs 5,096 crore in Q1 FY26. It had earlier reported revenue from operations at Rs 4,814 crore in Q1 FY25. The revenue is higher than the Rs 5,082 crore estimated on an average by brokerages polled by Moneycontrol. During the quarter under review, Nestle's income from domestic sales rose over 5 percent on-year to Rs 4,860 crore, while exports rose nearly 16 percent to Rs 214 crore. Its total sales grew more than 6 percent on-year to Rs 5,074 crore in Q1 FY26. 'Elevated consumption prices impacted earnings' Elevated consumption prices across the commodity portfolio impacted the FMCG company's earnings this quarter, said the firm's current Chairman and MD Suresh Narayanan. Higher operations costs as a result of significant expansion in manufacturing in the last seven to eight months, and higher finance costs due to borrowing from commercial banks to fund temporary operational cash-flow requirements further impacted earnings, he added. Suresh Narayanan however added that the firm has noticed stabilizing prices for edible oil and cocoa, a declining trend in coffee and stabilizing to modest increase in pricing of milk. ""The Powdered and Liquid Beverages category sustained its position as one of the largest growthdrivers with another robust performance this quarter registering strong double-digit growth. This performance builds on a strong foundation following high double-digit growth in the corresponding quarter. NESCAFÉ further solidified its leadership in the coffee category by gaining additional market share. The brand continued to democratize coffee through affordable packs, while also expanding the premium segment with NESCAFÉ Gold and NESCAFÉ Roastery. NESCAFÉ RTD continued to demonstrate strong growth,"" he said. The firm saw mixed growth performance in milk products and nutrition category, with certain segments showing growth while a few had muted performance. ""Significant rise in demand over recent quarters has led to growth in urban markets. RUrban markets too have demonstrated positive growth, signalling a favourable shift in market dynamics and contributing to overall market resilience,"" the firm's CMD said. 'Coffee prices expected to remain range-bound, Milk prices likely to fall' According to Nestle, coffee prices expected to remain range-bound at current lower levels, as the upcoming Vietnam crop appears to be normal. Cocoa and edible oil prices have stabilized and remain range-bound, while milk prices will likely decrease with the onset of a favorable monsoon and flush season, the firm added. Manish Tiwary appointed as Nestle India CMD Along with the Q1 results, the FMCG major’s board also approved the appointment of Manish Tiwary as the Chairman and Managing Director, effective from August 1 August this year. Current CMD Suresh Narayanan will relinquish his office upon his retirement on July 31. ""I am confident that Nestlé India will continue to thrive and soar new heights - moving forward with greater focus and readiness for the future, fostering an inclusive and compassionate environment where every voice is valued. With much gratitude, it has truly been an honour and privilege to serve you. I carry with me cherished memories of the decade gone by. I take this opportunity to extend my best wishes to Mr Manish Tiwary as he takes on the role of Chairman and Managing Director of Nestlé India from 1st August 2025,"" said current CMD Suresh Narayanan. Also read: Our LIVE blog on Q1 results"
24 Jul 2025,Nestle India Q1 net profit falls on higher costs; appoints Manish Tiwary as CMD,https://www.moneycontrol.com/news/business/earnings/nestle-india-q1-net-profit-falls-13-4-on-year-to-rs-647-cr-appoints-manish-tiwary-as-chairman-md-13319111.html,"Nestle India net profit fell more than 13% from the previous year to Rs 647 crore, missing Street expectations. The share price fell more than 3%.",Nestle India Q1 FY26 Results,"Packaged foods maker Nestlé India Ltd's consolidated net profit fell 13.4 per cent year-on-year in the quarter ended June 30 as higher raw material and finance costs dented earnings  despite robust growth in key categories. The fast moving consumer goods (FMCG) company reported a net profit of Rs 646.6 crore on July 24, missing Street estimates, as against Rs 746.6 crore in the same quarter last year. Revenue from operations for the fiscal first quarter expanded 5.9% on-year to Rs 5,096.2 crore, a stock exchange filing showed. According to a Moneycontrol poll of nine brokerages, Nestle India's Q1 net profit was pegged at Rs 751 crore. On a standalone basis, net profit fell 11 per cent to Rs  659.2 crore  in the quarter ended June 30. Meanwhile, domestic sales rose 5.5 per cent to Rs 4,860 crore and export sales jumped 15 per cent to Rs 213.95 crore. The FMCG major's board approved appointment of Manish Tiwary as the Chairman and Managing Director, effective 1 August 2025. Current CMD Suresh Narayanan will relinquish his office as Chairman and Managing Director upon his retirement on 31 July 2025, said Nestle. The appointment comes as most consumer goods companies are rejiging the leadership amid tepid growth and investor pressure to perform. Nestle India share price fell, and was trading down 5% at 2,325.6 on NSE after the results announcement, thus emerging as top loser on Nifty 50. Higher costs bite The Maggi noodles maker is battling cost inflation in key commodities such as cocoa and coffee, staples in its popular KitKat chocolates and Nescafe coffees. ""The quarter was impacted by elevated consumption prices across the commodity portfolio,"" Nestle India Chairman and Managing Director Suresh Narayanan said in a statement. ""We witnessed higher operations costs as a result of significant expansion in manufacturing in the last seven to eight months. Moreover, borrowing from commercial banks to fund temporary operational cash-flow requirements resulted in higher finance costs in the quarter. However, we have noticed stabilizing prices for edible oil and cocoa, a declining trend in coffee and stabilizing to modest increase in pricing of milk,"" added Narayanan. Commenting on the coffee prices, Narayanan said, ""Coffee prices expected to remain range-bound at current lower levels, as the upcoming Vietnamcrop appears to be normal. Cocoa and Edible Oil prices have stabilized and remain range-bound. Milk prices are anticipated to decrease with the onset of a favorable monsoon and flush season."" Volume-led growth across most categories The company said it experienced robust performance across categories including  prepared dishes and cooking aids, powdered and liquid beverages and confectionery, with all of them registering a double -digit growth in the quarter. It flagged strong performance of NESCAFÉ Classic, NESCAFÉ Sunrise, and NESCAFÉ GOLD. ""KITKAT emerged as the largest growth driver, achieving double-digit growth, particularly in RUrban markets, while continuing to gain market share,"" Narayanan said. ""Significant rise in demand over recent quarters has led to growth in urban markets. RUrban markets too have demonstrated positive growth, signalling a favourable shift in market dynamics and contributing to overall market resilience,"" he added. Its newly acquired pet food business too witnessed a strong performance, primarily driven by the cat portfolio, the company said. "
24 Jul 2025,"Sensex down 500 pts, Nifty below 25,100: Nestle Q1 results among key factors behind market decline",https://www.moneycontrol.com/news/business/markets/sensex-down-400-pts-nifty-below-25-050-fii-selling-among-key-factors-behind-market-decline-13319060.html,"Sensex, Nifty snapped previous day gains to decline on Thursday as weak Nestle India Q1 results weighed on investor sentiment towards the broader FMCG pack.","Sensex, Nifty snapped previous day gains to decline on Thursday after selling in heavyweight stocks and foreign institutional investor (FII) outflows.","The benchmark indices gave up early gains and traded lower at around noon on Thursday, dragged by selling in heavyweight stocks and foreign institutional investor (FII) outflows. Despite a positive start, the Sensex failed to carry forward the momentum and fell later in the trade. The benchmark tanked 542.47 points, or 0.66 percent, to settle at 82,184.17. During the day, it tumbled 679.42 points, or 0.82 percent, to 82,047.22. The Nifty dropped 157.80 points, or 0.63 percent, to 25,062.10. Nestle India, Trent, Shriram Finance, Tech Mahindra and Coal India were among the major laggards, declining up to 5 percent. Here are the key factors weighing on the market: 1) Nestle India earnings miss: Nestle India reported a 13.4 percent year-on-year decline in consolidated net profit at Rs 646.6 crore for Q1 FY26, missing Street expectations. Analysts had projected a profit of Rs 751 crore, according to a Moneycontrol poll of nine brokerages. The drop was largely due to higher raw material costs and increased expenses related to its manufacturing expansion plans. The weaker results weighed on investor sentiment towards the broader FMCG pack, as rising input costs and margin pressures remain a concern across the sector. Nestle India Q1 net profit falls 13.4% on-year to Rs 647 cr; appoints Manish Tiwary as CMD 2) FII selling: FIIs net sold equities worth Rs 4,209.11 crore on Wednesday. Continued foreign selling reduces liquidity and often adds pressure on stock prices, especially in large-cap segments. Stock Market LIVE Updates 3) Weakness in heavyweights: Shares of Trent, Tech Mahindra, and Infosys were among major drags on the Nifty50 index. Selling in index heavyweights tends to have a broader impact on benchmark performance, leading to wider market weakness. Infosys, despite reporting an 8.7 percent rise in June quarter net profit, narrowed its full-year revenue forecast, which affected sentiment. 4) Rising crude prices: Brent crude futures rose 0.31 percent to USD 68.72 a barrel. Higher crude prices raise input costs for companies, widen the current account deficit, and can lead to inflationary pressures, negatively impacting investor sentiment. 5) Global trade tensions: The European Union has proposed 30 percent tariffs on USD 117 billion worth of US goods if the US enforces similar duties on EU exports after August 1. The development has renewed concerns over global trade disruptions. Meanwhile, uncertainty continues over the final announcement of the India-US trade deal, which investors are closely tracking. 6) Selling pressure in IT stocks: The Nifty IT index fell nearly 2 percent, led by sharp declines in midcap IT services firms. Persistent Systems Ltd and Coforge Ltd dropped 9 percent each, trading at Rs 5,099 and Rs 1,688 respectively. The fall in these two stocks alone dragged the index by 128 points. Additionally, Infosys slipped around 1 per cent, and due to its 39.3 per cent weightage in the Nifty IT index, it contributed a 150-point decline. Persistent Systems reported 3.9 per cent sequential growth in revenue for the quarter (3.3 per cent in constant currency terms) to $389.7 million. Growth was driven by its BFSI vertical (up 9 per cent QoQ) and Software, Hi-Tech & Emerging Industries (up 3.6 per cent), while Healthcare & Lifesciences declined 1.9 per cent due to a planned offshore shift by some large clients. Nifty IT crashes 2% as fall in Persistent Systems, Coforge, Infosys shares weighs Technical view Anand James, Chief Market Strategist at Geojit Financial Services, said there are no signs of exhaustion yet after Nifty hit the initial target of 25,215, although a horizontal resistance remains. ""With directional indicators not pointing to strong momentum for a breakout, consolidation is expected. A break above 25,400 could confirm the maturity of a descending broadening wedge pattern. Key supports are at 25,174 and 25,113, which need to hold to maintain the positive bias,"" James added."
22 Jul 2025,Nestle India Q1 Preview: Profit likely to remain flat despite steady sales growth,https://www.moneycontrol.com/news/business/earnings/nestle-india-q1-preview-profit-likely-to-remain-flat-despite-steady-sales-growth-13308258.html,"According to a Moneycontrol poll of nine brokerages, net profit is likely to rise by 0.6 percent to Rs 751 crore for the quarter ended June. ","Nestle India will report its earnings for the quarter on July 24, 2024.","Maggi noodles maker Nestle India will showcase its earnings report for the June quarter of the fiscal year on July 24, 2025. Sales growth is expected in the mid-single digits, while net profit is likely to remain flat. According to a Moneycontrol poll of nine brokerages, Nestle India is likely to report a 6 percent year-on-year rise in revenue at Rs 5,082 crore compared to Rs 4,793 crore reported in the same quarter last year. Net profit for the April to June period is likely to rise by a mere 0.6 percent to Rs 751 crore as against Rs 747 reported in the corresponding quarter of the previous financial year.  Estimates of analysts polled by Moneycontrol are shown to be in a narrow range, meaning any positive or negative surprises may elicit a sharp reaction in the stock price. Among the brokerages polled, Nomura rolled out the most bullish projections while PhillipCapital forecasted the slowest growth for Nestle India. What factors are driving the earnings? According to experts, the decline in net profit will likely be a result of lower other income, while revenue growth is seen around six percent. Weak demand: Brokerages noted that even though urban demand is recovering, following the slowdown, a higher dependency on urban markets might weigh on Nestle India's volumes. Most expectations see volume growth in the range of two to three percent. Sales growth: While Moneycontrol's poll expects sales growth of six percent, the range is between five to seven percent. Growth is expected to be led by powdered liquid and beverages segment (led by pricing) and confectionery, even as milk products/nutrition could continue to lag (challenges in mid-priced baby foods segment and competition from milk co-operative players). Further, price hikes of around three percent have been taken, mainly led by coffee and premium chocolates. Margins: According to Motilal Oswal, gross margins are likely to contract by 60 basis points to 57 percent, as a result of rising coffee and edible prices, along with other raw materials. However, the EBITDA margin is likely to be more steady. What to look out for in the quarterly show? Analysts will closely monitor the management’s commentaries on demand and material costs. They will also pay attention to raw material prices,  particularly for coffee, milk, and sugar,  and their effect on EBITDA margins, as well as the growing competitive pressure across segments. Further, updates on distribution expansion and direct reach initiatives will be closely watched out for."
16 Jul 2025,Nestle India shares rise 2.13% on Nifty 50,https://www.moneycontrol.com/news/business/stocks/nestle-india-shares-rise-2-13-on-nifty-50-alpha-article-13284036.html,"With the stock currently trading at Rs 2,467.70, Nestle India has demonstrated a positive movement today on the Nifty 50 index.",,"Shares of Nestle India gained 2.13% to trade at Rs 2,467.70 on Wednesday. This increase reflects a positive movement from the previous close, with the stock showing strong performance during today's session on the Nifty 50 index. Financial Snapshot: Nestle India's financial performance reveals the following trends: The company's consolidated revenue and net profit figures are as follows:Financial YearRevenue (Rs Crore)Net Profit (Rs Crore)EPS (Rs)BVPS (Rs)ROE (%)Debt to Equity202424,393.893,932.8440.7934.65117.710.01202520,201.563,231.5433.2741.5979.980.19Nestle India’s revenue decreased by 17.20 percent in 2025 compared to 2024. Net profit also saw a decrease of 17.83 percent. The company’s Debt to Equity ratio increased from 0.01 in 2024 to 0.19 in 2025. Quarterly Performance: Nestle India's quarterly financial performance shows the following:QuarterRevenue (Rs Crore)Net Profit (Rs Crore)EPS (Rs)Mar 202410,098.121,670.8117.33Jun 20244,813.95746.607.74Sep 20245,104.00903.219.33Dec 20244,779.73695.827.14Mar 20255,503.88885.889.06The revenue for the quarter ending March 2025 was Rs 5,503.88 Crore, an increase compared to the December 2024 quarter. Net profit for the quarter ending March 2025 was Rs 885.88 Crore. Annual Income Statement:ParticularsMar 2025 (Rs Crore)Mar 2024 (Rs Crore)Sales20,20124,393Other Income58147Total Income20,26024,541Total Expenditure15,78419,107EBIT4,4765,434Interest136145Tax1,1081,356Net Profit3,2313,932The total sales decreased from Rs 24,393 Crore in March 2024 to Rs 20,201 Crore in March 2025. The EBIT decreased from Rs 5,434 Crore to Rs 4,476 Crore. Cash Flow:ParticularsMar 2025 (Rs Crore)Mar 2024 (Rs Crore)Operating Activities2,9364,174Investing Activities-1,810-1,237Financing Activities-1,848-3,134Others00Net Cash Flow-722-197The cash flow from operating activities was Rs 2,936 Crore in March 2025 compared to Rs 4,174 Crore in March 2024. The net cash flow was -Rs 722 Crore in March 2025. Balance Sheet:ParticularsMar 2025 (Rs Crore)Mar 2024 (Rs Crore)Share Capital9696Reserves & Surplus3,9133,244Current Liabilities4,6853,956Other Liabilities3,4973,226Total Liabilities12,19310,523Fixed Assets6,6465,201Current Assets3,7343,494Other Assets1,8121,826Total Assets12,19310,523Contingent Liabilities5001,313Total assets increased from Rs 10,523 Crore in March 2024 to Rs 12,193 Crore in March 2025. Current liabilities also increased during the same period. Key Ratios:RatioMar 2025Mar 2024Basic EPS (Rs.)33.2740.79Diluted EPS (Rs.)33.2740.79Book Value /Share (Rs.)41.5934.65Dividend/Share (Rs.)27.0032.20P/E (x)67.6564.29P/B (x)54.1275.71Debt to Equity (x)0.190.01Current Ratio (X)0.800.88Return on Equity (%)79.98117.71The Basic and Diluted EPS decreased from Rs 40.79 in March 2024 to Rs 33.27 in March 2025. The Debt to Equity ratio increased from 0.01 to 0.19. The P/E ratio is 67.65 and P/B ratio is 54.12. Corporate Actions: Nestle India has a history of bonus issues, including a 1:2 bonus ratio on April 23, 1996, with an ex-bonus date of July 15, 1996. The company announced a final dividend of Rs 10 per share (1000%) on April 24, 2025, with an effective date of July 4, 2025. Nestle India had a stock split on October 19, 2023, with an ex-split date of January 5, 2024, changing the face value from Rs 10 to Rs 1. As of July 10, 2025, sentiment analysis from Moneycontrol indicates a bullish outlook for the stock. With the stock currently trading at Rs 2,467.70, Nestle India has demonstrated a positive movement today on the Nifty 50 index."
03 Jul 2025,"Stocks to Watch Today: Avenue Supermarts, Indogulf Cropsciences, Punjab National Bank, Nykaa, Aurobindo Pharma, Le Lavoir in focus on 3 July",https://www.moneycontrol.com/news/business/markets/stocks-to-watch-today-avenue-supermarts-indogulf-cropsciences-punjab-national-bank-nykaa-aurobindo-pharma-le-lavoir-in-focus-on-3-july-13220897.html,"Stocks to Watch, 3 July: Stocks like Avenue Supermarts,Hindustan Zinc, FSN E-Commerce Ventures Nykaa, Punjab National Bank, Aurobindo Pharma, Le Lavoir, Motilal Oswal Financial Services, Nestle India, Max Financial Services, and Indogulf Cropsciences will be in focus on July 3.","Stocks to Watch Today, 3 July","Let's catch up on the latest news from the stock market. From significant investments to major deals, quarterly earnings, appointments, and acquisitions, here’s a quick look at which stocks will be in focus in today's trade: Q1FY26 Earnings Update (Provisional) Mahindra and Mahindra Financial Services Q1 (YoY) Overall disbursement grows 1% to Rs 12,800 crore Business assets increase 15% to Rs 1.22 lakh crore Collection efficiency at 95% Vs 94% As of June 2025, Stage-3 estimated in range of 3.8-3.9% Vs 3.7% QoQ & 3.6% YoY As of June 2025, Stage-2 estimated in range of 5.8-5.9% Vs 5.4% QoQ & 6.1% YoY Company enjoys comfortable liquidity position on its balance sheet, with liquidity chest of over Rs 9,600 crore Punjab National Bank Q1 (YoY) Global business grows 11.6% to Rs 27.19 lakh crore Vs Rs 24.36 lakh crore Domestic business increases 11.1% to Rs 26.17 lakh crore Vs Rs 23.54 lakh crore Global deposits jump 12.8% to Rs 15.89 lakh crore Vs Rs 14.08 lakh crore Domestic deposits soar 12.2% to Rs 15.37 lakh crore Vs Rs 13.7 lakh crore Global advances rise 9.9% to Rs 11.31 lakh crore Vs 10.28 lakh crore Domestic advances grow 9.7% to Rs 10.80 lakh crore Vs Rs 9.84 lakh crore Indian Bank Q1 (YoY) Total business soars 10.2% to Rs 13.44 lakh crore Vs Rs 12.2 lakh crore Total deposits grow 9.3% to Rs 7.44 lakh crore Vs Rs 6.81 lakh crore Gross advances increase 11.3% to Rs 6 lakh crore Vs Rs 5.39 lakh crore Avenue Supermarts Q1 (YoY) Standalone revenue zooms 16.2% to Rs 15,932.12 crore Vs Rs 13,711.87 crore Total number of stores as of June 2025 stood at 424 Hindustan Zinc Q1 (YoY) Mined metal production increases 1% to 2.65 lakh tonnes Vs 2.63 lakh tonnes Saleable metal production drops 5% to 2.5 lakh tonnes Vs 2.62 lakh tonnes Refined zinc production declines 4% to 2.02 lakh tonnes Vs 2.11 lakh tonnes Refined lead production falls 6% to 48,000 tonnes Vs 51,000 tonnes Stocks to Watch FSN E-Commerce Ventures Nykaa Harindarpal Singh Banga and Indra Banga are likely to sell a 2.1% equity stake in the company via block deals, reports CNBC-TV18 quoting sources. The block size may be around Rs 1,200 crore. Pfizer Shilpi Singh has resigned from the position of Director – People Experience, effective August 14. However, the Board has appointed Reshma Parida as Senior Director – People Experience of the company, effective August 1. Currently, Reshma Parida serves as Senior Director – People Experience for APAC, AfME, and SBO APAC Cluster of the company. Aurobindo Pharma The company’s subsidiary, CuraTeQ Biologics s.r.o., has obtained marketing authorization from the European Commission for Dazublys, its trastuzumab biosimilar version. Dazublys is used in the treatment of adult patients with HER2-positive breast and gastric cancers. Additionally, Pharmacin BV has merged with its holding company, Agile Pharma BV, effective July 1. Both are wholly owned step-down subsidiaries of the company and are incorporated in the Netherlands. Indian Overseas Bank Shareholders have approved raising equity share capital of up to Rs 4,000 crore through QIP, FPO, rights issue, or ESPS during FY26. PNB Housing Finance The Board has recommended to the shareholders, for approval at the ensuing Annual General Meeting, the issuance of non-convertible debentures (NCDs) amounting to Rs 10,000 crore on a private placement basis, in one or more tranches. Voltas The company has received a Show Cause Notice from the Central GST Commissionerate, Dehradun, alleging short payment of GST for the financial years 2018–19 to 2020–21 by Universal Comfort Products (which was merged with the company during FY21). The Show Cause Notice seeks an explanation as to why the tax amount of Rs 265.25 crore should not be demanded, along with interest and penalty. Le Lavoir The company has acquired a 51% equity stake in Shree Vrajendra Foods, a Rajkot-based manufacturer and trader of foodgrains, edible oils, and other food staples. It plans to invest Rs 10 crore in Shree Vrajendra Foods over the next two years to expand its operations. Motilal Oswal Financial Services Motilal Oswal Asset Management Company has achieved a significant milestone, with its Assets Under Management (AUM) crossing Rs 1.5 lakh crore. Rail Vikas Nigam Chandan Kumar Verma has been appointed as Chief Financial Officer (CFO) of the company, effective July 2. Currently, he serves as Executive Director – Finance at the company. Nestle India The FMCG company has added a new Maggi Noodles production line at its Sanand factory in Gujarat. This new line was developed with an investment of Rs 105 crore. Yes Bank Pankaj Sharma has resigned from the position of Chief Strategy and Transformation Officer of the bank, effective July 2, to pursue opportunities outside the organization. Scan Projects The Board has appointed Sunil Chandra as Managing Director and Chief Financial Officer of the company, effective July 2. Max Financial Services Axis Max Life Insurance, a material subsidiary of the company, has received a communication from an anonymous sender claiming unauthorized access to certain customer data. As an immediate measure, Axis Max Life has initiated an information security assessment and data log analysis. A detailed investigation is underway, in consultation with information security experts, to assess the root cause of the incident and take remedial action as necessary. Bulk Deals Raymond Realty Negen Capital Services has purchased 3.88 lakh shares (0.58% stake) at a price of Rs 921.12 per share, valued at Rs 35.8 crore. Mainboard Listing on July 3 Indogulf Cropsciences SME Listing on July 3 Ace Alpha TechValencia IndiaPro FX TechMoving Media Entertainment Stocks Trade Ex-Dividend VST IndustriesNDR Auto Components Stock in F&O ban RBL Bank"
26 Jun 2025,Nestlé India Board Approves 1:1 Bonus Share Issue,https://www.moneycontrol.com/news/business/stocks/nestl-india-board-approves-1-1-bonus-share-issue-alpha-article-13180811.html,Nestlé India Board Approves 1:1 Bonus Share Issue,," The Board of Directors of Nestlé India Limited has approved the issuance of bonus equity shares in the ratio of 1:1, the company announced in a stock exchange filing on June 26, 2025. This means that eligible shareholders will receive one new bonus equity share of ₹1 face value for every one existing equity share they hold on the record date. The board meeting, which commenced at 9:30 A.M. and concluded at 9:55 A.M. (IST), also approved proposals to increase the company's authorised share capital and to convene an Extraordinary General Meeting (EGM) to seek shareholder approval for these matters.Nestlé India Bonus Issue DetailsParticularsDetailsBonus Ratio1:1 (One bonus share for every one share held)Face Value per Share₹1Capitalisation Amount₹96,41,57,160 (from retained earnings)Record DateTo be announced in due courseEstimated Credit DateOn or before August 25, 2025Key Decisions in DetailThe board's approval encompasses several key corporate actions, all subject to the approval of the company's members. 1. Bonus Share Issue: The company will issue 96,41,57,160 new equity shares of ₹1 each. This will be funded by capitalising a sum not exceeding ₹96.41 crore from the company's retained earnings (free reserves). The issuance is based on the audited financial statements for the year ended March 31, 2025, which show retained earnings of ₹4,008.95 crore, indicating sufficient reserves to cover the bonus issue. 2. Increase in Authorised Share Capital: To accommodate the new bonus shares, the board has proposed to alter the Capital Clause of the Memorandum of Association. This will double the authorised share capital from ₹100 crore to ₹200 crore. 3. Extraordinary General Meeting (EGM): An EGM will be convened on Thursday, July 24, 2025, through video conferencing or other audio-visual means (VC/OAVM). The primary agenda of the EGM will be to obtain shareholder approval for the bonus issue and the increase in authorised capital. The notice for the EGM will be sent to shareholders in due course.Impact on Share CapitalThe 1:1 bonus issue will effectively double the company's paid-up and subscribed share capital, while the authorised capital is being increased to facilitate this expansion.Share Capital Structure (Pre- and Post-Bonus Issue)Share CapitalPre-Bonus Issue (No. of Shares)Post-Bonus Issue (No. of Shares)Face Value (₹)Authorised100,00,00,000200,00,00,0001Paid-up96,41,57,160192,83,14,3201Subscribed96,41,57,160192,83,14,3201Timeline and ApprovalsThe process for the bonus issue is now set in motion, contingent on shareholder consent. The estimated date for the credit or dispatch of the bonus shares is on or before August 25, 2025, which is within the regulatory timeline of two months from the date of the board's approval.Market ContextBonus issues are generally viewed positively by the market as they reflect a company's strong financial position and management's confidence in future earnings. By increasing the number of shares in circulation, a bonus issue enhances the stock's liquidity and makes it more accessible to retail investors due to a lower per-share price post-adjustment. While a bonus issue does not change the fundamental valuation of the company, it is often perceived as a reward to long-term shareholders. Nestlé India trades on the BSE under the scrip code 500790 and on the NSE with the symbol NESTLEIND. "
20 Jun 2025,"Trent, BEL to join 30-share Sensex today, Nestle India, IndusInd Bank excluded",https://www.moneycontrol.com/news/business/markets/trent-bel-to-join-30-share-sensex-today-nestle-india-indusind-bank-excluded-13150369.html,"Trent and Bharat Electronics will be included in the BSE Sensex, replacing Nestle India and IndusInd Bank, with the adjustment taking place on June 20.",InterGlobe Aviation and Shriram Finance will be added to Sensex 50.,"Shares of retail giant Trent Ltd. and PSU firm Bharat Electronics Ltd. (BEL) will  added to the 30-pack benchmark index Sensex on June 20. On the flip side, FMCG major Nestle India Ltd. and IndusInd Bank Ltd. are slated to be deleted from the index. The inclusion of Trent and BEL are likely to lead to inflows of $330 million and $378 million, respectively. On the flip side, the exclusion of Nestle India and IndusInd Bank will result in outflows of $230 million and $145 million, according to Nuvama Alternative & Quantitative Research.  ""Historically, Sensex inclusions tend to see intraday upmoves, supported by stronger volumes, and a similar trend could play out this time as well,"" said the research firm. Further, UltraTech Cement is the sole counter likely to see its weightage in the index rise, leading to inflows of $4 million. On the flip side, heavyweights such as HDFC Bank, Bharti Airtel, Reliance Industries, ICICI Bank, Infosys, Sun Pharma, L&T, ITC, TCS, Axis Bank, Kotak Mahindra Bank an SBI are likely to see their weightage reduce, leading to cumulative outflows of $249 million in passive flows. Follow our market blog to catch all the live updates The BSE 100 will see three additions, namely Dixon Technologies (India) Ltd, Coforge Ltd, and Indus Towers Ltd. These companies will replace Bharat Forge Ltd, Dabur India Ltd, and Siemens Ltd in the index. In the BSE Sensex 50, InterGlobe Aviation Ltd and Shriram Finance Ltd will be added, while Britannia Industries Ltd and Hero MotoCorp Ltd will be excluded. Correspondingly, Britannia, Dixon Technologies, Coforge, Hero MotoCorp, and Indus Towers will be added to the BSE Sensex Next 50 index. These additions will replace InterGlobe Aviation, Shriram Finance, Bharat Forge, Dabur India, and Siemens, which are being moved out."
20 Jun 2025,"Stocks to Watch Today: Sai Life Sciences, Kaynes Tech, GMM Pfaudler, Axiscades Tech, Natco Pharma, ITD Cementation, Oswal Pumps in focus on 20 June",https://www.moneycontrol.com/news/business/markets/stocks-to-watch-today-sai-life-sciences-kaynes-tech-gmm-pfaudler-axiscades-tech-natco-pharma-itd-cementation-oswal-pumps-in-focus-on-20-june-13150085.html,"Stocks to Watch, 20 June: Stocks like Brigade Enterprises, TD Power Systems, JSW Infrastructure, Biocon, United Spirits, Can Fin Homes, Container Corporation of India, Sai Life Sciences, Kaynes Technology India, GMM Pfaudler, Axiscades Technologies, ITD Cementation India, Natco Pharma, and Le Travenues Technology will be in focus on June 20.","Stocks to Watch Today, 19 June","Let's catch up on the latest news from the stock market. From significant investments to major deals, fund raising, order wins, acquisitions, and fund raising, here’s a quick look at which stocks will be in focus in today's trade: Stocks to Watch Sai Life Sciences TPG Asia VII SF Pte is likely to sell a 6% stake (1.25 crore shares) in the company via block deals, reports CNBC-TV18 quoting sources. The deal size may be around $102 million, and the base price of the deal may be Rs 710 per share. Kaynes Technology India The company has launched its Qualified Institutional Placement (QIP) on June 19, with a floor price of Rs 5,625.75 per share. According to CNBC-TV18, quoting sources, the company is likely to raise up to Rs 1,600 crore via the QIP. GMM Pfaudler The company's subsidiary, Pfaudler Normag Systems GmbH, Germany, has entered into a contract with a European-based customer for the design, engineering, and supply of complete end-to-end acid recovery equipment and systems. The value of the contract is 33.2 million euro (approximately Rs 330 crore). Axiscades Technologies The technology solutions provider has signed a strategic Memorandum of Understanding (MoU) with Aldoria, a European leader in Space Surveillance and Situational Awareness (SSA), to strengthen India’s burgeoning space capabilities. ITD Cementation India The company has secured two new contracts worth Rs 960 crore—one for the construction of various project works at Trivandrum International Airport in Kerala, and the second for the construction of a multi-storied commercial building in Kolkata, West Bengal. Natco Pharma After the conclusion of the inspection, the US Food and Drug Administration (FDA) has issued seven observations in Form 483 for the company’s pharma division in Kothur, Hyderabad. The inspection was conducted from June 9–19. The company will address the observations within the stipulated timeline. Brigade Enterprises Brigade Group’s managed workspace brand, BuzzWorks, has expanded its presence in Hyderabad by signing a deal with Infor India for a 24,000 sq ft workspace at Auro Orbit, HITEC City. This supports BuzzWorks’ broader plan to reach 1 million sq ft of managed workspace across its portfolio by the end of FY2026. TD Power Systems The company has received an order valued at Rs 67 crore from a leading multinational corporation for the supply of components for traction motors for export. Deliveries under this order are scheduled from January 2026 to December 2027. JSW Infrastructure The company’s subsidiary, Jaigarh Port, has signed a binding MoU with Konkan Railway Corporation to provide a refundable and non-lapsable security deposit for the construction and development of the Bhoke Railway Siding project in Ratnagiri on the Konkan Railway route. The project will establish railway access to Jaigarh Port, enabling the movement of various cargo types. Biocon The biopharmaceutical company has closed its QIP issue on June 19 and finalised the allotment of 13.63 crore shares worth Rs 4,500 crore to investors at a price of Rs 330 per share. Investors include ICICI Prudential MF, SBI MF, Aditya Birla Sun Life Trustee, HDFC Life Insurance Company, Nippon Life India, Mirae Asset, and Franklin India. United Spirits The company will acquire 37,783 equity shares of Nao Spirits & Beverages from existing shareholders in two tranches for Rs 53.80 crore and will subscribe to 31,820 fresh equity shares and 27,577 compulsorily convertible preference shares (CCPS) for Rs 56 crore. After the completion of the first tranche, the company will hold a 97.07% stake in Nao Spirits, making it a subsidiary. Can Fin Homes The Board of Directors will meet on June 25 to consider fund-raising via the issue of equity shares and non-convertible debentures. Container Corporation of India The company has fixed July 4 as the record date for determining the eligibility of shareholders for the issuance of bonus shares in a 1:4 ratio. Nestle India The Board of Directors will meet on June 26 to consider the issuance of bonus shares. Angel One Devender Kumar has resigned from the position of Chief Revenue Officer – Direct Business. His last working day will be September 30. Mastek The digital engineering and cloud transformation partner has launched ADOPT.AI, a comprehensive suite of AI solutions and services aimed at accelerating AI innovation and enabling enterprise-wide AI adoption. Bulk Deals Le Travenues Technology Schroder International Selection Fund – Asian Total Return has acquired 53.68 lakh shares (1.37% stake) in Ixigo at an average price of Rs 180.5 per share. Meanwhile, SAIF Partners India IV sold 53.98 lakh shares (1.38% stake) at the same price. As of March 2025, SAIF Partners India held a 14.02% stake in the company. Privi Speciality Chemicals Promoters — Vivira Investment and Trading, Vinaykumar Doppalapudi Rao, Vijay Kumar Doppalapudi, and Bhaktavatsala Rao Doppalapudi — sold 16 lakh shares (4.09% stake) worth Rs 329.87 crore. SBI Mutual Fund and SBI Funds Management acquired 15.02 lakh shares (3.8% stake) worth Rs 308.8 crore. Zee Media Corporation AUV Innovations LLP bought 1.11 crore shares in Zee Media Corporation at an average price of Rs 13.55 per share, while Miloeux Media & Entertainment sold 87.21 lakh shares at an average price of Rs 13.57 per share. Diamond Power Infra Unicon Suppliers offloaded 48 lakh shares in Diamond Power Infra at an average price of Rs 100.09 per share. Ethos Goldman Sachs Funds – Goldman Sachs India Equity Portfolio sold 1.77 lakh shares in Ethos at an average price of Rs 2,700.67 per share. Mainboard Listing on June 20 Oswal Pumps SME Listing on June 20 Aten Papers & Foam Stocks Trade Ex-Dividend Bajaj AutoHDFC Life Insurance CompanyBank of IndiaEpigralGreenlam IndustriesMawana SugarsPunjab National BankRossari BiotechSolitaire Machine ToolsSupreme IndustriesSwastika InvestsmartTata Power CompanyTorrent PharmaceuticalsTranscorp InternationalVoltasVTM Stock Trades Ex-Date for Split Ajcon Global Services Stock Trades Ex-Date for Amalgamation Inox Wind Energy Stocks in F&O Ban Aditya Birla Fashion and RetailBioconCentral Depository ServicesHUDCOManappuram FinanceRBL BankTitagarh Rail Systems Stocks removed from F&O ban BirlasoftChambal Fertilisers and Chemicals"
19 Jun 2025,Nestle India's board to mull issue of bonus shares on June 26,https://www.moneycontrol.com/news/business/markets/nestle-india-s-board-to-mull-issue-of-bonus-shares-on-june-26-13146694.html,"On June 19, Nestle India's shares on BSE closed 1.1% lower at Rs 2,313 apiece",Nestle India's board to mull issue of bonus shares on June 26,"FMCG major Nestle India Ltd on June 19 said its board will consider issue of bonus shares on June 26. ""This is to inform that a meeting of the Board of Directors of the Company is scheduled to be held on Thursday, 26th June 2025, to inter-alia consider and approve the proposal for issue of bonus shares, subject to requisite approvals. In view of the above event, the Trading Window for dealing in the securities of the Company shall remain closed from 19th June 2025 to 28th June 2025 (both days inclusive),"" said Nestle India in a stock exchange filing. On June 19, Nestle India's shares on BSE closed 1.1% lower at Rs 2,313 apiece. The 52-week low of the stock is Rs 2,110 and 52-week high is Rs 2,778. The market capitalisation of the stock is Rs 2.23 lakh crore. In January 2024, Nestle India undertook a 1:10 stock split. Nestle India Ltd on April 24 reported 5% decline in standalone net profit at Rs 885 crore for the quarter ended March 31, 2025, thus beating estimates. It reported standalone net profit of Rs 934 crore in the year-ago period. The firm's revenue rose 4% to Rs 5,504 crore in Q4FY25 as against Rs 5,268 crore in Q4FY24, thus meeting estimates. The firm declared dividend of Rs 10 per share. July 4 has been fixed as record date for the purpose of determining entitlement of the members to the final dividend for the financial year 2024-25 and, if approved by the members at the ensuing 66th AGM, it shall be paid July 24, said the firm in a stock exchange filing."
12 Jun 2025,"FMCG index extends losses to 2nd day after multi-session rally; Dabur, Hindustan Unilever, others drop up to 3%",https://www.moneycontrol.com/news/business/markets/fmcg-index-extends-losses-to-2nd-day-after-multi-session-rally-dabur-hindustan-unilever-others-drop-up-to-3-13112892.html,"FMCG stocks: The fall in the defensive stocks comes amid an overall downturn in the market, with benchmark indices recording sharp fall.","FMCG index extends losses to 2nd day after multi-session rally; Dabur, Hindustan Unilever, others drop up to 3%","The shares of FMCG companies recorded notable losses on June 12, pushing the Nifty FMCG index down nearly 1.3 percent to hover around 55,110 in the afternoon. The index has now extended losses for the second consecutive day, after a strong five-day rally. Dabur shares were the top loser on the index, dropping nearly 3 percent to trade at Rs 473 apiece. Tata Consumer Products and Nestle shares fell over 2 percent each, while Hindustan Unilever (HUL), Godrej Consumer Products and Emami shares fell over 1.6 percent each. Marico and ITC shares fell over 1 percent, while Britannia Industries, Colgate Palmolive, United Spirits, Patanjali Foods and United Breweries shares were trading in the red with marginal losses. The fall in the defensive stocks comes amid an overall downturn in the market, with benchmark indices recording sharp fall. Sensex plunged 713 points to hover around 81,773, while Nifty 50 was down nearly 0.9 percent to stand at 24,919. Hardik Matalia, Derivative analyst at Choice Broking, called the fall in FMCG stocks a result of mild profit booking and sectoral rotation. “Given the prevailing global uncertainties and event-driven risks, traders are advised to maintain a disciplined approach with strict risk management. Adopting tight stop-losses and exercising caution is prudent in the current environment marked by elevated market volatility,” he said. Also read: Nifty Pharma sole sectoral gainer as investors await clarity on Trump tariffs Franklin Templeton India Mutual Fund in its latest market outlook report said, “Equity investing requires investors to be prepared to invest in times of uncertainty. Investors who stay disciplined and patient are likely to come out ahead in the long run. Given the current global uncertainties, adopting a systematic approach with a diversified investment strategy would be prudent. Spreading exposure across various market capitalizations and sectors can help mitigate risks while uncovering potential opportunities. Hybrid funds may offer optimal risk-adjusted returns during such volatile periods."""
03 Jun 2025,'Black swans and gray rhinos': Nestle India's Suresh Narayanan recalls Maggi crisis among 'greatest challenges' in last letter to shareholders,https://www.moneycontrol.com/news/business/companies/black-swans-and-gray-rhinos-nestle-india-s-suresh-narayanan-recalls-maggi-crisis-among-greatest-challenges-of-career-in-last-letter-to-shareholders-13090889.html,"Over the last decade, Nestle India's revenue saw a CAGR of 10.3% while profit from operations grew by 13.5%, and the market capitalization rose by 3.9 times, said the chairman, adding that the company is no longer seen as an urban only player.","During the last 10 years, Nestle India said has brought more than 43 million households into the coffee category, with a very strong success story in the confectionery  segment.","Nestle India's Chairman and Managing Director, Suresh Narayanan, in his last letter to shareholders, chronicled the past decade's achievements and said his first 100 days as the CMD were 'one of the greatest challenges' of his career, as the Maggi crisis unfolded in June 2015 and led to a nationwide ban for the noodle. Narayanan credited the brand strength of Maggi and collective efforts of the employees to have helped Nestle India bounce back after the ban by FSSAI - the food safety body - back in 2015, to now claim India as the world's largest market for the Maggi brand. ""Together we navigated the black swans and gray rhinos. And seized the rising India opportunity,"" said Narayanan, recalling the last 10 years threw up several challenges. ""We live in capricious times. Inflationary pressures. Muted consumer demand. Tightening of the wallet. COVID a harbinger of economic slowdown, geo-political crisis - all wrapped up in a decade of promise, challenges and unexpected opportunities,"" Narayanan said, recalling the decade and reiterating that volatilities will come and go. Over the last decade, Nestle India's revenue saw a CAGR of 10.3% while profit from operations grew by 13.5%, and the market capitalization rose by 3.9 times, said Nestle India CMD, adding that the company which was once seen as an urban player with a limited portfolio now has access to more households. ""In 2015, many considered us to be solely a MAGGI noodles Company. Since then, we recalibrated and rejuvenated the portfolio launching over 150+ new products that have contributed to 7% of sales,"" said the chairman. During the last 10 years, Nestle India said has brought more than 43 million households into the coffee category, with a very strong success story in the confectionery segment. ""Once a muted business, Confectionery has tripled its business in the last 10 years. Kitkat doubled its market share and became the fastest growing brand within the chocolate category in India. Today, India is the second largest market for KITKAT globally, a decade ago it was at number 10. Munch and Milkybar have also doubled their business."" The management also ramped up capex from 1.8% of sales in 2015 to 10% of sales in FY25 to demonstrate its rising efforts towards the 'Make in India' theme. Suresh Narayanan will be handing over to Manish Tiwary, who takes over as the managing director from August 1, 2025. Manish, 55, has nearly three decades of experience in e-commerce and consumer goods space."
27 May 2025,"FMCG stocks tumble up to 2%, snap 2-day gaining streak on profit booking: ITC top loser",https://www.moneycontrol.com/news/business/markets/fmcg-stocks-tumble-up-to-3-snap-2-day-gaining-streak-on-profit-booking-itc-falls-nearly-3-13050187.html,"United Breweries, United Spirits, HUL shares also saw selling pressure","FMCG stocks tumble up to 3%, snap 2-day gaining streak on profit booking: ITC falls nearly 3%","The shares of FMCG companies recorded strong losses on May 27, as investors resorted to profit booking after significant rally. The sharp rise in the share prices pushed the Nifty FMCG index down over 1.3 percent to emerge as the top sectoral loser. ITC shares were the top loser on the index, dropping nearly 2 percent to trade at Rs 434.70 apiece, while United Breweries shares plunged 1.4 percent. Heavyweight Hindustan Unilever (HUL) declined nearly 0.5 percent to trade at Rs 2,383 apiece. Godrej Consumer Products, Britannia Industries, Patanjali Foods and Tata Consumer Products shares were trading in the red with marginal losses. Bucking the trend, Varun Beverages, Dabur India, Marico, Colgate Palmolive and Nestle shares closed in the green, recording marginal gains for their investors. Notably, the FMCG stocks have seen significant volatility recently. The index surged nearly 2,000 points (over 2.6 percent) in the past two sessions. This comes as monsoon hit several parts of the country, arriving nearly eight days ahead of schedule, the earliest in 16 years. This is likely to boost consumption, and as a result gave a boost to FMCG stocks. ""Fertilizer, Agrochemical, FMCG, Auto and rural finance sectors would remain in focus due to the early onset of the monsoon and forecasts of above-average rainfall,"" said Siddhartha Khemka, Head - Research, Wealth Management, Motilal Oswal Financial Services. The government expects above normal monsoon conditions to provide a significant boost to consumption and productivity in the upcoming financial year, senior government sources said on May 23. ""With good or above-normal monsoon, productivity and consumption will grow. Funds in consumption-related sectors are at a high. All these add up, showing the economy is fine,"" a government source told Moneycontrol. The earlier rise in the share prices was also buoyed by positive earnings. ITC on May 22 had reported a net profit Rs 19,562 crore for the fourth quarter of FY25. This however included a one-time exceptional item of Rs 15,179 crore from discontinued operations. It also reported revenue from operations at Rs 18,494 crore, higher than the Rs 17,371 crore revenue estimated on an average by nine brokerages polled by Moneycontrol. The shares strongly surged over the two days. However, the latest fall in the share prices may come as investors resort to profit booking ay elevated prices."
23 May 2025,"Trent, BEL shares rally on inclusion in 30-pack Sensex; Nestle, IndusInd Bank deleted",https://www.moneycontrol.com/news/business/markets/trent-bel-shares-rally-on-inclusion-in-30-pack-sensex-nestle-indusind-bank-deleted-13043070.html,"Trent and Bharat Electronics will be included in the BSE Sensex, replacing Nestle India and IndusInd Bank from June 23, 2025 onwards.", InterGlobe Aviation and Shriram Finance will be added to Sensex 50.,"Shares of retail giant Trent Ltd. and PSU firm Bharat Electronics Ltd. (BEL) surged in trade on Friday, May 23, after index provider Asia Index announced the two players would join the 30-pack BSE Sensex from June 23, 2025. On the flip side, FMCG major Nestle India Ltd. and IndusInd Bank Ltd. are slated to be deleted from the index, as their six month average free-float market-capitalisation is lower than the new entrants'. At 1.30 pm, shares of Trent were quoting Rs 5,448 per share, higher by two percent, while BEL shares were trading at Rs 385.25 per share, up half a percent. Despite being excluded from the index, Nestle India's stock price was higher by 1.7 percent at Rs 2,400.9, while IndusInd Bank shares climbed 70 basis points in trade to Rs 789.95 apiece. Follow our market blog to catch all the live updates The BSE 100 will see three additions, namely Dixon Technologies (India) Ltd, Coforge Ltd, and Indus Towers Ltd. These companies will replace Bharat Forge Ltd, Dabur India Ltd, and Siemens Ltd in the index. In the BSE Sensex 50, InterGlobe Aviation Ltd and Shriram Finance Ltd will be added, while Britannia Industries Ltd and Hero MotoCorp Ltd will be excluded. Correspondingly, Britannia, Dixon Technologies, Coforge, Hero MotoCorp, and Indus Towers will be added to the BSE Sensex Next 50 index. These additions will replace InterGlobe Aviation, Shriram Finance, Bharat Forge, Dabur India, and Siemens, which are being moved out. The BSE Bankex index will also see a change, with IDFC First Bank Ltd replacing Canara Bank. Index rejigs are significant events for market participants as they offer insights into shifting fund flows. The periodic rebalancing of the Sensex helps ensure that the benchmark index continues to reflect the changing landscape of India’s equity market."
23 May 2025,"Stocks to Watch Today: ITC, Sun Pharma, IndusInd Bank, Honasa Consumer, MTAR Tech, Metro Brands, Power Mech, Bharat Electronics in focus on 23 May",https://www.moneycontrol.com/news/business/markets/stocks-to-watch-today-itc-sun-pharma-indusind-bank-honasa-consumer-mtar-tech-metro-brands-power-mech-bharat-electronics-in-focus-on-23-may-13041457.html,"Stocks to Watch, 23 May: Stocks like TD Power Systems, MITCON Consultancy & Engineering Services, Trent, Bharat Electronics, Nestle India, IndusInd Bank, Power Mech Projects,Metro Brands, MTAR Technologies, Honasa Consumer, Sun Pharmaceutical Industries, and ITC will be in focus on May 23.","Stocks to Watch Today, May 23","Let's catch up on the latest news from the stock market. From significant investments to major deals, quarterly earnings, and fund raising, here’s a quick look at which stocks will be in focus in today's trade: Results Today JSW Steel, Ashok Leyland, Glenmark Pharmaceuticals, Aditya Birla Fashion and Retail, Afcons Infrastructure, Apollo Micro Systems, Ashoka Buildcon, Balkrishna Industries, BEML, Cello World, Concord Drugs, Exicom Tele-Systems, Finolex Industries, Narayana Hrudayalaya, Transrail Lighting, and West Coast Paper Mills will release their quarterly earnings on May 23. Results on May 24 NTPC, Allcargo Logistics, Chambal Breweries & Distilleries, HealthCare Global Enterprises, IFGL Refractories, Indigo Paints, Jagran Prakashan, JK Cement, Kolte-Patil Developers, and Rainbow Children's Medicare will announce their March quarter earnings on May 24. Quarterly Earnings ITC Q4 (Standalone YoY) Profit from continuing operations rises 0.8% to Rs 4,874.7 crore Vs Rs 4,837.5 crore Profit (including discontinued operations) zooms to Rs 19,561.6 crore Vs Rs 5,020.2 crore Exceptional gains stand at Rs 15,179.4 crore Vs loss at Rs 12.2 crore Revenue grows 9.6% to Rs 17,248.2 crore Vs Rs 15,733.6 crore EBITDA increases 2.5% to Rs 5,986.4 crore Vs Rs 5,841.5 crore EBITDA margin drops to 34.7% Vs 37.1% Board recommends final dividend of Rs 7.85 per share Sun Pharmaceutical Industries Q4 (Consolidated YoY) Profit sinks 19% to Rs 2,153.9 crore Vs Rs 2,658.7 crore Revenue rises 8.1% to Rs 12,958.8 crore Vs Rs 11,982.9 crore Exceptional loss stands at Rs 361.7 crore Vs loss of Rs 101.64 crore Tax expenses spike 634.4% to Rs 1,093.7 crore Vs Rs 148.9 crore Board announces final dividend of Rs 5.50 per share Board approves appointment of Vidhi Shanghvi as a Whole-time Director Honasa Consumer Q4 (Consolidated YoY) Profit falls 18% to Rs 25 crore Vs Rs 30.5 crore Revenue jumps 13.3% to Rs 533.6 crore Vs Rs 471.1 crore MTAR Technologies Q4 (Consolidated YoY) Profit spikes 181.7% to Rs 13.7 crore Vs Rs 4.87 crore Revenue grows 28.1% to Rs 183.1 crore Vs Rs 143 crore Metro Brands Q4 (Consolidated YoY) Profit sinks 38.7% to Rs 95.3 crore Vs Rs 155.6 crore Revenue rises 10.3% to Rs 642.8 crore Vs Rs 583 crore Tax expenses at Rs 30.87 crore Vs tax writeback at Rs 50.8 crore Power Mech Projects Q4 (Consolidated YoY) Profit zooms 53.8% to Rs 129.8 crore Vs Rs 84.4 crore Revenue jumps 42.4% to Rs 1,853.3 crore Vs Rs 1,301.5 crore Grasim Industries Q4 (Standalone YoY) Loss narrows to Rs 288 crore Vs loss of Rs 440.9 crore Revenue surges 31.9% to Rs 8,925.8 crore Vs Rs 6,767.5 crore Board recommends dividend of Rs 10 per share Container Corporation of India Q4 (Consolidated YoY) Profit falls 1.6% to Rs 298.5 crore Vs Rs 303.3 crore Revenue declines 1.6% to Rs 2,287.8 crore Vs Rs 2,325.1 crore Board approves bonus issue of 1 share for every 4 equity shares held Gujarat State Petronet Q4 (Consolidated YoY) Profit plunges 53.6% to Rs 220.3 crore Vs Rs 475 crore Revenue drops 4.6% to Rs 4,477.5 crore Vs Rs 4,691.9 crore Ramco Cements Q4 (Standalone YoY) Profit sinks 74.5% to Rs 31 crore Vs Rs 121.4 crore Revenue slips 10.5% to Rs 2,392 crore Vs Rs 2,673.3 crore HFCL Q4 (Consolidated YoY) Loss stands at Rs 81.4 crore Vs profit of Rs 110 crore Revenue plunges 39.6% to Rs 800.7 crore Vs Rs 1,326.1 crore Udaipur Cement Works Q4 (YoY) Profit zooms 114.5% to Rs 39.6 crore Vs Rs 18.5 crore Revenue grows 39% to Rs 484.2 crore Vs Rs 348.4 crore Kirloskar Industries Q4 (Consolidated YoY) Profit falls 23.6% to Rs 46.8 crore Vs Rs 61.2 crore Revenue rises 1.1% to Rs 1,747.8 crore Vs Rs 1,728.6 crore Singer India Q4 (YoY) Profit zooms 73.8% to Rs 4.05 crore Vs Rs 2.33 crore Revenue grows 7.2% to Rs 121.7 crore Vs Rs 113.5 crore Hubtown Q4 (Consolidated YoY) Profit at Rs 3.53 crore Vs loss at Rs 88.6 crore Revenue falls 8.5% to Rs 96.8 crore Vs Rs 105.8 crore GMR Airports Q4 (Consolidated YoY) Loss widens to Rs 252.7 crore Vs Rs 167.6 crore Revenue jumps 17% to Rs 2,863.3 crore Vs Rs 2,446.8 crore Stocks to Watch Stocks to be added in BSE Sensex Asia Index has decided to add Trent, and Bharat Electronics in the BSE Sensex effective June 23. However, Nestle India, and IndusInd Bank will be dropped from the BSE Sensex. Further, IDFC First Bank will replace Canara Bank in the BSE Bankex, while in the BSE Sensex Next 50 index, Britannia Industries, Dixon Technologies, Coforge, Hero MotoCorp and Indus Towers will be replacing InterGlobe Aviation, Shriram Finance, Bharat Forge, Dabur India, and Siemens. Lumax Auto Technologies The company has completed the acquisition of the remaining 25% shareholding in IAC International Automotive India. As a result, IAC India has become a wholly owned material subsidiary of the company. Indus Towers The company has entered into an agreement to acquire a 26% stake in JSW Green Energy Eight, a special purpose vehicle, for the procurement of renewable energy from a solar PV plant. CG Power and Industrial Solutions Gaurav Makhija has been re-designated as Vice President – Switchgear & EPD Division, effective May 22. Bajaj Auto The company’s subsidiary, Bajaj Auto International Holdings BV (BAIH BV), has entered into a loan agreement with Standard Chartered Bank for a loan of 100 million euros (equivalent to Rs 971.20 crore). Ola Electric Mobility The Board has approved fundraising of up to Rs 1,700 crore through term loans, working capital facilities, and the issuance of non-convertible debentures or other eligible debt securities in one or more tranches on a private placement basis. TVS Motor Company The company has signed a Memorandum of Understanding (MoU) with OOR Cabs to supply 500 TVS King EV MAX electric three-wheelers during the financial year 2025–26 in Tamil Nadu. Tata Steel The company has inaugurated the expanded Tata Steel Kalinganagar (TSK) plant, increasing its crude steel capacity from 3 MTPA to 8 MTPA (million tonnes per annum). Hindustan Copper The Board will meet on May 27 to consider raising up to Rs 500 crore through the issuance of non-convertible debentures or bonds on a private placement basis. Mahindra Lifespace Developers Jitesh Donga has resigned from his position as Chief of Design, effective June 30. Adani Ports and Special Economic Zone The Board has approved the issuance of non-convertible debentures worth up to Rs 6,000 crore in one or more tranches on a private placement basis. The funds will be used for capital expenditure, refinancing of existing debt, and general corporate purposes. Veedol Corporation Promoter Andrew Yule & Company has decided to withdraw the offer-for-sale (OFS) issue of Veedol Corporation. The promoter had proposed to sell up to 3.48 lakh equity shares (a 2 percent stake) in Veedol Corporation on May 23 and May 26, through a designated window of the BSE and the National Stock Exchange of India (NSE). Hexaware Technologies Global IT services and solutions provider Hexaware Technologies has opened a new office in Chicago to accelerate delivery solutions. Bulk Deals MITCON Consultancy & Engineering Services Investor Mukul Mahavir Agrawal sold 1,31,193 equity shares of the company at an average price of Rs 80.52 per share. TD Power Systems Goldman Sachs Funds - Goldman Sachs India Equity Portfolio bought additional 10.93 lakh shares in the company at an average price of Rs 460 per share. Blend Fund 2 acquired 13.04 lakh shares at same price. However, promoters - Hitoshi Matsuo sold 21 lakh shares in the company at an average price of Rs 460.09 per share, Nikhil Kumar offloaded 45 lakh shares at an average price of Rs 460.95 per share, and Saphire Finman Services LLP sold 33 lakh shares at an average price of Rs 461.41 per share. Lavanya Sankaran also sold 16 lakh shares at an average price of Rs 463.28 per share. Stocks Trade Ex-Dividend LTIMindtreeCMS Info SystemsHavells IndiaHimadri Speciality ChemicalKeystone RealtorsSula Vineyards Stock Trades Ex-Date for Income Distribution (InvIT) Interise Trust Stock Trades Ex-Date for Buyback Dhampur Sugar Mills Stocks Trade Ex-Date for Rights Mahindra Lifespace DevelopersHimalaya Food InternationalPurple FinanceSEPC Stock Trades Ex-Date for Resolution Plan -Suspension Viksit Engineering Stocks in F&O ban Dixon TechnologiesManappuram FinanceRBL BankTitagarh Rail Systems"
08 May 2025,FMCG stocks tumble after Dabur's weak Q4 results,https://www.moneycontrol.com/news/business/markets/fmcg-stocks-tumble-after-dabur-s-weak-q4-results-13016899.html,"The sharp fall in Dabur's share price spilled over to other FMCG stocks as well, pushing the Nifty FMCG index down nearly 1% to become the worst performing sectoral index on NSE.","Dabur India reported a decline in fourth-quarter profit on Wednesday, hurt by sluggish urban demand.","FMCG stocks were trading lower on May 8 after Dabur Ltd posted flat revenue growth in March quarter and 8.5% YoY decline in Q4 profit. At 10:17 am on May 8, Dabur shares were trading 1.5% lower at Rs 475 apiece. Nirmal Bang Institutional Equities, has downgraded the stock to 'hold' from 'buy' and has cut its target price to Rs 540 from Rs 570, said a news report. Dabur India reported a decline in fourth-quarter profit on Wednesday, hurt by sluggish urban demand. It however expects a recovery in consumption in the coming months. Dabur, known for its namesake honey, flagged a ""challenging"" demand environment in the three months ended March, but added that it expects demand to improve. ""We expect consumer demand in India to recover progressively in the coming quarters, both in urban and rural markets,"" CEO Mohit Malhotra said. Dabur, known for its 'Real' fruit juices, gets more than half of its sales from urban markets. Weak performance in the past few years has de-rated Dabur's stock, which now trades at 41x FY26 P/E vs 52-54x for peers like Godrej Consumer and Marico. While we continue to rate the shares 'Buy', we lower our target multiple to 45x to arrive at Rs 590 PT, said Jefferies. Macquarie maintains 'neutral' rating on Dabur after Q4 results. The sharp fall in Dabur's share price spilled over to other FMCG stocks as well, pushing the Nifty FMCG index down nearly 1% to become the worst performing sectoral index on NSE. Tata Consumer shares were trading nearly 2% lower at Rs 1,124 apiece, while ITC shares were down over 1.5% to hover around Rs 425 apiece. Other FMCG stocks which recorded strong losses included Colgate Palmolive and Emami, which were down over 1%. Marico, Hindustan Unilever (HUL), Varun Beverages and Nestle India shares meanwhile were trading in the red with marginal losses. Few FMCG stocks however bucked the trend to trade in the green. Radico Khaitan shares surged over 1.3% to trade at Rs 2,478 apiece. This comes a day after the company reported a 71% YoY rise in net profit to Rs 92 crore for the fourth quarter of the financial year 2025. Godrej Consumer Products, United Breweries, Patanjali Foods and Britannia Industries shares were meanwhile trading in the green with marginal gains."
25 Apr 2025,Neutral Nestle India; target of Rs 2400: Motilal Oswal,https://www.moneycontrol.com/news/business/stocks/neutral-nestle-india-target-of-rs-2400-motilal-oswal-4-13004240.html,"Motilal Oswal recommended Neutral rating on Nestle India with a target price of Rs 2400 in its research report dated April 24, 2025.",Neutral,"Motilal Oswal's research report on Nestle India Nestle India (Nestle) reported a 4.5% YoY growth in total revenue in 4QFY25, in line with our estimate. Domestic sales grew only 4.2% YoY (vs. 9% growth in the previous eight quarters) given the macroeconomic headwinds. We believe volume growth was in the low single digit. Beverages and confectionery posted double-digit growth. Export revenue declined 9% YoY, hit by green coffee exports. GM contracted 60bp YoY/20bp QoQ to 56.2% (est. 55.8%). Management indicated that coffee and cocoa prices continued to be inflationary, while edible oil prices remained stable. EBITDA margin inched up 10bp YoY to 25.6% (est. 23.5%) driven by sharp cost-control measures. We model an EBITDA margin of 24.5% for FY26 and 25% for FY27. Outlook The stock is trading at 66x/60x FY26/FY27 EPS. Given the stock’s expensive valuation, we reiterate our Neutral rating with a TP of INR2,400 (based on 60x P/E Mar'27E). For all recommendations report, click here Nestle India - 25042025 - moti"
25 Apr 2025,Hold Nestle; target of Rs 2350: ICICI Securities,https://www.moneycontrol.com/news/business/stocks/hold-nestle-target-of-rs-2350-icici-securities-2-13004263.html,"ICICI Securities recommended hold rating on Nestle with a target price of Rs 2350 in its research report dated April 24, 2025.",Hold,"ICICI Securities research report on Nestle Nestle’s Q4FY25 operational performance was subdued with revenue growth of 4% YoY on a high base of 9% and ~100 bps margin contraction primarily due to inflationary pressures in key raw materials such as coffee, edible oil and palm oil. During the quarter, the performance was led by double-digit growth in the Beverages and Confectionery categories, largely driven by pricing actions. This was partially offset by muted performance in the Prepared Dishes and Milk Nutrition segments, impacted by high competition and weak consumer demand, respectively. Nestle announced the appointment of Manish Tiwary as MD for a fiveyear term starting April 1, 2025. Under Suresh Narayanan tenure (2015-2025), Nestle achieved significant outperformance compared to peers through consistent product innovation and distribution expansion in the rural markets. Outlook We marginally tweaked our estimates, modelling revenue / EBITDA / PAT CAGR of 11% / 14% / 17% over FY25-26E. Maintain HOLD with a DCF-based revised target price of INR 2,350 (vs INR 2,300). Upside risk: Faster-than-anticipated recovery in demand environment. For all recommendations report, click here Nestle - 25042025 - icici"
25 Apr 2025,Reduce Nestle India; target of Rs 2300: Emkay Global Financial,https://www.moneycontrol.com/news/business/stocks/reduce-nestle-india-target-of-rs-2300-emkay-global-financial-13004307.html,"Emkay Global Financial recommended reduce rating on Nestle India with a target price of Rs 2300 in its research report dated April 25, 2025.",Reduce,"Emkay Global Financial's research report on Nestle India We see demand stress persisting in a major part of the portfolio, with demand for milk products continuing to see impact of healthy price hikes (amid inflation) and competitive pressure in prepared dishes. The Beverage and Confectionary portfolios fared well which in our view are price driven amid sharp inflation in coffee and cocoa prices. We see growth recovery being gradual, with macro recovery aiding, while easing in inflation is awaited. Q4 topline growth at 4% stood in-line, while better margin (at 25.5%, flat YoY) aided the 5% EBITDA beat, though earnings missed by 4% (fell 4% YoY) due to higher tax rate. Outlook We retain REDUCE on Nestlé India and Mar-26E TP of Rs 2,300, on 60x P/E. For all recommendations report, click here Nestle India - 25042025 - emkay"
25 Apr 2025,Accumulate Nestle India; target of Rs 2559: Prabhudas Lilladher,https://www.moneycontrol.com/news/business/stocks/accumulate-nestle-india-target-of-rs-2559-prabhudas-lilladher-13004458.html,"Prabhudas Lilladher recommended accumulate rating on Nestle India with a target price of Rs 2559 in its research report dated April 25, 2025.",Accumulate,"Prabhudas Lilladher's research report on Nestle India NESTLE saw a decent quarter with margin beat as calibrated price hikes neutralized the impact of high inflation in coffee and cocoa. Although demand remains weak, there seems QoQ improvement across segments. Although we expect gradual pick up in volume growth, high input cost inflation in coffee & cocoa and rising competition Instant Noodles (60% of tonnage volumes) are key near- term challenges. Long term drivers remain intact, led by 1) sustained innovation pipeline 2) focus on premiumization 3) huge scope of growth in coffee, RTD & Chocolates 4) higher growth in channels like E-Com (8.5% of sales) and MT and 5) likely benefits from capex done in past couple of years. Outlook We cut FY26/FY27 estimates by 2.7/2.5% given 1) likely margin headwinds from high prices of key inputs like cereals, edible oil, coffee & cocoa and 2) rising competition in Instant Noodles. We rollover and increase DCF based target price to Rs. 2559 (Rs.2546 earlier). We expect back ended returns given valuations of 65xFY27 EPS. Retain Accumulate. For all recommendations report, click here Nestle India - 25042025 - prabhu"
24 Apr 2025,"Nestle Standalone March 2025 Net Sales at Rs 5,503.88 crore, up 4.49% Y-o-Y",https://www.moneycontrol.com/news/business/earnings/nestle-standalone-march-2025-net-sales-at-rs-5-503-88-crore-up-4-49-y-o-y-13003243.html,,,"Reported Standalone quarterly numbers for Nestle India are: Net Sales at Rs 5,503.88 crore in March 2025 up 4.49% from Rs. 5,267.59 crore in March 2024. Quarterly Net Profit at Rs. 885.41 crore in March 2025 down 5.22% from Rs. 934.17 crore in March 2024. EBITDA stands at Rs. 1,397.40 crore in March 2025 up 1.59% from Rs. 1,375.57 crore in March 2024. Nestle EPS has decreased to Rs. 9.18 in March 2025 from Rs. 9.69 in March 2024. Nestle shares closed at 2,433.40 on April 22, 2025 (NSE) and has given 4.57% returns over the last 6 months and -2.71% over the last 12 months. "
24 Apr 2025,"Nestle Consolidated March 2025 Net Sales at Rs 5,503.88 crore, down 45.5% Y-o-Y",https://www.moneycontrol.com/news/business/earnings/nestle-consolidated-march-2025-net-sales-at-rs-5-503-88-crore-down-45-5-y-o-y-13003247.html,,,"Reported Consolidated quarterly numbers for Nestle India are: Net Sales at Rs 5,503.88 crore in March 2025 down 45.5% from Rs. 10,098.12 crore in March 2024. Quarterly Net Profit at Rs. 873.46 crore in March 2025 down 47.72% from Rs. 1,670.81 crore in March 2024. EBITDA stands at Rs. 1,397.40 crore in March 2025 down 44.21% from Rs. 2,504.74 crore in March 2024. Nestle EPS has decreased to Rs. 9.06 in March 2025 from Rs. 17.33 in March 2024. Nestle shares closed at 2,433.40 on April 22, 2025 (NSE) and has given 4.57% returns over the last 6 months and -2.71% over the last 12 months. "
24 Apr 2025,"Nifty, Sensex snap 7-day rally amid expiry-driven volatility, FMCG stocks drag markets",https://www.moneycontrol.com/news/business/markets/nifty-sensex-snap-7-day-rally-amid-expiry-driven-volatility-fmcg-stocks-drag-markets-13003066.html,"After a strong seven-day rally, the Nifty and Sensex pulled back on April 24, weighed down by weak earnings from FMCG majors. ","Pharma stocks outperformed, while FMCG stocks underperformed. ","After rallying almost 2,000 points over the past seven sessions, the Nifty 50 index took a breather in trade on April 24. The Sensex index also capped its winning streak, with consumer staples stocks leading the losses over the session. Further, volatility is likely to be higher during trade given the April series expiry. At 12:01 pm, the Sensex was down 263.54 points or 0.33 percent at 79,852.95, and the Nifty was down 72.60 points or 0.30 percent at 24,256.35. About 1956 shares advanced, 1350 shares declined, and 111 shares unchanged. The FMCG index was the top sectoral laggard, sinking almost one percent as a result of weak earnings shows from index heavyweights such as Hindustan Unilever Ltd., Nestle India, and Tata Consumer Products. On the flip side, the Nifty Pharma index soared 1.3 percent, with Natco Pharma, Divi's Lab, and Ajanta Pharma jumping up to 12 percent. The broader markets outshone their large-cap peers. The Nifty Midcap 100 index eked out minor gains of around 0.03 percent, while the Nifty Smallcap 100 advanced half a percent. Fear and uncertainty in the market, as indicated by the India VIX gauge, ticked upwards by three percent to 16.43. Follow our market blog to catch all the live updates International brokerage UBS upgraded its rating on India to 'neutral' from its 'underweight' stance in its Emerging Markets and Asia-Pacific equity strategy note. However, it finds better risk-reward opportunities in China within the pack. Despite India checking multiple strategic boxes - such as low external dependence, resilience in earnings even during global slowdowns, and potential support from lower oil prices - UBS believes the investment case for India has softened in the near term. Volatility is likely to be high on the monthly expiry session, as traders roll over April F&O positions. ""Foreign investors have pivoted to net buyers in cash markets (Rs 21,000 crore net buying since April 7th lows) while gradually covering their short positions in index futures (though still maintaining 67 percent net short positions). This shift indicates that markets will find buying support at lower levels during pullbacks,"" said Devarsh Vakil, Head of Prime Research at HDFC Securities. Going ahead, experts believe that the stretched valuations (Nifty is trading above 20 times estimated FY 26 earnings) will constrain the rally. ""In the very short run, the market may respond to the results flowing in. However, going forward, the market will be concerned about the timing, nature and magnitude of India’s response to the terror attacks and its consequences. Therefore, investors have to be cautious even while remaining invested,"" said  VK Vijayakumar, Chief Investment Strategist, Geojit Investments."
24 Apr 2025,"Nestle India Q4 results: Net profit falls 5% to Rs 885 crore, FMCG firm declares Rs 10 dividend",https://www.moneycontrol.com/news/business/earnings/nestle-india-q4-results-net-profit-falls-5-rs-885-crore-fmcg-firm-declares-rs-10-dividend-13003057.html,"Nestle India Q4 results: Revenue rises 4% to Rs 5,504 crore",Nestle,"FMCG major Nestle India Ltd on April 24 reported 5% decline in standalone net profit at Rs 885 crore for the quarter ended March 31, 2025, thus beating estimates. It reported standalone net profit of Rs 934 crore in the year-ago period. The firm's revenue rose 4% to Rs 5,504 crore in Q4FY25 as against Rs 5,268 crore in Q4FY24, thus meeting estimates. Commodity prices continue to be firm for coffee. Cocoa prices have corrected but continue to be high. Prices continue to remain stable for edible oils. Milk prices have cyclically firmed up with the onset of summers, said the company. According to a Moneycontrol poll of 11 brokerages, Nestle India is likely to report a 4.4 percent year-on-year rise in revenue at Rs 5,500 crore compared to Rs 5,268 crore reported in the same quarter last year. Net profit for the January to March period is likely to fall nearly six percent to Rs 870 crore as against Rs 924 reported in the March quarter of the previous financial year. Suresh Narayanan, Chairman and Managing Director of Nestlé India said: “I am pleased to report that this quarter we witnessed double-digit growth in Beverages and Confectionery, with 3 out of 4 product groups delivering healthy growth. Our domestic sales crossed Rs 5,235 crore mark, the highest ever in any quarter supported by improving volume growth. ""During the financial year ended 31st March 2025, Powdered and Liquid Beverages was the largest growth contributor, with high double-digit growth. NESCAFÉ strengthened its leadership position by gaining market share and bringing more than 5.1 million households into the coffee category. NESCAFÉ Ready-to-Drink cold coffee range, one of the fastest growing segments globally, expanded its new range to India this year. ""Confectionery grew at a high single-digit pace both in value and volume driven by KITKAT. India is the second largest market for the brand globally. Prepared Dishes and Cooking Aids posted mid-single-digit growth with MAGGI returning to volume growth and MAGGI Masala-Ae-Magic consistently demonstrating good growth. India continued to be the largest market worldwide for MAGGI."" The firm declared dividend of Rs 10 per share. July 4 has been fixed as record date for the purpose of determining entitlement of the members to the final dividend for the financial year 2024-25 and, if approved by the members at the ensuing 66th AGM, it shall be paid July 24, said the firm in a stock exchange filing. At 12:04 pm on April 24, Nestle India shares on BSE were trading 1.5% lower at Rs 2,396 apiece."
22 Apr 2025,"Nestle India Q4 Preview: Profit likely to sink 6% amid surging inflation, muted demand; margins under pressure",https://www.moneycontrol.com/news/business/earnings/nestle-india-q4-preview-profit-likely-to-sink-6-amid-surging-inflation-lagging-urban-demand-margins-to-remain-pressured-13000913.html,"Sharp inflation in coffee, cocoa, cereals, dairy, and edible oils is likely to impact Nestle India's margins in the March quarter earnings show.",Analysts will be monitoring the demand outlook on the rural segment compared to the urban sector.,"Maggi noodles maker Nestle India will showcase its earnings report for the fourth quarter of the previous fiscal year on April 24, 2025. For the quarter gone by, margins are likely to be under stress from high coffee and cocoa prices. Weak operational performance is also expected to drag the company's net profit. According to a Moneycontrol poll of 11 brokerages, Nestle India is likely to report a 4.4 percent year-on-year rise in revenue at Rs 5,500 crore compared to Rs 5,268 crore reported in the same quarter last year. Net profit for the January to March period is likely to fall nearly six percent to Rs 870 crore as against Rs 924 reported in the March quarter of the previous financial year.  Earnings estimates of analysts polled by Moneycontrol are in a diverse range. While even the most optimistic estimate sees Nestle India’s net profit tumbling by half a percent, the most pessimistic suggests the net profit could crack 9.5 percent on-year. What factors are driving the earnings? According to experts, increased competitive intensity in infant nutrition and downtrading in the coffee business to weigh on the revenue growth for the quarter. Volume Growth:  Experts are pencilling in low single digit volume growth, between two and three percent, as lower urban demand continues to impact Nestle India's topline growth. However, analysts at Kotak say the volume growth will be partly buoyed by some benefit in Maggi portfolio due to Maha Kumbh 2025. Margins: EBITDA margin is likely to be under stress due to inflation in coffee, cocoa, wheat and vegetable oil, on a high base. However, the firm has undertaken some hikes in chocolates, coffee, and Maggi, which should lend some support. Demand weak: Overall demand trends, have improved sequentially given marginal recovery in urban - however slowdown still persists. ""As the urban slowdown tapers down (likely by Q2FY26) we estimate a demand trends to further improve from here on,"" said analysts at Nuvama Institutional Equities. Nestle India is seeing more of an impact from the lag in urban demand as a result of its urban-skewed portfolio mix. Sharp fall in PAT: Kotak explained the sharp decline in net profit could be as a result of lower other income. Nestle India's cash balance is likely to be lower, following its investment of Rs 700 crore in a joint venture with pharma giant Dr Reddy's. What to look out for in the quarterly show? Analysts will closely monitor the management’s commentaries on demand and material costs. They will also pay attention to raw material prices and their effect on EBITDA margins, as well as the growing competitive pressure across segments."
18 Apr 2025,"Chartist Talks: Ashish Kyal eyes 55,000 on Bank Nifty next week; reveals post-rally Nifty 50 strategy",https://www.moneycontrol.com/news/business/markets/chartist-talks-ashish-kyal-eyes-55-000-on-bank-nifty-next-week-reveals-post-rally-nifty-50-strategy-12997881.html,"Short term consolidation in Nifty 50 is possible, but it is best to use dips as buying opportunity for move to 24,200 over near term.",Ashish Kyal is the Founder and CEO of Waves Strategy Advisors,"Bank Nifty is almost near to lifetime high levels. ""It is best to use dips to buy as long as we do not see close below prior day’s low, which is now at 53,085,"" said Ashish Kyal, Founder and CEO of Waves Strategy Advisors, in an interview with Moneycontrol. According to him, the banking index can move to 55,000 levels, only 750 points away from here. After the tariff lows, the Nifty rallied 2,100 points. Short-term consolidation is possible, but it is best to use dips as a buying opportunity to move to 24,200 over the near term, Kyal said. Do you see the Bank Nifty climbing toward 55,000 next week, or will it consolidate considering the recent decisive run-up? Bank Nifty post post-reversing from the lows of April 7, 2025 has gained more than 5,200 points in such a short span of time, highlighting the strength in the ongoing trend. Prices are almost near lifetime high levels, and it is best to use dips to buy as long as we do not see close below the prior day’s low, which is now at 53,085. Short-term indicators are overbought so consolidation cannot be ruled out. The index can move to 55,000 levels, only 750 points away from here. Do you expect the Nifty 50 to march toward 25,000 in the coming weeks, considering the decisive trendline breakout on Thursday? Nifty showed a sharp rise from the lows of 21,743 created post the Trump tariff event. Prices protected the prior low on a closing basis and reversed sharply higher. In the last 6 trading days, we can see the prior day's low is protected. This is a rise of nearly 10 percent or 2,100 points. Short-term consolidation is possible, but it is best to use dips as a buying opportunity for a move to 24,200 over the near term. From the Elliott wave perspective, prices might be in the 3rd wave, and Gaps are usually seen in this wave pattern. On the upside, Nifty can eventually move to 25,000 from a medium-term perspective. In summary, as long as 23,200 is intact, use dips to buy for better risk reward for the move to 24,200 and eventually to 25,000 over the coming months. Are you betting on PSU banks, considering the bullish bias in several of these stocks? Nifty PSU Bank sector looks to have formed an inverse Head & Shoulders pattern on the daily chart, and prices gave a breakout of it in Thursday’s session. Many of the stocks from this space are showing similar bottoming patterns and are givinga  breakout. Stocks like PNB, Canara Bank, Bank of Baroda are showing accumulation patterns and breaking out. However, it is better to buy on dips for a good risk-reward setup. Do you view the recent low in Nifty IT as a potential double-bottom formation? Nifty IT sector recently bounced on the upside from its important support of 31,300 levels. It will be too soon to say about double bottom formation. For any positive reversal, weekly close above prior week’s high is required. Fall in IT stocks has been sharp and we are yet to see base formation. It is too soon to conclude if Nifty IT is going to move up immediately from here but eventually this index should also contribute towards the ongoing up move seen in other indices. Nifty IT index is currently trading near 33,370 levels. Break above 33,800 will create higher high and higher lows with positive reversal over short term. What are your top two stock picks for the upcoming week? Nestle India FMCG sector has witnessed smart recovery from the lows. Wherein, Nestle is outperforming its sector and was consolidating in a broader range since October 2024. In Thursday’s session, prices finally gave a breakout of it with surge in volumes which is a positive sign. For now, it has opened doors for the upside target of Rs 2,520 followed by Rs 2,610. On the downside, Rs 2,320 should remain protected. Havells India The stock has recently given a breakout of the double bottom pattern on the daily chart. The target as per the pattern comes near Rs 1,765 levels. Also, since April 8 not a single candle has closed below prior day’s low which keeps the trend on the positive side unless we see a close below prior day’s low. Post sharp rise buy on dips looks prudent strategy to ride the trend for the targets of Rs 1,765 as long as Rs 1,575 remains protected on the downside. Are the charts indicating an overbought situation in Bharti Airtel and Eicher Motors? At the start of April month, Bharti Airtel faced support of the mid Bollinger Bands on the daily chart and reversed on the upside and showed a rally of more than 11 percent. Currently, the stock is trading at the lifetime highs, and it has managed to outperform Nifty. However, currently daily RSI (Relative Strength Index) is entering into a overbought territory so possibility of minor dips cannot be ruled out. One can use it as an opportunity to create fresh longs with the targets of Rs 1,950 followed by Rs 2,100. On the other hand, a breach below Rs 1,790 will be a first sign of trend change. Eicher Motors since past two weeks, has been moving in gaps. Stock has managed to protect its prior day's low since April 8 and have rallied by more than 10 percent since which reflects strength in the ongoing trend. On upside, we can expect move to Rs 5,900 followed by Rs 6,200 levels. On the downside, Rs 5,410 is the crucial support to watch out for!"
09 Apr 2025,FMCG's domestic focus attracts investors as Trump tariffs make markets volatile,https://www.moneycontrol.com/news/business/markets/fmcgs-domestic-focus-attracts-investors-as-trump-tariffs-make-markets-volatile-12989509.html,"The FMCG sector's defensive nature and domestic demand makes it an attractive bet for investors amid times of uncertainties, especially at a time when the markets are turning volatile owing to US President Trump's reciprocal tariffs.",FMCG ,"Shares of FMCG companies recorded strong gains on April 9, supported by index heavyweights ITC, HUL and Nestle India, pushing Nifty FMCG index higher by nearly 2 percent as the biggest sectoral gainer, while the broader market trend remains weak. Nestle India and Godrej Consumer Products shares were the top gainers on the FMCG index, rising over 3 percent, with Britannia Industries, Emami, Hindustan Unilever and Colgate Palmolive following in tow. Marico, United Spirits, Tata Consumer and Dabur shares closed 1-2 percent higher, while ITC, United Breweries and Patanjali Foods closed with marginal gains. Varun Beverages and Radico Khaitan shares however bucked the trend to trade in the red with marginal losses. Jyothy Labs shares also recorded strong gains, closing nearly 8 percent higher at Rs 370 apiece. The FMCG sector's defensive nature and domestic demand makes it an attractive bet for investors amid times of uncertainties, especially at a time when the markets are turning volatile owing to US President Trump's reciprocal tariffs triggering a trade war and recession fears. Additionally, RBI Governor Sanjay Malhotra on April 9 announced that the central bank’s Monetary Policy Committee (MPC) has reduced its Consumer Price Index (CPI) inflation projection to 4 percent from its earlier 4.2 percent for FY26. RBI also cut its repo rate by 25 bps to 6 percent. Narinder Wadhwa, Managing Director & CEO of SKI Capital said, ""From a macroeconomic perspective, a rate cut could put downward pressure on the rupee, particularly if foreign investors continue pulling out of emerging markets. A weaker rupee, while supportive for IT and pharma exports, may also stoke imported inflation…Export-heavy sectors like manufacturing may see mixed effects: domestic easing may help margins, but global trade disruptions could reduce orders. Defensive sectors like FMCG might again gain favour if volatility remains elevated."" Sankar Chakraborti, MD & CEO of Acuité Ratings & Research said, ""The MPC's decision to front-load support to domestic growth, especially for our domestic growth drivers, which might be affected by tariffs such as the MSMEs, is a welcome move. By leaning into the window of disinflation, the RBI is aiming to cushion the economy from external shocks and sustain the momentum in consumption and investment recovery."""
09 Apr 2025,"Trade Spotlight: How should you trade Nestle India, Pidilite Industries, Indus Towers, CreditAccess Grameen, Uno Minda, and others on April 9?",https://www.moneycontrol.com/news/business/markets/trade-spotlight-how-should-you-trade-nestle-india-pidilite-industries-indus-towers-creditaccess-grameen-uno-minda-and-others-on-april-9-12989114.html,"Volatility is likely to remain high, and consolidation is expected to continue until the index closes the bearish gap of April 7. Below are some trading ideas for the near term.",Stocks To Buy For Short Term,"The benchmark indices rebounded after a day of steep correction and closed with 1.7 percent gains on April 9, following a bounce-back trade in global counterparts. The market breadth also turned positive, with about 2,201 shares advancing against 371 declining shares on the NSE. Volatility is likely to remain high, and consolidation is expected to continue until the index closes the bearish gap of April 7. Below are some trading ideas for the near term: Amol Athawale, VP-Technical Research at Kotak Securities SBI Life Insurance Company | CMP: Rs 1,488  After the sharp up moves, SBI Life Insurance witnessed profit booking at higher levels. Post the recent selloff in the counter, the downward momentum has stopped. On the daily charts, the counter has found support near its important retracement zone. The formation suggests a revival of the uptrend from the current levels in the coming horizon. Strategy: Buy Target: Rs 1,590 Stop-Loss: Rs 1,440 Nestle India | CMP: Rs 2,275.4  Nestle India is in the accumulation zone, where it is trading in a rangebound mode on the daily scale. However, recent bullish activity near the breakout zone of the range indicates good strength. The counter is expected to break out and witness a fresh uptrend from the current levels, offering a favourable risk-reward perspective. Strategy: Buy Target: Rs 2,440 Stop-Loss: Rs 2,200 Chambal Fertilisers and Chemicals | CMP: Rs 631.65  After the remarkable up move, Chambal Fertilisers is taking a breather in the last few sessions. The consolidation in the rangebound structure suggests a bullish continuation chart formation. Moreover, the stock comfortably closed above its short-term moving average. Therefore, the stock is likely to resume its uptrend from the current levels in the near term. Strategy: Buy Target: Rs 680 Stop-Loss: Rs 610 Ashish Kyal, CMT, Founder and CEO of Waves Strategy Advisors Pidilite Industries | CMP: Rs 2,930.95  On Monday's session, when all the global markets experienced a bloodbath due to negative global cues and fears over recession, Pidilite Industries did not fall as much in comparison to other stocks. In the previous session, prices surged by nearly 3%, which is a positive sign. Moreover, prices took support at the mid Bollinger bands and gained more than 5%, which is also a positive sign. The stock is moving within a downward sloping channel and is currently trading at the resistance of the channel. A breakout of it is needed for bullish momentum to continue. Also, prices have retraced exactly 38.2% of the fall that started in September 2024. For now, we expect prices to retrace up to 50% of the fall, which is also near its previous swing high of Rs 3,010 levels. In summary, the current trend for Pidilite Industries looks to be positive. A break above Rs 2,950 levels can lead to a trending move towards Rs 3,070, followed by Rs 3,185 levels. On the downside, Rs 2,830 levels is the nearest support to watch out for. Strategy: Buy Target: Rs 3,070, Rs 3,185 Stop-Loss: Rs 2,830 Indus Towers | CMP: Rs 370.65  In the previous session, Indus Towers managed to outshine its sector and surged by more than 4%, which is a bullish sign. Moreover, the stock has been consolidating within a broader range of Rs 312-390 levels. For now, a break above Rs 375 can result in a move towards the upper end of the range, which is at Rs 390 levels, followed by Rs 405. On the daily chart, prices recently found support at the baseline (red line) of the Ichimoku cloud indicator and reversed to the upside, which is a bullish sign. Also, the RSI is trading at 65, which gives prices the space to trend further. On the downside, Rs 355 is the nearest support. Strategy: Buy Target: Rs 390, Rs 405 Stop-Loss: Rs 355 Rainbow Children's Medicare | CMP: Rs 1,479.65  In the previous session, Rainbow Children's Medicare closed with a massive gain of 5.26% and also managed to close above the prior day's high. The stock has been witnessing a rounding bottom pattern since January 2025. Currently, prices are trading near its neckline at Rs 1,490 levels. A daily close above Rs 1,490 will confirm the breakout of the said pattern. If this happens, a fresh course of rise can be expected in this stock. On the daily chart, the ADX (Average Directional Index) is trading above 25 at 28, suggesting strong momentum to continue in the stock. In summary, the trend for Rainbow is bullish. A break above Rs 1,490 is a must for positive momentum to continue, with the target at Rs 1,610. On the downside, the nearest support is at Rs 1,420. Strategy: buy Target: Rs 1,610 Stop-Loss: Rs 1,420 Nagaraj Shetti, Senior Technical Research Analyst at HDFC Securities ICICI Prudential Life Insurance | CMP: Rs 557  The downward correction of the last couple of weeks seems to have completed in this insurance stock. ICICI Prudential Life Insurance has moved up after the formation of a slightly lower bottom on the daily chart. We observe a double-bottom type formation (not a classical one) on the daily/weekly chart. A positive divergence pattern has started to form in the stock price and in RSI as per the daily and weekly timeframe charts. Volume has started to expand during the upside breakout in the stock price, and the weekly 14-period RSI shows positive indications. Strategy: Buy Target: Rs 610 Stop-Loss: Rs 530 CreditAccess Grameen | CMP: Rs 996.55  The weekly timeframe chart of CreditAccess Grameen indicates a formation of a larger consolidation movement in the last few months. The stock price is now placed at the edge of breaking above the triangle-type formation around Rs 1,020 levels. The overall weekly chart pattern indicates the formation of a crucial bottom reversal pattern. Weekly momentum oscillators signal a positive bias. The overall chart pattern of CreditAccess Grameen indicates a long trading opportunity. One may look to create a positional buy as per the levels mentioned. Strategy: Buy Target: Rs 1,105 Stop-Loss: Rs 945 UNO Minda | CMP: Rs 837.3  The sharp downtrend of the last two weeks seems to be over. UNO Minda has bounced back from the lows of Rs 767 levels recently. The current chart pattern indicates the formation of a lower-bottom reversal pattern. As per the larger degree lower tops and bottoms, the stock price is expected to move up towards the lower top of the pattern in the near term. Volume pattern and RSI show positive indications. Strategy: Buy Target: Rs 920 Stop-Loss: Rs 790"
04 Apr 2025,"Stocks to Watch Today: HDFC Bank, Mazagon Dock, DMart, Adani Wilmar, Bajaj Finance, Surya Roshni, Alivus Life, Paras Defence in focus on 4 April",https://www.moneycontrol.com/news/business/markets/stocks-to-watch-today-hdfc-bank-mazagon-dock-dmart-adani-wilmar-bajaj-finance-surya-roshni-alivus-life-paras-defence-in-focus-on-4-april-12984371.html,"Stocks to Watch, 4 Apr: Stocks like L&T Finance, Vedanta, RBL Bank, Bandhan Bank, SH Kelkar and Company, Jio Financial Services, GR Infraprojects, UltraTech Cement, Balaji Amines, Sai Life Sciences, Nestle India, Jupiter Wagons, Thermax, and Ami Organics will be in focus on April 4.",Stocks to Watch Today,"Let's catch up on the latest news from the stock market. From significant investments to major deals, quarterly earnings, order wins and acquisitions, here’s a quick look at which stocks will be in focus in today's trade: Quarterly Earnings (Provisional Updates) HDFC Bank Q4 (YoY) Gross advances grow 5.4% to Rs 26.43 lakh crore Vs Rs 25.08 lakh crore Average deposits increase 15.8% to Rs 25.28 lakh crore Vs Rs 21.84 lakh crore Period end deposits zoom 14.1% to Rs 27.14 lakh crore Vs Rs 23.8 lakh crore CASA deposits rise 5.7% to Rs 8.29 lakh crore Vs Rs 7.84 lakh crore AUM-average soars 7.3% to Rs 26.95 lakh crore Vs Rs 25.12 lakh crore AUM-period jumps 7.7% to Rs 27.73 lakh crore Vs Rs 25.76 lakh crore Bajaj Finance Q4 Customer franchise as of March 2025 stood at 101.82 million Vs 83.64 million as of March 2024. In Q4 FY25, the customer franchise increases by 4.70 million New loans booked grow 36% to 10.70 million Vs 7.87 million (YoY) Assets under management rises 26% to Rs 4.17 lakh crore Vs Rs 3.31 lakh crore (YoY) In Q4 FY25, AUM grew by approximately Rs 18,700 crore Deposits book increases 19% to Rs 71,400 crore as of March 2025 Vs Rs 60,151 crore as of March 2024 L&T Finance Q4 (YoY) Retailisation of portfolio estimated at 97% Vs 94% Retail disbursements drop 1.16% to Rs 14,870 crore Vs Rs 15,044 crore Retail loan book grows 18.8% to Rs 95,100 crore Vs Rs 80,036 crore Adani Wilmar Q4 (YoY) Volume growth at 7% YoY Revenue grows by 36% Company witnessed better growth in rural towns compared to urban markets, especially in foods category Quick commerce sales volume grows 100%+ Vedanta Q4 (YoY) Aluminium production grows 1% to 6.03 lakh tonnes Vs 5.98 lakh tonnes Saleable metal production drops 1% to 2.7 lakh tonnes Vs 2.73 lakh tonnes Zinc international production zooms 52% to 50,000 tonnes Vs 33,000 tonnes Oil & gas production down 18% to 96.2 kboepd Vs 117.8 kboepd Avenue Supermarts (DMart) Q4 (YoY) Standalone revenue jumps 16.7% to Rs 14,462.4 crore Vs Rs 12,393.5 crore Total number of stores as of March 2025 stands at 415 RBL Bank Q4 (YoY) Total deposits grow 7% to Rs 1.10 lakh crore Vs Rs 1.03 lakh crore CASA increases 4% to Rs 37,884 crore Vs Rs 36,448 crore Gross advances jump 11% to Rs 94,973 crore Vs Rs 85,639 crore CASA ratio declines to 34.1% Vs 35.2% Bandhan Bank Q4 (YoY) Loans & advances (on book + PTC) increases 10.6% to Rs 1.37 lakh crore Vs Rs 1.24 lakh crore Total deposits grow 11.8% to Rs 1.51 lakh crore Vs Rs 1.35 lakh crore Bulk deposits jump 13.7% to Rs 47,056 crore Vs Rs 41,401 crore CASA deposits fall 5.4% to Rs 47,436 crore Vs Rs 50,151 crore CASA ratio drops to 31.4% Vs 37.1% SH Kelkar and Company Company maintained healthy growth with steady demand across segments in Q4 European business continued to deliver stable performance Consolidated revenues for FY25 grows 15% YoY to Rs 2,110 crore Combination of pricing actions and improving input cost environment expected to support margin recovery in FY26 As of March 2025, net debt at Rs 670 crore Company received an interim relief of Rs 95 crore from its insurer on April 2 Company does not anticipate any impact of recent tariff measures announced by United States Stocks to Watch Mazagon Dock Shipbuilders The Government of India is set to sell up to a 4.83% stake in the company via an offer-for-sale (OFS) on April 4 and April 7. The OFS includes a base issue size of 2.83% and a greenshoe option of 2%. The floor price for the offer will be Rs 2,525 per share. Jio Financial Services The company and BlackRock have subscribed to and been allotted 6.65 crore equity shares of Jio BlackRock Investment Advisers, a 50:50 joint venture between the company and BlackRock, for Rs 66.5 crore. The joint venture will utilize the amount to fund its business operations. The aggregate investment in the joint venture to date is Rs 84.5 crore. GR Infraprojects The Arbitral Tribunal has declared the arbitration award related to the road project in Bihar and has held that the company is entitled to receive Rs 106.4 crore from the Government of Bihar, plus future interest on the said amount at the rate of 12% per annum from the date of this award until the date of realization. Surya Roshni The company has received an order worth Rs 116.15 crore from GAIL India for the supply of HFW 355.60 X 8.7 & 10.3 WT, GR X-70 PSL-2, coated pipes. Alivus Life Sciences The US Food and Drug Administration (US FDA) conducted an inspection at the company's API manufacturing facility in Ankleshwar, Gujarat, during January 27-31, 2025. Post-inspection, the USFDA issued an Establishment Inspection Report with a Voluntary Action Indicated status for the said manufacturing facility. UltraTech Cement The Board approved the acquisition of 6.42 crore equity shares of Wonder WallCare, for an enterprise value of up to Rs 235 crore. The company has executed a Share Purchase Agreement with Wonder Cement and Kushal Sogani for acquiring a stake in Wonder WallCare. After the acquisition, Wonder WallCare will become a wholly-owned subsidiary of the company. Balaji Amines The company has commissioned a 6 MW AC solar power plant, which will be operational in a phased manner under grid connectivity. The power from the 6 MW AC solar power plant will be utilized for captive consumption. Paras Defence and Space Technologies The defense engineering company has signed a strategic Memorandum of Understanding (MoU) with Israel-based MicroCon Vision (part of Controp and the Rafael Group). This collaboration will position Paras Defence as the exclusive supplier of advanced drone camera technology in India, at a much lower cost. Sai Life Sciences The company has inaugurated its Peptide Research Center at its R&D campus in Hyderabad. Nestlé India The company laid the foundation stone for its upcoming factory in Khordha, Odisha, which is slated to be its tenth factory in India. The factory will be set up with an initial investment of Rs 900 crore in its first phase. Jupiter Wagons The company's subsidiary, Jupiter Tatravagonka Railwheel Factory (JTRF), has secured land in Khordha, Odisha, for its upcoming railwheel & axle forging plant. Jupiter Tatravagonka plans to invest Rs 2,500 crore in phases to develop this facility. The plant is expected to produce 1 lakh forged wheelsets annually. Thermax The company has entered into a Share Purchase Agreement with Infinite Uptime Inc., USA, for the sale of its stake in Covacsis Technologies for Rs 10 crore. Accordingly, Covacsis has ceased to be an associate company. Ami Organics The company has commissioned its 10.8 MW DC solar power plant as part of its solar facility in Pratapnagar, Gujarat. This plant comprises two captive solar plants, each with a capacity of 5.4 MW. Zomato The company's name and symbol will be changed from Zomato to ETERNAL, effective April 9. Bulk Deals Anzen India Energy Yield Plus Trust Chryseum Advisors LLP bought 26 lakh shares in the trust at an average price of Rs 106.3, from Discovery Global Opportunity Mauritius. Balaji Phosphates Veloce Opportunities Fund sold 1.42 lakh shares in the company at an average price of Rs 118.4 per share. Stocks Trade Ex-Dividend Varun BeveragesDCM Shriram IndustriesPH CapitalUnifinz Capital India Stock Trades Ex-Bonus KBC Global Stocks Trade Ex-Date for Rights Bio Green PapersFusion Finance"
02 Apr 2025,"Nestle, Hindustan Unilever shares decline up to 2% after BofA downgrades FMCG stocks",https://www.moneycontrol.com/news/business/markets/nestle-hindustan-unilever-shares-decline-up-to-2-after-bofa-downgrades-fmcg-stocks-12982325.html,Nestle India and Hindustan Unilever shares fell after BofA downgraded the stocks to 'underperform' from 'neutral' and 'neutral' from 'buy',"Nestle, HUL","The shares of FMCG majors Nestle and Hindustan Unilever (HUL) dropped on April 2 after Bank of America (BofA) Securities downgraded the two stocks. Nestle shares dropped over 2 percent, while HUL shares declined around 1.4 percent. BofA Securities on Nestle India: BofA Securities downgraded the shares of Nestle India to 'Underperform' from 'Neutral', with a target price of Rs 2,140 apiece. This implies a downside potential of over 4 percent from the stock's previous closing price of Rs 2,234 per share. The international brokerage said that soft demand trends, cost pressures and aggressive competition from multiple players have made the operating environment challenging. This could affect Nestle India in the near term. ""Pricing can remain a key growth driver amidst sharp inflation in commodities like coffee, cocoa, etc. that impact approximately 30% of portfolio,"" it said in its latest note. BofA Securities expects some volume recovery for the company on a low base, but notes that the overall growth remains modest. It added that valuations remain elevated in the context of its growth outlook and its peer group. The brokerage further cut the company's earnings estimates by 3 to 5 percent, factoring the recent trends. BofA Securities on Hindustan Unilever: BofA Securities downgraded the shares of Hindustan Unilever to 'Neutral' from 'Buy', and cut its target price to Rs 2,330 apiece from the earlier Rs 2,540 apiece. The latest target price, however, implies an upside potential of over 4 percent from the stock's previous closing price of Rs 2,233.85 apiece. While the brokerage noted that the trends of the company are expected to pick up from the recent lows, it believes that the growth and margin recovery seem to be much slower than what it had earlier imagined. ""General softness in consumption continues with the urban India slowdown and rural recovering only gradually. Moreover importantly, we see a substantial part of HUL's portfolio (c.35%) impacted by either cyclical/inflationary pressures (tea, soaps) or specific category issues (nutrition, mass skin, etc.) that weigh on overall performance. In our view, mgmt. efforts to invest in new high growth segments and channels is positive, but may not be enough to swing the needle for such a large business near-term,"" it added. The international brokerage cut the company's earnings estimates for Q4FY25 by 2 percent and that of FY26/27E by 4-5 percent, citing macro and inflationary volatility. ""We still like the long-term India Consumer story, though highlight that the aggregate growth of large companies is currently close to two-decade lows. It's a peculiar time where HUL is growing slower than Unilever. The recovery in coming quarters may be key in determining where the stock's rich valuations settle,"" it added. Also read: Our LIVE blog on stock market updates Nestle India shares have so far fallen over 18 percent in the last six months, while those of HUL have dropped over 23 percent during the period."
24 Mar 2025,"FMCG firms to see weak volume, value growth on muted urban demand, GCPL top bet: Kotak Institutional Equities",https://www.moneycontrol.com/news/business/markets/fmcg-firms-to-see-weak-volume-value-growth-on-muted-urban-demand-gcpl-top-bet-kotak-institutional-equities-12973320.html,"Volume and value growth for consumer staples companies is likely to be weak for the next few quarters, as urban demand remains muted, weighing on sales. ",Kotak Institutional Equities' top pick in the FMCG pack is Godrej Consumer Products Ltd. ,"Consumer staples firms are likely to see muted volume and value growth over the current and next quarter as urban consumption remains muted, noted domestic brokerage Kotak Institutional Equites. However, rural demand - which makes up one-third of total FMCG sakes - is stable, but not appreciating. Regardless, rural consumption is likely to outpace its urban counterpart for the fifth consecutive quarter. Kotak Institutional Equities added that inflationary pressure in a few select commodities, such as palm oil, tea and coffee, would result in FMCG players seeing continued margin pressure for another quarter or two. ""We factor in weak consumption continuing into 1HFY26E and moderate estimates of FMCG companies across the pack,"" said the research firm. Follow our market blog to catch all the live updates The brokerage's top pick in the FMCG pack is Godrej Consumer Products Ltd. (GCPL). The firm's stock has tumbled 25 percent over the past six months, as a result of high commodity inflation, competitive pressure in soaps and concerns around its home insecticides (HI) business. However, according to Kotak's channel checks,  the current season for GCPL’s HI business is shapingup well. The company’s Renofluthrin (RNF,  India's first indigenously developed mosquito repellent molecule) products have started to show some encouraging results, with GCPL gaining a 200 bps share in markets where it is launched. ""Notwithstanding the near-term margin weakness, we believe that GCPL will be able to recoup its soap segment’s profitability through gradual price hikes (high single-digit price hikes thus far) and/or potential easing of palm oil prices once the new crop arrives by Q2FY26,"" stated the brokerage. Kotak assumed  continued weakness in consumption in H1FY26 and trimmed earnings estimates and valuation multiples across the board.Hindustan Unilever: Cut estimates by 0-3 percent and revised its fair value to Rs 2,450Nestle India: Cut estimates by 0-3 percent and revised its fair value to Rs 2,280Britannia Industries: Cut estimates by 0-3 percent and revised its fair value to Rs 5,025Dabur India: Trimmed estimates by 0-1 percent and revised its fair value to Rs 540GCPL: Cut estimates by 1-3 percent and revised its fair value to Rs 1,250Marico: Trimmed estimates by 0-2 percent and revised its fair value to Rs 635Colgate Palmolive (India): Cut estimates by 1-3 percent and revised its fair value to Rs 2,600TCPL: Cut estimates by 2-4 percent and revised its fair value to Rs 1,025.Disclaimer: The views and investment tips expressed by investment experts on Moneycontrol.com are their own and not those of the website or its management. Moneycontrol.com advises users to check with certified experts before taking any investment decisions."
11 Mar 2025,"Trade Spotlight: How should you trade Emami, Sarda Energy, SRF, Nestle India, InterGlobe Aviation, JSW Steel, and others on March 11?",https://www.moneycontrol.com/news/business/markets/trade-spotlight-how-should-you-trade-emami-sarda-energy-srf-nestle-india-interglobe-aviation-jsw-steel-and-others-on-march-11-12961436.html,"The benchmark indices, as well as broader markets, might extend the weakness. Below are some trading ideas for the near term.",Top Buy Ideas,"The market failed to sustain its morning rally and finished lower on March 10, with selling almost across sectors and a sharp correction in the broader markets. Additionally, the VIX spiked to 14. The market breadth turned negative, with about 2,171 shares declining against 500 rising shares on the NSE. Hence, the benchmark indices, as well as broader markets, might extend the weakness. Below are some trading ideas for the near term: Jigar S Patel, Senior Manager - Equity Research at Anand Rathi PB Fintech | CMP: Rs 1,425.4  Policy Bazaar has corrected sharply from the Rs 2,200+ zone and has entered oversold territory. Currently, the stock has found support at its 89-week EMA (Exponential Moving Average), aligning with key technical support levels. Additionally, the weekly RSI (Relative Strength Index) is in the oversold zone, indicating a potential rebound in the coming sessions. Traders may consider taking buy positions in the Rs 1,390-1,410 zone, with a target of Rs 1,480. Strategy: Buy Target: Rs 1,480 Stop-Loss: Rs 1,360 Emami | CMP: Rs 568.15  Emami is forming a double bottom near the Rs 510-520 zone and is rebounding from its 200-week EMA. Additionally, the weekly RSI is showing positive divergence and turning upward from the 40 support level, indicating a potential recovery in the coming sessions. Traders may consider entering buy positions on dips near the Rs 550 zone, with a target of Rs 600. Strategy: Buy Target: Rs 600 Stop-Loss: Rs 525 Sarda Energy and Minerals | CMP: Rs 502.55  Sarda Energy has been an outperformer, trading near its lifetime high. The stock has confirmed a range breakout near the highs with strong volumes. Additionally, we are witnessing a range shift in the daily RSI, indicating continued strength. Traders may consider entering buy positions near the Rs 490 zone, with a target of Rs 530. Strategy: Buy Target: Rs 530 Stop-Loss: Rs 470 Jay Thakkar, Vice President & Head of Derivatives and Quant Research at ICICI Securities Reliance Industries Futures | CMP: Rs 1,240  Reliance Industries has reversed sharply on account of short covering in the stock. The options activity also suggests that there is a strong Put base until Rs 1,200 levels. As long as these levels are held on a closing basis, the stock is likely to bounce back to Rs 1,300, where the highest Call open interest (OI) resides. In the near term, it is trading above its maximum pain level of Rs 1,230, as well as its 20-day VWAP (Volume Weighted Average Price) level of Rs 1,216, which is a positive sign. Hence, we suggest buying Reliance Industries futures in the range of Rs 1,240 to Rs 1,220. Strategy: Buy Target: Rs 1,280, Rs 1,300 Stop-Loss: Rs 1,180 SRF Futures | CMP: Rs 2,906  SRF Futures has provided a breakout from a huge consolidation due to sharp short covering in the stock. As a result, the stock has managed to outperform the markets as well as trade near its lifetime highs. The OI in the futures is at its 1-year low, so the overall positions in the stock are quite low now. There is a positive chance of long buildup from here, which can help the stock to further trend higher. The stock is trading well above its maximum pain level, as well as its 20-day VWAP levels. The immediate resistance is at Rs 3,000, where the highest call OI resides. Hence, the upside probability is higher in this stock. We advise buying SRF futures in the range of Rs 2,910 to Rs 2,880. Strategy: Buy Target: Rs 2,970, Rs 3,040 Stop-Loss: Rs 2,840 Nestle India Futures | CMP: Rs 2,258.7  Nestle India Futures has witnessed huge shorts in the futures. However, recently the prices have reversed from the lower levels, i.e., from Rs 2,100, for the second time. This indicates that, in the medium term, Rs 2,100 will act as a very critical support going forward. As long as these levels are held, there is a high chance of short covering in this series. This has been confirmed with the options activity as well, where there is a good Put base at Rs 2,100 and Rs 2,080 levels, as well as at Rs 2,200 in the nearest strike. The PCR (Put Call Ratio) is at 1.39, which is positive, and the stock has managed to close above its 20-day VWAP level. So, overall, there is a higher chance of further short covering from here. We advise buying Nestle India futures in the range of Rs 2,260 to Rs 2,230. Strategy: Buy Target: Rs 2,350, Rs 2,400 Stop-Loss: Rs 2,180 Anshul Jain, Head of Research at Lakshmishree Investments Welspun Corp | CMP: Rs 793.15  Welspun Corp is forming a bullish flag pattern on the daily chart, spanning 12 weeks. Notably, volume trends confirm accumulation, with diminishing volume on down weeks and rising volume on up weeks. Last week’s candle saw above-average volume, a strong precursor to a breakout. A sustained move above Rs 810 will confirm the breakout, potentially propelling the stock toward Rs 950. Investors should watch for sustained strength, as this pattern signals strong upside momentum. Strategy: Buy Target: Rs 850 Stop-Loss: Rs 770 InterGlobe Aviation | CMP: Rs 4,627.55  IndiGo has decisively broken out of a weekly pennant at Rs 4,600, backed by a surge in volumes. The current session appears to be a healthy consolidation before the next leg up. A sustained move above Rs 4,650 will ignite immediate momentum, pushing the stock higher. Additionally, the bullish alignment of daily moving averages reinforces the uptrend, acting as a strong propeller. Investors should watch for follow-through buying to confirm the breakout’s strength. Strategy: Buy Target: Rs 4,825 Stop-Loss: Rs 4,575 JSW Steel | CMP: Rs 1,013.5  JSW Steel is on the verge of a bullish breakout from an 18-week-long cup and handle pattern at Rs 1,020. Volume trends are ideal, confirming strong accumulation, while bullishly aligned daily moving averages act as a propeller for further upside. Additionally, the stock and sector’s relative strength have turned outperforming, signaling strong momentum. A decisive breakout above Rs 1,020 could pave the way for significant gains, making JSW Steel a potential big winner ahead. Strategy: Buy Target: Rs 1,150 Stop-Loss: Rs 980"
07 Mar 2025,"Sensex snaps 2-day winning streak, Nifty holds 22,500 after volatile session amid US tariff concerns; IT, realty drag",https://www.moneycontrol.com/news/business/markets/sensex-nifty-trade-marginally-higher-in-choppy-session-ril-metal-stocks-gain-smallcap-index-up-1-1-12959008.html,"Sensex ended marginally lower on Friday after a choppy session as concerns over global trade tensions kept investors cautious. Nifty, however, managed to hold the 22,500 mark despite volatility.","Sensex, Nifty trade marginally higher in choppy session; RIL, metal stocks gain, smallcap index up 1.1%","Sensex ended marginally lower on Friday after a choppy session as concerns over global trade tensions kept investors cautious. Nifty, however, managed to hold the 22,500 mark despite volatility. Sensex slipped 7.52 points, or 0.01 percent, to settle at 74,332.58. During intraday trade, the index touched a high of 74,586.43, gaining 246.34 points, before giving up early gains. The broader NSE Nifty inched up 7.80 points, or 0.03 per cent, to close at 22,552.50. The index hit an intraday high of 22,633.80, up 89 points, before paring most of its gains due to selling pressure in IT and realty stocks. Reliance Industries, Nestle India, Tata Motors, Adani Ports, Tata Steel, UltraTech Cement, and Kotak Mahindra Bank ended in the green. However, selling in Zomato, IndusInd Bank, NTPC, Infosys, HCL Technologies, Titan, Power Grid, Hindustan Unilever, Tech Mahindra, and ITC weighed on the indices. Stock Market LIVE Updates Market sentiment was dampened by concerns over US tariff impositions and retaliatory threats, which have heightened uncertainty in global markets. ""This ambiguity has led to increased risk aversion and diminished appeal of equities. Emerging markets have seen notable outflows due to these concerns,"" analysts said. Vinod Nair, Head of Research at Geojit Financial Services, said, ""The S&P 500 index is showing signs of a deeper correction amid worries about the impact of tariffs on the US economy. However, Indian markets have displayed resilience despite the global trade uncertainties."" ""Nifty is approaching its immediate resistance at 22,700 and will require fresh triggers to break past this level. A potential catalyst could be renewed buying interest in banking heavyweights, which have largely remained on the sidelines during the recent rebound. However, global uncertainties may cap gains and disrupt the recovery attempt. We suggest a positive but cautious approach with prudent position sizing,"" said Ajit Mishra, SVP - Research, Religare Broking Ltd. Sectorally, metals outperformed, while realty and IT stocks were the major drags. In the broader market, small-caps ended higher, while mid-caps closed in the red."
