Date,Title,URL,Article Description,Article Text,Article Content
19 Aug 2025,"Stocks to Watch Today: BlueStone Jewellery, Aditya Infotech, Vedanta, Hindustan Zinc, Marine Electricals, All Time Plastics, EIL in focus on 19 August",https://www.moneycontrol.com/news/business/markets/stocks-to-watch-today-bluestone-jewellery-aditya-infotech-vedanta-hindustan-zinc-marine-electricals-all-time-plastics-eil-in-focus-on-19-august-13465008.html,"Stocks to Watch, 19 August: Stocks like BlueStone Jewellery, Aditya Infotech, Vedanta, Hindustan Zinc, Marine Electricals, All Time Plastics, Engineers India, GNG Electronics, Seamec, and Goldiam International will be in focus on August 19.","Stocks to Watch Today, 19 August","Let's catch up on the latest news from the stock market. From significant investments to major deals, order wins, acquisitions, and fund raising here’s a quick look at which stocks will be in focus in today's trade: Results Today Aditya Infotech, GNG Electronics, and Vuenow Infratech will release their quarterly earnings on August 19. Stocks to Watch Reliance Industries Reliance Consumer Products, the FMCG subsidiary of Reliance Industries, has forayed into the healthy functional beverage space through the acquisition of a majority stake in a joint venture with Naturedge Beverages. Through this JV, Reliance Consumer Products aims to offer consumers a range of herbal-natural beverages. Vedanta The Board of Directors will meet on August 21 to consider the second interim dividend on equity shares, if any, for the financial year 2025–26. The record date for determining the entitlement of equity shareholders, if the dividend is declared, is fixed as August 27. Hindustan Zinc The Board has approved the setting up of a 10 MTPA tailings reprocessing plant as part of the company’s overall 2X growth plan (i.e., doubling capacity). The project involves a capital expenditure of up to Rs 3,823 crore, aiming to recover metal from tailing dumps. Trent Burnt Toast, the youth-focused fashion label from Trent, has made its debut in Gujarat with the launch of its first-ever store in Surat. Oil and Natural Gas Corporation ONGC Energy Centre Trust (OECT), the research and development arm of ONGC, has entered into a formal agreement with Engineers India (EIL) for the implementation of a Helium Recovery Demonstration Plant at ONGC’s Kuthalam gas collection station in Cauvery Asset, Tamil Nadu. Tata Steel The company’s subsidiary, Tata Steel Advanced Materials (TSAML), has approved the divestment of its entire equity stake (90%) and preference stake (100%) held in Ceramat (CPL) to Lionstead Applied Materials, a wholly owned subsidiary of Lionstead Ventures LLP. With this divestment, TSAML ceases to hold any securities in CPL, and consequently, CPL ceases to be a subsidiary of the company. Sandhar Technologies The company has executed a Share Subscription and Shareholders Agreement (SSSHA) with Clean Renewable Energy KK 1A, acquiring a 4.51% shareholding in the SPV (as per the current shareholding structure) for Rs 2.72 crore. Rainbow Children’s Medicare The company has completed the acquisition of a 76% equity stake and 100% of non-convertible redeemable preference shares (NCRPS) of Pratiksha Women & Child Care Hospital. Seamec The Board has announced the cessation of employment of Rakesh Ayri as Chief Executive Officer, effective August 19, due to non-performance, as evaluated. Nuvoco Vistas Corporation The Board has approved the issuance of non-convertible debentures (NCDs) of up to Rs 600 crore on a private placement basis, in one or more tranches. Enviro Infra Engineers The company has made an additional investment of Rs 25 crore by acquiring equity shares of its subsidiary, EIE Renewables. The investment was made via subscription to 2.5 crore equity shares at a face value of Rs 10 each, offered on a rights basis. Marine Electricals (India) The company has received an order worth Rs 17.36 crore from Allweiler India for the supply of control panels. The delivery will take place over a 36-month period. Oxygenta Pharmaceutical Vankineni Sai Sudhakar has resigned as Managing Director and Chief Financial Officer of the company, effective August 18. DRC Systems India The Board of Directors will meet on August 26 to consider the proposal for raising funds and to discuss other business items, if any. Goldiam International The company has approved the allotment of 61.22 lakh shares to eligible qualified institutional buyers, including Morgan Stanley, LC Pharos Multi Strategy Fund, Nova Global Opportunities Fund, and Saint Capital Fund, at an issue price of Rs 330 per share, amounting to Rs 202 crore. Bulk Deals All Time Plastics Vibhav Manish Chokhani, son of renowned financial expert and investor Manish Chokhani, has acquired 3.5 lakh shares (0.53% stake) in the company at Rs 287.11 per share. Sampann Utpadan India Davos International Fund sold 12.5 lakh shares (3.07% stake) in the company to Isquare Global PE Fund at Rs 32.96 per share. As of June 2025, Davos International Fund held a 4.87% stake in Sampann Utpadan. Kothari Petrochemicals BHK Trading LLP acquired 7.25 lakh shares (1.23% stake) in Kothari Petrochemicals from Arizona Globalservices at Rs 162.35 per share. Mainboard Listing on August 19 BlueStone Jewellery and Lifestyle SME Listing on August 19 Icodex Publishing Solutions Stocks Trade Ex-Dividend Power Grid Corporation of IndiaApollo Hospitals EnterpriseElixir CapitalIndustrial & Prudential Investment CompanyJammu & Kashmir BankNatco PharmaRefex IndustriesR K SwamyShyam Metalics and EnergySilver Touch TechnologiesSumedha Fiscal Services Stock Trades Ex-Date for Income Distribution (InvIT) National Highways Infra Trust Stocks in F&O Ban PG Electroplast,RBL Bank,Titagarh Rail Systems Stock Out of F&O ban PNB Housing Finance"
14 Aug 2025,Buy Oil and Natural Gas Corporation; target of Rs 273: Prabhudas Lilladher,https://www.moneycontrol.com/news/business/stocks/buy-oil-and-natural-gas-corporation-target-of-rs-273-prabhudas-lilladher-13456023.html,"Prabhudas Lilladher is bullish on Oil and Natural Gas Corporation has recommended buy rating on the stock with a target price of Rs 273 in its research report dated August 13, 2025.",buy,"Prabhudas Lilladher's research report on Oil and Natural Gas Corporation Mixed sales profile of standalone oil (-3% QoQ) and gas (flat QoQ) combined with sharply lower oil price realization of USD66.1/bbl in Q1 vs USD73.7/bbl in Q4FY25 resulted in revenues of Rs320bn, -9% QoQ (Ple Rs322bn, BBGe Rs322bn). EBITDA of Rs186.6bn (-2% QoQ) was in-line with our estimate of 187.6bn & consensus of Rs182bn. Lower DDA/write-offs of Rs80bn vs Rs111bn in the previous quarter was partially countered by lower other income of Rs12.1bn (Ple Rs26.7bn) vs Rs20.7bn in Q4, but still resulted in PBT rising by 23% QoQ to Rs107.4bn (PLe Rs107bn). PAT stood at Rs80.2bn, +24% QoQ (PLe Rs95.9bn, consensus Rs82.9bn). Going ahead, we build in 4-5% volume growth in oil and gas production in FY26E. The stock is currently trading at 7.2x FY26 conso EPS. Outlook We upgrade the stock from ‘Accumulate’ to ‘Buy’ with a target price of Rs273 (earlier Rs284), valuing standalone segment at 9x FY27 adj EPS and adding the value of investments. Key risk to our recommendation is decline in oil prices. With every USD5/bbl change in oil price realization, conso EPS is impacted by 8-9%. For all recommendations report, click here Oil and Natural Gas Corporation - 14082025 - anand"
13 Aug 2025,"ONGC Consolidated June 2025 Net Sales at Rs 163,108.12 crore, down 2.08% Y-o-Y",https://www.moneycontrol.com/news/business/earnings/ongc-consolidated-june-2025-net-sales-at-rs-163108-12-crore-down-2-08-y-o-y-13449245.html,,,"Reported Consolidated quarterly numbers for Oil and Natural Gas Corporation are: Net Sales at Rs 163,108.12 crore in June 2025 down 2.08% from Rs. 166,576.75 crore in June 2024. Quarterly Net Profit at Rs. 9,804.07 crore in June 2025 down 1.33% from Rs. 9,936.45 crore in June 2024. EBITDA stands at Rs. 28,480.40 crore in June 2025 up 14.93% from Rs. 24,779.78 crore in June 2024. ONGC EPS has decreased to Rs. 7.79 in June 2025 from Rs. 7.90 in June 2024. ONGC shares closed at 235.52 on August 11, 2025 (NSE) and has given -0.79% returns over the last 6 months and -30.99% over the last 12 months. "
12 Aug 2025,"Stocks to Watch Today: Apollo Hospitals, Highway Infrastructure, Hindalco, Pfizer, Adani Enterprises among stocks in focus on August 12",https://www.moneycontrol.com/news/business/markets/stocks-to-watch-today-apollo-hospitals-highway-infrastructure-hindalco-pfizer-adani-enterprises-among-stocks-in-focus-on-august-12-13439329.html,"Stocks to Watch, 12 August: Stocks like Highway Infrastructure, Hindalco Industries, Pfizer, Medi Assist, Adani Enterprises, and HG Infra Engineering will be in focus on August 12.","Stocks to Watch: Tata Motors, Apollo Hospitals, Hindalco, Pfizer, Adani Defence among stocks in focus on Aug 12","Let's catch up on the latest news from the stock market. From significant investments to major deals, quarterly earnings, new listings and acquisitions, here’s a quick look at which stocks will be in focus in today's trade: Results Today Oil and Natural Gas Corporation, Hindalco Industries, Apollo Hospitals Enterprise, Bharat Dynamics, National Securities Depository (NSDL), Zydus Lifesciences, FSN E-Commerce Ventures Nykaa, Honasa Consumer, Alkem Laboratories, Jindal Steel & Power, Abbott India, Dr Agarwals Health Care, Dr Agarwals Eye Hospital, EMS, Hindustan Aeronautics, Jyothy Labs, Karnataka Bank, Natco Pharma, Nazara Technologies, NHPC, NMDC, Oil India, Rashtriya Chemicals and Fertilizers, Rail Vikas Nigam, Senco Gold, Suzlon Energy, and VA Tech Wabag will announce their quarterly earnings on August 12. Quarterly Earnings Ashoka Buildcon Q1 (Consolidated YoY)Net Profit up 44.6% at Rs 217.3 crore vs Rs 150.3 crore YoYRevenue down 23.5% YoY to Rs 1,887 crore from Rs 2,465 crore YoY Som Distilleries  Q1 (Consolidated YoY)Net Profit up 3.7% to Rs 42 crore vs Rs 40.5 crore YoYRevenue up 3% to Rs 528.4 crore from Rs 513.4 crore YoYMan Industries Q1 (Consolidated YoY)Net profit up 45.2% to Rs 27.6 crore vs Rs 19 crore YoYRevenue down 0.9% to Rs 742.1 crore vs Rs 749 crore YoYMuthoot Microfin Q1 (Consolidated YoY)Net profit down 94.5% to Rs 6.2 crore vs Rs 113 crore YoYNII down 16% to Rs 309 crore vs Rs 370 crore YoYBata India Q1 (Consolidated YoY)Net profit down 70.1% to Rs 52 crore vs Rs 174 crore YoYRevenue down 0.3% to Rs 941.8 crore vs Rs 944.6 crore YoYStocks to Watch Pfizer: The drugmaker has launched its next-generation 20-valent pneumococcal conjugate vaccine (PCV20) in India for adult immunisation against 20 serotypes responsible for most invasive and non-invasive pneumococcal diseases. Indian Hotels will acquire controlling stakes in ANK Hotels and Pride Hospitality for up to Rs 204 crore. Medi Assist: Promoter Bessemer India is likely to offload up to 16% stake via block deal. Adani Enterprises subsidiary Horizon Aero Solutions to acquire 100% stake in Indamer Technics Bulk Deals Home First Finance Company India Orange Clove Investments BV, an affiliate of global private equity investor Warburg Pincus, has exited Home First Finance Company India by selling its entire holding of 1.09 crore shares (10.6% stake) at Rs 1,190.5 per share, valuing the transaction at Rs 1,307.2 crore. However, there were 21 buyers for the entire 1.09 crore shares, including Morgan Stanley, Citigroup, Bandhan Mutual Fund, VQ Fastercap Fund, Dendana Investments Mauritius, Fidelity, HDFC Life Insurance Company, HSBC Mutual Fund, ITI Mutual Fund, Kotak Mahindra Mutual Fund, Motilal Oswal Mutual Fund, Norges Bank, and Tata AIG General Insurance Company. Repco Home Finance HDFC Mutual Fund sold a total 1.4% stake in the housing finance company. It offloaded 4.81 lakh shares at Rs 384.55 per share, and 4 lakh shares at Rs 386.5 per share, amounting to a total transaction value of Rs 33.97 crore. Network People Services Technologies (NPST) Tata Mutual Fund bought 4.3 lakh shares (equivalent to a 2.2% stake) at Rs 2,073.99 per share. However, promoters collectively offloaded 5.3 lakh shares (equivalent to a 2.75% stake) worth Rs 110.6 crore. The sellers included Deepak Chand Thakur, who sold 1.63 lakh shares at Rs 2,074.25 per share, Savita Vashist, who offloaded 2.1 lakh shares at Rs 2,074.02 per share, and Ashish Aggarwal, who sold 1.6 lakh shares at Rs 2,074.03 per share. FlySBS Aviation R G Family Trust, managed through trustees Harsh Vardhan Goenka and Anant Goenka, purchased 1.06 lakh shares in FlySBS Aviation at Rs 471.25 per share. Vineet Laboratories Promoters Venkata Rama Gaddam and Satyanarayana Raju Bhupathiraju sold 2,06,164 shares in Vineet Laboratories at Rs 33.5 per share. On the other side, Ajay Agrawal, Vasudev Agrawal, Rajendra Agrawal, and Jyoti Agarwal collectively purchased 2 lakh shares at the same price. Mainboard Listing on August 12 Highway Infrastructure Stocks Trade Ex-Dividend ICICI BankGrasim IndustriesArvind FashionsAxtel IndustriesDwarikesh Sugar IndustriesHG Infra EngineeringIndia PesticidesKIFS Financial ServicesNGL Fine ChemRITES Stocks Trade Ex-Date for Split India GlycolsSprayking Stocks in F&O Ban PG ElectroplastPNB Housing FinanceRBL Bank"
11 Aug 2025,"ONGC Q1 Preview: Profit set to fall QoQ on lower crude realisation, softer sales volumes",https://www.moneycontrol.com/news/business/earnings/ongc-q1-preview-profit-set-to-fall-qoq-on-lower-crude-realisation-softer-sales-volumes-13433963.html,"Estimates from brokerages polled by Moneycontrol show that the quarterly revenue is projected at Rs 34,982 crore, a drop of over 10 percent both year-on-year and quarter-on-quarter. The net profit is seen at Rs 7,558.90 crore, down 15.4 percent QoQ due to weaker oil realisations, but up 17 percent on year.",ONGC,"Oil and gas major ONGC is expected to post a sequential decline in the net profit for the June quarter, weighed down by lower crude realisation and reduced sales volumes, partially cushioned by marginally higher gas realisation. Estimates from seven brokerages polled by Moneycontrol show that the quarterly revenue is projected at Rs 34,982 crore, a fall of over 10 percent both year-on-year and quarter-on-quarter basis. The net profit is seen at Rs 7,558.90 crore, down 15.4 percent QoQ due to weaker oil realisations, but up 17% YoY. The EBITDA for ONGC is expected to remain flat sequentially at Rs 17,063.30 crore, while rising 22 percent on a YoY basis.  Factors At Play EBITDA impact: Sequentially flat EBITDA is attributed to a 2-3 percent QoQ decline in crude sales volumes and a 1.5 percent QoQ dip in gas sales volumes. Realisation trends: Brokerages assume net crude realisation at $66.1/bbl (vs $73.0/bbl in Q4FY25), aligned with Brent prices, while domestic APM gas realisations are expected to improve to $6.6/mmbtu in Q1FY26 (vs $6.5/mmbtu in Q4FY25), aided by the gradual reclassification of APM gas to New Well Gas (NWG) fetching $8/mmbtu. Overall crude sales volumes are estimated to fall 2.9 percent QoQ, with gas sales volumes down 1.5 percent QoQ. Volume: Crude production is likely to decline 5 percent YoY and QoQ, and gas production may fall 6 percent both YoY and QoQ. Benchmark crude prices are expected to average $67/bbl, down 22 percent YoY and 11 percent QoQ, while APM gas prices are capped at $6.75/mmbtu for the quarter, up from $6.5/mmbtu in Q4FY25. What to Look Out For Investors are expected to closely track ONGC’s production figures, particularly any recovery or growth from the KG basin, as well as updates on new business developments or exploration initiatives that could support future earnings."
01 Aug 2025,Oil and Natural Gas Corporation shares fall 2.22% in early trade,https://www.moneycontrol.com/news/business/stocks/oil-and-natural-gas-corporation-shares-fall-2-22-in-early-trade-alpha-article-13365836.html,"Shares of Oil and Natural Gas Corporation are currently trading lower at Rs 235.66, a decrease of 2.22% in today's session.",,"Shares of Oil and Natural Gas Corporation experienced a decline of 2.22%, trading at Rs 235.66 in Friday's session. This movement places the stock among the losers on the NIFTY 50 index. The consolidated revenue for Oil and Natural Gas Corporation has shown substantial growth over the years. The annual revenue for the year ending March 2025 reached Rs 663,262.31 Crore, compared to Rs 591,447.12 Crore in March 2024. Similarly, the company's net profit saw fluctuations, with Rs 37,293.00 Crore recorded for the year ending March 2025, while the net profit was Rs 54,704.81 Crore in the year ending March 2024. The EPS (Earnings Per Share) stood at Rs 28.80 for the year ending March 2025, down from Rs 39.13 in March 2024. The quarterly consolidated revenue saw fluctuations. The revenue for the quarter ending March 2025 stood at Rs 170,811.73 Crore, compared to Rs 166,770.63 Crore for the quarter ending March 2024. Net profit for the quarter ending March 2025 was Rs 8,217.12 Crore, while in the corresponding quarter of the previous year, it was Rs 10,348.93 Crore. The EPS for the quarter ending March 2025 was Rs 5.82, compared to Rs 8.03 in March 2024. Here is a detailed financial overview:Financials (Consolidated)Mar 2025Mar 2024Mar 2023Mar 2022Mar 2021RevenueRs 663,262.31 CroreRs 591,447.12 CroreRs 632,325.97 CroreRs 491,269.80 CroreRs 304,000.98 CroreNet ProfitRs 37,293.00 CroreRs 54,704.81 CroreRs 32,743.55 CroreRs 47,830.13 CroreRs 20,324.08 CroreEPSRs 28.80Rs 39.13Rs 28.17Rs 36.19Rs 12.92BVPSRs 273.00Rs 290.21Rs 239.47Rs 225.22Rs 192.84ROE10.54%14.60%12.62%17.54%7.35%Debt to Equity0.450.360.460.420.50In terms of corporate actions, the company announced an interim dividend of Rs 5.00 per share (100%) on January 27, 2025, with an effective date of February 7, 2025. Prior to that, an interim dividend of Rs 6.00 per share (120%) was announced on November 7, 2024, with an effective date of November 19, 2024. The company also issued bonus shares in the past. On October 27, 2016, the company announced a bonus issue with an existing ratio of 2 and an offered ratio of 1, with the ex-bonus date being December 15, 2016. Shares of Oil and Natural Gas Corporation are currently trading lower at Rs 235.66, a decrease of 2.22% in today's session."
29 Jul 2025,"Stocks to Watch Today: IndusInd Bank, Waaree Energies, NTPC Green, KEC, Torrent Pharma, PNC Infra, RPSG Ventures, Monarch Surveyors in focus on 29 July",https://www.moneycontrol.com/news/business/markets/stocks-to-watch-today-indusind-bank-waaree-energies-ntpc-green-kec-torrent-pharma-pnc-infra-rpsg-ventures-monarch-surveyors-in-focus-on-29-july-13340022.html,"Stocks to Watch, 29 July: Stocks like IndusInd Bank, Waaree Energies, NTPC Green Energy, KEC International, Torrent Pharma, PNC Infratech, RPSG Ventures, Monarch Surveyors, Paradeep Phosphates, and Mazagon Dock Shipbuilders will be in focus on July 29.","Stocks to Watch Today, 29 July","Let's catch up on the latest news from the stock market. From significant investments to major deals, quarterly earnings, order wins, and acquisitions, here’s a quick look at which stocks will be in focus in today's trade: Results Today Larsen & Toubro, NTPC, Asian Paints, Amber Enterprises India, Bank of India, Dilip Buildcon, Deepak Fertilisers & Petrochemicals Corporation, GMR Airports, Happiest Minds Technologies, International Gemmological Institute India, Jubilant Pharmova, Piramal Enterprises, Star Health and Allied Insurance Company, Triveni Engineering & Industries, Varun Beverages, and Welspun Corp will announce their quarterly earnings on July 29. Quarterly Earnings IndusInd Bank Q1 (Standalone YoY) Profit sinks 68.2% to Rs 684.3 crore Vs Rs 2,152.2 crore Net interest income falls 14.2% to Rs 4,639.8 crore Vs Rs 5,407.6 crore Pre-provision operating profit tanks 32.5% to Rs 2,652.2 crore Vs Rs 3,926.7 crore Provisions and contingencies drop 65.5% to Rs 1,737.8 crore Vs Rs 1,049.8 crore Gross NPA jumps to 3.64% Vs 3.13% (QoQ) Net NPA rises to 1.12% Vs 0.95% (QoQ) Gail (India) Q1 (Consolidated YoY) Profit falls 25.2% to Rs 2,382.2 crore Vs Rs 3,183.4 crore Revenue grows 1.6% to Rs 35,310.7 crore Vs Rs 34,737.8 crore Waaree Energies Q1 (Consolidated YoY) Profit zooms 89% to Rs 745.2 crore Vs Rs 394.2 crore Revenue jumps 29.8% to Rs 4,425.8 crore Vs Rs 3,408.9 crore Paradeep Phosphates Q1 (Consolidated YoY) Profit spikes 47-fold to Rs 256 crore Vs Rs 5.4 crore Revenue zooms 57.9% to Rs 3,754 crore Vs Rs 2,377.4 crore NTPC Green Energy Q1 (Consolidated YoY) Profit surges 59% to Rs 220.5 crore Vs Rs 138.6 crore Revenue grows 17.6% to Rs 680.2 crore Vs Rs 578.5 crore Go Digit General Insurance Q1 (YoY) Gross written premium jump 12.1% to Rs 2,981.8 crore Vs Rs 2,660.4 crore Net written premium falls 3.8% to Rs 1,950.6 crore Vs Rs 2,026.8 crore Operating profit zooms 45.5% to Rs 120.9 crore Vs Rs 83.1 crore Profit grows 36.5% to Rs 138.3 crore Vs Rs 101.3 crore Mazagon Dock Shipbuilders Q1 (Consolidated YoY) Profit declines 35% to Rs 452.2 crore Vs Rs 696.1 crore Revenue increases 11.4% to Rs 2,625.6 crore Vs Rs 2,357 crore Railtel Corporation of India Q1 (Consolidated YoY) Profit surges 35.8% to Rs 66.1 crore Vs Rs 48.7 crore Revenue grows 33.3% to Rs 743.8 crore Vs Rs 558.1 crore Adani Total Gas Q1 (Consolidated YoY) Profit declines 3.8% to Rs 165.2 crore Vs Rs 171.8 crore Revenue jumps 20.9% to Rs 1,498.3 crore Vs Rs 1,239 crore KEC International Q1 (Consolidated YoY) Profit zooms 42.3% to Rs 124.6 crore Vs Rs 87.6 crore Revenue increases 11.3% to Rs 5,022.9 crore Vs Rs 4,511.9 crore Torrent Pharmaceuticals Q1 (Consolidated YoY) Profit soars 20% to Rs 548 crore Vs Rs 457 crore Revenue rises 11.2% to Rs 3,178 crore Vs Rs 2,859 crore Motherson Sumi Wiring Q1 (YoY) Profit falls 3.9% to Rs 143.1 crore Vs Rs 148.9 crore Revenue increases 14.2% to Rs 2,494 crore Vs Rs 2,184.8 crore Quess Corp Q1 (Consolidated YoY) Profit rises 4% to Rs 51 crore Vs Rs 49 crore Revenue grows 1.8% to Rs 3,651.4 crore Vs Rs 3,586.9 crore Chemplast Sanmar Q1 (Consolidated YoY) Loss stands at Rs 64.3 crore Vs profit of Rs 23.9 crore Revenue declines 3.9% to Rs 1,100 crore Vs Rs 1,144.9 crore Bajaj Healthcare Q1 (YoY) Profit zooms 65.9% to Rs 11.8 crore Vs Rs 7.1 crore Revenue jumps 12.5% to Rs 148.8 crore Vs Rs 132.2 crore Archean Chemical Industries Q1 (Consolidated YoY) Profit declines 10.4% to Rs 40.2 crore Vs Rs 44.9 crore Revenue surges 37.5% to Rs 292.4 crore Vs Rs 212.7 crore Five-Star Business Finance Q1 (YoY) Profit rises 5.9% to Rs 266.3 crore Vs Rs 251.6 crore Net interest income grows 19.6% to Rs 577.4 crore Vs Rs 482.9 crore Stocks to Watch PNC Infratech The company has emerged as the lowest (L1) bidder for an order worth Rs 2,956.66 crore in a tender floated by South Eastern Coalfields. The contract involves handling, transport, and other mining services—including the hiring of HEMM (Heavy Earth Moving Machinery) for overburden removal and coal extraction by surface miner, as well as loading and transportation of the extracted coal to various destinations at the Gevra OCP expansion project in Chhattisgarh. RPSG Ventures The company’s subsidiary, RPSG Sports Ventures (RPSVPL), has executed a Share Purchase Agreement with the England and Wales Cricket Board (ECB) for the acquisition of a 70% equity stake in Manchester Originals for GBP 81.21 million, to be paid over a period of 24 months. With this transaction, Manchester Originals has become a subsidiary of RPSVPL and a step-down subsidiary of RPSG Ventures. Oil and Natural Gas Corporation ONGC, in partnership with BP Exploration (Alpha) and Reliance Industries, has signed a Joint Operating Agreement (JOA) for offshore exploration of a block in the Saurashtra Basin. Bulk Deals UPL BofA Securities Europe SA has bought 5.54 lakh shares at Rs 538.24 per share. Marksans Pharma Unifi Capital has acquired 72.41 lakh shares at Rs 231.5 per share. Ganesh Infraworld Promoter Starwings Realtors has bought 2.96 lakh shares at Rs 202.33 per share. SME Listing on July 29 Monarch Surveyors & Engineering Consultants Stocks Trade Ex-Dividend BoschAeroflex IndustriesApar IndustriesAlembic PharmaceuticalsEveready IndustriesGPT HealthcarePunjab & Sind BankRane HoldingsResonance SpecialtiesRane (Madras)SRFTaparia Tools Stock Trades Ex-Date for Income Distribution (InvIT) IndiGrid Infrastructure Trust Stock Trades Ex-Date for Rights Inox Wind Stock in F&O ban RBL Bank"
07 Jul 2025,"Oil India, ONGC, others fall up to 5% as oil falls on larger-than-expected OPEC+ output hike",https://www.moneycontrol.com/news/business/markets/oil-india-ongc-others-fall-up-to-5-as-oil-falls-on-larger-than-expected-opec-output-hike-13238665.html,"OPEC+ announced over the weekend its plan to hike production by 5.48 lakh barrels per day (bpd) in August, which is significantly higher than the 4.11 lakh bpd monthly increase in output approved by the organization for May, June and July.",Oil refinery stocks fall,"Shares of oil refineries tumbled on July 7 as oil prices dropped sharply following a larger-than-expected increase in oil production for August by the OPEC+ alliance. The Organization of the Petroleum Exporting Countries and their allies, also known as OPEC+, had announced over the weekend its plan to hike production by 5.48 lakh barrels per day (bpd) in August, which is significantly higher than the 4.11 lakh bpd monthly increase in output approved by the organization for May, June and July. Following the announcement, oil prices tumbled with Brent crude futures down 0.73 percent to $67.80 per barrel, while US West Texas Intermediate crude dropped 0.72 percent to hover around $66.02 per barrel, as seen in the morning, but rebounded later in the day. OPEC+ said the sharp rise in output was driven by 'steady global economic outlook and current healthy market fundamentals'. Goldman Sachs analysts now expect OPEC+ to announce a bigger and final 5.5 lakh bpd increase for September at its next meeting scheduled for August 3. The fall in oil prices will likely bear an impact on the margins of the oil refiners, which may have led to a downturn in their stock prices. Heavyweights Oil India and Oil & Natural Gas Corporation (ONGC) shares closed over 1 percent lower each at Rs 440 apiece and Rs 241 apiece, respectively. Chennai Petroleum Corporation shares dropped over 4 percent to end the session at Rs 739 apiece, while Manali Petrochemicals shares plunged over 5 percent. Mangalore Refinery and Petrochemicals shares also fell over 3 percent. Analysts noted that the oil market was tight, suggesting that it can absorb additional supply. ""ONGC/Oil India’s total crude output is estimated to decline 0.7%/grow 1% YoY, whereas gas is forecasted to fall 1%/grow 3%. The scraping of windfall levy implies market-linked oil realizations for Q1FY26. Despite lower output, we estimate EBITDA will increase 17% QoQ for ONGC on lower expenditure profile; OIL is likely to see an 8% uptick due to lower opex and statutory levies. We estimate ONGC/OIL’s RPAT at Rs80.6/12.3bn during Q1FY26. We expect sequential improvement in NRL earnings on better GRMs and excise duty hikes,"" said Emkay Global Financial Services. (With inputs from Reuters)"
04 Jul 2025,"Stocks to Watch Today: Emcure Pharma, Bajaj Finance, Bandhan Bank, Marico, Sterling Powergensys, Piramal Pharma, Godavari Biorefineries in focus on 4 July",https://www.moneycontrol.com/news/business/markets/stocks-to-watch-today-emcure-pharma-bajaj-finance-bandhan-bank-marico-sterling-powergensys-piramal-pharma-godavari-biorefineries-in-focus-on-4-july-13227212.html,"Stocks to Watch, 4 July: Stocks like Bajaj Finance, Suryoday Small Finance Bank, Bank of Baroda, RBL Bank, AWL Agri Business, Marico, Emcure Pharmaceuticals, Piramal Pharma, Sterling Powergensys, Godavari Biorefineries, Indian Energy Exchange, InterGlobe Aviation, Force Motors, and FSN E-Commerce Ventures Nykaa will be in focus on July 4.","Stocks to Watch Today, 4 July","Let's catch up on the latest news from the stock market. From significant investments to major deals, quarterly earnings, appointments, order wins, and acquisitions, here’s a quick look at which stocks will be in focus in today's trade: Q1FY26 Earnings Update (Provisional) Bajaj Finance Q1 (YoY) Customer franchise as of June 2025 stood at 106.51 million Vs 88.11 million as of June 2024 New loans booked grows 23% to 13.49 million Vs 10.97 million Assets under management (AUM) soars 25% to Rs 4.41 lakh crore Vs Rs 3.54 lakh crore Deposits book increases 15% to Rs 72,100 crore Vs Rs 62,774 crore Suryoday Small Finance Bank Q1 (YoY) Gross advances grow 20% to Rs 10,846 crore Vs Rs 9,037 crore Disbursement increases 30% to Rs 2,261 crore Vs Rs 1,740 crore Total deposit soars 39% to Rs 11,312 crore Vs Rs 8,137 crore CASA jumps 39% to Rs 2,003 crore Vs Rs 1,439 crore GNPA surges to 8.5% Vs 2.7% (Vs 7.1% QoQ) Bajaj Housing Finance Q1 (YoY) Gross disbursement zooms 22% to Rs 14,640 crore Vs Rs 12,004 crore AUM jumps 24% to Rs 1.20 lakh crore Vs Rs 97,071 crore Loan assets (AR) stand at Rs 1.06 lakh crore Vs Rs 85,283 crore Bank of Baroda Q1 (YoY) Global business soars 10.7% to Rs 26.43 lakh crore Vs Rs 23.87 lakh crore Global deposits increase 9.1% to Rs 14.36 lakh crore Vs Rs 13.16 lakh crore Global advances grow 12.6% to Rs 12.07 lakh crore Vs Rs 10.7 lakh crore Domestic deposits jump 8.1% to Rs 12.04 lakh crore Vs Rs 11.14 lakh crore Domestic advances surge 12.5% to Rs 9.91 lakh crore Vs Rs 8.82 lakh crore RBL Bank Q1 (YoY) Total deposits grow 11% to Rs 1.12 lakh crore Vs Rs 1.01 lakh crore CASA increases 11% to Rs 36,606 crore Vs Rs 33,003 crore Gross advances jumps 9% to Rs 96,704 crore Vs Rs 88,443 crore CASA ratio stands at 32.5% Vs 32.6% UCO Bank Q1 (YoY) Total business soars 13.7% to Rs 5.24 lakh crore Vs Rs 4.61 lakh crore Total advances grow 16.6% to Rs 2.25 lakh crore Vs Rs 1.93 lakh crore Total deposit increases 11.6% to Rs 2.99 lakh crore Vs Rs 2.68 lakh crore Domestic advances surge 19.8% to Rs 2 lakh crore Vs Rs 1.67 lakh crore Domestic deposit grows 9.8% to Rs 2.80 lakh crore Vs Rs 2.55 lakh crore Punjab & Sind Bank Q1 (YoY) Total business jumps 10.9% to Rs 2.31 lakh crore Vs Rs 2.08 lakh crore Total deposits grow 8.8% to Rs 1.31 lakh crore Vs Rs 1.21 lakh crore Gross advances increase 13.9% to Rs 99,946 crore Vs Rs 87,738 crore Bandhan Bank Q1 (YoY) Loans & advances (on Book + PTC) soar 6.4% to Rs 1.33 lakh crore Vs Rs 1.25 lakh crore Total deposits grow 16.1% to Rs 1.55 lakh crore Vs Rs 1.33 lakh crore Bulk deposits jump 19.6% to Rs 49,147 crore Vs Rs 41,009 crore CASA deposits fall 5.8% to Rs 41,859 crore Vs Rs 44,456 crore CASA ratio drops to 27.06% Vs 33.37% AWL Agri Business Q1 (YoY) Company experienced a challenging quarter due to convergence of headwinds Company sees 4% decline in overall volumes, with rice category being the key drag Core categories delivered healthy volume growth, and revenue rises 21%, driven by higher edible oil realisation Quick commerce sales maintains strong momentum, delivering over 75% growth Revenue from alternate channels—Modern Trade, ecommerce, quick commerce, and e-B2B—surpassed Rs 3,900 crore over last twelve months On LTM basis, branded exports volume grows 22% and surpassed Rs 300 crore revenue Edible oils volume decline by 2% due to continued pressure on palm oil sales Excluding G2G business, revenue from the Food & FMCG segment falls 2% Marico Q1 Company expects gradual improvement in the quarters ahead, supported by easing inflation, favourable monsoon season and policy stimulus Underlying volume growth in the India business continued to improve sequentially to reach a multi-quarter high Parachute witnessed a marginal dip in volumes in the unprecedented hyperinflationary input cost and pricing conditions Saffola Oils posted healthy performance with revenue growth in high twenties, backed by mid-single digit volume growth Value Added Hair Oils grew in low double-digit International business delivered high-teen constant currency growth, driven by broad-based growth across most markets Bangladesh continued to exhibit visible resilience with high-teen constant currency growth Consolidated revenue growth YoY stood in low twenties, marking strong start towards delivering double-digit growth on a full year basis Vedanta Q1 (YoY) Aluminium production grows 1% to 6.05 lakh tonnes Vs 5.96 lakh tonnes Saleable metal production drops 5% to 2.5 lakh tonnes Vs 2.62 lakh tonnes Zinc international production soars 50% to 57,000 tonnes Vs 38,000 tonnes Oil & gas production declines 17% to 93,200 boepd Vs 1,12,400 boepd Stocks to Watch Emcure Pharmaceuticals BC Investments IV (Bain Capital) is likely to sell a 2.4% equity stake in the company via block deals, reports CNBC-TV18 quoting sources. The deal size may be around Rs 551 crore. As of March 2025, BC Investments IV held an 8.68% stake in Emcure. Piramal Pharma American investment giant Carlyle Group is planning to sell up to a 10% stake in Piramal Pharma via block trades, which could earn the private equity firm around Rs 2,600–2,700 crore, sources told Moneycontrol. As of March 2025, Carlyle held an 18% stake in Piramal Pharma. Sterling Powergensys The Government of Maharashtra has issued an offer letter for mega projects to Sterling Powergensys. Reliance Industries Reliance Retail Ventures (RRVL) announced a strategic minority investment in UK-based FACEGYM, a global innovator in facial fitness and skincare. This marks a pivotal step in RRVL’s continued expansion into the high-growth beauty and wellness space. Godavari Biorefineries The company has been granted a patent in Europe for its novel anticancer molecule. This patent is now validated in Spain, the UK, and as a Unitary Patent. It covers a highly potent anticancer compound with proven efficacy against cancer and cancer stem cells, under the Anti-Cancer Research segment. Oil and Natural Gas Corporation (ONGC) ONGC has signed an agreement with Japan’s Mitsui O.S.K. Lines to build, own, and operate two Very Large Ethane Carriers (VLECs). These carriers will transport imported ethane to ONGC Petro Additions (OPaL), a subsidiary of ONGC, for captive feedstock use. Indian Energy Exchange India’s electricity exchange achieved a traded volume of 10,852 MU in June 2025, marking 6.5% YoY growth. The Day-Ahead Market (DAM), including HPDAM, achieved 4,610 MU, down 5% YoY, while the Real-Time Market (RTM) volume rose 34% YoY to 4,312 MU. ICICI Lombard General Insurance Company The Bombay High Court set aside a GST demand order and directed the adjudicating authority to re-hear the matter in light of the GST Council’s decisions and circulars. In December 2023, the company received an order demanding Rs 1,728.9 crore in GST and a Rs 172.9 crore penalty for the period from July 2017 to March 2022. The company had filed a writ petition against the order. Kaynes Technology India The company approved a further investment of $17.7 million to acquire 17.52 million shares in its subsidiary, Kaynes Holding Pte, at $1.01 per share in one or more tranches. InterGlobe Aviation IndiGo has appointed Amitabh Kant as a Non-Executive Director on the Board of InterGlobe Aviation, subject to regulatory and shareholder approvals. NMDC The Board has appointed G Anupama as Whole-Time Chief Financial Officer of the company until a new Whole-Time Director (Finance) takes charge or until further orders. G Anupama is currently the Chief General Manager (Finance). Force Motors Total sales in June grew by 13.2% to 2,889 units, up from 2,553 units YoY. Domestic sales rose 13.63% to 2,801 units, while export sales remained unchanged at 88 units. Aegis Logistics The company has commissioned its liquified petroleum gas (LPG) cryogenic terminal at Pipavav for storage and terminalling of LPG, with a static storage capacity of 48,000 MT. Bulk Deals FSN E-Commerce Ventures Nykaa NRI Harinderpal Singh Banga sold 6 crore shares (2.1% stake) at Rs 202.57 per share, totaling Rs 1,215.42 crore. As of March 2025, he held a 4.97% stake in Nykaa. Ellenbarrie Industrial Gases Motilal Oswal Mutual Fund acquired 9 lakh shares (0.64% stake) in the company at Rs 567.11 per share. GRM Overseas Saint Capital Fund bought 3.33 lakh shares (0.54% stake) at Rs 364.83 per share. Indogulf Cropsciences Rajasthan Global Securities, AU Small Finance Bank, and South Indian Bank each sold 3.8 lakh shares at Rs 111–111.17 per share. Meanwhile, Satish Singhal acquired 3.6 lakh shares at Rs 111 per share. Block Deals Bank of Maharashtra BNP Paribas Financial Markets has acquired 24.75 lakh shares in the bank at a price of Rs 56.66 per share from Citigroup Global Markets Mauritius. Swiggy BNP Paribas Financial Markets bought 3.2 lakh shares at Rs 381 per share from Citigroup Global Markets Mauritius. SME Listing on July 4 Neetu YoshiAdcounty Media India Stocks Trade Ex-Dividend Axis BankMahindra & MahindraNestle IndiaTech MahindraThermaxAU Small Finance BankBharat ForgeBioconCentral Bank of IndiaControl PrintCyientDhampur Bio OrganicsDCB BankEscorts KubotaGlosterIndia Shelter Finance CorporationJupiter Life Line HospitalsMax Healthcare InstituteNippon Life India Asset ManagementNavin Fluorine InternationalOnward TechnologiesPetronet LNGRedingtonShine Fashions (India)SKF IndiaSona BLW Precision ForgingsSupreme PetrochemWelspun Enterprises Stock Trades Ex-Date for Rights Astec LifesciencesT T Stock Trades Ex-Date For Split Paras Defence and Space Technologies Stock Trades Ex-Bonus Container Corporation of IndiaSharda Motor Industries Stock Trades Ex-Date for Resolution Plan -Suspension Jiya Eco-Products Stock Trades Ex-Date for Reduction of Capital Saptak Chem and Business Stock in F&O ban RBL Bank"
03 Jul 2025,"Sensex rises 400 pts, Nifty above 25,550: India-US trade deal optimism, other key factors behind market rise",https://www.moneycontrol.com/news/business/markets/sensex-rises-350-pts-nifty-above-25-500-india-us-trade-deal-optimism-other-key-factors-behind-market-rise-13222021.html,"According to analysts, upbeat sentiment around trade negotiations between India and the United States, along with gains in global markets and softening crude oil prices, helped lift investor mood.","Sensex, Nifty rise on Thursday mirroring a positive trend in Asian markets, amid optimism over India-US trade deal. ","The equity benchmark indices climbed on Thursday, tracking positive cues from Asian markets and supported by optimism around a possible India-US trade deal. The Sensex rose 383.61 points or 0.46 percent to 83,793.30, while the Nifty advanced 110.30 points or 0.43 percent to 25,563.70. Oil & Natural Gas Corporation, Mahindra & Mahindra, Apollo Hospitals Enterprise, Maruti Suzuki India and Hindalco Industries were among the major gainers, rising up to 2 percent. Key Factors Driving Market Gains: 1) India-US Trade Deal Optimism: US President Donald Trump on Wednesday announced a trade deal with Vietnam that would lower tariffs to 20 percent from 46 percent. The development raised hopes of similar easing in other trade relationships, including India. Reuters reported that US and Indian officials were working towards a deal, though certain issues related to dairy and agriculture remained unresolved. VK Vijayakumar, Chief Investment Strategist at Geojit Financial Services, said: ""Nifty is likely to trade in the 25,200–25,800 range unless a major trigger emerges. A breakthrough could come from a formal announcement of the India-US trade deal."" India, US may ink interim trade deal in 48 hours, says report 2) Positive Global Cues: Asian markets were mostly higher. South Korea’s Kospi, Japan’s Nikkei 225 and Shanghai’s SSE Composite traded in the green, while Hong Kong’s Hang Seng was marginally lower. Wall Street ended mostly higher on Wednesday, and US futures pointed to a strong opening later in the day. Stock Market LIVE Updates 3) Falling Crude Prices: Global oil benchmark Brent crude dropped 0.77 percent to USD 68.58 per barrel. Lower crude prices are seen as positive for India, a major oil importer. Technical View Anand James, Chief Market Strategist at Geojit Financial Services, said the Nifty has reached the 25,440 level, a target set earlier in the week. ""The trend appears supportive of further upside if the index breaks above 25,588. In that case, the 26,200–26,500 trajectory may come into play. On the downside, support remains at 25,300,"" he said."
25 Jun 2025,"Centre drafts proposal on emission reduction targets for PSU and private refineries, along with textile sector",https://www.moneycontrol.com/news/economy/policy/centre-drafts-proposal-on-emission-reduction-targets-for-psu-and-private-refineries-along-with-textile-sector-13175405.html,"A government draft on emission reduction target has for the first time mandated to reduce greenhouse gas emissions by oil PSUs like IOC, BPCL, HPCL, GAIL and ONGC, along with private sector refineries.",.,"The Indian government has for the first time proposed greenhouse gas (GHG) emission reduction targets for petroleum refineries, petrochemical units and the textile sector, as a step toward the Nationally Determined Contributions (NDCs) that it has committed to under the Paris Agreement, 2015, Moneycontrol has learnt. NDCs are climate action plans submitted by nations under the Paris Agreement, wherein India has pledged to a 45 percent reduction in GHG emission intensity by 2030 compared to 2005 levels. The Ministry of Environment, Forest and Climate Change (MoEFCC) has prepared a draft notification in which all refineries – both PSU and private ones - have been given specific trajectories for reducing their carbon footprint. Units that reduce emissions below the targetted GHG emission intensity shall be eligible for issuance of carbon credit certificates, while those who are not able to achieve the target will be required to surrender or purchase equivalent number of certificates, based on the shortfall. All refineries and petrochemical units of Indian Oil Corporation (IOC), Bharat Petroleum Corporation (BPCL), Hindustan Petroleum Corporation (HPCL), Reliance Industries, Nayara Energy, ONGC and GAIL have been given such emission reduction mandates, as per the draft notification seen by Moneycontrol. From a longer term perspective, imposing emission intensity reduction targets on refineries implies they will have to gradually transition to cleaner fuels such as green hydrogen and invest in renewables. The calculation for each unit is done in tonnes of carbon dioxide (tCO2) per tonne of production. For example, IOC’s Guwahati Refinery in Assam has been mandated to reduce its GHG emissions from a baseline of 7.78 tonnes of carbon dioxide in FY24 to 7.03 tonnes of CO2 per tonne of its production by FY27. Similarly, BPCL’s Mumbai Refinery has been mandated a GHG emission reduction to 3.80 tCO2 per tonne of production against a baseline of 3.97 tCO2. The MoEFCC had issued a draft notification on GHG emission reduction targets in April this year, but that list included only aluminium, cement, chlor-alkali, and the pulp and paper sectors. The April mandates were for 130 industrial entities across four sectors including major players such as Vedanta, Hindalco, Nalco, UltraTech, ACC, Ambuja, Dalmia and JSW Cement. In cement, the targets range from 4.7 per cent to 7.6 per cent for ordinary Portland cement (OPC) and pozzolana Portland cement (PPC) units; aluminium, from 2.8 per cent to 7.06 per cent; pulp & paper targets reach up to 15 per cent over two years; and chlor-alkali ranges from 3.3 per cent to 11 per cent. The revised draft has put GHG emission reduction mandates on refineries and the textile sector for the first time. The document states that in case an obligated entity fails to comply with GHG emission intensity target, or fails to submit the carbon credit certificates equivalent to the shortfall for compliance, the Central Pollution Control Board (CPCB) will then impose an ‘environmental compensation’ on the entity for the shortfall in the respective compliance year. The environmental compensation will be equal to twice of the average price at which carbon credit certificate is traded during the trading cycle of that compliance year. The average price shall be determined by the Bureau of Energy Efficiency (BEE), the nodal agency for carbon trading. The MoEFCC is currently seeking comments from stakeholders and the public regarding the draft published on June 24, and a final notification is expected in the next 3-4 months, according to officials in the ministry. India has pledged to achieve net-zero emissions by 2070, as announced at COP26. This commitment is part of India's NDC to the UNFCCC, which outlines the country's climate action targets. The Centre is also likely to launch the much-awaited Indian Carbon Market in 2026, allowing for carbon certificate trading. Disclosure: Moneycontrol is a part of the Network18 group. Network18 is controlled by Independent Media Trust, of which Reliance Industries is the sole beneficiary."
24 Jun 2025,"ONGC, Oil India, other oil refinery stocks tumble up to 5% as crude oil prices drop on likely Israel-Iran ceasefire",https://www.moneycontrol.com/news/business/markets/ongc-oil-india-other-oil-refinery-stocks-tumble-up-to-5-as-crude-oil-prices-drop-on-likely-israel-iran-ceasefire-13169668.html,Brent Crude futures were hovering around $69 per barrel on June 24.,Oil fields (Representative),"The shares of oil refiners tumbled on June 24 as crude oil prices significantly dropped amid buzz over a possible ceasefire between Israel and Iran. Brent crude dropped significantly to hold below the $70 per barrel-mark. Oil India shares tumbled nearly 5 percent to trade at Rs 448.75 apiece, while ONGC shares fell nearly 3 percent to hover around Rs 244 apiece. Mangalore Refinery and Petrochemicals (MRPL) and Chennai Petroleum Corporation shares dropped over 2 percent. This comes as Brent Crude futures were hovering around $69 per barrel. US President Donald Trump on June 23 announced that Israel and Iran have reached a ""complete and total"" ceasefire agreement. ""Congratulations to everyone! It has been fully agreed by and between Israel and Iran that there will be a complete and total ceasefire (in approximately 6 hours from now, when Israel and Iran have wound down and completed their in progress, final missions!), for 12 hours, at which point the war will be considered, ENDED!"" he wrote in a post on Truth Social.  Iran however discredited the claim, with Iran's Supreme Leader Ayatollah Ali Khamenei saying, ""Those who know the Iranian people and their history know that the Iranian nation isn’t a nation that surrenders."" However, Iran’s Foreign Ministry Seyed Abbas Araghchi later took to X to say, ""As of now, there is NO ""agreement"" on any ceasefire or cessation of military operations. However, provided that the Israeli regime stops its illegal aggression against the Iranian people no later than 4 am Tehran time, we have no intention to continue our response afterwards."" Investors took this response as a hint towards ceasefire. ""The military operations of our powerful Armed Forces to punish Israel for its aggression continued until the very last minute, at 4am. Together with all Iranians, I thank our brave Armed Forces who remain ready to defend our dear country until their last drop of blood, and who responded to any attack by the enemy until the very last minute,"" he said in another post later. The military operations of our powerful Armed Forces to punish Israel for its aggression continued until the very last minute, at 4am. Together with all Iranians, I thank our brave Armed Forces who remain ready to defend our dear country until their last drop of blood, and who… — Seyed Abbas Araghchi (@araghchi) June 24, 2025  The increased chances of a ceasefire in the oil rich Middle-East cooled down oil prices significantly, after a record surge. Shares of oil marketing companies like Hindustan Petroleum (HPCL), Bharat Petroleum (BPCL) and Indian Oil Corporation (IOC) recorded significant gains as a result, as the price of its key raw material got cheaper which is likely in turn to benefit their margins. However, the shares of oil refiners fell amid the fall in oil prices. Profit booking at elevated levels may have also pulled down the stocks further. This comes after the stocks saw significant surge, on the back of shooting oil prices. ""The outbreak of the Israel–Iran conflict has reshaped near-term oil and oil product fundamentals. A geopolitically charged environment, coupled with tight diesel and ATF markets, has materially boosted refining margins across Europe, the U.S., and Asia. The Indian refiners who have a higher distillate slate, sourcing flexibility, and improving utilization, are primed to monetize this margin cycle,"" Yes Securities had said during the earlier rally. Also read: Our LIVE blog on stock market updates"
24 Jun 2025,"Sensex slips 1,100 pts from day's high, Nifty below 25,050: 3 reasons behind sudden market fall",https://www.moneycontrol.com/news/business/markets/sensex-slips-1-100-pts-from-day-s-high-nifty-below-25-050-3-reasons-behind-sudden-market-fall-13169354.html,Israeli Defence Minister Israel Katz said he has ordered a forceful military response to what he called Iran's 'violation of the ceasefire',"Sensex, Nifty retreats from day's high on ceasefire violations between Israel and Iran on June 24. ","The benchmark equity indices reversed early gains and traded lower on Tuesday, as investor sentiment took a hit following renewed tensions in the Middle East. After surging 1,121.37 points or 1.36 percent to 83,018.16 in intra-day trade, the Sensex later trimmed most of its gains as reports surfaced of the ceasefire violations. But, the benchmark still managed to settle in the green, climbing 158.32 points or 0.19 percent to 82,055.11. On similar lines, the Nifty rose 72.45 points or 0.29 percent to end at 25,044.35. The index fell from an intra-day high of 25,317.70. Oil & Natural Gas Corporation, Power Grid Corporation of India, Trent, IndusInd Bank and NTPC led the declines, falling up to 3 percent. Key reasons behind the sharp market fall: 1) Ceasefire tensions in the Middle East: Israeli Defence Minister Israel Katz said he directed the military to carry out strikes on Tehran in response to what he claimed were missile attacks by Iran, breaching a ceasefire brokered just hours earlier by U.S. President Donald Trump. Iran's ISNA news agency, however, dismissed these claims, saying no such missiles were fired. The conflicting reports triggered fresh uncertainty, raising doubts over the ceasefire's effectiveness and its ability to bring an end to 12 days of hostilities. 2) Profit-booking at higher levels: Markets saw strong gains earlier in the day with the Sensex rising over 1,100 points and the Nifty climbing 25,300. However, traders booked profits at higher levels, leading to a sharp pullback. ""The markets faced profit-taking after a firm first half, mainly in reaction to news of the ceasefire violation,"" said Ajit Mishra, SVP – Research, Religare Broking. Nifty retreats from day's high, Sensex slumps 1,000 points as Israel-Iran tensions resurface; broader markets cool off 3) Monthly F&O expiry-led volatility: Volatility also increased ahead of the monthly expiry of futures and options contracts. On expiry days, traders tend to unwind positions or roll them over, often leading to unpredictable market movements. ""Firm call writing at the 25,200 strike ahead of expiry added to the pressure,"" Mishra added."
24 Jun 2025,"ONGC Consolidated March 2025 Net Sales at Rs 170,811.73 crore, up 2.42% Y-o-Y",https://www.moneycontrol.com/news/business/earnings/ongc-consolidated-march-2025-net-sales-at-rs-170811-73-crore-up-2-42-y-o-y-13169016.html,,,"Reported Consolidated quarterly numbers for Oil and Natural Gas Corporation are: Net Sales at Rs 170,811.73 crore in March 2025 up 2.42% from Rs. 166,770.63 crore in March 2024. Quarterly Net Profit at Rs. 7,322.82 crore in March 2025 down 27.55% from Rs. 10,107.36 crore in March 2024. EBITDA stands at Rs. 25,061.47 crore in March 2025 down 4.82% from Rs. 26,329.83 crore in March 2024. ONGC EPS has decreased to Rs. 5.82 in March 2025 from Rs. 8.03 in March 2024. ONGC shares closed at 251.38 on June 20, 2025 (NSE) and has given 4.37% returns over the last 6 months and -6.86% over the last 12 months. "
20 Jun 2025,"Trade Spotlight: How should you trade Eicher Motors, Tata Consumer Products, M&M, Wipro, Bharti Airtel, and others on June 20?",https://www.moneycontrol.com/news/business/markets/trade-spotlight-how-should-you-trade-eicher-motors-tata-consumer-products-m-m-wipro-bharti-airtel-and-others-on-june-20-13149202.html,The market may consolidate further with a negative bias. Below are some short-term trading ideas to consider.,Top Buy Ideas For Short Term,"Equity benchmark indices closed moderately lower amid a lacklustre session, while the broader markets were hit hard, with market breadth strongly dominated by bears. About 2,103 shares declined, compared to 505 advancing shares on the NSE. The market may consolidate further with a negative bias. Below are some short-term trading ideas to consider: Om Mehra, Technical Analyst at Samco Securities Eicher Motors | CMP: Rs 5,493.5  Eicher Motors has finally broken out of a horizontal channel that had been intact for several weeks. The stock decisively moved higher in Thursday’s session with the highest volume seen in over a month, signaling renewed buying interest. This breakout comes after a prolonged consolidation phase, with the stock now trading above the 20-day and 50-day moving averages. The RSI has sharply risen to 59, turning upward from a flat range and indicating that momentum is picking up. Meanwhile, the MACD has just flipped into positive territory, with the fast and slow lines converging and the histogram moving back above the neutral line—a sign of early strength. The previous resistance near Rs 5,400 has now turned into immediate support, while the broader base around Rs 5,280 remains a strong floor for the near term. Sustaining above Rs 5,520, a move toward higher levels looks probable. Hence, based on the technical structure, one can initiate a long position in Eicher Motors at the current market price (CMP). Strategy: Buy Target: Rs 5,850 Stop-Loss: Rs 5,340 Bharti Airtel | CMP: Rs 1,877  After weeks of rangebound movement, Bharti Airtel is showing strength as it inches closer to the upper end of its consolidation zone. The stock is now hovering just below the key Rs 1,890 resistance level that has capped recent attempts to move higher. The stock remains above its 20-day and 50-day moving averages, with the price displaying a gradual upward bias. The RSI has improved to 57, reflecting growing momentum, while the MACD is on the verge of a bullish crossover. The volume has remained modest but steady, and the hourly chart reflects a positive outlook. A decisive close above Rs 1,890 could mark a short-term breakout and unlock further upside. Hence, based on the technical structure, one can initiate a long position in Bharti Airtel at the CMP. Strategy: Buy Target: Rs 1,950 Stop-Loss: Rs 1,842 Mandar Bhojane, Equity Research Analyst at Choice Broking Tata Consumer Products | CMP: Rs 1,088.3  Tata Consumer Products is showing signs of a bullish reversal from a major support zone. The recent formation of a Morning Star pattern on the daily chart signals a potential trend reversal. This is further supported by rising trading volumes, indicating renewed buying interest and strengthening sentiment around the stock. The stock has immediate support around the Rs 1,060 level, which can be considered a strong accumulation zone for investors looking to enter on dips. The RSI stands at 44.38 and is trending upwards, reflecting increasing bullish momentum. This shift suggests that the recent downside pressure may be easing, and buyers are gradually gaining control. Strategy: Buy Target: Rs 1,200, Rs 1,220 Stop-Loss: Rs 1,030 Mahindra and Mahindra | CMP: Rs 3,094.8  M&M has been consolidating in a narrow range and is now showing signs of strength as it approaches a breakout. The stock is forming a flag and pole pattern on the daily chart, which is typically a bullish continuation pattern. Rising trading volumes are indicating increasing investor interest and support the likelihood of a breakout in the short term. A close above the key resistance level of Rs 3,100 would confirm the breakout and further strengthen the bullish momentum. The RSI is at 57.60, suggesting positive momentum while still offering room for further upside. On the downside, immediate support is placed at Rs 3,040, which could act as a good entry point for traders looking to buy on dips. Strategy: Buy Target: Rs 3,400, Rs 3,500 Stop-Loss: Rs 2,930 JSW Steel | CMP: Rs 996  JSW Steel has recently formed a symmetrical triangle pattern on the daily chart, which typically indicates a consolidation phase before a significant move. The rising volume accompanying this pattern suggests growing interest and the potential for a trend reversal. The stock is now nearing a breakout point, signaling the emergence of strong bullish momentum in both the short and long term. A decisive close above the Rs 1,005 level will act as confirmation of the breakout, likely reinforcing the uptrend and paving the way for further gains. The RSI is currently at 49.45, pointing to gradually building positive momentum while still leaving room for further upside. On the downside, immediate support lies at Rs 980, which can be seen as an attractive level for buying on dips. Strategy: Buy Target: Rs 1,100, Rs 1,150 Stop-Loss: Rs 950 Chandan Taparia, Head Derivatives & Technicals, Wealth Management at Motilal Oswal Financial Services Wipro | CMP: Rs 265.6  Wipro has broken out of an ascending triangle pattern on the daily chart, a formation that typically signals bullish continuation. The breakout is supported by the stock moving above its 100-day exponential moving average, suggesting strengthening momentum. Moreover, the MACD indicator is on a rising trajectory, adding further confirmation to the positive price action. Strategy: Buy Target: Rs 282 Stop-Loss: Rs 258 Oil and Natural Gas Corporation | CMP: Rs 251.55  ONGC is currently retesting its breakout from a symmetrical triangle formation on the daily chart. The price action has shown resilience, with the formation of a bullish Hammer candlestick, which suggests renewed buying interest at lower levels. Additionally, the MACD remains positively aligned, supporting the case for further upside. Strategy: Buy Target: Rs 260 Stop-Loss: Rs 245"
19 Jun 2025,"HPCL, BPCL, IOC slip as Brent inches towards $77 amid escalating Iran-Israel war, ONGC shares rise",https://www.moneycontrol.com/news/business/markets/hpcl-bpcl-ioc-slip-as-brent-inches-towards-77-amid-escalating-iran-israel-war-ongc-shares-rise-13146067.html,"OMC stocks: The rising tensions in the oil-rich Middle East has triggered supply disruption concerns, which in turn boosted oil prices.","HPCL, BPCL, IOC shares in red as Brent crude inches towards $77 amid escalating Iran-Israel war, ONGC shares gain","The Iran-Israel conflict continued to worsen on June 19, weighing of India's oil marketing companies (OMCs) after Brent crude futures inches closer to $77 per barrel, with Iran defiant on the seventh day of strikes, and US President weighing a direct attack on Tehran, even as Russia warned Trump against joining the Middle East war. Indian Oil Corporation (IOC) shares dropped over 1.4 percent to trade at Rs 139 apiece, while Bharat Petroleum Corporation (BPCL) shares fell over 0.6 percent to hover around Rs 314 apiece. Hindustan Petroleum Corporation (HPCL) shares meanwhile dropped around 0.5 percent to Rs 392 apiece. While OMC stocks fell, shares of oil refiners gained, with Oil & Natural Gas Corporation (ONGC) shares up nearly 0.6 percent and Oil India up marginally in the green. The conflict between Israel and Iran has now entered its seventh day, with the two nations continuing to exchange missiles between each other. Iran launched significant number strikes on Israel, attacking its stock market, hospital and state media offices, killing many and injuring several. Israel meanwhile attacked many of Iran’s nuclear sites after its Prime Minister Benjamin Netanyahu vowed to launch the biggest ever attack on Iran until its nuclear programme is destroyed. The rising tensions in the oil-rich Middle East has triggered supply disruption concerns, which in turn boosted oil prices. Goldman Sachs recently said that lower Iranian supply and risk of wider disruption can even push Brent crude above the $90 per barrel-level. Notably, US President Trump also recently hinted at US joining the conflict. “I may do it. I may not do it. I mean, nobody knows what I'm going to do,” he told reporters outside the White House. According to analysts, oil prices will shoot up in case US attacks Iran. However, in case it manages to broker peace talks between the two countries, then oil prices will ease. ""The Iran–Israel conflict has reawakened deep geopolitical fault lines, triggering a fresh wave of volatility across global markets. Unsurprisingly, crude oil is at the epicenter. Brent crude has already climbed ~9% in just a week. History offers a clear precedent—after Russia’s invasion of Ukraine, oil prices remained above $100/barrel for several months due to persistent war premiums,” said Harshal Dasani, Business Head at INVasset PMS. Also Read: Tel Aviv stock exchange jumps 4% to hit fresh 52-week high amid buzz of Iran's attack on exchange building ""At the heart of the current crisis lie two major risks. First, a direct Israeli strike on Iranian oil infrastructure could choke supply from one of the world’s key producers. While OPEC has spare capacity, its ability to scale production swiftly—and politically align—is uncertain. Second, and potentially more disruptive, is the looming threat around the Strait of Hormuz. This vital maritime artery handles nearly 25% of global oil shipments. Any obstruction, even temporary, could send shockwaves through energy markets and global supply chains,"" he added. (With inputs from agencies)"
16 Jun 2025,"HPCL, BPCL, IOC shares gain up to 2% as Brent crude drops below $74 per barrel",https://www.moneycontrol.com/news/business/markets/hpcl-bpcl-ioc-shares-gain-up-to-2-as-brent-crude-drops-below-74-per-barrel-13126527.html,"OMC stocks: The stocks snapped their two-day losing streak, which was earlier triggered by rising geopolitical tensions in the oil-rich Middle East.","HPCL, BPCL, IOC shares gain up to 2% as Brent crude drops below $74 per barrel","The shares of Indian oil marketing companies (OMC) recorded strong gains after Brent crude oil prices dropped below the $74 per barrel-mark on June 16. This comes after the stocks recorded significant losses as oil prices soared on the back of rising geopolitical tensions in the oil-rich Middle East. Hindustan Petroleum Corporation Limited (HPCL) shares gained nearly 3 percent from their intraday low to hit a high of Rs 396 apiece. Bharat Petroleum Corporation Limited (BPCL) shares, meanwhile, gained around 2.7 percent from their intraday low to trade at Rs 317 apiece. Indian Oil Corporation (IOC) shares gained over 2 percent from the day’s low to hit a high of Rs 142 apiece. The three stocks have now snapped their respective two-day losing streak. The sharp rise in the share prices pushed the Nifty Oil & Gas index up over 1 percent to hover around 11,559 in the afternoon. The positive uptrend in the sector was further fueled by the rise in the shares of Indraprastha Gas (IGL) and Mahanagar Gas (MGL) after reports suggested that the Delhi government is likely to revise its electric vehicle (EV) policy and include a relaxation in the timeline for transitioning from petrol and gas-powered vehicles. Notably, oil prices had shot up significantly since the end of last week, after Israel carried out what it called ""preemptive strikes"" against Iran. Israeli Prime Minister Benjamin Netanyahu said the airstrikes were aimed at key parts of Iran's nuclear and military program. Iran retaliated by launching over 100 drones at Israel, raising concerns over a possible full-blown war in the oil-rich Middle East. The Israel-Iran conflict has now entered its fourth consecutive day. Israel recently struck Fordow nuclear facility in Iran, which triggered a 2.5-magnitude earthquake. However, analysts have noted that markets and assets like gold and crude oil have been comparatively resilient to the latest developments, and await further triggers. ""Interestingly there is no panic in equity markets. Markets will be severely impacted only if Iran closes the Strait of Hormuz triggering a huge spike in crude. This appears to be a low probability event now,"" VK Vijayakumar, Chief Investment Strategist, Geojit Investments Limited, said. Kaynat Chainwala, AVP-Commodity Research at Kotak Securities, said, ""Ongoing military actions between Israel and Iran for a fourth consecutive day continue to stir fears of a broader regional conflict. Meanwhile, unexpectedly strong retail sales data from China provided a temporary relief and lifted market sentiments."" JM Financial, in its latest report, said, ""There is a huge upside risk to crude price if Iran is able to disrupt crude supply through the key Strait of Hormuz via which 20% of global oil & LNG shipments takes place. The probability of this, though, is low; the Strait of Hormuz has never been blocked during earlier wars in the region, and its blocking is extremely unlikely this time as well, as US and Western countries are likely to take strong measures against any such disruptions given the huge risk it can pose to global oil and gas prices and, hence, inflation. Brent may remain in $70-80/bbl in the near term amidst heightened geopolitical tensions; however, we expect Brent to stabilise $70/bbl in the medium term once the tensions ease."" The domestic brokerage maintained a 'Buy' rating on ONGC and Oil India, as the oil refiners will likely  remain the biggest beneficiaries in case of further rise in prices. It however kept a 'Sell' call on HPCL and IOC, and  'Hold' call on BPCL."
16 Jun 2025,Oil and Natural Gas Corp Shares Rise 2.06% in Today's Trading Session,https://www.moneycontrol.com/news/business/stocks/oil-and-natural-gas-corp-shares-rise-2-06-in-today-s-trading-session-alpha-article-13125513.html,"With a current price of Rs 256.70, Oil and Natural Gas Corporation has demonstrated a positive movement in today's trading session, reflecting steady investor interest.",,"In today's trading session, shares of Oil and Natural Gas Corporation demonstrated positive momentum, climbing by 2.06% to reach Rs 256.70. This increase reflects growing investor confidence in the company's performance and outlook. Oil and Natural Gas Corporation is a significant constituent of key market indices, including the NIFTY 50 and NIFTY 100, highlighting its importance in the Indian equity market. The company's inclusion in these indices underscores its broad market presence and relevance to investors.Financial OverviewA review of Oil and Natural Gas Corporation's financial performance reveals key trends in revenue, net profit, and earnings per share (EPS) over the past several years. The following sections provide a detailed look at the company's consolidated financial results.Consolidated Quarterly Performance:The consolidated quarterly performance of Oil and Natural Gas Corporation provides a snapshot of the company's financial health. Here’s an overview:HeadingMar 2024Jun 2024Sep 2024Dec 2024Mar 2025RevenueRs 166,770.63 CrRs 166,576.75 CrRs 158,329.10 CrRs 166,096.68 CrRs 170,811.73 CrNet ProfitRs 10,348.93 CrRs 10,020.58 CrRs 9,890.59 CrRs 10,148.32 CrRs 8,217.12 CrEPS8.037.908.176.855.82Consolidated Annual Performance:The consolidated annual performance of Oil and Natural Gas Corporation showcases the company's growth trajectory over the years. Key financial metrics are detailed below:Heading20212022202320242025RevenueRs 304,000.98 CrRs 491,269.80 CrRs 632,325.97 CrRs 591,447.12 CrRs 663,262.31 CrNet ProfitRs 20,324.08 CrRs 47,830.13 CrRs 32,743.55 CrRs 54,704.81 CrRs 37,293.00 CrEPS12.9236.1928.1739.1328.80BVPS192.84225.22239.47290.21273.00ROE7.3517.5412.6214.6010.54Debt to Equity0.500.420.460.360.45Income Statement Highlights:The income statement provides a detailed view of Oil and Natural Gas Corporation's financial performance. Key figures are presented below:Mar 2025Mar 2024Mar 2023Mar 2022Mar 2021SalesRs 663,262 CrRs 591,447 CrRs 632,325 CrRs 491,269 CrRs 304,000 CrOther IncomeRs 12,393 CrRs 12,221 CrRs 8,074 CrRs 7,437 CrRs 9,323 CrTotal IncomeRs 675,655 CrRs 603,669 CrRs 640,400 CrRs 498,707 CrRs 313,324 CrTotal ExpenditureRs 609,758 CrRs 519,010 CrRs 589,493 CrRs 440,384 CrRs 279,154 CrEBITRs 65,897 CrRs 84,658 CrRs 50,906 CrRs 58,323 CrRs 34,169 CrInterestRs 14,534 CrRs 10,194 CrRs 7,889 CrRs 5,696 CrRs 5,079 CrTaxRs 14,069 CrRs 19,759 CrRs 10,273 CrRs 4,797 CrRs 8,766 CrNet ProfitRs 37,293 CrRs 54,704 CrRs 32,743 CrRs 47,830 CrRs 20,324 CrCash Flow Statement Analysis:A review of Oil and Natural Gas Corporation's cash flow provides insights into the company's liquidity and financial stability:Mar 2025Mar 2024Mar 2023Mar 2022Mar 2021Operating ActivitiesRs 90,868 CrRs 99,262 CrRs 84,211 CrRs 78,000 CrRs 47,201 CrInvesting ActivitiesRs -43,021 CrRs -57,266 CrRs -73,209 CrRs -40,477 CrRs -39,089 CrFinancing ActivitiesRs -47,907 CrRs -45,650 CrRs -12,916 CrRs -35,979 CrRs -8,257 CrOthersRs 120 CrRs 63 CrRs 410 CrRs 132 CrRs -49 CrNet Cash FlowRs 59 CrRs -3,591 CrRs -1,503 CrRs 1,676 CrRs -195 CrBalance Sheet Overview:The balance sheet of Oil and Natural Gas Corporation reflects its assets, liabilities, and equity. Key components are summarized below:Mar 2025Mar 2024Mar 2023Mar 2022Mar 2021Share CapitalRs 6,290 CrRs 6,290 CrRs 6,290 CrRs 6,290 CrRs 6,290 CrReserves & SurplusRs 337,150 CrRs 330,780 CrRs 274,357 CrRs 253,212 CrRs 214,690 CrCurrent LiabilitiesRs 166,842 CrRs 151,277 CrRs 132,270 CrRs 127,424 CrRs 123,264 CrOther LiabilitiesRs 248,440 CrRs 221,845 CrRs 201,611 CrRs 198,522 CrRs 199,018 CrTotal LiabilitiesRs 758,723 CrRs 710,192 CrRs 614,528 CrRs 585,449 CrRs 543,264 CrFixed AssetsRs 439,771 CrRs 402,339 CrRs 352,730 CrRs 349,915 CrRs 330,539 CrCurrent AssetsRs 134,796 CrRs 133,341 CrRs 114,150 CrRs 106,059 CrRs 93,184 CrOther AssetsRs 184,154 CrRs 174,512 CrRs 147,647 CrRs 129,474 CrRs 119,540 CrTotal AssetsRs 758,723 CrRs 710,192 CrRs 614,528 CrRs 585,449 CrRs 543,264 CrContingent LiabilitiesRs 0 CrRs 151,807 CrRs 133,738 CrRs 155,100 CrRs 148,981 CrAnalysis of Key Financial Ratios:Key financial ratios for Oil and Natural Gas Corporation provide insights into its profitability, efficiency, and solvency:Mar 2025Mar 2024Mar 2023Mar 2022Mar 2021Basic EPS (Rs.)28.8039.1328.1736.1912.92Diluted Eps (Rs.)28.8039.1328.1736.1912.92Book Value [Excl. Reval Reserve]/Share (Rs.)273.00290.21239.47225.22192.84Dividend/Share (Rs.)12.2512.2511.2510.503.60Face Value55555Margin Analysis:Margin ratios indicate the company's ability to convert sales into profits. The trends are shown below:Mar 2025Mar 2024Mar 2023Mar 2022Mar 2021Gross Profit Margin (%)15.2620.0313.8117.9319.33Operating Margin (%)9.9514.599.3312.3010.93Net Profit Margin (%)5.629.245.179.736.68Return Ratios:Return ratios assess the profitability relative to equity and assets, providing insights into how well the company is utilizing its resources:Mar 2025Mar 2024Mar 2023Mar 2022Mar 2021Return on Networth / Equity (%)10.5414.6012.6217.547.35ROCE (%)11.1515.4312.2413.197.91Return On Assets (%)4.776.935.767.772.99Liquidity Analysis:Liquidity ratios measure the company's ability to meet its short-term obligations:Mar 2025Mar 2024Mar 2023Mar 2022Mar 2021Current Ratio (X)0.810.880.860.830.76Quick Ratio (X)0.450.540.530.410.39Leverage Ratios:Leverage ratios provide insights into the company's debt levels and its ability to cover interest expenses:Mar 2025Mar 2024Mar 2023Mar 2022Mar 2021Debt to Equity (x)0.450.360.460.420.50Interest Coverage Ratios (X)6.9711.6311.0715.476.55Turnover Ratios:Turnover ratios measure the efficiency of the company's asset utilization:Mar 2025Mar 2024Mar 2023Mar 2022Mar 2021Asset Turnover Ratio (%)0.900.890.300.2555.95Inventory Turnover Ratio (X)3.683.590.130.126.82Growth Metrics:Growth metrics highlight the company's expansion in terms of sales and net profit over a three-year period:Mar 2025Mar 2024Mar 2023Mar 2022Mar 20213 Yr CAGR Sales (%)16.1939.4826.247.97-2.943 Yr CAGR Net Profit (%)-11.7064.0676.4025.31-6.71Valuation Ratios:Valuation ratios provide insights into how the market is pricing the company's stock relative to its earnings, book value, and sales:Mar 2025Mar 2024Mar 2023Mar 2022Mar 2021P/E (x)8.556.855.364.537.91P/B (x)0.901.000.680.790.58EV/EBITDA (x)4.613.783.563.764.30P/S (x)0.470.570.300.420.42According to Moneycontrol analysis, the sentiment analysis for Oil and Natural Gas Corporation is neutral as of June 9, 2025. With a current price of Rs 256.70, Oil and Natural Gas Corporation has demonstrated a positive movement in today's trading session, reflecting steady investor interest."
13 Jun 2025,"Iran-Israel conflict: Crude surge, threat to shipping lanes keeping oil refiners on the edge",https://www.moneycontrol.com/news/business/economy/iran-israel-conflict-crude-surge-threat-to-shipping-lanes-keeping-oil-refiners-on-the-edge-13117199.html,Higher crude prices squeeze Indian oil refiners as they have largely kept retail fuel prices unchanged in the domestic market despite volatility in the international market.,Representative image,"Israel’s strikes on Iranian nuclear installations and the subsequent vow of retaliation by Tehran sent crude prices sharply higher on June 13, denting prospective marketing margins of Indian oil marketing companies (OMCs) - highly reliant on import from the Middle-East - further aggravated by the risk of disruption to the shipping channel of the Strait of Hormuz. Crude prices soared by up to 12 percent on June 13, but later cooled off marginally, with WTI crude near $71 per barrel while Brent prices hitting a high of over $77 a barrel in futures market. At 1:30 pm, shares of oil refiners including Indian Oil Corporation (IOCL), Bharat Petroleum Corporation (BPCL) and Hindustan Petroleum Corporation (HPCL) were down between 1-2 percent on NSE, off early lows. Business Impact on Indian OMCs Higher crude prices squeeze Indian oil refiners, as they have largely kept retail fuel prices unchanged in the domestic market despite volatility in the international market. Elevated crude prices erode marketing margins - the profit on sale of refined products like petrol and diesel - of an oil marketing company. For every $2 per barrel increase in Brent prices, the OMCs’ margins fall by Re 1 per litre for petrol and diesel, said Harshraj Aggarwal, lead analyst at Yes Securities. With crude prices in the range of $65-70 per barrel in recent months, Indian OMCs had been maintaining healthy marketing margins, but that could begin to fall if crude stays higher for longer, affecting their bottomline. The oil refiners do not disclose the profits they make on sale of petroleum products. Meanwhile, shares of Indian upstream companies including Oil and Natural Gas Corporation (ONGC) and Oil India (OIL) saw an uptick on June 13, in anticipation of improved price realisation. At 1:30 pm, shares of ONGC climbed 1.3 percent on NSE, while OIL rose 1.5 percent in a weak market. India is one of the largest crude oil importers in the world and is reliant on imports for around 90 percent of its crude oil requirements. Currently, India sources crude oil primarily from Russia, Iraq, Saudi Arabia, UAE and the US. Potential Impact on Shipping Route Indian OMCs have faced the brunt of higher freight and insurance costs in the past amid war escalation between oil producing countries such as Russia and the Middle East nations. Iran has repeatedly threatened to block the Strait of Hormuz - the crucial and narrow shipping lane through which a fifth of the world’s total oil consumption passes through - if Tehran is attacked by Western forces. The Strait of Hormuz, located between Oman and Iran, connects the Persian Gulf with the Gulf of Oman and the Arabian Sea. It is also the route for around a quarter of the global liquefied natural gas (LNG) trade.  Tehran’s threat to shut down the shipping route came after the US President Trump launched a ‘maximum pressure’ campaign on Iran to drive its oil exports to zero, citing the failure to reach a nuclear deal despite many attempts. The Strait of Hormuz is a vital shipping route through which Organisation of Petroleum Exporting Countries (OPEC) members - including Saudi Arabia, Iraq, Kuwait and several others - ship oil to Asia. Indian oil refiners buy a significant chunk of their crude supplies from these nations. According to global trade data analytics firm Kpler, India bought over 40 percent of crude oil from Saudi, Iraq, the UAE and Kuwait in May 2025. Any disruption in the this shipping route would lead to higher freight and insurance costs for Indian OMCs, increasing the landing cost of crude oil for the companies. OMCs do not disclose insurance and freight costs incurred by them on purchasing crude oil. “Iran is also on the northern side of the Strait of Hormuz/Persian Gulf through which 20mbpd+ of oil trade flows with Saudi, UAE etc also shipping and in the past it has warned of blocking the same. Hence a wider Middle East conflict with impact on Saudi, Iraq, Kuwait and UAE oil supplies can lead to sharp spike in oil prices, said Madhavi Arora, Lead Economist at Emkay. Last year, Russian oil had become expensive for Indian oil refiners as shipments from Moscow started taking a longer route via the Cape of Good Hope to avoid Houthi attacks on commercial vessels on the Red Sea route. India’s Energy ties with Iran Prior to the US sanctions re-imposed on Iran by the Trump administration, Tehran was the third-largest crude oil supplier to India, till 2018-19. After the sanctions slapped by Trump, Indian oil refiners curbed oil purchases from Tehran, and India currently does not source crude oil from Iran. Oil Minister Hardeep Puri recently reiterated India’s stance of not buying energy from any country under sanction, including Iran and Venezuela. However, with India increasingly looking to diversify its oil sources to secure energy availability, New Delhi has said it would be open to buying crude from Iran, if sanctions on the country are lifted. Indian refiners including IOC, BPCL and HPCL have refineries suited to process Iranian oil."
13 Jun 2025,"Crude sensitive stocks plunge as oil prices surge after Israel attacks Iran; HPCL, Asian Paints, others down up to 4%",https://www.moneycontrol.com/news/business/markets/crude-sensitive-stocks-plunge-as-oil-prices-surge-after-israel-attacks-iran-hpcl-asian-paints-others-down-up-to-4-13115823.html,Crude sensitive stocks: Brent crude oil futures shot up over 9 percent to hit a multi-month high of around $75.61 per barrel. WTI Crude Oil Futures also gained over 9 percent to hover around $74.39 per barrel,Oil fields (Representative),"Shares of oil marketing companies (OMC), paint, tyre and other crude sensitive companies plunged on June 13 amid sharp rise in crude oil prices. This comes after Israel conducted strikes on Iran. Brent crude oil futures shot up over 9 percent to hit a multi-month high of around $75.61 per barrel. WTI Crude Oil Futures also gained over 9 percent to hover around $74.39 per barrel. The sharp rise in the oil prices came after Israel carried out what it called ""preemptive strikes"" against Iran. Israeli Prime Minister Benjamin Netanyahu said the airstrikes were aimed at key parts of Iran’s nuclear and military program. ""We struck at the heart of Iran's nuclear enrichment program, Iran's nuclear weaponization program, Iran's main enrichment facilities, leading nuclear scientists, and ballistic missile programs,"" Netanyahu said. PM Netanyahu said in a video message, ""Moments ago, Israel launched Operation Rising Lion, a targeted military operation to roll back the Iranian threat to Israel's very survival."" Multiple explosions were heard across Tehran, CNN reported citing Iran's state news agency IRNA. Iran has meanwhile vowed to fight back, raising concerns of further escalations, and further hike in oil prices. OMC stocks: The shares of oil market companies significantly plunged. Bharat Petroleum Corporation (BPCL) shares dropped over 4 percent in the morning, while Hindustan Petroleum Corporation (HPCL) shares declined around 4.5 percent. Indian Oil Corporation (IOC) shares also dropped around 3 percent. Paint stocks: Asian Paints shares tumbled around 2 percent in the morning. This came after the stock saw significant rise in the previous session after equity worth Rs 7,703 crore changed hands in a large block deal. Indigo Paints and Berger Paints shares meanwhile dropped around 4 percent in the morning. Notably, crude oil is a key raw material for paint companies. Tyre stocks: Apollo Tyres shares dropped 2 percent in the morning to trade at Rs 448 apiece, while India’s most expensive stock MRF declined over Rs 400 per share (0.31 percent) to hover around Rs 1.36 per share. Also read: Our LIVE blog on stock market updates"
23 May 2025,Accumulate Oil and Natural Gas Corporation; target of Rs 276: Prabhudas Lilladher,https://www.moneycontrol.com/news/business/stocks/accumulate-oil-and-natural-gas-corporation-target-of-rs-276-prabhudas-lilladher-13042873.html,"Prabhudas Lilladher recommended accumulate rating on Oil and Natural Gas Corporation with a target price of Rs 276 in its research report dated May 22, 2025.",Accumulate,"Prabhudas Lilladher's research report on Oil and Natural Gas Corporation Mixed production profile of standalone oil (+0.4% QoQ) and gas (-1.9% QoQ) combined with marginally higher oil price realization of USD73.7/bbl in Q4 vs USD72.6/bbl in Q3FY25 resulted in revenues of Rs349.8bn, +3.8% QoQ. EBITDA of Rs190bn (+0.2% QoQ) was 3.8% higher than our est of 183.2bn & consensus of Rs179.7bn. Much higher DDA led by write-offs resulted in PBT declining by 20% QoQ to Rs88bn (PLe Rs107bn) despite growth in rev. PAT stood at Rs64.5bn, -19.6% QoQ (PLe Rs80bn, consensus Rs88bn). Standalone FY25 EBITDA stood at Rs748bn, +3% YoY while PAT stood at Rs356bn, -12% YoY. Going ahead, we build in 7% and 5% volume growth in oil and gas production in FY26E. The stock is currently trading at 8x FY27 conso EPS, with USD71.3/75/bbl of Brent in FY26/27. Outlook We remain positive on the stock but downgrade from Buy to Accumulate due to ~10% run-up in the stock post preview. We value the company at Rs276, valuing the standalone business at 8x FY27 adj EPS and adding the value of investments. Key risk to our recommendation is sustained. For all recommendations report, click here Oil and Natural Gas Corporation - 23052025 - prabhu"
22 May 2025,"ONGC Consolidated March 2025 Net Sales at Rs 170,811.73 crore, up 2.42% Y-o-Y",https://www.moneycontrol.com/news/business/earnings/ongc-consolidated-march-2025-net-sales-at-rs-170811-73-crore-up-2-42-y-o-y-13040054.html,,,"Reported Consolidated quarterly numbers for Oil and Natural Gas Corporation are: Net Sales at Rs 170,811.73 crore in March 2025 up 2.42% from Rs. 166,770.63 crore in March 2024. Quarterly Net Profit at Rs. 7,322.82 crore in March 2025 down 27.55% from Rs. 10,107.36 crore in March 2024. EBITDA stands at Rs. 25,061.47 crore in March 2025 down 4.82% from Rs. 26,329.83 crore in March 2024. ONGC EPS has decreased to Rs. 5.82 in March 2025 from Rs. 8.03 in March 2024. ONGC shares closed at 248.68 on May 20, 2025 (NSE) and has given 2.70% returns over the last 6 months and -11.22% over the last 12 months. "
22 May 2025,"ONGC shares drop 2% after firm's net profit tumbles 20% to Rs 8,856 crore: Should you buy, sell or hold?",https://www.moneycontrol.com/news/business/markets/ongc-shares-drop-2-after-firm-s-net-profit-tumbles-20-to-rs-8-856-crore-should-you-buy-sell-or-hold-13039907.html,"ONGC share price: CLSA maintained a 'High Conviction Outperform' call for the stock, with a target price of Rs 360 per share. This implies an upside potential of nearly 47.5 percent from the stock's current market price.","ONGC shares drop 2% after firm’s net profit tumbles 20% to Rs 8,856 crore: Should you buy, sell or hold?","The shares of Oil and Natural Gas Corporation (ONGC) dropped nearly 2 percent on May 22 after the company released its results for the fourth quarter of the financial year 2025. The shares of the company were hovering around Rs 244 apiece in the early trading hours. The oil major released its Q4 FY25 results in the post market hours of May 21. The company reported a net profit of Rs 8,856.33 crore for the quarter under review. This marked a drop of over 20 percent from the Rs 11,096.03 crore net profit reported in the corresponding quarter of the previous financial year. ONGC's revenue from operations slightly fell to Rs 1.7 lakh crore in Q4 FY25, as against Rs 1.72 lakh crore in the year-ago period. The company also reported a standalone crude oil production of 4.70 million metric tonne (mmt) while gas production in the period was 4.893 billion cubic metre (BCM). Along with the Q4 results, ONGC also announced a final dividend of Rs 1.25 per equity share for the financial year 2025. For the entire financial year 2025, the oil major declared a total of 9 discoveries (5 in onland and 4 in offshore) in its operated acreages. Out of these, 7 are prospect (4 onland and 3 offshore) and 2 (1 in onland and 1 in offshore) are new pool discoveries. The company invested around Rs 62,000 crore in capital expenditure in FY25, including Rs 18,365 crore in OPaL, Rs 4,600 crore in ONGC Green Ltd for acquisition of PTC Energy and Ayana Renewables. CLSA on ONGC: Despite the fall in net profit, CLSA remained bullish on the stock. The international brokerage maintained a 'High Conviction Outperform' call for the stock, with a target price of Rs 360 per share. This implies an upside potential of nearly 47.5 percent from the stock's current market price. CLSA noted that the reported profit after tax was significantly lower than forecast, largely due to a big drywell write-off recognized in Q4. It also highlighted that the company's standalone oil and gas production rose 5 percent and 4 percent respectively on the back of rising output from KG-98/2 field. CLSA further said that ONGC's gas price realization rose by 4 percent QoQ, helped by increasing share of new well gas in its output. Jefferies on ONGC: Jefferies kept a 'Buy' call on the stock, with a target price of Rs 375 apiece. This implies an upside potential of nearly 54 percent from the stock's current market price. The international brokerage said that Q4 standalone EBITDA was marginally below its estimate, but production and realization were more or less in line. Profit after tax was 31 percent below its estimate, on account of higher exploratory well write offs. Jefferies also noted that daily crude and gas production has risen for the second successive quarter. Motilal Oswal on ONGC: Motilal Oswal Financial Services also maintained a 'Buy' rating on ONGC. The domestic brokerage noted that the oil major's crude oil and gas sales were higher than its estimates. ""Higher-than-estimated DDA, dry well write-offs, and survey costs, along with lower-than-estimated other income, led to a miss on PAT,"" it said. Also read: IndusInd Bank shares take U-turn, trade higher despite sharp Q4 loss"
22 May 2025,"ONGC Standalone March 2025 Net Sales at Rs 34,982.23 crore, up 1% Y-o-Y",https://www.moneycontrol.com/news/business/earnings/ongc-standalone-march-2025-net-sales-at-rs-34982-23-crore-up-1-y-o-y-13039800.html,,,"Reported Standalone quarterly numbers for Oil and Natural Gas Corporation are: Net Sales at Rs 34,982.23 crore in March 2025 up 1% from Rs. 34,636.69 crore in March 2024. Quarterly Net Profit at Rs. 6,448.28 crore in March 2025 down 34.66% from Rs. 9,869.37 crore in March 2024. EBITDA stands at Rs. 16,036.05 crore in March 2025 down 18.06% from Rs. 19,570.70 crore in March 2024. ONGC EPS has decreased to Rs. 5.13 in March 2025 from Rs. 7.85 in March 2024. ONGC shares closed at 248.68 on May 20, 2025 (NSE) and has given 2.70% returns over the last 6 months and -11.22% over the last 12 months. "
21 May 2025,"ONGC posts 20% decline in Q4 net profit at Rs 8,856 crore, declares dividend of Rs 1.25/share",https://www.moneycontrol.com/news/business/earnings/ongc-posts-20-decline-in-q4-net-profit-at-rs-8-856-crore-13039030.html,"The company had reported a net profit of Rs 9,783.64 crore in the December quarter.","The revenue from operations stood at Rs 170,811.73 crore in the reported quarter, as against Rs 172,137.07 crore in the year-ago period","Oil and Natural Gas Corporation (ONGC) Ltd on May 21 reported a 20.18 percent drop in consolidated net profit at Rs 8,856.33 crore in the quarter ended March 31, compared to Rs 11,096.03 crore in the same period of previous financial year, on account of lower crude price realisation. The company had reported a net profit of Rs 9,783.64 crore in the December quarter. The revenue from operations was flat in the quarter at Rs 1.70 lakh crore, as against Rs 1.72 lakh crore in the year-ago period. The board of directors recommended a final dividend of Rs 1.25 per share. In Q4, ONGC’s standalone crude oil production came in at 4.70 million metric tonne (mmt) while gas production in the period was 4.893 billion cubic metre (BCM). Crude oil price realisation from nominated fields was $73.72 per barrel in Q4, much lower as compared to $80.81/bbl in the same period last year. During financial year 2024-25 (FY25), ONGC declared total 9 discoveries (5 in onland and 4 in offshore) in its operated acreages. Out of these, 7 are prospect (4 onland and 3 Offshore) and 2 (1 in onland and 1 in offshore) are new pool discoveries. ONGC invested around Rs 62,000 crore in capital expenditure in FY25, including Rs 18,365 crore in OPaL, Rs 4,600 crore in ONGC Green Ltd for acquisition of PTC Energy and Ayana Renewables."
16 May 2025,"Trade Spotlight: How should you trade Ashok Leyland, HDFC AMC, Grasim, UltraTech Cement, ONGC, Macrotech Developers and others on May 16?",https://www.moneycontrol.com/news/business/markets/trade-spotlight-how-should-you-trade-ashok-leyland-hdfc-amc-grasim-ultratech-cement-ongc-macrotech-developers-and-others-on-may-16-13028176.html,Bulls appear to be in healthy momentum and may continue driving the market rally further. Below are some short-term trading ideas to consider.,Stocks to Buy for short term,"The benchmark indices recorded a strong consolidation breakout on May 15, with the Nifty 50 rising 1.6 percent to hit a seven-month high. The market breadth remained in favour of the bulls, with about 1,806 shares advancing against 798 declining on the NSE. Bulls appear to be in healthy momentum and may continue driving the market rally further. Below are some short-term trading ideas to consider: Chandan Taparia, Head Derivatives & Technicals, Wealth Management at Motilal Oswal Financial Services HDFC Asset Management Company | CMP: Rs 4,702.4  HDFC AMC has given a decisive range breakout on the daily chart, accompanied by a large-bodied bullish candle, signifying strong buying interest and momentum. The stock has consistently respected its 50-day Exponential Moving Average (DEMA), with every minor dip being absorbed quickly—indicating accumulation at lower levels. The MACD (Moving Average Convergence Divergence) is trending upward, reinforcing the bullish momentum and suggesting the recent breakout could see further follow-through. The overall structure remains constructive with potential for a sustained upside toward the Rs 5,000 mark. Strategy: Buy Target: Rs 5,000 Stop-Loss: Rs 4,570 Grasim Industries | CMP: Rs 2,824.8  Grasim Industries has witnessed a bullish breakout from a classic Flag and Pole pattern, a continuation pattern that typically signals the resumption of an existing uptrend. The breakout is supported by a notable surge in volumes, adding strength and credibility to the move. The RSI remains above 60 and is trending higher, reflecting strong momentum. With price sustaining above the breakout zone and broader market support, the stock looks poised for an upward move toward Rs 2,950 in the near term. Strategy: Buy Target: Rs 2,950 Stop-Loss: Rs 2,765 Ashok Leyland | CMP: Rs 239.36  Ashok Leyland has broken out of a consolidation zone on the daily timeframe, indicating a shift from a sideways phase to a trending move. The breakout is supported by improving sector sentiment, with buying seen across the Auto segment, enhancing stock-specific bullishness. The RSI is above 60 and rising, indicating increasing strength and momentum. With a strong base formation and volume expansion, the stock appears set to move toward Rs 255, offering a favourable risk-reward setup. Strategy: Buy Target: Rs 255 Stop-Loss: Rs 232 Om Mehra, Technical Research Analyst at Samco Securities ONGC | CMP: Rs 247.61  Oil & Natural Gas Corporation (ONGC) has displayed gradual strength over recent sessions and is now trading above its 50-day simple moving average, suggesting a shift toward a positive outlook. The price setup is improving, supported by consistent green closes and moderate volume build-up, indicating accumulation. The stock has also held above its short-term support base, strengthening the overall tone. The RSI stands at 56 and is trending upward with a steady slope, reflecting improving momentum without entering the overbought zone. The MACD has confirmed a positive crossover, with the histogram turning green—signalling a potential start of a new bullish phase. A sustained move above Rs 250 could lead to further upside toward recent swing highs. Strategy: Buy Target: Rs 264 Stop-Loss: Rs 238 DLF | CMP: Rs 709  DLF has delivered a decisive breakout above the ?700 resistance zone, supported by a strong bullish candle and a close near the day’s high. The stock has been gradually forming higher lows, and the breakout confirms a continuation of the emerging uptrend. The price is now trading well above the 20-day SMA, reaffirming strength in the short-term outlook. The RSI is at 58 with a positive slope, indicating rising momentum. The MACD has entered a clear bullish crossover, with histogram bars expanding on the positive side. Volume also showed an uptick on the breakout day, confirming participation. The setup suggests potential for further upside if it sustains above Rs 715. Strategy: Buy Target: Rs 745 Stop-Loss: Rs 688 UltraTech Cement | CMP: Rs 11,894  UltraTech Cement has broken out of a narrow consolidation band, after trading sideways between Rs 11,530 and RS 11,860. The breakout is supported by a strong bullish candle, which closed above the upper boundary and near the day’s high—signalling increased buying interest. The stock is now comfortably above the 9 EMA and 20 SMA, while the 50-day moving average is sloping upward, confirming a positive undertone. The RSI has turned upward and crossed 55, indicating renewed bullish momentum. The price has also crossed above the 23.6% Fibonacci retracement level of the previous decline, adding confirmation. Volume has shown a mild uptick, supporting the breakout structure. Sustaining above this zone may trigger follow-through buying and open the door for higher levels in the near term. Strategy: Buy Target: Rs 12,500 Stop-Loss: Rs 11,640 Hardik Matalia, Derivative Analyst at Choice Broking Macrotech Developers | CMP: Rs 1,371  Lodha is consolidating within a wide trading range, forming a Descending Triangle pattern on the daily chart. The stock is now on the verge of a breakout, with recent price action reflecting strong bullish intent. A robust bullish candle on the daily timeframe further reinforces the potential for a directional move. A breakout and sustained trade above the Rs 1,400 mark would confirm the pattern breakout and could set the stage for a short-term rally toward Rs 1,520. This level now acts as a crucial resistance zone, and a decisive move beyond it may open the path for further gains. Momentum indicators support this scenario—the RSI at 60.97 is showing an upward reversal, suggesting strengthening momentum. Additionally, Lodha has recently bounced above all key moving averages (short-, medium-, and long-term EMAs), signalling a shift toward bullish control and overall technical strength. From a price action perspective, the stock appears to be transitioning from a consolidation phase to an upward breakout, with renewed buying interest near its base—making the current setup favourable from a risk-reward standpoint. Strategy: Buy Target: Rs 1,520 Stop-Loss: Rs 1,300 Eris Lifesciences | CMP: Rs 1,482.4  Eris Lifesciences is showing signs of a potential breakout after a prolonged consolidation phase. The stock has been trading within a well-defined horizontal range, forming a rectangle pattern. This consolidation, following a strong prior uptrend, suggests a possible continuation pattern, with price currently hovering near the upper resistance of the range. A strong bullish candle has formed on the daily chart, closing near the upper boundary of the range—suggesting rising buying interest. A decisive and sustained breakout above the Rs 1,510–Rs 1,520 zone could confirm the pattern breakout, opening the door for a short-term rally toward Rs 1,660, based on the height of the consolidation range. Eris is trading above all major moving averages—short-term, medium-term, and long-term EMAs—indicating a well-aligned bullish trend. The convergence of these averages below current price lends additional strength and serves as dynamic support. Momentum indicators also support the bullish scenario—the RSI at 57.48 is trending upward, reflecting strengthening momentum and rising buyer interest. Volume patterns show steady accumulation near support and increasing activity near the breakout zone, hinting at institutional participation. Strategy: Buy Target: Rs 1,660 Stop-Loss: Rs 1,395 Linde India | CMP: Rs 7,154 Linde India has witnessed a strong breakout from both a descending trend line and a horizontal consolidation range. The price action reflects a significant bullish development, with the stock surging strongly and supported by a rise in volumes. The chart displays a clear descending trend line connecting lower highs since the April 2024 peak, which the stock has convincingly broken above. Simultaneously, it also broke out of a broad consolidation range that had capped prices for several months. This dual breakout signals a strong shift in market sentiment from sideways to bullish. The stock has reclaimed all key moving averages—including the 20 EMA (short-term), 50 EMA (medium-term), and 200 EMA (long-term)—adding further confirmation to the bullish setup. The alignment of these moving averages now offers strong support on any minor pullbacks. The RSI is at 72.43, entering the overbought zone—a signal of strength during breakout phases, especially when supported by volume expansion. Strategy: Buy Target: Rs 8,050 Stop-Loss: Rs 6,720"
06 May 2025,"Stocks to Watch Today: Indian Hotels, CCL Products, DCM Shriram, Ather Energy, Senores Pharma, Paras Defence, Glenmark in focus on 6 May",https://www.moneycontrol.com/news/business/markets/stocks-to-watch-today-indian-hotels-ccl-products-dcm-shriram-ather-energy-senores-pharma-paras-defence-glenmark-in-focus-on-6-may-13013818.html,"Stocks to Watch, 06 May: Stocks like Computer Age Management Services, Bombay Dyeing & Manufacturing Company, Zee Media Corporation, Jammu & Kashmir Bank, Prataap Snacks, Hind Rectifiers, Cigniti Technologies, Coforge, Indian Energy Exchange, Paras Defence and Space Technologies, and IRCON International will be in focus on May 6.",Stocks to Watch Today,"Let's catch up on the latest news from the stock market. From significant investments to major deals, quarterly earnings, order wins, and appointments, here’s a quick look at which stocks will be in focus in today's trade: Results Today Bank of Baroda, Hindustan Petroleum Corporation, One 97 Communications Paytm, Alembic Pharmaceuticals, Godrej Consumer Products, Mahanagar Gas, Piramal Enterprises, Polycab India, Aadhar Housing Finance, Aarti Drugs, Aptus Value Housing Finance India, Avalon Technologies, CG Power and Industrial Solutions, eMudhra, JBM Auto, Kajaria Ceramics, Kansai Nerolac Paints, KEI Industries, Radico Khaitan, and Sundaram-Clayton will release their quarterly earnings on May 6. Quarterly Earnings Indian Hotels Company Q4 (Consolidated YoY) Profit jumps 25% to Rs 522.3 crore Vs Rs 417.8 crore Revenue grows 27.3% to Rs 2,425.1 crore Vs Rs 1,905.3 crore EBITDA soars 30% to Rs 856.8 crore Vs Rs 659.8 crore Margin expands to 35.3% Vs 34.6% Board recommends dividend of Rs 2.25 per share CCL Products India Q4 (Consolidated YoY) Profit zooms 56.2% to Rs 101.9 crore Vs Rs 65.2 crore Revenue grows 15% to Rs 835.8 crore Vs Rs 726.7 crore Board recommends final dividend of Rs 5 per share DCM Shriram Q4 (Consolidated YoY) Profit surges 51.9% to Rs 178.9 crore Vs Rs 117.8 crore Revenue jumps 19.9% to Rs 2,876.8 crore Vs Rs 2,399.3 crore Board recommends final dividend of Rs 3.40 per share Computer Age Management Services Q4 (Consolidated YoY) Profit grows 10.2% to Rs 114 crore Vs Rs 103.5 crore Revenue increases 14.7% to Rs 356.2 crore Vs Rs 310.5 crore Board recommends dividend of Rs 19 per share Bombay Dyeing & Manufacturing Company Q4 (Consolidated YoY) Profit tanks 82.6% to Rs 11.5 crore Vs Rs 66.5 crore Revenue declines 5.7% to Rs 359 crore Vs Rs 380.7 crore Zee Media Corporation Q4 (Consolidated YoY) Loss widens to Rs 36.8 crore Vs Rs 6.5 crore Revenue drops 13% to Rs 156 crore Vs Rs 179 crore Jammu & Kashmir Bank Q4 (Standalone YoY) Profit falls 8.5% to Rs 584.5 crore Vs Rs 638.7 crore Net interest income grows 13.3% to Rs 1,480 crore Vs Rs 1,306.1 crore Gross NPA drops sharply to 3.37% Vs 4.08% (QoQ) Net NPA declines to 0.79% Vs 0.94% (QoQ) Board recommends dividend of Rs 2.15 per share Prataap Snacks Q4 (YoY) Loss stands at Rs 11.9 crore Vs profit of Rs 12.4 crore Revenue increases 3.2% to Rs 400.6 crore Vs Rs 388.1 crore Hind Rectifiers Q4 (Consolidated YoY) Profit zooms 95.3% to Rs 9.99 crore Vs Rs 5.1 crore Revenue grows 22.3% to Rs 185 crore Vs Rs 151.4 crore Board recommends dividend of Rs 2 per share Cigniti Technologies Q4 (Consolidated QoQ) Profit increases 15.1% to Rs 73.2 crore Vs Rs 63.6 crore Revenue rises 2.7% to Rs 530.3 crore Vs Rs 516.4 crore Coforge Q4 (Consolidated QoQ) Profit jumps 21.2% to Rs 261.2 crore Vs Rs 215.5 crore Revenue grows 4.7% to Rs 3,409.9 crore Vs Rs 3,258.1 crore Board declares fourth interim dividend of Rs 19 per share Stocks to Watch Senores Pharmaceuticals The company, through its wholly-owned subsidiary Senores Pharmaceuticals Inc., USA, has signed an agreement to acquire the USFDA-approved Abbreviated New Drug Application (ANDA) for Topiramate HCl 25, 50, 100, and 200 mg tablets from Wockhardt. Topiramate is indicated for the treatment of epilepsy and migraine. Glenmark Pharmaceuticals Ichnos Glenmark Innovation (IGI) announced that the US Food and Drug Administration (FDA) has granted Fast Track designation for ISB 2001. This designation was granted for the treatment of adult patients with relapsed or refractory multiple myeloma (RRMM). ISB 2001 is an investigational trispecific antibody therapeutic that targets BCMA and CD38 on myeloma cells and CD3 on T cells. It is currently being evaluated in a Phase 1 dose-expansion study. Indian Energy Exchange The electricity exchange achieved a monthly electricity traded volume of 10,584 MU in April, marking a 26% year-on-year (YoY) increase. The Day-Ahead Market (DAM) achieved a volume of 4,231 MU, a 3% YoY growth, while the Real-Time Electricity Market (RTM) volume rose 48% YoY to 3,893 MU in April. The average DAM price during the month was Rs 5.20 per unit. Paras Defence and Space Technologies The company has entered into a Memorandum of Understanding (MoU) with Israel-based HevenDrones to expand both parties’ businesses in the Indian and global defence sectors. The two companies intend to form a joint venture in India for the development and production of logistics and cargo drones for both defence and civil markets. IRCON International The company has received a work order worth Rs 187.08 crore from Kerala State IT Infrastructure for the construction of a Dedicated Rural Industrial Park in Thiruvananthapuram. RateGain Travel Technologies The company announced the appointment of Deepak Kapoor as its new Chief Technology Officer (CTO) and Rohan Mittal as the new Chief Financial Officer (CFO). Cyient The company's subsidiary Cyient Inc., based in the USA, has received an order levying a penalty of $26,779.74 towards Employer Shared Responsibility Payment (ESRP) from the US Department of the Treasury, Internal Revenue Service (IRS). Reliance Industries, ONGC The Panna-Mukta and Tapti (PMT) joint venture partners—Shell (through BGEPIL), Reliance Industries, and Oil and Natural Gas Corporation (ONGC)—have successfully completed the country’s first offshore facilities decommissioning project, with the safe removal of mid and south Tapti field facilities. Fortis Healthcare The company’s subsidiary, Fortis Hospitals, has received a rectification order under the Income Tax Act, whereby mistakes in a previous tax demand order were corrected, and the tax demand was reduced to Rs Nil. The original demand was Rs 89.53 crore for Assessment Year 2022–23, raised by the Income Tax Department. Veranda Learning Solutions The Board has appointed Saurani Pathan Mohasin Khan as the new Chief Financial Officer (CFO), succeeding Saradha Govindarajan, who stepped down from the role to pursue personal interests and commitments. Bulk Deals Kesoram Industries HDFC Life Insurance Company sold 20,35,305 equity shares of Kesoram at an average price of Rs 4 per share, and an additional 18.5 lakh shares at an average price of Rs 4.01 per share. Mainboard Listing on May 6 Ather Energy SME Listing on May 6 Iware Supplychain Services Stock Trades Ex-Date for Income Distribution RITES Mindspace Business Parks REIT Stocks in F&O ban Manappuram FinanceRBL Bank"
05 May 2025,"Trade Spotlight: How should you trade Honasa Consumer, Godrej Properties, Elecon Engineering, Eternal, SBI, Adani Total Gas, and others on May 6?",https://www.moneycontrol.com/news/business/markets/trade-spotlight-how-should-you-trade-honasa-consumer-godrej-properties-elecon-engineering-eternal-sbi-adani-total-gas-and-others-on-may-6-13013722.html,The market may extend its rally if it decisively clears the previous week’s high in the upcoming sessions. Below are some short-term trading ideas to consider.,Top Buy Ideas For Short Term,"The benchmark indices gained some strength after a three-day consolidation, with the Nifty 50 rising half a percent on May 5. Market breadth also turned positive, as about 1,848 shares advanced compared to 740 declining shares on the NSE. The market may extend its rally if it decisively clears the previous week’s high in the upcoming sessions. Below are some short-term trading ideas to consider: Jigar S Patel, Senior Manager - Equity Research at Anand Rathi Honasa Consumer | CMP: Rs: 251.35  Honasa Consumer (Mamaearth) has recently staged a breakout following a prolonged consolidation phase within the Rs 200–235 range, signaling a resurgence in bullish momentum. Notably, this consolidation occurred around the R3–S3 levels of the monthly Camarilla pivot, a technically significant zone that adds weight to the bullish narrative. Furthermore, a bullish divergence on the weekly RSI (Relative Strength Index) lends additional confirmation to the potential for sustained upward movement. Traders may consider entering long positions in the Rs 245–255 zone. Strategy: Buy Target: Rs 300 Stop-Loss: Rs 224 Wipro | CMP: Rs 243.57  Over the past three weeks, Wipro has demonstrated consistent support near the Rs 200 high-low band on the weekly chart, indicating strong buying interest in the Rs 230–240 zone. This accumulation area also coincides with the S1 Floor yearly pivot, lending additional technical strength to the support level. On the daily timeframe, a bullish divergence on the RSI further reinforces the positive bias and signals a potential reversal in momentum. Traders may consider entering long positions in the Rs 236–244 zone. Strategy: Buy Target: Rs 265 Stop-Loss: Rs 227 Godrej Properties | CMP: Rs 2,219.2  Godrej Properties has recently delivered a decisive breakout backed by strong volumes, following an extended consolidation phase within the Rs 1,900–2,200 range. The stock is currently trading around the Rs 2,250 level. Notably, a triple bottom formation was observed near the Rs 1,900 mark, accompanied by a positive divergence on the RSI, suggesting bullish momentum. This Rs 1,900 zone also coincides with a significant historical breakout level, which is now acting as a key support. Interestingly, this support level aligns with the S3 Camarilla quarterly pivot, further reinforcing its strength, as highlighted in the accompanying chart. Traders may consider entering long positions between Rs 2,200–2,230. Strategy: Buy Target: Rs 2,450 Stop-Loss: Rs 2,100 Vidnyan S Sawant, Head of Research at GEPL Capital Elecon Engineering Company | CMP: Rs 578.9  Elecon Engineering has been in a strong uptrend since 2020, forming higher highs and higher lows within a rising channel. This month, it rebounded from the 34-month EMA (Exponential Moving Average) with a Morning Star pattern, signaling bullish mean reversion and renewed buying interest. On the weekly chart, the stock found support at the 61.8 percent Fibonacci retracement of its previous rally, forming a double bottom—a strong reversal signal. Trading above its 12- and 26-week EMAs with rising volumes above the 20-week average and a bullish MACD (Moving Average Convergence Divergence) crossover, the stock shows strong trend alignment and momentum, reinforcing its bullish outlook. Strategy: Buy Target: Rs 670 Stop-Loss: Rs 547 Aditya Birla Capital | CMP: Rs 199.32  Aditya Birla Capital has maintained a strong uptrend since 2020, consistently forming higher highs and higher lows. This month, it broke above the high of the past three months, signaling a bullish trend resumption. The recent correction found support in the 50 percent–61.8 percent Fibonacci retracement zone of the Rs 85.60–Rs 246 rally, indicating strong demand. A bullish MACD crossover further confirms positive momentum, reinforcing the stock’s upward bias. Strategy: Buy Target: Rs 224 Stop-Loss: Rs 189 Reliance Industries | CMP: Rs 1,431.3  Reliance Industries has shown a strong structural shift across timeframes, signaling renewed buying interest. On the monthly chart, it broke out of a five-month consolidation in April with a bullish candle and a long lower wick, reflecting buying absorption at lower levels. A reversal from the 60-month EMA suggests a bullish mean reversion setup, reinforcing a positive long-term outlook. On the weekly chart, a double bottom and breakout from a falling channel confirm strong price development. Rising volume above the 20-week average and a bullish MACD further validate the breakout with strong momentum support. Strategy: Buy Target: Rs 1,546 Stop-Loss: Rs 1,385 Eternal | CMP: Rs 240  Eternal (Zomato) has shown a structural shift after breaking out of a falling wedge bullish pattern, indicating a potential trend reversal. The stock is now firmly trading above its key 12-, 26-, 50-, 100-, and 200-day EMAs, reflecting a positive trend. On the daily chart, it has started forming higher tops and bottoms—an early sign of bottoming out. Additionally, a bullish crossover in the weekly MACD confirms that the improving price structure is supported by strengthening momentum. Strategy: Buy Target: Rs 267 Stop-Loss: Rs 230 Riyank Arora, Technical Analyst at Mehta Equities State Bank of India | CMP: Rs 790  State Bank of India has given a strong breakout in an Inverted Head and Shoulder pattern formation on its technical charts. With the RSI (14) around 52 and the stock witnessing a re-test to the neckline, we feel that the stock is currently at an attractive risk-to-reward ratio and is forming a good setup. As per calculations of the Head and Shoulder pattern, when we add the length of the head to the neckline, we arrive at calculated price targets of Rs 860 and above. A strict stop-loss should be kept at Rs 760 to manage risk well in case the pattern is invalidated. Strategy: Buy Target: Rs 860 Stop-Loss: Rs 760 Adani Total Gas | CMP: Rs 665.55  Adani Total Gas has given a strong breakout above its immediate resistance mark of Rs 655 and has successfully managed to close well above the same. With the RSI (14) placed at 65 and witnessing a sharp upside tick, we expect the stock to head higher toward potential targets of Rs 710 and above. With the stock breaking out above its trendline resistance as well as swing high resistance, it also witnessed a positive MACD crossover, which in turn shows strong signs of strength in the stock. A strict stop-loss should, however, be kept at the Rs 640 mark to manage risk well on this trade. Strategy: Buy Target: Rs 710 Stop-Loss: Rs 640 ONGC | CMP: Rs 239.2  Oil and Natural Gas Corporation (ONGC) has touched its anchor VWAP (Volume Weighted Average Price) support mark of Rs 236.93 and managed to close well above the same, with a long wick rejection on its technical charts. With the price touching its 5-, 9-, and 21-period EMAs along with the 50-period SMA, the stock looks well poised in terms of risk-to-reward ratio at current levels for a potential upside move. RSI (14), being around 48, is showing sideways momentum on the stock, but with the risk-reward ratio being favourable, we believe that momentum should soon strengthen and the stock should head higher toward potential targets of Rs 255 and above. A strict stop-loss should be kept at Rs 230 to manage risk well on this trade. Strategy: Buy Target: Rs 255 Stop-Loss: Rs 230"
05 May 2025,"Shell, RIL, ONGC complete India's first offshore decommissioning project by removing Tapti field facilities",https://www.moneycontrol.com/news/business/shell-ril-ongc-complete-india-s-first-offshore-decommissioning-project-by-removing-tapti-field-facilities-13013484.html,Tapti oil and gas fields were operated by the Panna-Mukta and Tapti (PMT) joint venture under a production sharing contract with the Government of India. ,Oil fields (Representative),"Reliance Industries, Shell and ONGC on May 5 said that the companies have safely removed the mid and south Tapti field facilities on the Arabian Sea, thereby successfully completing India's first offshore facilities decommissioning project. The project included removal of five wellhead platforms, related infield pipelines, load-in at the onshore dismantling yard and the safe plugging and abandonment of 38 wells, a joint statement said. ""Production from the Tapti fields ceased in March 2016, and this project demonstrates a high level of planning, coordination, and compliance with regulatory frameworks while upholding the highest safety and environmental standards,"" it further said. Tapti oil and gas fields were operated by the Panna-Mukta and Tapti (PMT) joint venture under a production sharing contract with the Government of India. The JV comprised ONGC (With 40 percent participating interest), along with Reliance Industries and Shell (via its subsidiary BG Exploration & Production India). Nipun Pradhan, Managing Director of BGEPIL and GM Shell Upstream India said, ""The safe and successful completion of the Tapti offshore project is a landmark moment for India’s offshore energy sector. This project sets a new benchmark for responsible decommissioning, made possible by global expertise, strong collaboration, and an unwavering commitment to safety and sustainability. Shell is proud to be part of this historic journey alongside our partners Reliance, ONGC, and the Government of India."" Reliance Industries' President of E&P, Sanjay Barman Roy said, ""The safe and responsible offshore decommissioning by the PMT JV marks a significant step forward for India’s energy sector. From the outset, the JV partners worked tirelessly to strengthen local supply chains and enhance the technical and safety capabilities of Indian contractors especially for offshore dismantling activities. This project has successfully delivered on the Indian Government's ambition of 'Make and Break in India'."" Pankaj Kumar, Director (Production), ONGC said, ""This first-of-its-kind large-scale offshore decommissioning underscores ONGC’s commitment to responsible energy practices. The project’s complexity, especially its proximity to ONGC’s live assets demanded strategic planning, precise execution, and utmost focus on safety. It marks a defining moment in India’s energy landscape and sets a strong foundation for the next chapter in offshore infrastructure transformation."" Disclosure: Moneycontrol is a part of the Network18 group. Network18 is controlled by Independent Media Trust, of which Reliance Industries is the sole beneficiary."
01 Apr 2025,Gas stocks in focus as govt hikes APM gas prices by 4%,https://www.moneycontrol.com/news/business/stocks/gas-stocks-in-focus-as-govt-hikes-apm-gas-prices-by-4-12981042.html,"Jefferies anticipates a positive impact on ONGC's EPS, with a projected 14% CAGR from FY25 to FY27","ONGC, Gas Stocks in focus as government hikes APM gas prices by 4%","Shares of Indian gas companies, including Oil & Natural Gas Corporation (ONGC) Ltd., Oil India Ltd., GAIL, and city gas distributors like Indraprastha Gas Ltd. (IGL), Mahanagar Gas Ltd. (MGL), and Gujarat Gas Ltd., are in focus on Tuesday, April 1, after the government increased gas prices under the Administered Price Mechanism (APM) by 4 percent. As of 10:00 am, ONGC shares were trading at Rs 246 and GAIL shares were trading at Rs 182 apiece, both with subtle gains, while shares of IGL and MGL were trading at a decline of over a percent, at Rs 200 and Rs 1,372, respectively. READ MORE: LIVE updates and news stories This is the first hike in APM gas prices since April 2023 which allowed for a 4 percent increase from the third year of implementation. The revised APM gas price is set at $ 6.75 per mmBtu for the April to September period, up from $ 6.5 per mmBtu in the first quarter of the year. Brokerage firm Jefferies, in a recent note, highlighted that reforms in gas and crude pricing could support ONGC's Earnings Per Share (EPS) to grow at a Compounded Annual Growth Rate (CAGR) of 14 percent over FY 2025 to FY 2027. This projection is seen as a positive trigger for ONGC, given the expected revenue boost from the price hike. The development also brings attention to city gas distributors like IGL and MGL, which have been under pressure recently. As of last Friday, shares of IGL were still down 28 percent from their peak, while MGL was down 30 percent. The revised pricing may offer a breather to these stocks, as investors assess the potential impact on margins and profitability."
28 Mar 2025,"ONGC, BPCL shares rise up to 5% as Saudi Aramco eyes investment in Indian refineries",https://www.moneycontrol.com/news/business/markets/ongc-bpcl-shares-rise-up-to-4-as-saudi-aramco-eyes-investment-in-indian-refineries-12978439.html,"Aramco is in separate talks to invest in BPCL's planned refinery in Andhra Pradesh and a proposed ONGC refinery in Gujarat, says a report","ONGC, BPCL shares rise up to 4% as Saudi Aramco eyes investment in Indian refineries","Shares of ONGC, BPCL surged up to 4% on March 28 as a report said Saudi Aramco is looking to invest in Indian refineries. Saudi Aramco is in talks to invest in two planned refineries in India as the world's top oil exporter looks for a stable outlet for its crude in the world's fastest-growing emerging market, sources told Reuters on March 27. Aramco is in separate talks to invest in Bharat Petroleum Corp's (BPCL) planned refinery in Andhra Pradesh and a proposed Oil and Natural Gas Corp (ONGC) refinery in Gujarat, the report added. While ONGC's Gujarat refinery plans are at a nascent stage, BPCL's chairman said in December that it aimed to invest $11 billion in its Andhra Pradesh refinery and petrochemical project. At 12 pm on March 28, ONGC shares on BSE were trading 5% higher at Rs 254.4 apiece to emerge as top Nifty gainer while BPCL shares were trading 2% higher at Rs 282 apiece. Sources told Reuters that state-controlled Aramco proposes to supply oil equivalent to three times its stake in each project, and wants to sell its share of production either in India or by export. In January, Indian Oil Minister Hardeep Singh Puri said India would look to set up three refineries of 400,000 bpd each. Meanwhile, global brokerage Jefferies has maintained its 'buy' rating on the stock with a target price of Rs 375, an upside of 47% from its current price on the NSE. The company expects a 10-12% compounded annual growth rate in production over 2025-26 (Apr-Mar) to FY30 on the back of strong growth at Mumbai High, the country's largest oilfield in the Arabian Sea."
26 Mar 2025,"Stocks to Watch Today: NCC, Welspun Enterprises, Waaree Renewable, Prism Johnson, SIS, Ashoka Buildcon, Advait Energy Transitions in focus on 26 March",https://www.moneycontrol.com/news/business/markets/stocks-to-watch-today-ncc-welspun-enterprises-waaree-renewable-prism-johnson-sis-ashoka-buildcon-advait-energy-transitions-in-focus-on-26-march-12975781.html,"Stocks to Watch, Mar 26: Stocks like Maruti Suzuki India, Minda Corporation, Oil and Natural Gas Corporation, Siemens India, Brainbees Solutions, TVS Motor Company, Indian Overseas Bank, Jyothy Labs, Bharat Heavy Electricals, Indegene, DLF, Asahi India Glass, Dredging Corporation of India, and NTPC Green Energy will be in focus on March 26.",Stocks to Watch Today,"Let's catch up on the latest news from the stock market. From significant investments to major deals, appointments, order wins and acquisitions, here’s a quick look at which stocks will be in focus in today's trade: Stocks to Watch NCC The company has received two advance work orders worth Rs 10,804.6 crore from Bharat Sanchar Nigam for the design, supply, construction, installation, upgradation, operation, and maintenance of the middle-mile network of BharatNet in Uttarakhand Telecom Circle and Madhya Pradesh, DNH, and DD telecom circles. Welspun Enterprises The company's subsidiary, Welspun Michigan Engineers, in joint venture with Aaradhyaa & Co, has secured a new order worth Rs 328.12 crore from Brihanmumbai Municipal Corporation (BMC) for the upgradation of the Haji Ali Storm Water Pumping Station in Mumbai, Maharashtra, followed by 15 years of operations and maintenance. Waaree Renewable Technologies The company has received a Letter of Award (LOA) for a project worth Rs 232.3 crore. The project involves the execution of engineering, procurement, and construction (EPC) works for a ground-mounted solar power project, including operation and maintenance of a 170 MW AC/255 MW DC capacity on a turnkey basis. Federal Bank The Board approved the execution of a binding Memorandum of Understanding with Ageas Insurance International NV (Ageas) and Ageas Federal Life Insurance Company (AFLIC) for the acquisition of a 4% equity stake by the bank in AFLIC, from Ageas. Post-acquisition of the 4% stake, the bank's stake in AFLIC will increase to 30% from 26%. Maruti Suzuki India The automobile company has received a draft assessment order for FY22 from the Income Tax Authority, wherein certain additions/disallowances amounting to Rs 2,966 crore with respect to the returned income (disclosed by the company in its income tax return) have been proposed. Prism Johnson The Madhya Pradesh government has declared the company as the preferred bidder for the mining lease of the Jamodi Mahanna Sector I (Part B) limestone block with an area of 416.73 hectares, and the Jamodi Mahanna Sector II (Part B) limestone block with an area of 264.156 hectares. Minda Corporation The Board will meet on March 28 to consider raising funds via the issue of one or more instruments/securities. Oil and Natural Gas Corporation The company will make an investment of Rs 3,300 crore in subsidiary ONGC Green via rights issue. The subsidiary will utilize the proceeds for the acquisition of a 100% equity stake in Ayana Renewable Power through ONGC NTPC Green (ONGPL). ONGPL is a 50:50 joint venture company of ONGC Green and NTPC Green Energy. The company's subsidiary ONGC Videsh will invest up to Rs 1,500 crore in Beas Rovuma Energy Mozambique. Beas Rovuma Energy Mozambique is a subsidiary of ONGC Videsh with 60% shareholding, and the other joint venture partner is Oil India. Siemens India The National Company Law Tribunal (NCLT), Mumbai, has sanctioned the Scheme of Arrangement between Siemens and Siemens Energy India. As a result, the company's energy business will be demerged into Siemens Energy India. Brainbees Solutions (Firstcry) The Board has approved the proposal to infuse funds up to Rs 146 crore in Globalbees Brands via subscription to Compulsory Convertible Preference Shares, and AED 9 million (approximately Rs 20.98 crore) in Firstcry Management DWC LLC, UAE, via equity shares. Both are the company's subsidiaries. TVS Motor The company's subsidiary, TVS Motor (Singapore) Pte, has agreed to acquire an additional 8.26% stake in GO Corporation, Switzerland, from its existing shareholder for CHF 500,000. Indian Overseas Bank The bank has received an income tax demand order worth Rs 558.96 crore for AY 2023-24. The bank is in the process of filing an appeal before the appropriate forum within prescribed timelines. The order will have no impact on the financials, operations, or other activities of the bank. Jyothy Labs The company has executed a Share Purchase Agreement (SPA) with Kallol Enterprise for the sale of its entire 75% equity stake in Jyothy Kallol Bangladesh (JKBL) to Kallol Enterprise, for Bangladeshi Taka 3,01,92,134. Accordingly, JKBL has ceased to be a subsidiary of the company. Bharat Heavy Electricals BHEL has extended its Technology Collaboration Agreement (TCA) with Vogt Power International Inc., USA, for heat recovery steam generators. Indegene The company's subsidiary, Indegene Ireland, with the intention to expand its business, has agreed to acquire, in a phased manner, MJL Communications Group and its subsidiary MJL Advertising on a debt-free, cash-free basis for GBP 3.4 million. DLF The company's subsidiary, DLF Home Developers, has acquired a 49.997% stake and compulsorily convertible debentures in DLF Urban, from Reco Greens, for Rs 496.73 crore. DLF Urban is a subsidiary of DLF Home Developers. Asahi India The company has commenced commercial operations of its float glass facility at Soniyana, Rajasthan. Aditya Birla Capital The company has made an investment of Rs 40 crore in Aditya Birla Capital Digital on a rights basis. Post this investment, there is no change in the percentage shareholding of Aditya Birla Capital, and Aditya Birla Capital Digital continues to be a wholly owned subsidiary of the company. SIS The Board has approved the proposal for a buyback of up to 37.12 lakh equity shares (representing 2.57% stake) of the company, for Rs 150 crore at a price of Rs 404 per share. Dredging Corporation of India The Board has approved the appointment of Durgesh Kumar Dubey as Managing Director & CEO of Dredging Corporation of India, effective April 16. Jindal Stainless The Board approves the acquisition of a 5.03% stake in Mynd Solutions for Rs 102.7 crore by the company. Mynd Solutions is a Reserve Bank of India regulated Trade Receivables Electronic Discounting System (TReDS) and supply chain financing platform. The total stake held by Jindal Stainless and its subsidiary, Jindal Stainless Steelway, in Mynd Solutions increased to 9.62%. Granules India The Board has given its approval to an internal restructuring plan involving its existing wholly owned subsidiaries in the USA. Granules USA, Inc., the company's subsidiary in the US, will transfer its business and substantially all of its net assets to Granules Pharmaceutical, Inc. (GPI) to facilitate the transaction. The plan will not result in any change in the ultimate ownership of the company over its subsidiaries or in the nature of the business carried out in the US. The plan is expected to reduce the number of legal entities, simplify the legal, tax, and operational structures, create a unified holding structure, and improve market focus. Waaree Energies The company will inaugurate its 5.4 GW solar cell manufacturing plant at Chikhli, Gujarat, on March 29. Ashoka Buildcon The Competition Commission of India has approved the acquisition of 100% equity shareholding in 11 road special purpose vehicles owned by Ashoka Concessions and Ashoka Buildcon by Epic Concesiones 2. Indian Railway Finance Corporation The company has entered into a loan agreement with NTPC Renewable Energy for the financing of a rupee term loan of Rs 5,000 crore. Redington The company has received an order from the Income Tax Department, raising a demand of Rs 175.10 crore (including interest). The said order will not have any material financial impact on the company. Indian Renewable Energy Development Agency (IREDA) The Board has approved the borrowing program of up to Rs 30,800 crore for FY 2025-26. IREDA has raised Rs 910.37 crore through the issuance of privately placed subordinated Tier-II bonds for a 10-year tenor at an annual coupon rate of 7.74%. NTPC Green Energy The company has declared the commercial operation of the 100 MW capacity (the third and last part capacity) out of the 320 MW Bhainsara solar PV project in Jaisalmer, Rajasthan. Arvind SmartSpaces The company has sold out the entire launched inventory of its residential plotted development project, Arvind The Park in Devanahalli, Bengaluru. It consisted of 200 units valued at over Rs 180 crore. Mukka Proteins The Board has approved a strategic investment of Rs 6 crore for a 51% stake in FABBCO Bio Cycle and Bio Protein Technology, and Rs 14 crore for a 51% stake in GSM Marine Export. HCL Technologies The global technology company announced the launch of HCLTech Insight, an agentic AI-powered Industry-Focused Repeatable Solution (IFRS) designed to equip manufacturers with advanced data insights and analytics capabilities. Infosys The company has incorporated a step-down wholly-owned subsidiary, Infosys BPM Netherlands B.V. Advait Energy Transitions The company has become a L1 bidder for the contract of OPGW-04 package, from Power Grid Corporation of India. The contract involves the supply and installation of optical ground wire (OPGW) and communication equipment for various transmission lines in India. Bulk Deals Kesoram Industries Axis Securities sold 27.29 lakh shares in Kesoram at an average price of Rs 5.47 per share. Resourceful Automobile Plutus Capital Management LLP bought 14,400 shares in Resourceful Automobile at an average price of Rs 53.02 per share. Block Deals Samvardhana Motherson International Goldman Sachs (Singapore) Pte - ODI bought 65.48 lakh shares in Motherson at an average price of Rs 132.7 per share, from Kadensa Master Fund. Federal Bank Integrated Core Strategies (Asia) Pte bought 9.8 lakh shares in the bank at an average price of Rs 195.8 per share, from UBS AG. Glenmark Pharma Integrated Core Strategies (Asia) Pte acquired 2.64 lakh shares in Glenmark at an average price of Rs 1,492.65 per share, from UBS AG. Max Financial Services Integrated Core Strategies (Asia) Pte purchased 11 lakh shares in Max Financial Services at an average price of Rs 1,157.35 per share, from UBS AG. Stock Trades Ex-Bonus Dhanalaxmi Roto Spinners Stocks Trade Ex-Dividend RECTVS Motor Company Stock Trades Ex-Date for Income Distribution (InvIT) Interise Trust Stocks in F&O ban IndusInd Bank"
12 Mar 2025,"Stocks to Watch Today: TCS, PB Fintech, Bharti Airtel, Rail Vikas Nigam, Kaynes Technology, Godrej Agrovet in focus on 12 March",https://www.moneycontrol.com/news/business/markets/stocks-to-watch-today-tcs-pb-fintech-bharti-airtel-rail-vikas-nigam-kaynes-technology-godrej-agrovet-in-focus-on-12-march-12962547.html,"Stocks to Watch, Mar 12: Stocks like Sandur Manganese and Iron Ores, Zota Health Care, Indian Renewable Energy Development Agency, TVS Motor Company, Hexaware Technologies, Adani Green Energy, NTPC Green Energy, OnMobile Global, KPI Green Energy, and Tamilnad Mercantile Bank willl be in focus on March 12.",Stocks to Watch Today,"Let's catch up on the latest news from the stock market. From significant investments to major deals, order wins, appointments and acquisitions, here’s a quick look at which stocks will be in focus in today's trade: Stocks to Watch Tata Consultancy Services The company announced the acquisition of a 100% stake in commercial real estate firm Darshita Southern India Happy Homes for Rs 2,250 crore. The land and building of the commercial real estate firm will serve as a delivery center. PB Fintech The Board has approved an investment of up to Rs 696 crore by the company in its subsidiary PB Healthcare Services via equity shares or compulsory convertible preference shares during FY26. After the proposed investment, PB Fintech would hold up to a 33.63% stake in PB Healthcare on a fully diluted basis. Bharti Airtel Airtel announced an agreement with SpaceX to bring Starlink’s high-speed internet services to its customers in India. They will explore offering Starlink equipment in Airtel’s retail stores, Starlink services via Airtel to business customers, and opportunities to connect communities, schools, and health centers, among many others, even in the most rural parts of India. Additionally, Bharti Airtel has transferred its 69.94% stake in Airtel Payments Bank to its subsidiary Airtel. Rail Vikas Nigam The company has emerged as the lowest bidder for a project worth Rs 554.64 crore from the National Highways Authority of India. The project involves the construction of a 6-lane access-controlled connectivity to Visakhapatnam Port Road of NH 516C on Hybrid Annuity Mode in Andhra Pradesh. Sandur Manganese and Iron Ores Krishnendu Sanyal has resigned as Chief Executive Officer of the company due to personal reasons, effective March 10. Zota Health Care The company has acquired 1.33 lakh equity shares of its subsidiary Davaindia Health Mart via a rights issue, for Rs 55.39 crore. Indian Renewable Energy Development Agency (IREDA) The Board will meet on March 17 to consider the enhancement of the borrowing plan for FY 2024-25. TVS Motor Company The shareholding of TVS in the Indian Foundation for Quality Management (IFQM) has been reduced to 18.18% after a further allotment of shares by IFQM to other investors. Consequently, IFQM ceased to be an associate of the company as the shareholding is below 20%. Hexaware Technologies The digital solutions company announced the inauguration of its global business headquarters in Jersey City. Adani Green Energy The company's subsidiary, Adani Solar Energy Ap Eight, has commissioned a 250 MW solar power project at Kadapa, Andhra Pradesh. With the commissioning of this plant, AGEL’s total operational renewable generation capacity has increased to 12,591.1 MW. ONGC NTPC Green The Competition Commission of India has approved the proposed acquisition of 100% of the shares in Ayana Renewable Power by ONGC NTPC Green. ONGC NTPC Green is a joint venture between ONGC Green and NTPC Green Energy. OnMobile Global The company has closed its branch in Qatar, effective March 10. Kaynes Technology India Ramesh Kunhikannan, Managing Director of Kaynes Technology India, has received a show-cause notice from the Securities and Exchange Board of India. The notice alleges suspected violations in the maintenance of a structured digital database (SDD) with respect to financial results for the period ended March 2023. KPI Green Energy The company has appointed Surinder Kumar Negi as its Chief Operating Officer (COO), effective March 12. Tamilnad Mercantile Bank The bank has received a notice from the Income Tax Department, demanding tax of Rs 58.91 crore with respect to the Assessment Year 2017-18 due to certain additions and disallowances that were made. The bank is in the process of challenging the said order in the appropriate forum. FSN E-Commerce Ventures The company has incorporated a new wholly owned subsidiary, Nykaa Essentials, in Mumbai, for trading and dealing in cosmetics, toiletries, beauty, personal care, and health care products. Canara Bank The bank has reduced the marginal cost of funds-based lending rate (MCLR) by 5 bps on overnight tenure, 10 bps on the two-year tenure, and 15 bps on the three-year tenure, effective March 12. Godrej Agrovet The company will acquire the remaining 48.06% equity stake in Creamline Dairy Products (CDPL) for Rs 930 crore, making CDPL a wholly owned subsidiary. The company already held a 51.94% stake in CDPL. Reliance Industries The company's subsidiary, Reliance Jio, has added 39.06 lakh subscribers in December, against the addition of 12.12 lakh subscribers in November 2024. Bharti Airtel The telecom operator has added 10.33 lakh subscribers in December 2024, compared to the loss of 11.36 lakh subscribers in November. Vodafone Idea The company lost 17.15 lakh subscribers in December 2024, compared to the loss of 15.02 lakh subscribers in November. Stock Trades Ex-Date for Income Distribution (InvIT) Altius Telecom Infrastructure Trust Stocks in F&O ban IndusInd BankSAILBSEHindustan CopperManappuram Finance"
10 Mar 2025,Buy Oil and Natural Gas Corporation; target of Rs 261: Geojit Financial Services,https://www.moneycontrol.com/news/business/stocks/buy-oil-and-natural-gas-corporation-target-of-rs-261-geojit-financial-services-12960391.html,"Geojit Financial Services is bullish on Oil and Natural Gas Corporation has recommended buy rating on the stock with a target price of Rs 261 in its research report dated March 07, 2025.",Buy,"Geojit Financial Services research report on Oil and Natural Gas Corporation Oil and Natural Gas Corporation Ltd (ONGC) specialises in the exploration and production of crude oil and gas. The company has joint ventures in oil fields in Vietnam, Norway, Egypt, Tunisia, Iran and Australia. Standalone revenue from operations fell 3.1% YoY to Rs. 33,717cr in Q3FY25, owing to a fall in oil price. Crude oil realisation was USD 72.57 per barrel (-10.6% YoY) while gas price realisation was USD 6.50 per mmbtu (flat YoY) . Standalone crude oil production rose 2.2% YoY to 4.92 MMT, while natural gas production grew a marginal 0.2% YoY to 4.97 MMT, reflecting a reversal in declining trends. ONGC has set oil and gas production targets of 42.44 MMToE for FY25, 44.51 MMToE for FY26 and 45.61 MMToE for FY27. At the operational level, EBITDA in Q3FY25 rose 11.1% YoY to Rs. 17,043cr, driven by a fall in employee benefit expense and other general expenses. As a result, EBITDA margin increased 640bps YoY to 50.5% from 44.1% in Q3FY24. Reported standalone PAT declined 16.7% YoY to Rs. 8,240cr, because of a fall in oil prices and an increase in depreciation on carrying additional property. Outlook Therefore, we reiterate our BUY rating on the stock with a rolled-forward target price of Rs. 261 based on the SOTP valuation. For all recommendations report, click here Oil and Natural Gas Corporation -10032025 - geo"
10 Mar 2025,"Stocks to Watch Today: Lupin, Tata Power, Nazara Tech, Shilpa Medicare, GMR Airports, IRB Infra, Railtel, Shyam Metalics in focus on 10 March",https://www.moneycontrol.com/news/business/markets/stocks-to-watch-today-lupin-tata-power-nazara-tech-shilpa-medicare-gmr-airports-irb-infra-railtel-shyam-metalics-in-focus-on-10-march-12960206.html,"Stocks to Watch, Mar 10: Stocks like India Pesticides, HFCL, NDR Auto Components, JSW Steel, GR Infraprojects, Biocon, Oil and Natural Gas Corporation, Container Corporation of India, Thangamayil Jewellery, Hinduja Global Solutions, IRB Infrastructure Developers, and AstraZeneca Pharma will be in focus on March 10.",Stocks to Watch Today,"Let's catch up on the latest news from the stock market. From significant investments to major deals, order wins, appointments and acquisitions, here’s a quick look at which stocks will be in focus in today's trade: Stocks to Watch Narayana Hrudayalaya The company's overseas subsidiary, Health City Cayman Islands (HCCI), has entered into a Joint Venture Agreement with 2070 Health Inc., W Health Ventures GP LLC, and Everhope Oncology. The joint venture aims to establish and operate a network of healthcare centers in India, specifically for the treatment of cancer patients, with a focus on chemotherapy services. India Pesticides The company has signed a Power Purchase Agreement and a Shareholders Agreement with Fourth Partner Solar Power (a special purpose vehicle formed by Fourth Partner Energy) to source solar power from the said SPV for 25 years from the commencement of commercial operations. HFCL The company's subsidiary, HTL, has received a contract worth Rs 44.36 crore from the Indian Army for the supply of tactical optical fiber cable assemblies. RailTel Corporation of India The company has received a work order worth Rs 28.29 crore from Northern Railway. The order involves indoor and outdoor double distant signaling work. Meanwhile, the board will consider a second interim dividend for FY25 on March 12. Additionally, the company has received another work order worth Rs 47.50 crore from East Central Railway. Nazara Technologies The gaming and sports media platform has divested its 94.85% stake in OpenPlay Technologies to Moonshine Technology for Rs 104.33 crore. The transaction will be executed through the issuance of Moonshine’s compulsory convertible preference shares (CCPS) to Nazara and other sellers. OpenPlay Technologies runs the popular rummy platform, Classic Rummy, while Moonshine is the parent company of India’s biggest poker platform, PokerBaazi. NDR Auto Components The company has received an offer letter from Maharashtra Industrial Township (MITL), offering 26.39 acres of land in Chhatrapati Sambhaji Nagar, Maharashtra, for Rs 37.60 crore for future expansion. JSW Steel The company reported consolidated crude steel production for February 2025 at 24.07 lakh tonnes, growing 12% over 21.50 lakh tonnes in the same month last year. Capacity utilization at Indian operations stood at 93.5% for February. Shilpa Medicare The United States Food and Drug Administration (USFDA) conducted an inspection at Unit-1 of the company's subsidiary, Shilpa Pharma Lifesciences, at Raichur from March 3-7, 2025. Post-inspection, the company received one observation in Form 483, which is procedural in nature. Tata Power The company's subsidiary, Tata Power Renewable Energy, has signed a Memorandum of Understanding (MoU) with the Government of Andhra Pradesh to develop up to 7,000 MW of renewable energy projects, including solar, wind, and hybrid projects with or without storage solutions. The estimated investment in these projects stands at up to Rs 49,000 crore. GR Infraprojects The board has approved an interim dividend of Rs 12.50 per equity share for FY25 and the proposal for divestment of a 100% equity stake in the company's wholly owned subsidiary, GR Galgalia Bahadurganj Highway (GGBHPL). Biocon The company's subsidiary, Biocon Biologics, announced the successful results of a pivotal Phase 3 study comparing Yesintek (Biocon Biologics’ biosimilar to Ustekinumab) with the reference product Stelara (Ustekinumab) in adult patients with moderate to severe chronic plaque psoriasis (PsO). Oil and Natural Gas Corporation The company's subsidiary, ONGC Petro Additions (OPaL), has received a letter from the Development Commissioner, Dahej Special Economic Zone, granting final exit to OPaL from the Dahej Special Economic Zone. Accordingly, OPaL shall operate as a domestic tariff area (DTA) unit with effect from March 8. Further, this exit from SEZ will improve OPaL's competitiveness for supplies made to the DTA. Container Corporation of India CONCOR has signed a Memorandum of Understanding (MoU) with The Energy and Resources Institute (TERI) for setting up a Centre of Excellence (COE) for green and sustainable logistics at TERI. GMR Airports The company has acquired an additional 10% stake in its subsidiary, Delhi International Airport (DIAL), from Fraport AG Frankfurt Airport Services Worldwide. Post this acquisition, the company’s shareholding in DIAL has increased from 64% to 74%. Thangamayil Jewellery The board has approved the allotment of 36.42 lakh equity shares at an issue price of Rs 1,400 per rights equity share to eligible equity shareholders or applicants. Hinduja Global Solutions After approval from the Republic of the Philippines Securities and Exchange Commission, the company's step-down subsidiary, Diversify Intelligent Staffing Solutions Inc., merged with another step-down subsidiary, Diversify ISS BGC Inc. With this merger, Diversify Intelligent Staffing Solutions Inc. ceased to exist effective March 7, 2025. IRB Infrastructure Developers Toll collections in February grew by 14.4% to Rs 528.7 crore, compared to Rs 462.2 crore in the same month last year. Further, the per-day toll revenue for February 2025 increased 18% YoY to Rs 18.9 crore per day, compared to Rs 15.9 crore per day. AstraZeneca Pharma India The company has received permission from the Central Drugs Standard Control Organisation to import, sell, and distribute Durvalumab solution. Durvalumab is indicated for the treatment of patients with limited-stage small cell lung cancer (LS-SCLC). The approval paves the way for the marketing of Durvalumab solution for infusion 120 mg/2.4 ml and 500 mg/10 ml (Imfinzi) in India. Coal India The company has inked a Memorandum of Understanding (MoU) with the Indian Institute of Technology, Hyderabad, for establishing a Centre of Clean Coal Energy and Net Zero (CLEANZ) at Hyderabad. Allcargo Gati The board has approved the sale of the company's fuel stations in Indore and Bengaluru for Rs 7.5 crore. NMDC The board members will be meeting on March 17 to consider the declaration of an interim dividend for FY25. Mahindra and Mahindra The company's production in February 2025 grew by 10.4% year-on-year to 81,302 units, while sales increased by 13% to 80,641 units, and export sales jumped 99% to 3,061 units during the same period. Bharat Heavy Electricals (BHEL) The High Court of Delhi has upheld an interim award in favour of BHEL amounting to Rs 115 crore with interest at 18% per annum, effective 30 days from the date of the award (July 27, 2017), against RattanIndia Power. Lupin The pharma major has launched Rivaroxaban tablets (USP, 2.5 mg) in the United States after final approval of its Abbreviated New Drug Application from the US FDA. The drug is bioequivalent to Xarelto tablets by Janssen Pharmaceuticals and is used to reduce the risk of major cardiovascular events in patients with coronary artery disease and thrombotic vascular events in patients with peripheral artery disease. Alembic Pharmaceuticals The USFDA conducted a scheduled inspection at the company’s bioequivalence facility in Vadodara from March 3-7. The USFDA issued a Form 483 with one procedural observation. The company will provide a comprehensive response within the stipulated period. Shyam Metalics and Energy Stainless steel sales grew by 110% YoY to 8,552 MT in February 2025, while stainless steel average realizations increased 10% YoY to Rs 1.29 lakh per MT. IndusInd Bank The Reserve Bank of India (RBI) has approved re-appointment of Sumant Kathpalia as Managing Director & CEO of IndusInd Bank for one year effective March 24, 2025. Omaxe The real estate developer's subsidiary Omaxe World Street has launched New Singapore in Faridabad, with a project value of Rs 600 crore. NIIT Learning Systems The company's subsidiary NIIT (USA) Inc, has invested $1 million in 8% convertible notes of StriVR Labs Inc., USA as a part of its strategic initiatives. HCL Infosystems Promoter Shiv Nadar has executed a Gift Deed to transfer a 47% stake in HCL Corp and a 47% shareholding in Vama Delhi to his daughter, Roshni Nadar Malhotra. Stock Trades Ex-Date for Rights Vipul OrganicsA B Infrabuild Stock Trades Ex-Date for Spin Off Kesoram Industries Stock Trades Ex-Bonus SBC Exports Stocks in F&O ban Hindustan CopperManappuram Finance"
05 Mar 2025,"Stocks to Watch Today: Biocon, Coforge, GE Vernova, Power Grid, JSW Energy, Welspun Specialty, Rail Vikas Nigam in focus on 5 March",https://www.moneycontrol.com/news/business/markets/stocks-to-watch-today-biocon-coforge-ge-vernova-power-grid-jsw-energy-welspun-specialty-rail-vikas-nigam-in-focus-on-5-march-12956530.html,"Stocks To Watch, Mar 5: Stocks like Ola Electric Mobility, Grasim Industries, RHI Magnesita India, Apollo Hospitals Enterprise, Walchandnagar Industries, ABB India, Mindteck India, Ambuja Cements, Oil and Natural Gas Corporation, Force Motors, Avanti Feeds, Banswara Syntex, SpiceJet, and Manappuram Finance will be in focus on March 5.",Stocks to Watch Today,"Let's catch up on the latest news from the stock market. From significant investments to major deals, order wins, and acquisitions, here’s a quick look at which stocks will be in focus in today's trade: Stocks to Watch Biocon The company's subsidiary, Biocon Pharma, has received final approvals for its two ANDAs - Lenalidomide capsules and Dasatinib tablets - from the US Food and Drug Administration (US FDA). Lenalidomide is used to treat multiple myeloma, mantle cell lymphoma, and anemia in myelodysplastic syndromes in adults. Dasatinib tablets are used to treat Philadelphia chromosome-positive chronic myeloid leukemia. Biocon Pharma also received tentative approval for its ANDA for Rivaroxaban tablets, which are used in the treatment of deep vein thrombosis and pulmonary embolism. Coforge The digital services and solutions provider has signed a new agreement with Nasdaq-listed travel technology company Sabre Corporation to accelerate product delivery and launch additional innovative AI-enabled solutions. Adani Wilmar The company has signed a definitive agreement to acquire GD Foods Manufacturing (India), the owner of the 'Tops' brand. The acquisition will be executed in multiple tranches, with 80% of the shares to be acquired in the first tranche and the remaining 20% to be acquired over the next three years. Ola Electric Mobility The company has received a letter from IFCI regarding the non-achievement of Milestone-1 as per Schedule M of the Programme Agreement dated July 28, 2022. The company is actively engaged with the relevant authorities in this regard and is in the process of filing an appropriate response. The company's subsidiary, Ola Cell Technologies, has entered into a Programme Agreement with the Ministry of Heavy Industries for availing of the Production Linked Incentive Advanced Chemistry Cell (PLI ACC) scheme. GE Vernova T&D India The company has received three orders worth Rs 500 crore from Power Grid Corporation of India for the supply and installation of transformers and reactors under bulk procurement. Power Grid Corporation of India The company has been declared the successful bidder for three projects to establish an inter-state transmission system under the Build, Own, Operate, and Transfer (BOOT) basis. The three projects include the transmission system for the evacuation of power from the Rajasthan REZ Ph-V complex, augmentation of transformation capacity at Banaskantha (Raghanesda) PS (GIS), and the transmission system for the integration of Kurnool-IV REZ - Phase-I (for 4.5 GW). Grasim Industries The company has commenced the commercial production of Birla Opus Paints at its plant in Mahad, Maharashtra. With this, 5 out of its total 6 greenfield plants have commenced commercial production, and the installed capacity of decorative paints sold under the brand Birla Opus has reached 1,096 million litres per annum (MLPA). RHI Magnesita India The company's subsidiary, Intermetal Engineers (India), has executed a Share Purchase Agreement with Ashwath Technologies (Ashwath) and the existing shareholders to acquire 100% of Ashwath's shareholding for Rs 14 crore. Apollo Hospitals Enterprise The company plans to commission a comprehensive Oncology Centre, including India's first Proteus One Proton System along with ancillary equipment, over the next three years at a cost of Rs 250 crore. Walchandnagar Industries The company has announced a deal to acquire a 60.3% stake in AiCitta Intelligent Technology, a company engaged in R&D and the manufacture of unmanned ground vehicles (UGVs). Saint-Gobain Sekurit India Jeyendran Jayaseelan has resigned from his position as Chief Financial Officer of the company. He will cease to be associated with the company effective March 25, 2025. ABB India ABB Motion has announced a strategic investment through ABB Motion Ventures in the AI start-up UptimeAI, aiming to transform how industrial customers manage the health and performance of motors, drives, and related assets. The transaction consists of ABB taking a minority stake in UptimeAI. Mindteck India Anand Balakrishnan has resigned as Managing Director and Chief Executive Officer of the company, effective May 31, 2025. Ambuja Cements The Competition Commission of India has unconditionally approved the acquisition of a 72.8% stake in Orient Cement by Ambuja Cements. Welspun Specialty Solutions Bharat Heavy Electricals (BHEL, Trichy) has notified Welspun Specialty Solutions as the L1 bidder for the supply of 4,050 tons of stainless steel seamless boiler tubes for a series of supercritical thermal power projects. The total supply contract value will be Rs 231.77 crore. Oil and Natural Gas Corporation The company's subsidiary, ONGC Green, has acquired a 100% equity stake in PTC Energy for Rs 925 crore. PTC Energy is engaged in the renewable energy business and has an aggregate operational wind generation capacity of 288.80 MW. Further, PTC Energy operates 157 wind turbine generators (WTGs) across all its wind farms. JSW Energy The Competition Commission of India has approved the acquisition of KSK Mahanadi Power Company by the company. Rail Vikas Nigam The company has received a Letter of Acceptance for a project worth Rs 729.82 crore from HPSEBL. The project involves the development of distribution infrastructure at the Central Zone of Himachal Pradesh under the Revamped Reforms-based and Results-linked Distribution Sector Scheme (Loss Reduction Work). Force Motors The company announced total sales of 3,600 units in February 2025, growing 46.28% over the 2,461 units sold in February 2024. Bulk Deals Avanti Feeds IIFL Facilities Services acquired a 4.38% stake in the company at an average price of Rs 728 per share, from Thai Union Asia Investment Holding, amounting to Rs 435.15 crore. Banswara Syntex Cofipalux Invest S.A. sold a 2.92% stake in the company at an average price of Rs 121.66 per share, valued at Rs 12.16 crore. SpiceJet Plutus Wealth Management LLP acquired a 0.7% stake in the airline company at an average price of Rs 46 per share, amounting to Rs 41.4 crore. SME Listing on March 5 Shreenath Paper Products Stocks Trade Ex-Bonus Anand Rathi WealthVantage Knowledge Academy Stocks in F&O ban Manappuram Finance"
