Date,Title,URL,Article Description,Article Text,Article Content
28 Aug 2025,"Stocks to Watch Today: Lotus Developers, InterGlobe, SMS Pharma, E2E Networks, Mangal Electrical, HFCL, Power Grid, Dr Agarwal's Eye Hospital in focus on 28 August",https://www.moneycontrol.com/news/business/markets/stocks-to-watch-today-lotus-developers-interglobe-sms-pharma-e2e-networks-mangal-electrical-hfcl-power-grid-dr-agarwal-s-eye-hospital-in-focus-on-28-august-13493668.html,"Stocks to Watch, 28 August: Stocks like Sri Lotus Developers, InterGlobe Aviation, SMS Pharmaceuticals, E2E Networks, Mangal Electrical Industries, HFCL, Power Grid Corporation of India, Edelweiss Financial Services, and Dr Agarwal's Eye Hospital will be in focus on August 28.","Stocks to Watch Today, 28 August","Let's catch up on the latest news from the stock market. From significant investments to major deals, order wins, merger, and appointments, here’s a quick look at which stocks will be in focus in today's trade: Results Today AJC Jewel Manufacturers, and Prabhat Technologies (India) will announce their quarterly earnings on August 28. Quarterly Earnings Sri Lotus Developers and Realty Q1 (Consolidated YoY) Profit tanks 35.8% to Rs 25.8 crore Vs Rs 40.2 crore Revenue sinks 49.2% to Rs 61.3 crore Vs Rs 120.7 crore Stocks to Watch InterGlobe Aviation The Rakesh Gangwal family is likely to sell up to a 3.1% stake in IndiGo via block deals, with the offer size at Rs 7,027 crore and a floor price of Rs 5,808 per share, reports CNBC-TV18 quoting sources. SMS Pharmaceuticals The company has received the Establishment Inspection Report (EIR) with a No Action Indicated status for its Central Laboratory Analytical Services in Hyderabad. The US FDA had conducted the inspection of the said laboratory during June 23–25 and concluded it with zero Form 483 observations. Dr Reddy’s Laboratories The Telangana High Court has granted an interim stay on the impugned order and the income tax reassessment proceedings related to the merger of Dr Reddy’s Holding into the company, until the next date of hearing. BSE The company’s subsidiaries—BSE Investments and BSE Administration and Supervision—have received approval from their respective Boards of Directors to initiate a merger with BSE Technologies. United Breweries The company is enhancing its manufacturing capabilities by setting up a new canning line facility at the existing Nizam Brewery in Telangana. This facility will primarily produce certain premium products of Kingfisher and Heineken. The company will invest Rs 90 crore for the proposed capacity addition of 0.4 mhl, compared to the existing capacity of 0.5 mhl. It has also received all requisite regulatory approvals, including the final building permit order issued by the Industrial Area Local Authority – Kothlapur. SBI Cards and Payment Services The pure-play credit card issuer announced a strategic alliance with e-commerce marketplace Flipkart for the launch of the Flipkart SBI Credit Card. This co-branded credit card aims to enhance affordability and value for customers of Flipkart, Myntra, Shopsy, and Cleartrip. E2E Networks The company has received an order worth Rs 88.02 crore from IndiaAI, an Independent Business Division under the Ministry of Electronics and Information Technology, for the immediate allocation of 1,024 H200 SXM GPUs (128 H200-8X) to GAN AI, which has been selected to build India’s foundational AI model. Newgen Software Technologies The company has received a purchase order from a customer for a scanning and digitization project. The aggregate value of the order is Rs 73.12 crore. Oil India, BPCL Oil India has signed a joint venture agreement with Bharat Petroleum Corporation (BPCL) to execute a city gas distribution network in Arunachal Pradesh. The project includes establishing CNG stations and providing piped natural gas (PNG). Power Grid Corporation of India The company has been declared the successful bidder to establish an inter-state transmission system in Karnataka. The project involves transmission system strengthening at Davanagere for the integration of renewable energy generation, under the build-own-operate-transfer (BOOT) model. The company has received the Letter of Intent (LoI) for the said project. Lemon Tree Hotels The company has signed a license agreement for a hotel property—Lemon Tree Resort in Pench, Maharashtra. The property will be managed by its subsidiary, Carnation Hotels. HFCL The company's subsidiary, HTL, has received a contract worth Rs 101.82 crore from the Indian Army for the supply of tactical optical fiber cables and related accessories. Himadri Speciality Chemical The company has received the ISCC PLUS certification (International Sustainability and Carbon Certification), further strengthening its global leadership in sustainable and traceable supply chains. Rail Vikas Nigam The company has signed a joint venture agreement with Texmaco Rail & Engineering to undertake projects in the railway and allied infrastructure sectors. The proposed shareholding will be 51% for RVNL and 49% for Texmaco Rail. Dr Agarwal's Health Care, Dr Agarwal's Eye Hospital Both entities have received approval from their respective Boards of Directors for a scheme of amalgamation under the Dr Agarwal’s Group. The merger is expected to streamline operations and enable unified management, driving efficiency and strategic alignment. Bulk and Block Deals Sai Life Sciences TPG Asia, an affiliate of the global private equity firm TPG, exited the pharma company by selling entire 14.72% stake (3.07 crore shares) for Rs 2,675.6 crore. However, of shares sold by TPG, Goldman Sachs (Singapore) Pte bought 11.04 lakh shares at Rs 871.05 per share valued at Rs 96.2 crore, and Societe Generale acquired 14.06 lakh shares at Rs 871 per share for Rs 122.5 crore. Edelweiss Financial Services Ace investor Sunil Singhania's Abakkus Asset Manager picked 64.3 lakh shares (equivalent to 0.67% stake) in the company at Rs 100 per share, amounting Rs 64.3 crore from Edelweiss Employees Welfare Trust, and Edelweiss Employees Incentives and Welfare Trust. Sona BLW Precision Forgings Singapore-based investment company Integrated Core Strategies (Asia) has acquired 1.04 crore shares (equivalent to 1.68% stake) in the auto component maker at Rs 454.51 per share, valued at Rs 474.5 crore. Vikram Solar Plutus Wealth Management bought 20 lakh shares (0.55% stake) in the Kolkata-based solar panels maker at Rs 352.33 per share, amounting to Rs 70.47 crore. Sammaan Capital Plutus Wealth Management purchased 42.5 lakh shares in housing finance company at Rs 119.69 per share, valued at Rs 50.86 crore. Vishal Mega Mart BNP Paribas Financial Markets sold 5.53 crore shares in the hypermarket chain at Rs 152.8 per share, and Integrated Core Strategies (Asia) offloaded 2.41 crore shares at Rs 152.64 per share, which totalled to 794 crore shares (1.7% stake) amounting to Rs 1,213.4 crore. Waaree Energies BNP Paribas Financial Markets sold 17.8 lakh shares (0.62% stake) at Rs 3,266.21 per share, valued at Rs 582.6 crore. Hitachi Energy India BNP Paribas Financial Markets offloaded 4.19 lakh shares in the company at Rs 19,794.72 per share, for Rs 829.7 crore. Patel Retail Yashwant Amratlal Thakkar bought 4 lakh shares (1.19% stake) at Rs 300 per share, valued at Rs 12 crore. Nexus Select Trust iShares Core MSCI Emerging Markets ETF acquired 75.77 lakh units in Nexus Select Trust (0.5% stake) at Rs 145.99 per unit, amounting to Rs 110.6 crore. Veranda Learning Solutions Promoters Kalpathi Subramaniam Ganesh, Kalpathi Subramanian Suresh, and Kalpathi Subramanyam Aghoram cumulatively sold 66 lakh shares (7.05% stake) in Veranda for Rs 151.8 crore. However, Authum Investment & Infrastructure bought additional 58 lakh shares (6.2% stake) at Rs 230.1 per share, amounted to Rs 133.45 crore, and Goldman Sachs (Singapore) Pte acquired 7.6 lakh shares (0.81%) at Rs 229.95 per share, valued at Rs 17.49 crore. Mainboard Listing on August 28 Mangal Electrical Industries Stocks Trade Ex-Dividend Aster DM HealthcareGujarat Pipavav PortJyothy LabsProcter & Gamble Hygiene and Health CareRoute MobileSpeciality RestaurantsMagna Electro CastingsVedant FashionsMitsu Chem PlastOriental Rail InfrastructureAAA TechnologiesAbirami Financial ServicesDiamines & Chemicals Stock Trades Ex-Date for Income Distribution (InvIT) Altius Telecom Infrastructure Trust Stock Trades Ex-Bonus DMR Hydroengineering & Infrastructures Stock in F&O Ban RBL Bank Stock Out of F&O ban Titagarh Rail Systems"
11 Aug 2025,Buy Power Grid Corporation of India; target of Rs 350: Mirae Asset Sharekhan,https://www.moneycontrol.com/news/business/stocks/buy-power-grid-corporation-of-india-target-of-rs-350-mirae-asset-sharekhan-13434532.html,"Mirae Asset Sharekhan is bullish on Power Grid Corporation of India has recommended buy rating on the stock with a target price of Rs 350 in its research report dated August 07, 2025.",buy,"Mirae Asset Sharekhan's research report on Power Grid Corporation of India Standalone revenue of Rs. 9,928 crore was down 1.4% y-o-y and lesser than estimates. Standalone PAT of Rs. 3,653 crore was up 7.1% y-o-y. Capitalization of Rs. 1,800 crore in Q1FY26 is quite less considering the full year guidance of Rs. 22,000 crore. Management has maintained its capex guidance of Rs. 28,000/35,000/45,000 crore in FY26/27/28 respectively. The strong capex expectation provides good earnings visibility for the future. Outlook Hence, we maintain a Buy with an unchanged PT of Rs. 350. At CMP, it trades at 2.6x/2.4x its FY26/27 P/BV. For all recommendations report, click here Power Grid Corporation of India - 11082025 - khan"
05 Aug 2025,Buy Power Grid Corporation of India; target of Rs 365: ICICI Securities,https://www.moneycontrol.com/news/business/earnings/buy-power-grid-corporation-of-india-target-of-rs-365-icici-securities-13396800.html,"ICICI Securities is bullish on Power Grid Corporation of India has recommended buy rating on the stock with a target price of Rs 365 in its research report dated August 04, 2025.",BUY,"ICICI Securities's research report on Power Grid Corporation of India Power Grid is riding on transmission tailwinds, as India is augmenting its transmission infrastructure to integrate renewables into the grid. It racked-up projects worth >INR 1trn in FY25; it won 24 transmission projects in bids with estimated cost of INR 920bn. As a result, its work in hand remains robust at INR 1.49trn as of Jul’25. The bidding activity was subdued in Q1; however, it is expected to pick up in the remaining quarters of FY26. The company has also pushed the pedal on execution with INR 263bn of capex in FY25 and INR 280bn/350bn/450bn of capex planned for FY26/27/28. Capex in Q1 was INR 70bn; however, the commissioning was muted at INR 18bn in Q1 and INR 28bn in 4MFY26. Transmission pipeline remains strong; Outlook We estimate another INR 3trn of bidding in transmission in next 3 years with the company likely maintaining its share of >50% in project wins. Maintain BUY with a revised TP of INR 365 as we roll forward to FY28E. For all recommendations report, click here Power Grid Corporation of India_05082025_ICICI Securities"
05 Aug 2025,Buy Power Grid Corporation of India; target of Rs 345: Motilal Oswal,https://www.moneycontrol.com/news/business/earnings/buy-power-grid-corporation-of-india-target-of-rs-345-motilal-oswal-13391000.html,"Motilal Oswal is bullish on Power Grid Corporation of India has recommended buy rating on the stock with a target price of Rs 345 in its research report dated August 01, 2025.",BUY,"Motilal Oswal's research report on Power Grid Corporation of India In 1QFY26, Power Grid Corporation (PWGR) reported a standalone (SA) revenue of INR99.3b (-1% YoY), 6% below our estimate. EBITDA was 12% below our estimate at INR81.2b (-7% YoY), hit by a 66% YoY surge in other expenses. Adj. SA PAT was 6% below our est. at INR34.7b, supported by higher-than-expected other income and lower tax expenses. In the analyst meet, management reiterated its robust capex trajectory, improving capitalization trends, and a strong project pipeline. Capex guidance remains unchanged at INR280b/INR350b/INR450b for FY26/FY27/FY28, respectively. However, the capitalization target for FY26 has been slightly revised downward to INR220b (vs. earlier guidance of INR230–250b), owing to persistent issues related to right-of-way (RoW). Outlook We derive our TP of INR345 for PWGR based on FY27E BVPS and a P/B multiple of 3x, which we believe is reasonable given that its capex and capitalization are on a multi-year uptrend with the order book at an elevated level. For all recommendations report, click here Power Grid Corporation of India_04082025_Motilal Oswal"
31 Jul 2025,"Power Grid Corp Consolidated June 2025 Net Sales at Rs 11,196.22 crore, up 1.73% Y-o-Y",https://www.moneycontrol.com/news/business/earnings/power-grid-corp-consolidated-june-2025-net-sales-at-rs-11196-22-crore-up-1-73-y-o-y-13357319.html,,,"Reported Consolidated quarterly numbers for Power Grid Corporation of India are: Net Sales at Rs 11,196.22 crore in June 2025 up 1.73% from Rs. 11,006.18 crore in June 2024. Quarterly Net Profit at Rs. 3,630.58 crore in June 2025 down 2.51% from Rs. 3,723.92 crore in June 2024. EBITDA stands at Rs. 9,394.94 crore in June 2025 down 4.87% from Rs. 9,875.88 crore in June 2024. Power Grid Corp EPS has decreased to Rs. 3.90 in June 2025 from Rs. 4.00 in June 2024. Power Grid Corp shares closed at 288.95 on July 29, 2025 (NSE) and has given -2.17% returns over the last 6 months and -17.40% over the last 12 months. "
31 Jul 2025,"Power Grid Corp Standalone June 2025 Net Sales at Rs 9,928.23 crore, down 1.39% Y-o-Y",https://www.moneycontrol.com/news/business/earnings/power-grid-corp-standalone-june-2025-net-sales-at-rs-9928-23-crore-down-1-39-y-o-y-13357014.html,,,"Reported Standalone quarterly numbers for Power Grid Corporation of India are: Net Sales at Rs 9,928.23 crore in June 2025 down 1.39% from Rs. 10,068.16 crore in June 2024. Quarterly Net Profit at Rs. 3,653.23 crore in June 2025 up 7.07% from Rs. 3,412.15 crore in June 2024. EBITDA stands at Rs. 9,446.47 crore in June 2025 down 0.84% from Rs. 9,526.30 crore in June 2024. Power Grid Corp EPS has increased to Rs. 3.93 in June 2025 from Rs. 3.67 in June 2024. Power Grid Corp shares closed at 288.95 on July 29, 2025 (NSE) and has given -2.17% returns over the last 6 months and -17.40% over the last 12 months. "
28 Jul 2025,"PowerGrid Q1: Revenue to see minor uptick but subdued power demand, finance costs could weigh",https://www.moneycontrol.com/news/business/earnings/powergrid-q1-revenue-to-see-minor-uptick-but-subdued-power-demand-finance-costs-could-weigh-13334423.html,"India’s overall power generation declined 2% year-on-year in Q1FY26, mainly due to lower output from conventional sources.","Analysts will be closely tracking any management commentary on upcoming capex plans, project execution timelines, and expectations around power demand for the rest of FY2026.","Power Grid Corporation of India is expected to see a modest rise in earnings for the first quarter of 2025-26, supported by steady capitalisation activity but tempered by higher finance costs and subdued power demand. The average of three brokerages pegs the state-owned bulk power transmission company's net profit for the first three months of the current fiscal at Rs 3,808 crore, compared to Rs 3724 crore a year earlier, with gains limited due to a 13 percent increase in interest costs. According to a Moneycontrol poll, revenue is projected to come in at Rs 11,202 crore, up 1.3 percent from the Rs 11,062 crore seen in Q1FY25. The company will be reporting its numbers on June 30. Currently, there is limited earnings coverage for Power Grid. Of three brokerages, Elara is the most optimistic, forecasting a net profit of Rs 3,913 crore, while Motilal Oswal is the most cautious, pegging it at Rs 3,688 crore. EBITDA (earnings before interest, taxes, depreciation and amortisation) margin is seen holding steady at around 87 percent, supported by the company’s regulated business model.Key drivers Steady capitalisationCapitalisation of completed transmission assets should drive turnover growth in the quarter. JM Financial said, “Moderate growth in revenue is anticipated, largely driven by increased capitalisation.” Higher finance costsDespite a stable revenue performance, profitability could remain under pressure due to rising borrowing costs. Brokerages expect net profit to stay largely flat year-on-year, as higher interest expenses offset operating gains. Renewable energy projectsA sharp increase in renewable power additions of around 6.7 GW in just two months continues to support the long-term outlook for transmission infrastructure. Elara Capital highlighted, “Power Grid is a key beneficiary of renewable capacity expansion, backed by a Rs 2 trillion (Rs 2 lakh crore) project pipeline over the next 7–8 years.” While the impact in this quarter may be limited, the structural growth trend is intact. Weak power demandIndia’s overall power generation declined 2 percent year-on-year in Q1FY26, mainly due to lower output from conventional sources. Motilal Oswal noted, “While current demand remains soft, peak demand months have historically shown great variability, and power demand could bounce back in the coming quarters.” In the near term, however, muted demand could limit upside, brokerages suggest. What analysts will be watching forAnalysts will be closely tracking any management commentary on upcoming capex plans, project execution timelines and expectations around power demand for the rest of FY26."
09 Jul 2025,"Trade Spotlight: How should you trade Power Grid Corporation, ICICI Prudential Life, Ceat, Apollo Tyres, Dabur, Bandhan Bank and others on July 10?",https://www.moneycontrol.com/news/business/markets/trade-spotlight-how-should-you-trade-power-grid-corporation-icici-prudential-life-ceat-apollo-tyres-dabur-bandhan-bank-and-others-on-july-10-13252186.html,The frontline indices are expected to continue trading within the previous week's range. Below are some short-term trading ideas to consider.,Top Buy Ideas for Short term,"Equity benchmarks closed 0.2 percent lower after a choppy session on July 9. The market breadth remained favourable for bears, with 1,356 shares declining compared to 1,295 advancing shares on the NSE. The frontline indices are expected to continue trading within the previous week's range.Below are some short-term trading ideas to consider: Jatin Gedia, Technical Research Analyst, Mirae Asset Sharekhan Cholamandalam Investment and Finance Company | CMP: 1,563.1  Cholamandalam Investment and Finance Company has completed the final leg of a symmetrical triangle pattern and has witnessed buying interest. On the weekly timeframe, it has taken support at the 20-week moving average (Rs 1,536). We expect the stock to trade with a positive bias. Strategy: Buy Target: Rs 1,666 Stop-Loss: Rs 1,506 Bharat Heavy Electricals | CMP: Rs 262  BHEL has retraced 50 percent of its previous rise and has now resumed the next leg of its upmove. The rise has been accompanied by above-average volume, suggesting renewed interest in the stock. Strategy: Buy Target: Rs 272, Rs 281 Stop-Loss: Rs 256 Power Grid Corporation of India | CMP: Rs 299.65  Power Grid Corporation broke out of a falling channel last week, then retested the breakout level and has since resumed its upmove. The daily momentum indicator has given a positive crossover, which is considered a buy signal. Strategy: Buy Target: Rs 321 Stop-Loss: Rs 293 Sudeep Shah, Head – Technical and Derivatives Research at SBI Securities ICICI Prudential Life Insurance Company | CMP: Rs 680.35  On Wednesday, ICICI Prudential Life Insurance registered a Stage-2 Cup pattern breakout on the daily chart, accompanied by volume above the 50-day average, confirming the strength of the move. It is currently trading above both its short- and long-term moving averages, which are not only rising but also aligned in the desired sequence. Additionally, the daily RSI is in bullish territory and trending upward, further supporting the positive momentum. We recommend accumulating the stock in the zone of Rs 685-680 levels. Strategy: Buy Target: Rs 740 Stop-Loss: Rs 655 Ceat | CMP: Rs 3,863.4 Over the past two trading sessions, tyre stocks have been strongly outperforming the frontline indices. Ceat has recently witnessed a falling channel breakout on the daily chart, followed by a steady upward move accompanied by relatively higher volumes. The stock is now trading above its key moving averages, reinforcing the bullish sentiment. Technically, the daily RSI has crossed the 60 mark and continues to rise, while the MACD remains in bullish territory, staying above both the zero line and the signal line. Hence, we recommend accumulating the stock in the zone of Rs 3,870-3,850 levels. Strategy: Buy Target: Rs 4,150 Stop-Loss: Rs 3,740 Rupak De, Senior Technical Analyst at LKP Securities Apollo Tyres | CMP: Rs 473.9  Apollo Tyres has given a breakout above a falling trendline resistance on the daily chart, indicating a bullish reversal. It has also moved above both the 50DMA and 200DMA, reinforcing the positive sentiment. Volume has picked up alongside the breakout, adding strength to the move. Additionally, the RSI has crossed above the 60 mark and broken out of a downward sloping trendline, signaling strong momentum. Strategy: Buy Target: Rs 519 Stop-Loss: Rs 454 Dabur India | CMP: Rs 522.15  Dabur has given a strong breakout above a falling trendline, accompanied by a sharp rise in volume, indicating bullish momentum. The stock has also moved past the 200DMA, strengthening the positive bias. The RSI has surged above 75, suggesting strong buying interest, though it also indicates slightly overbought conditions in the near term. As long as the stock holds above the breakout level of Rs 510, the momentum is likely to sustain. Strategy: Buy Target: Rs 555 Stop-Loss: Rs 504 Bandhan Bank | CMP: Rs 178  Bandhan Bank corrected down to the rising trendline on the daily chart before staging a recovery. It continues to sustain above the critical short-term moving average, the 50DMA. Additionally, a reciprocal ABCD pattern has formed on the daily timeframe, indicating the potential for a swift rebound. Strategy: Buy Target: Rs 185, Rs 188 Stop-Loss: Rs 173"
26 Jun 2025,"PSUs should find a place in investors' portfolios; SBI, BEL, Coal India among top picks: Motilal Oswal",https://www.moneycontrol.com/news/business/markets/psus-should-find-a-place-in-investors-portfolios-sbi-bel-coal-india-among-top-picks-motilal-oswal-13179991.html,Motilal Oswal said that several PSU sectors have posted a very sharp turnaround in profit and creating unexpected shareholder value. ,The BSE PSU index's current market capitalization stands 14 percent below its all-time high.,"Public sector enterprises (PSUs) were known for their sluggish growth, debt-laden balance sheets, and poor performance. However, since the COVD-19 pandemic, Indian PSUs have been one of the most remarkable stories of Indian capital markets, noted domestic brokerage Motilal Oswal. Several PSU sectors have posted a very sharp turnaround in profit and creating unexpected shareholder value. As a cohort, the PSUs posted an unprecedented 36 percent profit after tax (PAT) CAGR during FY20-25, feeding into the 32 percent CAGR for the BSE PSU Index and a consistent expansion in PSUs’ share in overall profits to an impressive 38 percent. However, after a remarkable post-pandemic rebound, PSU earnings growth moderated in FY25, weighed down by the high base of a robust 43 percent YoY increase in FY24 and a decline in O&G sector earnings. ""While some cyclical moderation did set in in FY25, key building blocks and an enabling environment for sustained profitable performance for several PSUs look intact. Consequently, PSU names in sectors with policy/demand tailwinds or structural growth potential should find a meaningful place in long-term investor portfolios, in our view,"" said the brokerage. The brokerage said its top PSU ideas are State Bank of India Ltd, Hindustan Aeronautics Ltd, Bharat Electronics Ltd, Power Grid Corporation of India Ltd, and Coal India Ltd. For the brokerage's PSU coverage universe, it sees a 10 percent PAT CAGR over FY25-27, primarily driven by the BFSI and O&G sectors, based on conservative assumptions relative to the FY25 base. ""Logistics, Capital Goods, and Metals are also expected to contribute positively. Incremental profit growth is likely to be led by BFSI (53 percent), followed by O&G (20 percent) and Metals (12 percent),"" added the report. Follow our market blog to catch all the live updates Further, the brokerage noted that over the past year, the market capitalization of the BSE PSU Index hit an all-time high of Rs 74 lakh crore in July 2024, driven by consistent rerating trends. It then declined by 31 percent to Rs 51 lakh crore in February 2025 amid the broad market correction before recovering 25 percent to Rs 64 lakh crore in June 2025. The index’s current market capitalization stands 14 percent below its all-time high (up 5 percent inthe year 2025 so far). Owing to the market correction (between October 2024 and March 2025), theP/E ratio of the BSE PSU Index has come down to 11.7x, from 13.8x in July 2024, though it is up from 9.8x in February 2025."
17 Jun 2025,"NHPC drops plan to buy PSU peers' stake in PTC India, says report",https://www.moneycontrol.com/news/business/markets/nhpc-drops-plan-to-buy-psu-peers-stake-in-ptc-india-says-report-13132250.html,"NHPC, NTPC, Power Grid and Power Finance Corporation each held 4.05% stake in PTC India, as at the end of the March quarter.",NHPC,"NHPC has informed the Central government that it has dropped its plan to buy stake held by its PSU peers in power trading company PTC India, Mint reported citing people familiar with the matter. Earlier this year, NHPC had clarified that it is in very initial stages of consideration whether or not it should buy co-promoter's stake in PTC India. Notably, NTPC, Power Grid Corporation of India and Power Finance Corporation also own some stake in PTC India, along with NHPC. According to data available on BSE about PTC India's shareholding pattern as on March 31, 2025, NHPC, NTPC, Power Grid and Power Finance Corporation each hold 4.05 percent stake in the company. This takes the total stake held by the four promoters and promotor groups of the company to 16.22 percent. The rest of the 83.78 percent stake was held by the public. NHPC is no longer planning to pick up the stake from other promoters as it is an infrastructure company dedicated to hydro projects, with power trading not being its core business, the report cited a source as saying. This is why, NHPC has decided not to invest further in the power trading company, the source further said. It however informed Centre that it doesn’t plan to sell its existing stake in the company. Moneycontrol couldn't independently verify the report. NHPC shares dropped nearly 1.7 percent to close at Rs 85.05 apiece, while those of PTC India closed in the red with marginal losses at Rs 176.64 apiece. NHPC Ltd, India's largest hydropower producer, will commission hydro projects with a total capacity of 2,170 megawatt (MW) by the end of FY26, the public sector undertaking's (PSU) chairman and managing director Raj Kumar Chaudhary told Moneycontrol in an exclusive interview earlier this year. Besides, the much delayed 2,000 MW Subansiri hydropower project in Arunachal Pradesh will also be commissioned in FY26, he said. "
13 Jun 2025,Power Grid Corporation shares decline over 1% in today's session,https://www.moneycontrol.com/news/business/stocks/power-grid-corporation-shares-decline-over-1-in-todays-session-alpha-article-13116060.html,"Power Grid Corporation of India's stock is currently trading at Rs 283.00, investors are closely monitoring its performance amidst a bearish sentiment.","On Friday, the benchmarks Sensex and Nifty lost more than one percent each during the first hour of the trading session.","During today's trading session, Power Grid Corporation of India experienced a decline of 2.08 percent, with its share price reaching Rs 283.00. The stock, a constituent of key indices including the NIFTY 50 and NIFTY 100, reflected a bearish sentiment. The market activity was recorded on Friday, June 13, 2025, at 09:35:06. The price decrease is likely to draw attention from investors, considering Power Grid Corporation of India's significant role in the Indian equity market. Its inclusion in major indices underscores its importance and influence.Financial Performance: Recent TrendsPower Grid Corporation of India's financial performance showcases consistent revenue and net profit over the recent quarters. Quarterly Snapshot (FY 2024-25):March 2025 Quarter: Revenue stood at Rs 12,275.35 Crores.Net Profit: Rs 4,172.45 Crores for the March quarter.EPS (Earnings Per Share): Rs 4.46 in March.These figures demonstrate the company's ability to maintain profitability.Annual OverviewOver the last five years, Power Grid Corporation of India has demonstrated steady financial growth:Revenue: From Rs 39,639.79 Crores in 2021 to Rs 45,792.32 Crores in 2025.Net Profit: Increased from Rs 11,821.76 Crores to Rs 15,631.70 Crores during the same period.EPS: Recorded at Rs 16.69 in 2025.Book Value Per Share: Rs 99.63 in 2025.Key Financial RatiosThe financial ratios for Power Grid Corporation of India provide insights into its efficiency and stability:Return on Networth / Equity (%): 16.75% as of March 2025.Debt to Equity (x): 1.41 as of March 2025, indicating a balanced capital structure.Current Ratio (X): 0.98 as of March 2025.Income Statement OverviewThe consolidated income statement data reveals consistent financial performance. Key figures are presented in the table below:ParticularsMar 2025Mar 2024Mar 2023Mar 2022Mar 2021Sales45,79245,84345,58141,61639,639Other Income1,6671,0701,0241,0811,183Total Income47,45946,91346,60542,69740,823Total Expenditure19,35419,60619,18715,13017,402EBIT28,10427,30627,41727,56723,420Interest8,7008,7729,6338,0368,134Tax3,7722,9402,2842,7853,464Net Profit15,63115,59215,49916,74511,821Balance Sheet HighlightsThe consolidated balance sheet provides a snapshot of the company's financial position. Key figures are presented in the table below:ParticularsMar 2025Mar 2024Mar 2023Mar 2022Mar 2021Share Capital9,3009,3006,9756,9755,231Reserves & Surplus83,36277,84476,03969,27164,704Current Liabilities40,24543,88238,30544,82940,367Other Liabilities133,199119,862128,975129,866145,445Total Liabilities266,107250,890250,295250,943255,749Fixed Assets205,905195,958199,209204,626208,563Current Assets39,37636,59434,90232,55436,018Other Assets20,82518,33716,18313,76211,167Total Assets266,107250,890250,295250,943255,749Cash Flow AnalysisThe cash flow statement highlights the company's cash generation and utilization. Key figures are presented in the table below:ParticularsMar 2025Mar 2024Mar 2023Mar 2022Mar 2021Operating Activities36,22337,28938,00426,12329,312Investing Activities-23,533-13,114-6,125752-8,972Financing Activities-12,357-25,903-29,263-28,966-20,521Others0000-180Net Cash Flow332-1,7282,615-2,090-362According to a Moneycontrol analysis as of June 6, 2025, the sentiment for Power Grid Corporation of India is bearish. Power Grid Corporation of India's stock is currently trading at Rs 283.00, investors are closely monitoring its performance amidst a bearish sentiment."
06 Jun 2025,"Stocks to Watch Today: IREDA, Bajaj Finserv, Ashoka Buildcon, Praj Industries, JSW Energy, Coal India, Imagicaaworld Entertainment, 3B Films in focus on 6 June",https://www.moneycontrol.com/news/business/markets/stocks-to-watch-today-ireda-bajaj-finserv-ashoka-buildcon-praj-industries-jsw-energy-coal-india-imagicaaworld-entertainment-3b-films-in-focus-on-6-june-13101213.html,"Stocks to watch, 6 June: Stocks like Khadim India, 3B Films, Hilton Metal Forging, KCP, Imagicaaworld Entertainment, Coal India, JSW Energy, Praj Industries, Ashoka Buildcon, Bajaj Finserv, Aditya Birla Fashion and Retail, Chambal Fertilisers and Chemicals, and Manappuram Finance will be in focus on June 6.","Stocks to Watch Today, 6 June","Let's catch up on the latest news from the stock market. From significant investments to major deals, order wins, and fund raising, here’s a quick look at which stocks will be in focus in today's trade: Quarterly Earnings Allied Digital Services Q4 (Consolidated YoY) Net loss stands at Rs 8.67 crore Vs profit at Rs 11.62 crore Revenue grows 15.6% to Rs 204.4 crore Vs Rs 176.8 crore Total expenses spike 46% to Rs 230.9 crore Vs Rs 158.1 crore Other income zooms to Rs 37.5 crore Vs Rs 0.14 crore Stocks to Watch Bajaj Finserv Promoter entities Bajaj Holdings and Jamnalal Sons are likely to sell up to a 1.94% stake in Bajaj Finserv via block deals, reports CNBC-TV18 quoting sources. The total block size may be around Rs 5,828 crore, with a floor price of Rs 1,880 per share. Indian Renewable Energy Development Agency (IREDA) IREDA has opened its Qualified Institutional Placement (QIP) on June 5 and set the floor price at Rs 173.83 per share. The company may also offer a discount of up to 5% on the floor price. Ashoka Buildcon The company has received letters of intent worth Rs 1,387.2 crore from the Motor Vehicles Department, Maharashtra, for various circles (Nagpur, Mumbai, Pune, Marathwada, Konkan, and Western Maharashtra). The project involves the design, implementation, integration, operation, and maintenance of an intelligent traffic management system on various stretches in these circles for a period of 10 years. Praj Industries Enersur S.A., a Paraguay-based renewable energy company, has selected Praj Industries for its next major project. Praj will support the development, assessment, and phased implementation of a biorefinery project in Paraguay. JSW Energy The company has commissioned 281 MW of organic renewable energy capacity, comprising 215 MW of solar capacity and 66 MW of wind capacity, taking its total installed capacity to 12,499 MW. Further, JSW Renew Energy Three, a step-down subsidiary, has signed a Power Purchase Agreement (PPA) with Adani Electricity Mumbai for 250 MW of STU-connected wind capacity. The PPA, signed for a supply period of 25 years, is priced at a tariff of Rs 3.65/kWh. The project in Maharashtra is expected to be commissioned within the next 24 months. Coal India Coal India (CIL) has executed a non-binding Memorandum of Understanding (MoU) with Indian Port Rail & Ropeway Corporation in Kolkata for the development of rail infrastructure for CIL and its subsidiaries. Imagicaaworld Entertainment The company has executed a facility agreement worth Rs 275 crore with HDFC Bank to avail a loan for financing the purchase of the park business undertaking—Wet’n Joy (Amusement Park and Water Park) at Lonavala and Wet’n Joy (Water Park and Saiteerth Devotional Theme Park) at Shirdi—from Giriraj Enterprises. KCP K Ramakrishna has been designated as the CEO of the cement business (head of the cement division) of the company, effective June 5. He currently serves as the Senior President of the cement division. NTPC Green Energy The company has commenced operations of the first part capacity of 110.25 MW out of the 1,255 MW Khavda-I Solar PV project of its subsidiary, NTPC Renewable Energy. Lloyds Engineering Works The Board has approved the allotment of 30.85 crore partly paid-up equity shares at a price of Rs 32 per share to the company’s eligible equity shareholders on a rights basis. Of this amount, Rs 16 per share has been paid on allotment, and the remaining amount will be payable in not more than two calls. Zinka Logistics Solutions The shareholding of Accel India IV (Mauritius) and Accel Growth Fund V LP in the company has been reduced by 2.73%, to 10.81% from 13.54%, following the completion of an open market transaction on June 3. Zaggle Prepaid Ocean Services The company has agreed to acquire a 100% stake in Greenedge Enterprises from the existing shareholders for Rs 27 crore. It has executed a non-binding term sheet for the said acquisition. The acquisition of Greenedge is expected to strengthen Zaggle’s offerings in the loyalty and rewards segment, as well as the travel segment. Hawkins Cookers The company has commenced commercial operations at its fourth factory in India, located in Jaunpur, Uttar Pradesh. Mphasis The company has launched its Centre of Excellence for financial services in Buenos Aires, Argentina. It has onboarded 50 technology experts and plans to scale up to 200 by the end of the year. Power Grid Corporation of India The company has commissioned the project—Transmission Network Expansion in Gujarat to increase ATC from ISTS, Part-C. Ceat The Board will meet on June 10 to consider the issuance of non-convertible debentures worth up to Rs 500 crore on a private placement basis. Power and Instrumentation (Gujarat) The company has received a third work order from Nyati Engineering & Construction. The contract pertains to the power supply system electrical work at the Udaipur Air Terminal in Rajasthan and is valued at Rs 6.25 crore. Nila Spaces The company’s subsidiary, Nila Urban Living, has awarded the construction contract worth Rs 129.25 crore for its upcoming premium residential development at GIFT City to Riveria Infrastructures. The project is scheduled to be completed over 27 months from the date of commencement. Tejas Networks The company has received Rs 123 crore from the Department of Telecommunications under the Production Linked Incentive (PLI) Scheme for telecom and networking products. The said amount is the first tranche, amounting to 85 percent of the eligible incentive for Q3FY25. The remainder is expected to be released subsequently. R Systems International The company has executed the sale deed to sell land and building at Noida, Uttar Pradesh, along with some assets, for Rs 50.5 crore. Bulk Deals Hilton Metal Forging Promoter Yuvraj Hiralal Malhotra has sold a 0.56% stake (1.31 lakh shares) in the company. Khadim India Bandhan Mutual Fund has sold 1 lakh shares in Khadim India. SME Listing on June 6 3B Films Stocks Trade Ex-Dividend Bank of BarodaTata SteelContainer Corporation of IndiaHDFC Asset Management CompanyHigh Energy Batteries IndiaICICI Lombard General Insurance CompanyIFGL RefractoriesIndiaMART InterMESHJSW EnergyDr Lal PathLabsL&T Technology ServicesMaithan AlloysNicco Parks & ResortsPanchsheel OrganicsQGO FinanceRamkrishna ForgingsTAAL EnterprisesTechnocraft Industries (India)Torrent PowerToss The Coin Stock Trades Ex-Date for Spin Off Khadim India Stock Trades Ex-Bonus Shilchar Technologies Stock Trades Ex-date for Buyback SIS Stock Trades Ex-Date for Rights Som Datt Finance Corporation Stocks in F&O Ban Aditya Birla Fashion and RetailChambal Fertilisers and ChemicalsManappuram Finance"
05 Jun 2025,"Stocks to Watch Today: NTPC Green, Diamond Power Infra, Newgen Software, Indosolar, Gland Pharma, Hindustan Aeronautics in focus on 5 June",https://www.moneycontrol.com/news/business/markets/stocks-to-watch-today-ntpc-green-diamond-power-infra-newgen-software-indosolar-gland-pharma-hindustan-aeronautics-in-focus-on-5-june-13097466.html,"Stocks to Watch, 5 June: Aditya Birla Fashion and Retail, Manappuram Finance, Jindal Saw, Rallis India, Yes Bank, NTPC Green Energy, Diamond Power Infrastructure, Newgen Software Technologies, Indosolar, Gland Pharma, and Hindustan Aeronautics will be in focus on June 5.","Stocks to Watch Today, 5 June","Let's catch up on the latest news from the stock market. From significant investments to major deals, order wins, and acquisitions, here’s a quick look at which stocks will be in focus in today's trade: Results Today Allied Digital Services, GK Consultants, Lords Chemicals, Panth Infinity, and Riga Sugar Company will announce their quarterly earnings on June 5. Stocks to Watch NTPC Green Energy NTPC Renewable Energy, a wholly owned subsidiary of NTPC, has signed a Power Purchase Agreement (PPA) for a 1,000 MW capacity at a discovered tariff of Rs 2.56 per kWh. NTPC Renewable Energy had won 1,000 MW in the Uttar Pradesh Power Corporation (UPPCL) solar PV power project auction held on January 4. Newgen Software Technologies The company has received an international order worth $2.5 million from a customer. The order includes the supply of Newgen’s product and its implementation for the customer’s digital transformation across multiple lines of business. Diamond Power Infrastructure Promoters Monarch Infraparks and GSEC will sell up to a 5.98 percent equity stake in the company via an Offer-for-Sale (OFS) on June 5 and June 6. The OFS includes a base offer size of a 3.99 percent stake. The offer will open for non-retail investors on June 5 and for retail investors on June 6. The floor price for the offer is set at Rs 95 per share. Indosolar Promoter Waaree Energies will sell up to a 1.15 percent equity stake in the company via an Offer-for-Sale (OFS) on June 5-6. The floor price has been fixed at Rs 10 per share. The OFS will open for non-retail investors on June 5 and for retail investors on June 6. Gland Pharma The Agence Nationale de Sécurité du Médicament et des Produits de Santé (ANSM), France, has issued its final report citing 11 observations for Cenexi’s Fontenay manufacturing facility after an inspection. ANSM had conducted a Good Manufacturing Practices (GMP) inspection of the facility (a material subsidiary of Gland Pharma) between December 9–19, 2024. Cenexi has undertaken a Corrective and Preventive Action Plan with various appropriate measures, within a period ranging from 3 to 12 months (depending on the observation). The plan has been accepted by ANSM. There will be no disruption in manufacturing operations due to this final inspection report. Hindustan Aeronautics The company stated that an online article published on idrw.org inaccurately reported that negotiations between HAL and General Electric (GE) for the local production of GE414 engines have stalled, and suggested that HAL is now in talks with another engine manufacturer. HAL clarified that the report is factually incorrect and misleading. The company reiterated that negotiations with GE are on track and progressing well, and that HAL is not in talks with any other company regarding engines for LCA MK2. Force Motors The company sold 3,088 units in May 2025, marking a 19.1 percent growth compared to 2,592 units sold in the same month last year. Domestic sales grew by 24.46 percent to 3,002 units, while export sales fell by 52.22 percent to 86 units during the same period. Suryoday Small Finance Bank Upendra Chitre has been appointed and has taken charge as the Head – Customer Experience & Liability Partnerships of the bank, effective June 4. Escorts Kubota The company has commercially launched a new product, BLX 75 (Backhoe Loader under the E-Kubota brand), in its construction equipment segment. Power Grid Corporation of India Power Grid Corporation has acquired MEL Power Transmission for Rs 8.5 crore. MEL Power Transmission is the project special purpose vehicle (SPV) set up to establish a transmission system for the evacuation of power from the Mahan Energen generating station in Madhya Pradesh, on a build, own, operate, and transfer (BOOT) basis. Yes Bank Sanjiv Roy has resigned as the Country Head – Fee Based Products of the bank, effective June 3, to pursue opportunities outside the bank. REC The board has approved the raising of funds up to Rs 1.55 lakh crore through the private placement of non-convertible bonds or debentures, in one or more tranches, during a period of one year from the date of passing of the resolution by the shareholders. Further, the board also approved the striking-off of a SPV, namely Rajgarh III Power Transmission (a wholly owned subsidiary of REC Power Development and Consultancy). Adani Total Gas The company has appointed Gautam Passi as Chief People Officer (CPO), effective June 4. Vedanta The company has increased its renewable energy round-the-clock equivalent power capacity to 1.03 GW (gigawatt) through power delivery agreements. It remains on track to achieve 2.5 GW of renewable energy capacity by 2030, as part of its broader target of achieving net zero emissions by 2050 or sooner. The renewable energy projects comprise a mix of wind, solar, and pumped storage technologies. Honasa Consumer The National Company Law Tribunal (NCLT), Chandigarh, has approved the merger of Fusion Cosmeceutics and Just4Kids Services with Honasa Consumer. Angel One (May Update - MoM, YoY) Gross client acquisition increases 1.70% MoM & down 43.10% YoY to 0.50 million Client base rises 1.5% MoM and 34.1% YoY to 31.95 million Number of orders grow 14% MoM, but down 23.40% YoY to 121.55 million Average daily orders jump 3.20% MoM, but down 23.40% YoY to 5.79 million Bulk Deals Yes Bank CA Basque Investments has sold 2.62% shareholding of the bank via open market sale. Post this, current shareholding of CA Basque Investments in the bank stands at 4.22 percent. Aditya Birla Fashion and Retail Flipkart Investments sold 7.31 crore shares in Aditya Birla Fashion and Retail Indian Energy Exchange Dalmia Cement (Bharat) offloaded 1 crore shares in Indian Energy Exchange Kaynes Technology India Ramesh Kunhikannan sold 6.25 lakh shares in Kaynes Technology India Motilal Oswal Financial Services Motilal Oswal Foundation offloaded 37.04 lakh shares in Motilal Oswal Financial Services. Alkem Laboratories Promoter Jayanti Sinha sold 17 lakh shares in Alkem Laboratories. Tata Technologies TPG Rise Climate SF Pte offloaded 85.16 lakh shares in Tata Technologies. Choice International Societe Generale acquired 11 lakh shares in Choice International, from BNP Paribas Financial Markets. Indegene CA Dawn Investments sold 2.44 crore shares in Indegene. East Bridge Capital Master Fund, Societe Generale, Smaller Cap World Fund Inc, Abakkus Emerging Opportunities Fund-1, PI Opportunities AIF V LLP, and Smallcap World Fund Inc bought 1.06 crore shares. Stocks Trade Ex-Dividend Jindal SawRallis India Stock Trades Ex-Date for Rights Ugro Capital Stock in F&O Ban Aditya Birla Fashion and RetailManappuram Finance"
23 May 2025,Buy Power Grid Corporation of India; target of Rs 350: Sharekhan,https://www.moneycontrol.com/news/business/stocks/buy-power-grid-corporation-of-india-target-of-rs-350-sharekhan-2-13042050.html,"Sharekhan is bullish on Power Grid Corporation of India has recommended buy rating on the stock with a target price of Rs 350 in its research report dated May 21, 2025.",Buy,"Sharekhan's research report on Power Grid Corporation of India Consol. PAT of Rs. 4,143 crore was flat y-o-y while the standalone PAT of Rs. 4,336 crore was up 5% y-o-y led by higher other income. Tighter CERC norms and weak capitalization affected the performance. Capitalization of Rs. 9,014 crore in FY25 was less than the guidance of Rs. 18,000 crore. Company expects it to spill over in FY26 and has given a guidance of Rs. 23,000-25,000 crore for the year. Capex of Rs. Rs. 26,000 crore in FY25 was higher than expectation. Management has given a guidance of capex of Rs. 28,000/35,000/45,000 crore in FY26/27/28 respectively. Outlook The strong capex expectation provides good earnings visibility for the future. Hence, we maintain a Buy with an unchanged PT of Rs. 350. At CMP, it trades at 2.7x/2.5x its FY26/27 P/BV. For all recommendations report, click here Power Grid Corporation of India - 23052025 - khan"
22 May 2025,Buy Power Grid Corporation of India; target of Rs 361: ICICI Securities,https://www.moneycontrol.com/news/business/stocks/buy-power-grid-corporation-of-india-target-of-rs-361-icici-securities-2-13040552.html,"ICICI Securities is bullish on Power Grid Corporation of India recommended buy rating on the stock with a target price of Rs 361 in its research report dated May 22, 2025.",Buy,"ICICI Securities research report on Power Grid Corporation of India Power Grid had a strong FY25, adding projects worth >INR 1trn (project cost) to its kitty. It had an impressive run in competitive bids, winning 24 transmission projects (market share of >50%) with estimated cost of INR 920bn; the most notable was Khavda-Nagpur HVDC project worth INR 250bn. As a result, its work in hand remains robust at INR 1.55trn. It has also pushed the pedal on execution with INR 263bn capex in FY25 (vs. INR 200bn guided at halfway mark). However, some of its ongoing projects experienced delays, mainly due to right of way issues. These projects are now expected to be commissioned in H1FY26. Power Grid estimates capex of INR 1,080bn for the ensuing 3-year period with possible upside risk. Outlook We estimate another INR 3trn of bidding in transmission over the next 3-4 years with the company likely maintaining its share of >50% in project wins. Maintain BUY with a TP of INR 361 (unchanged). For all recommendations report, click here Power Grid Corporation of India - 22052025 - icici"
22 May 2025,"Sensex slips over 1,000 pts, Nifty below 24,500: Rising US bond yields among key factors behind market sell-off",https://www.moneycontrol.com/news/business/markets/sensex-slips-700-pts-nifty-below-24-600-rising-us-bond-yields-among-key-factors-behind-market-sell-off-13039829.html,"Sensex, Nifty declined on rising US bond market volatility which drove much of the selling pressure in Wall Street. Concerns around America’s fiscal health also spooked the investors.",Sensex and Nifty tumbled on Thursday mirroring weak trends in global equities.,"The benchmark equity indices tumbled over 1 percent on Thursday, tracking a sharp sell-off in global markets as rising US bond yields and renewed concerns around America’s fiscal health spooked investors. The Sensex plummeted 1,036.25 points or 1.27 percent to 80,560.38, while the Nifty50 fell 327.85 points or 1.32 percent to 24,485.60. All 13 sectoral indices on the NSE opened in the red, as did the broader markets, with the Nifty Midcap100 down 0.6 percent and the Nifty Smallcap100 losing 0.3 percent. Power Grid, Tech Mahindra, HCL Technologies, Nestle, Hindustan Unilever, ITC, TCS and Mahindra & Mahindra were top drags. Key reasons behind the sell-off: 1) US fiscal woes and bond market stress: A key trigger for the market decline was growing anxiety over the fiscal situation in the United States. US lawmakers are working on a new budget proposal that includes tax cuts. However, market participants fear that the proposal could widen the already high federal deficit. Last week’s debt outlook downgrade by Moody’s also added to worries. ""The fundamental issue is the high fiscal deficit of the US which the market feels is unsustainable,"" said V K Vijayakumar, Chief Investment Strategist at Geojit Financial Services. ""The spike in yields of 5-year, 10-year and 30-year US bonds reflects declining investor confidence. Rising US bond yields are typically negative for emerging markets. But this time, the problem stems from deeper concerns about US debt sustainability."" 2) Weak global cues: The sell-off on Wall Street overnight spilled over into Asian markets. Japan’s Nikkei 225, South Korea’s Kospi and Kosdaq, and Hong Kong’s Hang Seng Index all declined over 1 percent in morning trade. ""After a brief recovery on Wednesday, the markets seem to be under fresh pressure from global factors including US debt issues, rising Covid-19 cases in some regions, and technical overbought signals,"" said Prashanth Tapse, Senior Vice President (Research), Mehta Equities. Stock Market LIVE Update 3) IT stocks drag: IT stocks declined as concerns over US fiscal health raised doubts over the business outlook for Indian tech companies. Tech Mahindra dropped over 2 percent to Rs 1,564.70, leading losses in the Nifty IT index. Persistent Systems, HCL Tech and Mphasis also slipped over 2 percent each. Tech Mahindra, Infosys, other IT stocks tumble on concerns over US' fiscal deficit 4) India VIX rises: Investor caution was reflected in a rise in India’s volatility index. The India VIX jumped 2.8 percent to 18.04 during early trade, though it later cooled to 17.54. India VIX spikes 3% as bond rout sparks sell-off, market breadth in favour of bears What analysts are saying: Anand James, Chief Market Strategist at Geojit Financial Services, said Nifty’s recent rebound failed to gain momentum, adding that the index remains in a consolidation phase. ""The rejection trades that stopped Nifty from breaching Wednesday’s high formed a green hammer candle, keeping the trend balanced. About 80 percent of Nifty 500 stocks still trade above their 10-day SMA, giving some hope for a bounce,"" he said. He expects Nifty to consolidate in the 24,677–24,950 range, with a broader range seen between 24,060 and 25,235."
22 May 2025,Power Grid shares fall 3% on seeing lower dividend payout for FY26 but expects faster project execution,https://www.moneycontrol.com/news/business/stocks/power-grid-shares-fall-3-on-seeing-lower-dividend-payout-for-fy26-but-expects-faster-project-execution-13039818.html,"Power Gird Corp has suggested at paying out lower dividend for FY26, reflecting the company’s increased capital requirement.","Powergrid shares drop 3%, giving up on yesterday's subtle gains following Q4 results","Shares of Power Grid Corp were lower by about 3% in early trading on May 21 tracking the power transmission company's results for March quarter, and PGCIL's comment that the dividend for FY26 could be lower, reflecting an increased capital requirement. READ MORE: Live updates and news stories During its earnings call, Power Grid’s management indicated to analysts that the dividend payout might be lower, as it needs to retain more equity to fund its upcoming projects. This announcement had led to a drop in Power Grid shares from the highs of May 21. Power Grid also pointed out that delays in the adoption of government's Right of Way guidelines by certain states had slowed the execution and completion of transmission projects. Now these guidelines are being implemented, the company anticipates faster project execution compared to the previous year. “We have more projects now, so we need equity for our project execution. We will need more money in the future, and the dividend payout could decrease further next year depending on our capital expenditure, which is projected to be between Rs 28,000-30,000 crore,” the management said. For FY25, Power Grid paid a total dividend of Rs 9 per share, down from Rs 11.25 per share in FY24. The management said while they had aimed to capitalise projects worth Rs 16,000-17,000 crore, actual capitalisation fell short due to supply chain issues and a shortage of skilled manpower. Looking ahead, the company expects to capitalise between Rs 23,000-25,000 crore in the new financial year."
20 May 2025,"Power Grid Corp Consolidated March 2025 Net Sales at Rs 12,275.35 crore, up 2.48% Y-o-Y",https://www.moneycontrol.com/news/business/earnings/power-grid-corp-consolidated-march-2025-net-sales-at-rs-12275-35-crore-up-2-48-y-o-y-13034197.html,,,"Reported Consolidated quarterly numbers for Power Grid Corporation of India are: Net Sales at Rs 12,275.35 crore in March 2025 up 2.48% from Rs. 11,978.11 crore in March 2024. Quarterly Net Profit at Rs. 4,142.87 crore in March 2025 down 0.56% from Rs. 4,166.33 crore in March 2024. EBITDA stands at Rs. 10,539.05 crore in March 2025 up 1.08% from Rs. 10,426.31 crore in March 2024. Power Grid Corp EPS has decreased to Rs. 4.46 in March 2025 from Rs. 4.48 in March 2024. Power Grid Corp shares closed at 304.05 on May 16, 2025 (NSE) and has given -3.49% returns over the last 6 months and -6.63% over the last 12 months. "
20 May 2025,"Power Grid Corp Standalone March 2025 Net Sales at Rs 10,982.55 crore, down 0.62% Y-o-Y",https://www.moneycontrol.com/news/business/earnings/power-grid-corp-standalone-march-2025-net-sales-at-rs-10982-55-crore-down-0-62-y-o-y-13033783.html,,,"Reported Standalone quarterly numbers for Power Grid Corporation of India are: Net Sales at Rs 10,982.55 crore in March 2025 down 0.62% from Rs. 11,050.54 crore in March 2024. Quarterly Net Profit at Rs. 4,336.17 crore in March 2025 up 5.05% from Rs. 4,127.77 crore in March 2024. EBITDA stands at Rs. 10,722.54 crore in March 2025 up 3.65% from Rs. 10,345.39 crore in March 2024. Power Grid Corp EPS has increased to Rs. 4.66 in March 2025 from Rs. 4.44 in March 2024. Power Grid Corp shares closed at 304.05 on May 16, 2025 (NSE) and has given -3.49% returns over the last 6 months and -6.63% over the last 12 months. "
20 May 2025,"Power Grid shares sink on Q4 show, Morgan Stanley maintains 'equal-weight'",https://www.moneycontrol.com/news/business/markets/power-grid-shares-in-focus-on-in-line-q4-show-morgan-stanley-maintains-equal-weight-13033412.html,"Power Grid reported a slight 0.6 percent decline in net profit at Rs 4,143 crore for the January-March FY25 period. ",Power Grid's shares have slipped nearly seven percent over the past year. ,"Public-sector firm Power Grid Corporation of India Ltd.'s shares slipped in trade on Tuesday, May 20, after reporting flat profit growth for the three months ended March 31, 2025. Power Grid reported its financial results for the fourth quarter of FY2025, posting a slight 0.6 percent decline in net profit at Rs 4,143 crore compared to Rs 4,166 crore in the same quarter last year. Operating revenue rose 2.5 percent to Rs 12,275 crore for the quarter ended March, as against Rs 11,978 crore reported during the year-ago period. Meanwhile, total expenses climbed 6.8 percent year-on-year to Rs 7,550 crore. At 9.30 am, Power Grid shares were quoting Rs 302.15 per share, down 0.6 percent on the NSE. Follow our live blog to catch all the market updates The board has also recommended a final dividend of Rs 1.25 per share for FY25, which will be disbursed within 30 days of its declaration at the upcoming AGM. The company also announced the sale of entire stakes and exit from Torrent Power Grid Ltd and from Sikkim Power Transmission Ltd, both of which are joint venture firms with Torrent Power and Sikkim Urja respectively. International brokerage Morgan Stanley maintained its 'equal-weight' rating on Power Grid shares, with a target price of Rs 295 per share, which indicates a minor downside of around three percent. The brokerage stated Power Grid's fourth-quarter performance was in-line with its expectations, as profit was higher as a result of an increase in other income. The brokerage will closely watch updates on newly commissioned projects and recent wins under the tariff-based competitive bidding framework. Over the past year, shares of Power Grid have tumbled around 6.6 percent,  while the benchmark Nifty 50 index has rallied around 10.7 percent during the same time. In the previous session, the stock of the company closed 1.35 percent higher at Rs 304.25 on NSE."
20 May 2025,"Stocks to Watch Today: Power Grid, Bharat Electronics, DLF, Rail Vikas Nigam, HFCL, Shyam Metalics, ACME Solar, Borosil, Petronet LNG in focus on 20 May",https://www.moneycontrol.com/news/business/markets/stocks-to-watch-today-power-grid-bharat-electronics-dlf-rail-vikas-nigam-hfcl-shyam-metalics-acme-solar-borosil-petronet-lng-in-focus-on-20-may-13033316.html,"Stocks to Watch, 20 May: Stocks like CMS Info Systems, GMR Power and Urban Infra, New India Assurance Company, Marksans Pharma, Ami Organics, Bharat Bijlee, Le Travenues Technology, Mangalam Organics, Integrity Infrabuild Developers, Power Grid Corporation of India, Bharat Electronics, DLF, ACME Solar Holdings, Borosil, Petronet LNG, and DOMS Industries will be in focus on May 20.","Stocks to Watch Today, May 20","Let's catch up on the latest news from the stock market. From significant investments to major deals, quarterly earnings, order wins, acquisitions and appointments, here’s a quick look at which stocks will be in focus in today's trade: Results Today Hindalco Industries, Zydus Lifesciences, Aster DM Healthcare, Dixon Technologies, EIH, Fortis Healthcare, Gland Pharma, JK Tyre & Industries, Laxmi Organic Industries, Max Healthcare Institute, NHPC, Solar Industries India, Talbros Engineering, Torrent Pharmaceuticals, United Spirits, and Whirlpool of India will release their quarterly earnings on May 20. Quarterly Earnings Power Grid Corporation of India Q4 (Standalone YoY) Profit grows 5% to Rs 4,336.2 crore Vs Rs 4,127.8 crore Revenue falls 0.6% to Rs 10,982.6 crore Vs Rs 11,050.5 crore Board recommends final dividend of Rs 1.25 per share Bharat Electronics Q4 (Consolidated YoY) Profit zooms 18.4% to Rs 2,127 crore Vs Rs 1,796.7 crore Revenue rises 6.8% to Rs 9,149.6 crore Vs Rs 8,564 crore. DLF Q4 (Consolidated YoY) Profit surges 39.3% to Rs 1,282.2 crore Vs Rs 920.7 crore Revenue jumps 46.5% to Rs 3,127.6 crore Vs Rs 2,134.8 crore Board recommends dividend of Rs 6 per share for FY25 One Mobikwik Systems Q4 (Consolidated YoY) Loss widens to Rs 56 crore Vs loss of Rs 0.67 crore Revenue increases 1% to Rs 267.8 crore Vs Rs 265 crore ACME Solar Holdings Q4 (Consolidated YoY) Profit sinks 76.8% to Rs 123.4 crore Vs Rs 532.4 crore Revenue zooms 65% to Rs 486.9 crore Vs Rs 295.2 crore Exceptional loss at Rs 14.08 crore Vs exceptional gains of Rs 696.23 crore Borosil Q4 (Consolidated YoY) Profit spikes 119.4% to Rs 11.1 crore Vs Rs 5.1 crore Revenue grows 15.7% to Rs 270.2 crore Vs Rs 233.4 crore Petronet LNG Q4 (Standalone YoY) Profit surges 45.1% to Rs 1,070.2 crore Vs Rs 737.6 crore Revenue declines 10.7% to Rs 12,315.8 crore Vs Rs 13,793.2 crore Board recommends final dividend of Rs 3 per share DOMS Industries Q4 (Consolidated YoY) Profit rises 7.2% to Rs 48.4 crore Vs Rs 45.2 crore Revenue jumps 26% to Rs 508.7 crore Vs Rs 403.7 crore Board recommends a final dividend of Rs 3.15 per share Board approves acquisition of 51% stake in Super Treads CMS Info Systems Q4 (Consolidated YoY) Profit increases 6.7% to Rs 97.6 crore Vs Rs 91.4 crore Revenue falls 1.3% to Rs 619 crore Vs Rs 627.1 crore Board declares special (interim) dividend of Rs 3 per share, and final dividend of Rs 3.25 per share GMR Power and Urban Infra Q4 (Consolidated YoY) Profit declines 7.2% to Rs 177.5 crore Vs Rs 191.2 crore Revenue grows 6.3% to Rs 1,737.4 crore Vs Rs 1,634.2 crore New India Assurance Company Q4 (Standalone YoY) Gross written premium grows 8.1% to Rs 11,432.6 crore Vs Rs 10,571.9 crore Profit falls 2.1% to Rs 346.6 crore Vs Rs 353.9 crore Operating profit surges 147.5% to Rs 516.8 crore Vs Rs 208.8 crore Underwriting loss narrows to Rs 1,142.6 crore Vs Rs 1,682.6 crore Marksans Pharma Q4 (Consolidated YoY) Profit increases 15.6% to Rs 90.5 crore Vs Rs 78.3 crore Revenue grows 26.5% to Rs 708.5 crore Vs Rs 560 crore Redington Q4 (Consolidated YoY) Profit zooms 183.3% to Rs 917.7 crore Vs Rs 323.9 crore Revenue jumps 17.9% to Rs 26,439.7 crore Vs Rs 22,433.4 crore Exceptional gain stands at Rs 625.77 crore Vs Nil Board recommends dividend of Rs 6.80 per share PI Industries Q4 (Consolidated YoY) Profit declines 10.6% to Rs 330.5 crore Vs Rs 369.5 crore Revenue rises 2.6% to Rs 1,787.1 crore Vs Rs 1,741 crore Board recommends final dividend at Rs 10 per share HEG Q4 (Consolidated YoY) Loss stands at Rs 73.7 crore Vs profit of Rs 32.9 crore Revenue falls 0.85% to Rs 542.3 crore Vs Rs 546.9 crore Gujarat Gas Q4 (Standalone YoY) Profit sinks 30% to Rs 287.2 crore Vs Rs 409.5 crore Revenue drops 0.8% to Rs 4,102 crore Vs Rs 4,134.2 crore Exceptional items Nil Vs gains at Rs 55.7 crore JK Paper Q4 (Consolidated YoY) Profit plunges 72.4% to Rs 76.2 crore Vs Rs 275.6 crore Revenue declines 1.7% to Rs 1,689.5 crore Vs Rs 1,718.6 crore Karur Vysya Bank Q4 (YoY) Profit grows 12.6% to Rs 513.4 crore Vs Rs 456.1 crore Net interest income increases 9.2% to Rs 1,089.3 crore Vs Rs 998 crore Gross NPA falls to 0.76% Vs 0.83% (QoQ) Net NPA flat at 0.20% Vs 0.20% (QoQ) Eris Lifesciences Q4 (Consolidated YoY) Profit jumps 32.1% to Rs 93.8 crore Vs Rs 71 crore Revenue grows 28% to Rs 705.3 crore Vs Rs 550.9 crore NLC India Q4 (Consolidated YoY) Profit spikes 321.9% to Rs 482 crore Vs Rs 114.2 crore Revenue rises 8.3% to Rs 3,836 crore Vs RS 3,540.6 crore Other income falls to Rs 135.9 crore Vs Rs 493.9 crore Other expenses drop sharply to Rs 1,621.4 crore Vs Rs 2,010.8 crore IRB Infrastructure Developers Q4 (Consolidated YoY) Profit soars 13.7% to Rs 214.7 crore Vs Rs 188.9 crore Revenue increases 4.3% to Rs 2,149.2 crore Vs Rs 2,061.2 crore Restaurant Brands Asia Q4 (Consolidated YoY) Loss narrows to Rs 60.4 crore Vs loss of Rs 92 crore Revenue rises 5.9% to Rs 632.5 crore Vs Rs 597.1 crore Hindustan Foods Q4 (Consolidated YoY) Profit soars 34% to Rs 30.8 crore Vs Rs 23 crore Revenue jumps 27.7% to Rs 933.4 crore Vs Rs 731 crore Stocks to Watch Eternal (Zomato) Shareholders of the company have approved a cap of up to 49.50% on aggregate foreign ownership. Wanbury The Patalganga manufacturing site of the company has received the CBPF (GMP) certificate from the office of ANVISA (Brazil FDA). Earlier, on May 12, the company had received approval and a certificate from ANVISA, Brazil for its Tanuku site in Andhra Pradesh. HFCL The company has received a purchase order worth Rs 173.72 crore for the supply of indigenously manufactured telecom networking equipment for the 5G network of a leading domestic telecom service provider. Rail Vikas Nigam The company has emerged as the lowest bidder for a project worth Rs 178.64 crore from IRCON International. The project involves the supply of signalling, telecommunications, and EIMWB materials, along with installation, testing, and commissioning of distributed/centralised electronic interlocking (EI) installations at 10 new stations. Shyam Metalics and Energy The company has announced its strategic entry into the wagon manufacturing segment with a greenfield facility at Kharagpur, West Bengal. The facility, developed under its step-down subsidiary, Ramsarup Industries, is scheduled to commence operations by March 2026. Mastek The Board has approved the appointment of Raghavendra Jha as Chief Financial Officer of the company, effective May 19. HCL Technologies The company has appointed Kiran Cherukuri as Global GCC Practice Leader. Bandhan Bank Navin Sharma has joined the bank as its Chief Audit Executive / Head of Internal Audit, effective May 19. Minda Corporation The Board has approved the appointment of Ajay Agarwal as President – Finance & Strategy of the company, effective May 19. Bulk Deals Ami Organics Promoters Nareshkumar Ramjibhai Patel and Chetankumar Chhaganlal Vaghasia have sold a 6.59% stake in the company at a price of Rs 1,115 per share to Kotak Mahindra Mutual Fund. Bharat Bijlee Mahindra Manulife Mutual Fund sold 1 lakh shares in the company at an average price of Rs 3,089.64 per share. Le Travenues Technology (Ixigo) Saif Partners India IV sold a 1.1% stake in the company at an average price of Rs 178 per share. Mangalam Organics Niveshaay Hedgehogs Fund bought 50,426 equity shares in the company at an average price of Rs 574.91 per share. SME Listing on May 20 Integrity Infrabuild Developers Stock Trades Ex-Date for Income Distribution (InvIT) IndiGrid Infrastructure Trust Stocks in F&O ban Hindustan CopperManappuram FinanceTitagarh Rail Systems"
16 May 2025,"Power Grid Corp may see a modest Q4 profit growth but summer demand is strong, capex seen on track",https://www.moneycontrol.com/news/business/earnings/power-grid-corp-may-see-a-modest-q4-profit-growth-but-summer-demand-is-strong-capex-seen-on-track-13029063.html,"The poll on earnings estimates based on four brokerages said the government-owned company is expected to report a 4.5 percent on-year profit growth at Rs 4,313 crore due to steady demand for power transmission. ","Going ahead, with forecasts of heatwave conditions, power demand is expected to remain robust in the coming months, which should support transmission volumes and future capex visibility for Power Grid.","State-run Power Grid Corporation (PGCIL) will announce its fourth-quarter earnings on May 19, and a poll of earnings estimates has pegged a modest profit growth on robust summer demand. The poll on earnings estimates based on four brokerages said the government-owned company is expected to report a 4.5 percent on-year profit growth at Rs 4,313 crore due to steady demand for power transmission. The net revenue is expected to fall 4 percent year-on-year on an annualised basis to around Rs 11,408 crore. This number is slightly skewed due to estimates from Motilal Oswal which expects a 1.8 percent YoY decline, while other brokerages estimate a 2-3 percent YoY increase in revenue. Earnings before interest, taxes, depreciation and amortisation or EBITDA margin for the three-month period is estimated to be muted at around 84.3 percent.  The most optimistic of the brokerage note – from JM Financial - estimates the net profit to rise by 3.2 percent on-year to Rs 4,302 crore, while the most pessimistic assessment by Sharekhan estimates a net profit growth of 3% increase from a year ago to Rs 4,257 crore. The stock price of PGCIL has fallen around 4 percent in the last one year and by around 230 percent over the last five years. PGCIL is a central public sector undertaking (CPSU) under the Ministry of Power, dealing in power transmission as well as telecom and consultancy. What Could Drive the Earnings? JM Financial estimates that power generation companies may deliver a modest performance in Q4FY25, owing to subdued energy and peak demand, impacted by the projection of a prolonged monsoon this year. Meanwhile, coal production and prices have remained soft, both in India and globally. Transmission Demand Analysts at Elara expect PGCIL to benefit significantly from the ongoing renewable energy (RE) capacity additions, as it continues to be the government’s preferred partner for large and strategic transmission projects. such as the Leh transmission project. Regulated Equity Portion Elara Securities said that PGCIL’s regulated entity is expected to rise to Rs 89,600 crore in Q4FY25E, driven by the commissioning of new transmission lines and substations. Regulated equity is the portion of capital investment approved by regulators on which power utilities like Power Grid earn fixed returns. Under the Central Electricity Regulatory Commission’s (CERC) norms, 30% of the capital cost of a transmission project is treated as regulated equity while 70% is financed through debt. Weak Capitalisation Despite a strong power demand, Sharekhan believes Power Grid is expected to report only a modest 3.1% YoY growth in PAT for Q4FY25, largely due to weak capitalisation. This indicates delays or lower-than-expected commissioning of new assets, which could impact the addition to regulated equity and earnings momentum. Power Demand India’s power demand in Q4FY25 reached 41,800 crore units, marking a 4.2% YoY rise. According Sharekhan, the demand was sluggish in January and February, but it surged in March. Going ahead, given the forecast on the number of heatwave days, power demand is expected to remain robust in the coming months, supporting transmission volumes and future capex visibility for PGCIL. Operating Expenses and Profitability JM Financial noted that while overall revenue is likely to remain flat on a YoY basis, EBITDA is projected to increase by 3 percent YoY due to a 3–4 percent reduction in operating expenses. This improvement in operating efficiency, according to the brokerage should help cushion margins despite weak topline growth. What to Watch Analysts will be closely tracking for announcements on capex and demand estimates in the upcoming quarters."
15 May 2025,"Sensex slides over 500 pts, Nifty below 24,550: Muted global cues among key factors behind market decline",https://www.moneycontrol.com/news/business/markets/sensex-slides-over-500-pts-nifty-below-24-550-muted-global-cues-among-key-factors-behind-market-decline-13026330.html,"Sensex, Nifty declined in early trade as traders await cues from Powell’s address and global trends to gauge the near-term direction. ","Sensex, Nifty traded lower in Thursday's trade amid weak global cues. ","Benchmark equity indices Sensex and Nifty declined on Thursday, dragged by selling in banking, IT and FMCG stocks and weak cues from Asian markets ahead of a closely watched speech by US Federal Reserve Chair Jerome Powell. The Sensex tumbled 568.40 points or 0.69 percent to an intraday low of 80,762.16, while the broader Nifty fell 172.45 points or 0.69 percent to 24,494.45. Power Grid Corporation of India, NTPC, Cipla, IndusInd Bank and Infosys were the major laggards, declining up to 1.5 percent. Key factors behind Thursday’s market decline 1) Powell speech in focus: Investors remained cautious ahead of a speech by US Fed Chair Jerome Powell later in the day. Market participants expect clues on future interest rate direction after the Fed last week held rates steady. Traders fear that any hawkish undertone could dampen risk sentiment globally. 2) Concerns over ‘Sell India; Buy China’ strategy: VK Vijayakumar, Chief Investment Strategist at Geojit Financial Services, flagged the possibility of foreign investors rotating money out of Indian largecaps into Chinese equities. ""The market appears to be heading for a near-term consolidation phase, with mid and smallcaps continuing to outperform. The robust FII buying that supported largecaps may taper off if a tactical ‘Sell India; Buy China’ trade emerges,"" he said. 3) Rupee under pressure: The Indian rupee depreciated by 32 paise to 85.64 against the US dollar in early trade, tracking weakness in domestic equities. Forex traders said the local currency faced pressure ahead of Powell’s remarks, which are expected to provide direction on monetary easing by the US central bank. 4) Weak Asian market cues: Asian markets traded in the red, with indices in South Korea, Japan, China, and Hong Kong all witnessing declines. Overnight, US markets ended on a mixed note, offering little support to risk assets in Asia. Technical view Anand James, Chief Market Strategist at Geojit Financial Services, said the Nifty remains in a tight range with immediate levels seen at 24,770–24,570. “A symmetrical triangle formation on the daily chart suggests a bias towards an upside towards 25,200. However, momentum indicators don’t favour a sharp rise just yet. On the downside, the 24,500–24,400 zone could offer support and limit further correction,” he said."
02 May 2025,"Trade Spotlight: How should you trade Maruti Suzuki, Apollo Tyres, HDFC Life Insurance, Max Financial Services, Power Grid, and others on May 2?",https://www.moneycontrol.com/news/business/markets/trade-spotlight-how-should-you-trade-maruti-suzuki-apollo-tyres-hdfc-life-insurance-max-financial-services-power-grid-and-others-on-may-2-13010673.html,The benchmark indices are expected to consolidate further. Below are some short-term trading ideas to consider.,Top Buy Ideas For Short Term,"The benchmark indices remained rangebound for another session, finishing the trade on a flat note amid rising volatility on April 30. Market breadth was dominated by bears, with a total of 1,998 shares under pressure compared to 544 advancing shares on the NSE. The indices are expected to consolidate further. Below are some short-term trading ideas to consider: Jatin Gedia, Technical Research Analyst, Capital Market Strategy at Mirae Asset Sharekhan Dr Reddy's Laboratories | CMP: Rs 1,183.9  Dr Reddy's Laboratories has been consolidating for the last four trading sessions and has formed a classical symmetrical triangle pattern on the hourly charts. A breakout is anticipated over the next couple of sessions. Strategy: Buy Target: Rs 1,215, Rs 1,227 Stop-Loss: Rs 1,155 Maruti Suzuki India | CMP: Rs 12,257  Maruti has broken out of an Inverted Head and Shoulders pattern on the daily charts. The shoulder shows significant volume activity, suggesting renewed interest in the stock. Additionally, the daily momentum indicator has made a positive crossover, which is considered a buy signal. Strategy: Buy Target: Rs 12,550 Stop-Loss: Rs 12,000 Sudeep Shah, the Deputy Vice President and Head of Technical and Derivative Research at SBI Securities Apollo Tyres | CMP: Rs 471.9  Tyre stocks outperformed the broader frontline indices on Wednesday. Apollo Tyres has recently given a neckline breakout from an Adam & Adam Double Bottom pattern and has since started moving higher. It is currently trading above both its short- and long-term moving averages. Supporting the bullish outlook, the daily RSI (Relative Strength Index) rebounded after taking support near the 60 mark — a bullish sign per RSI range shift rules. The stock can be accumulated in the Rs 472–468 zone. Strategy: Buy Target: Rs 520 Stop-Loss: Rs 455 HDFC Life Insurance Company | CMP: Rs 743.7  HDFC Life has given a consolidation breakout on the daily chart, confirmed by robust volume. It also formed a sizeable bullish candle on the breakout day, adding strength to the pattern. Technically, the stock is in a strong uptrend, forming a sequence of higher tops and higher bottoms. It is trading above both its short- and long-term moving averages. The stock can be accumulated in the Rs 745–735 zone. Strategy: Buy Target: Rs 800 Stop-Loss: Rs 715 Vidnyan S Sawant, Head of Research at GEPL Capital Max Financial Services | CMP: Rs 1,305  The stock has displayed a robust bullish price structure on the weekly timeframe. It attracted buying interest near the 50% Fibonacci retracement level of the prior uptrend (from Rs 599 to Rs 1,306). Since then, it has resumed a steady uptrend, forming a series of higher highs and logging nine consecutive green weekly candles — a clear sign of renewed bullish sentiment. Additionally, the MACD (Moving Average Convergence Divergence) indicator shows a rising trend, highlighting accelerating bullish momentum. Strategy: Buy Target; Rs 1,462 Stop-Loss: Rs 1,239 Bharti Airtel | CMP: Rs 1,864.5  Bharti Airtel has been in a strong bullish trend, consistently forming higher tops and higher bottoms across multiple timeframes. On the monthly chart, it has broken out of a six-month inside bar candlestick pattern with a strong green-bodied candle, indicating renewed buying interest and the potential for continued upward movement. The MACD indicator aligns with the price action, supporting the presence of bullish momentum. Strategy: Buy Target: Rs 2,070 Stop-Loss: Rs 1,770 Power Grid Corporation of India | CMP: Rs 307.45  Power Grid has exhibited a bullish mean reversion on the monthly timeframe from the 26-month EMA. In April, it surged above the previous month's high, indicating a breakout followed by buying interest — a sign of potential continued upward momentum. On the weekly chart, the stock has shown a polarity shift, with the January 2025 resistance zone now acting as a support area. The MACD indicator remains in buy mode, confirming the bullish outlook. Strategy: Buy Target: Rs 350 Stop-Loss: Rs 289"
25 Apr 2025,"Sensex plunges 800 pts, Nifty below 24k as Pahalgam attack fuels geopolitical jitters; small, midcap indices fall 3%",https://www.moneycontrol.com/news/business/markets/sensex-plunges-800-pts-nifty-below-24k-as-pahalgam-attack-fuels-geopolitical-jitters-small-midcap-indices-fall-3-13004339.html,"Tech Mahindra, Infosys, TCS, and IndusInd Bank were among the gainers on benhcmark indices while the broader market mood remained grim with Axis Bank, Adani Ports, Bajaj Finserv, Power Grid, and NTPC leading the slide.","Sensex plunges 800 pts, Nifty below 24k as Pahalgam attack fuels geopolitical jitters; small, midcaps fall 3%","The Indian stock market is under pressure on April 25, continuing with losses after having ended its 7-day winning streak yesterday. At 12:50 pm, Indian market indices recorded over 800-point decline in Sensex while Nifty was below 24,000-level and broader markets were down by around 3 percent. Investors turned risk-averse after an attack on tourists in J&K's Pahalgam killed 26 men and heightened geopolitical tensions. Traders are adopting a cautious stance, pulling back from equities and locking in profits ahead of the weekend. The broader risk-off sentiment has also weighed on the rupee and bond markets, highlighting the broader nervousness across asset classes. Meanwhile, India VIX rose 8.15% to reach about 17.57 at intraday. At noon, it was trading 6.23% higher to reach 17.22. Tech Mahindra, Infosys, TCS, and IndusInd Bank were among the gainers on benhcmark indices while the broader market mood remained grim with Axis Bank, Adani Ports, Bajaj Finserv, Power Grid, and NTPC leading the slide. Recent policy moves by the government and RBI are aimed at reviving growth, but global trade tensions and geopolitical risks are clouding near-term gains. A note by Incred further explains that despite the usual year-end strength, earnings growth for Q4 is pegged at just 8% year-on-year, with no signs yet of a pause in the ongoing downgrades. Meanwhile, the sharp recovery in indices from their March lows has pushed mid- and small-cap valuations back to expensive territory, warranting a cautious stance. VK Vijayakumar, Chief Investment Strategist, Geojit Investments believes that there are tailwinds and headwinds for the market at present, leading to sustained FII buying. On a cumulative basis, FII's are at Rs 29513 crores as observed in the last 7 days. ""This is a total reversal of the momentum trade to US stocks when the dollar was strengthening. Since FII buying is likely to sustain bears will restrain from shorting the market. Another tailwind is US Treasury Secretary Scot Bessent’s remark that India is expected to strike the first bilateral trade deal with the US."" ""The resilience of the India economy can continue to support the market. The potential headwind looming large on the horizon is the uncertainty regarding India’s response to the terror attack and its consequences,"", he added."
25 Apr 2025,"Stocks to Watch Today: Axis Bank, Tech Mahindra, L&T Tech, Macrotech Developers, Cyient, IEX, Container Corporation in focus on 25 April",https://www.moneycontrol.com/news/business/markets/stocks-to-watch-today-axis-bank-tech-mahindra-l-t-tech-macrotech-developers-cyient-iex-container-corporation-in-focus-on-25-april-13003719.html,"Stocks to Watch, 25 Apr: Stocks like SBI Cards and Payment Services, SBI Life Insurance Company, Aavas Financiers, Tanla Platforms, Nelco, RITES, Power Grid Corporation of India, Wipro, Bannari Amman Spinning Mills, Bharat Heavy Electricals, and Gujarat Industries Power Company will be in focus on April 25.",Stocks to Watch Today,"Let's catch up on the latest news from the stock market. From significant investments to major deals, quarterly earnings, order wins, and appointments, here’s a quick look at which stocks will be in focus in today's trade: Results Today Reliance Industries, Maruti Suzuki India, RBL Bank, Tata Technologies, L&T Finance, Cholamandalam Investment and Finance, DCB Bank, Force Motors, Hindustan Zinc, Chennai Petroleum Corporation, Dr Lal PathLabs, Lloyds Metals and Energy, Bank of Maharashtra, Mahindra Lifespace Developers, Motilal Oswal Financial Services, Oracle Financial Services Software, Poonawalla Fincorp, Rossari Biotech, Shriram Finance, Tejas Networks, VST Industries, Zenotech Laboratories, and Zensar Technologies will release their quarterly earnings on April 25. Results on April 26 IDFC First Bank, Bhansali Engineering, Indiabulls Enterprises, India Cements, Mangalore Refinery and Petrochemicals, SBFC Finance, Ugro Capital, and Vakrangee will announce their quarterly earnings on April 26. Quarterly Earnings Axis Bank Q4 (Standalone YoY) Profit declines 0.2% to Rs 7,117.5 crore Vs Rs 7,129.7 crore Net interest income rises 5.5% to Rs 13,810.5 crore Vs Rs 13,089 crore Provisions & Contingencies grow 14.7% to Rs 1,359.4 crore Vs Rs 1,185.3 crore Provisions & Contingencies fall 36.9% to Rs 1,359.4 crore Vs Rs 2,155.6 crore (QoQ) Gross NPA drops to 1.28% Vs 1.46% (QoQ) Net NPA falls to 0.33% Vs 0.35% (QoQ) Tech Mahindra Q4 (Consolidated QoQ) Profit jumps 18.7% to Rs 1,166.7 crore Vs Rs 983.2 crore Revenue rises 0.7% to Rs 13,384 crore Vs Rs 13,285.6 crore EBIT increases 4.1% to Rs 1,405.3 crore Vs Rs 1,350.2 crore EBIT margin expands to 10.5% Vs 10.2% L&T Technology Services Q4 (Consolidated QoQ) Profit falls 3.5% to Rs 311.1 crore Vs Rs 322.4 crore Revenue grows 12.4% to Rs 2,982.4 crore Vs Rs 2,653 crore EBIT declines 6.6% to Rs 3,939 crore Vs Rs 4,219 crore Margin drops to 13.2% Vs 15.9% Revenue in dollar terms increases 10.7% to $345.1 million Vs $311.9 million Board recommends final dividend of Rs 38 per share for FY25 Company expects FY26 to be a better year than FY25, with a double-digit revenue growth in constant currency Macrotech Developers Q4 (Consolidated YoY) Profit surges 38.4% to Rs 922.8 crore Vs Rs 667 crore Revenue rises 5.1% to Rs 4,224.3 crore Vs Rs 4,018.5 crore Board recommends final dividend of Rs 4.25 per share Cyient Q4 (Consolidated QoQ) Profit zooms 39.3% to Rs 170.4 crore Vs Rs 122.3 crore Revenue declines 0.9% to Rs 1,909.2 crore Vs Rs 1,926.4 crore Other income stands at Rs 41 crore Vs other income (loss) at Rs 16.6 crore Board recommends final dividend of Rs 14 per share SBI Cards and Payment Services Q4 (YoY) Profit drops 19.4% to Rs 534.2 crore Vs Rs 662.4 crore Revenue rises 7.5% to Rs 4,674 crore Vs Rs 4,347.7 crore Gross NPA ratio at 3.08% Net NPA ratio at 1.46% SBI Life Insurance Company Q4 (YoY) Profit increases 0.3% to Rs 813.5 crore Vs Rs 810.8 crore Net premium income falls 5% to Rs 23,860.7 crore Vs Rs 25,116.5 crore Net commission grows 17.2% to Rs 997.8 crore Vs Rs 851.4 crore Aavas Financiers Q4 (YoY) Profit grows 7.8% to Rs 153.7 crore Vs Rs 142.6 crore Net interest income jumps 14.5% to Rs 371.5 crore Vs Rs 324.5 crore Nelco Q4 (Consolidated YoY) Loss stands at Rs 4.08 crore Vs profit of Rs 6.12 crore Revenue sinks 17.3% to Rs 67.5 crore Vs Rs 81.6 crore Tanla Platforms Q4 (Consolidated YoY) Profit drops 9.9% to Rs 117.3 crore Vs Rs 130.2 crore Revenue grows 1.9% to Rs 1,024.4 crore Vs Rs 1,005.5 crore Board declares second interim dividend of Rs 6 per share for FY25 Indian Energy Exchange (IEX) Q4 (Consolidated YoY) Profit increases 21.1% to Rs 117.1 crore Vs Rs 96.7 crore Revenue rises 17.3% to Rs 142.2 crore Vs Rs 121.3 crore Stocks to Watch RITES The company has received a work order worth Rs 28 crore from Mahanadi Coalfields (MCL) for detailed engineering and project management consultancy services for the rail connectivity work related to the proposed Phase-II SILO at the Lakhanpur area of MCL. Power Grid Corporation The company’s subsidiary, POWERGRID Energy Services, has put an 85 MW solar PV power plant in Ujjain, Madhya Pradesh, into commercial operation effective April 24. Container Corporation of India Container Corporation of India has signed a Memorandum of Understanding (MoU) with GAIL (India) to develop LNG infrastructure at various CONCOR terminals across India, aimed at ensuring uninterrupted LNG fuel supply for CONCOR’s road transportation requirements. Wipro The technology services and consulting company has announced the launch of its GitHub Center of Excellence (CoE) in Bengaluru, aimed at accelerating AI innovation. Bannari Amman Spinning Mills The Board has approved a rights issue of 1.50 crore equity shares worth Rs 40.71 crore, with the issue price fixed at Rs 27 per share. The rights issue will open on May 13 and close on May 26. Bharat Heavy Electricals (BHEL) BHEL reported a minor fire incident on a garbage heap at its Bhopal unit. The situation was promptly attended to by the CISF fire team, with additional support from municipal fire tenders and the State Disaster Response Fund (SDRF) team. The fire was contained within the plantation area, and there was no damage to any machinery, plant, or property. No injuries or casualties occurred. Gujarat Industries Power Company The company has commissioned the first phase of a 25 MW group captive solar project out of a total planned 75 MW at Vastan. Stocks Trade Ex-Dividend Muthoot FinanceSanofi India Stock Trades Ex-Date for Split Ami Organics Stock Trades Ex-Date for Income Distribution (InvIT) Intelligent Supply Chain Infrastructure Trust"
20 Apr 2025,"Trade Spotlight: How should you trade Power Grid, Bharat Dynamics, BHEL, GRM Overseas, NTPC, Indus Towers, and others on April 21?",https://www.moneycontrol.com/news/business/markets/trade-spotlight-how-should-you-trade-power-grid-bharat-dynamics-bhel-grm-overseas-ntpc-indus-towers-and-others-on-april-21-12998340.html,The mood on Dalal Street is likely to remain optimistic in the upcoming sessions. Below are some trading ideas for the near term.,Stocks To Buy For Next Week,"The benchmark indices staged a strong performance on April 17, driven by banking and financial services stocks. The Nifty 50 rallied 1.77 percent, while market breadth remained positive for the fourth consecutive session. A total of 1,638 shares witnessed buying interest compared to 919 shares that were under pressure on the NSE. The mood on Dalal Street is likely to remain optimistic in the upcoming sessions. Below are some trading ideas for the near term: Hardik Matalia, Derivative Analyst at Choice Broking Central Depository Services | CMP: Rs 1,241.9  CDSL is consolidating within a tight range near its demand zone after experiencing a sharp decline of nearly 47 percent from its peak levels. This prolonged consolidation phase suggests a potential base-building process, with the price stabilizing and preparing for a directional move. The stock is now on the verge of breaking out of this consolidation zone, supported by consistent trading volumes—indicating accumulation at lower levels. A sustainable move above Rs 1,260 could confirm the breakout and potentially trigger a short-term upside toward Rs 1,350. Momentum indicators support this view. The Relative Strength Index (RSI) stands at 56.23, currently trading within a range but showing early signs of upside potential. Additionally, the Stochastic RSI is indicating the possibility of a price breakout, further reinforcing the bullish bias and pointing toward strengthening underlying momentum. From a price action standpoint, the structure suggests that buyers are gradually regaining control. The stock's proximity to key support levels adds to the risk-reward attractiveness of the setup. Strategy: Buy Target: Rs 1,350 Stop-Loss: Rs 1,180 Power Grid Corporation of India | CMP: Rs 309  Power Grid Corporation has successfully broken out from a rounding bottom pattern on the daily chart. The breakout is supported by strong volumes, confirming bullish intent. With the stock holding above the key breakout zone of Rs 310, the momentum suggests potential upside toward the next resistance levels at Rs 340 and Rs 350. On the downside, Rs 300 acts as a strong support, offering a favourable risk-reward entry zone on minor pullbacks. Momentum indicators reinforce the bullish view. The RSI is at 69, reflecting strong upward momentum while nearing overbought territory. Importantly, the price is trading well above the 20-day, 50-day, and 200-day EMAs, indicating a healthy and sustained uptrend. Any short-term dip is likely to be absorbed quickly due to ongoing buying interest. Strategy: Buy Target: Rs 350 Stop-Loss: Rs 290 Oberoi Realty | CMP: Rs 1,640.7  Oberoi Realty has recently broken out of a prolonged consolidation phase near key support zones, signaling the end of accumulation and the beginning of a potential uptrend. The stock has confirmed a bullish breakout from a well-defined Double Bottom pattern on the daily timeframe—an established reversal formation. Simultaneously, it has also broken out of a Descending Triangle pattern, further validating the strength of the breakout. The breakout is supported by encouraging price action, with the stock rebounding strongly from lower levels and successfully crossing above its short-term EMA (20-day). It is now approaching the medium-term EMA (50-day), and a decisive move above this could pave the way toward testing the long-term EMA (200-day)—a development that would reinforce the shift from consolidation to a sustained uptrend. The RSI is at 54.70, trending upward and indicating improving momentum with ample room for further gains. The convergence of breakout patterns, improving volume participation, and the shift in EMA alignment all support a bullish bias in the near term. With the breakout now confirmed, a sustained move above Rs 1,660 strengthens the case for a continued rally toward the Rs 1,750–?1,800 zone, aligning with previous supply areas and technical resistance. Strategy: Buy Target: Rs 1,800 Stop-Loss: Rs 1,560 Rajesh Bhosale, Technical Analyst at Angel One Bharat Dynamics | CMP: Rs 1393.2  Over the past seven months, Bharat Dynamics has been consolidating within a range. However, after establishing a base near the 89-week EMA (Exponential Moving Average), it has now witnessed a strong bullish breakout in the form of a Double Bottom pattern. This breakout is further validated by a bullish gap on the weekly chart, which qualifies as a breakaway gap. Additionally, the RSI Smoothened has crossed above the 60 mark, signalling strong bullish momentum in this counter. Hence, we recommend buying Bharat Dynamics around Rs 1,393–Rs 1,385. Strategy: Buy Target: Rs 1,530 Stop-Loss: Rs 1,322 Bharat Heavy Electricals | CMP: Rs 227.39  On the daily chart, a strong bullish reversal is underway in BHEL with the breakout of an Inverse Head and Shoulders pattern, indicating the start of a higher top–higher bottom price structure. Adding to the bullish sentiment, there’s a bullish crossover between the 20 and 50 DEMA, while the breakout is backed by robust volume—reinforcing the strength of the move. Hence, we recommend buying BHEL around Rs 227–Rs 225. Strategy: Buy Target: Rs 247 Stop-Loss: Rs 216 GRM Overseas | CMP: Rs 323  GRM Overseas has confirmed a long-term breakout from a classic Cup and Handle pattern, following a consolidation phase lasting over two years. The volume behaviour aligns perfectly with the pattern, rising during up moves and tapering off during declines—signaling strong accumulation by strong hands. Moreover, the price is trading well above all key moving averages, reflecting a robust uptrend across major timeframes. Hence, we recommend buying GRM Overseas around Rs 323–Rs 320. Strategy: Buy Target: Rs 356 Stop-Loss: Rs 306 Om Mehra, Technical Research Analyst at Samco Securities NTPC | CMP: Rs 364  After a brief consolidation, NTPC has broken out of a bullish flag pattern, supported by a higher-low formation. The stock is trading above the 9, 20, and 50-day moving averages, indicating a strengthening short-term outlook. It has also surpassed the trendline resistance drawn from recent highs, reinforcing the continuation of the uptrend. The daily RSI is hovering around 63, maintaining a positive bias, while volumes have remained steady. The setup points to a potential continuation toward higher levels, supported by strong price action. Hence, based on this technical structure, one can initiate a long position at the CMP of Rs 364. Strategy: Buy Target: Rs 385 Stop-Loss: Rs 350 Five Star Business Finance | CMP: Rs 785.55  Five-Star Business Finance has given a breakout from a downward-sloping trendline that it held for several weeks, signalling a strong shift in momentum. The breakout is accompanied by a wide bullish candle and supportive volume action, indicating buying interest at higher levels. The price is now sustaining above key short-term moving averages (9 EMA and 20 SMA) and has crossed above the 50-day SMA, improving the short-term structure significantly. The pattern resembles a Descending Triangle breakout on the daily chart. The daily RSI has moved past the 60 mark and continues to trend upward, confirming strengthening momentum. A follow-through move above Rs 800 could open room for further upside as the stock emerges from a prolonged consolidation phase. Strategy: Buy Target: Rs 840 Stop-Loss: Rs 750 Indus Towers | CMP: Rs 397.90  Indus Towers has witnessed a breakout above the key horizontal resistance of Rs 390 following steady momentum. It has formed a saucer pattern, and the breakout is accompanied by a strong bullish candle with a close near the day’s high—confirming strong buying interest. The stock is currently trading above all key moving averages. The daily RSI is trending above the 70 mark, while the MACD histogram remains in positive territory, reflecting underlying strength. Sustained price action above Rs 400 could pave the way for further upside in the coming sessions. Strategy: Buy Target: Rs 430 Stop-Loss: Rs 380 Rajesh Palviya, Senior Vice President Research (Head Technical Derivatives) at Axis Securities Eternal (Zomato) | CMP: Rs 231.6  On the daily chart, Eternal has confirmed a ""descending triangle"" breakout at Rs 223 levels on a closing basis, indicating a short-term trend reversal. This breakout is accompanied by strong volumes, signaling increased participation. The daily RSI's positive crossover indicates rising strength in the accumulation zone. The stock is well-placed above its 20- and 50-day SMAs, which reconfirms bullish sentiment. Investors should consider buying, holding, and accumulating this stock. Strategy: Buy Target: Rs 251, Rs 265 Stop-Loss: Rs 218 Avenue Supermarts (DMart) | CMP: Rs 4,357.1  On the weekly chart, Avenue Supermarts has decisively broken out past the 6–8 weeks' ""multiple resistance"" zone of Rs 4,200 on a closing basis, signaling a strong comeback of bulls. The weekly ""Bollinger Band"" buy signal shows increased momentum. Friday's sharp volume spike indicates increased participation at the breakout zone. The daily, weekly, and monthly strength indicators, RSI, are in positive territory, suggesting buying may occur at current levels. Investors should consider buying, holding, and accumulating this stock. Strategy: Buy Target: Rs 4,785, Rs 4,900 Stop-Loss: Rs 4,200 Grasim Industries | CMP: Rs 2,760.7 On the weekly chart, Grasim has observed a ""down-sloping channel"" breakout, indicating the resumption of the prior uptrend. The stock has confirmed higher tops and bottoms on both the daily and weekly charts, indicating a positive bias. It is well-placed above its 20-, 50-, 100-, and 200-day SMAs, reaffirming bullish sentiment. The daily and weekly strength indicators, RSI, are in positive territory, suggesting buying may occur at current levels. Investors should consider buying, holding, and accumulating this stock. Strategy: Buy Target: Rs 2,875, Rs 2,950 Stop-Loss: Rs 2,700"
13 Apr 2025,"Cautious market sentiment persists: SBI Securities’ Sudeep Shah on FII moves for coming week, bullish on 5 stocks",https://www.moneycontrol.com/news/business/markets/cautious-market-sentiment-persists-sbi-securities-sudeep-shah-on-fii-moves-for-coming-week-bullish-on-5-stocks-12992648.html,"Considering the current chart structure, Sudeep Shah of SBI Securities recommends adopting a cautious stance and stock-specific approach.",Sudeep Shah is the Deputy Vice President and Head of Technical and Derivative Research at SBI Securities,"According to Sudeep Shah of SBI Securities, FIIs continue to adopt a cautious stance amid ongoing global uncertainty. The FII long-short ratio stands at just 25.36%, indicating that 74.64% of their index futures positions remain on the short side. This suggests FIIs are still largely hedged or positioned for the downside, he said in an interview with Moneycontrol. The Deputy Vice President and Head of Technical and Derivative Research at SBI Securities believes that until there is clarity on global trade tensions and bond yields stabilize, FIIs are likely to remain defensive, and their current positioning hints at continued caution going into next week. Considering the current chart structure, he recommends adopting a cautious stance on the market and a stock-specific approach for the coming week. Do you believe the momentum can be sustained in the coming week, taking the Nifty 50 decisively above 23,000? The past week (ended April 11) turned out to be one of the most volatile in recent memory, with heightened turbulence sweeping across all major asset classes. This wave of volatility was triggered after US President Donald Trump announced a fresh round of tariffs, reigniting concerns over global trade tensions. In response, the US 10-year bond yield surged by over 10%, which was its steepest weekly gain since April 2022. Gold prices skyrocketed above the $3,200 per troy ounce mark for the first time, reflecting a flight to safety. Meanwhile, Brent crude slipped more than 4%, signaling demand worries, and the US Dollar Index dropped below the 99.50 level — a low not seen since April 2022. Equity markets were not spared either, as all major indices experienced sharp swings amid the unfolding macro uncertainty. Our benchmark index, Nifty, was no exception, experiencing heightened volatility throughout the week. Each trading session opened with either a significant gap-up or a gap-down, reflecting the jittery sentiment prevailing in the market. The volatility index, India VIX, spiked over 45% during the week, underlining the surge in uncertainty and investor nervousness. Interestingly, on Monday, after hitting a low of 21,743, the Nifty staged a sharp rebound of more than 1,000 points and ended the week by forming a Bullish Belt Hold-like candlestick pattern on the weekly chart. However, despite this sharp pullback, the index failed to close above its 20-day EMA. Momentum indicators and oscillators are currently suggesting a lack of clear directional bias, pointing toward a possible phase of consolidation. Considering the current chart structure, we recommend adopting a cautious stance and stock-specific approach. Until the index confirms sustained strength above key moving averages, it would be prudent to avoid aggressive positions and focus on risk management. Regarding crucial levels, the zone of 22,600-22,550 will act as immediate support for the index, while, on the upside, the 50-day EMA zone of 23,000-23,050 will act as a crucial hurdle for the index. Any sustainable move above the level of 23,050 will lead to an extension of the pullback rally up to the level of 23,300, followed by the 23,500 level. How are the FIIs positioning themselves for the next week, considering that tariff-led uncertainty is unlikely to end soon? FIIs continue to adopt a cautious stance amid ongoing global uncertainty. In the cash segment, they have been net sellers to the tune of Rs 34,641.79 crore month-to-date, reflecting a clear risk-off sentiment. The recent surge in US 10-year bond yields are further discouraging flows into emerging markets like India. In the derivatives market, the FII long-short ratio stands at just 25.36%, indicating that 74.64% of their index futures positions remain on the short side. This suggests they are still largely hedged or positioned for the downside. Hence, we believe that until there is clarity on global trade tensions and bond yields stabilize, FIIs are likely to remain defensive, and their current positioning hints at continued caution going into next week. Do you think the Bank Nifty looks much better than the Nifty 50 on the charts? Bank Nifty is currently showing strong relative outperformance compared to the frontline indices. While Nifty breached its previous swing low of 21,965 last week, Bank Nifty held firm, marking a higher low at 49,156—well above its earlier swing low of 47,703. This signals underlying strength in the banking index. On Monday, it took support at the 61.8% Fibonacci retracement level of its prior rally (47,703–52,064), and has since rebounded over 1,800 points. Importantly, the index continues to trade above both its short and long-term moving averages, reinforcing the bullish undertone. The current chart structure suggests that Bank Nifty is well-positioned to outperform in the near term. Talking about crucial levels, the zone of 51,500-51,600 will act as an immediate hurdle for the index. Any sustainable move above the level of 51,600 will lead to a sharp upside rally up to the level of 52,500, followed by the 53,100 level in the near term. On the downside, the 20-day EMA zone of 50,500-50,400 is likely to provide a cushion in case of any immediate decline. What are your top two picks for next week? Power Grid Corporation of India Power Grid has been strongly outperforming the frontline indices for the last couple of trading sessions. Also, it is trading above its short and long-term moving averages. The daily RSI (Relative Strength Index) is in bullish territory, and it is in rising mode. The daily MACD (Moving Average Convergence Divergence) stays in bullish territory as it is quoting above its zero line and signal line. The MACD histogram is suggesting a pickup in upside momentum. The trend strength indicator, the Average Directional Index (ADX), is at 31.50, which indicates robust strength. The +DI is much above the -DI. This structure is indicative of the bullish strength in the stock. Hence, we recommend accumulating in the zone of Rs 305-300 level with a stop-loss of Rs 293 level. On the upside, it is likely to test the level of Rs 325 in the short term. Poonawalla Fincorp Poonawalla Fincorp surged above its recent swing high on Friday. Currently, it is trading above their crucial moving averages. The 20 and 50-day EMA is in rising mode, which is a bullish sign. Most noteworthy, the daily RSI is in a super bullish zone as per RSI range shift rules. Hence, we recommend accumulating in the zone of Rs 368-364 level with a stop-loss of Rs 355 level. On the upside, it is likely to test the level of Rs 390 in the short term. Are you super bullish on PI Industries, given it is forming a robust bullish candle on the weekly charts, and Dixon Technologies, which is on the verge of a trendline breakout on the daily charts? PI Industries Yes, we are bullish on PI Industries as it has given a downward-sloping trendline breakout on a daily chart. This breakout is confirmed by robust volume. In addition, the stock has surged above its 100-day EMA level for the first time since November 2024. The momentum indicators also suggest strong bullish momentum. The daily RSI is in a bullish zone, and it is in a rising trajectory. Hence, we believe the stock is likely to continue its upward journey and test the level of Rs 4,000 in the short term. On the downside, the zone of Rs 3,480-3,470 is likely to provide a cushion in case of any immediate decline. Dixon Technologies Dixon is on the verge of breaking out above a downward-sloping trendline on the daily chart. What’s noteworthy is the strong volume witnessed on Friday, even before the actual breakout occurred. This suggests early accumulation by smart investors, indicating growing confidence in the stock's potential upside. Going ahead, the zone of Rs 14,400-14,500 will act as a crucial hurdle for the stock as a downward sloping trendline and 100-day EMA is placed in that region. Any sustainable move above the level of Rs 14,500 will lead to a sharp upside rally in the stock. Is it the right time to add exposure to PNB Housing Finance, and is CG Power & Industrial Solutions done with its correction? It is the right time to add exposure to PNB Housing but not to CG Power. The stock of PNB Housing has been strongly outperforming the frontline indices since the last couple of trading sessions. It is marking the sequence of gradual higher tops and higher bottoms. Also, it is trading above its crucial moving averages. Most noteworthy, the daily RSI is in a super bullish zone as per RSI range shift rules. Hence, we believe the stock is likely to continue its upward journey in the next couple of trading sessions. At the same time, the stock of CG Power is still in a downtrend as it is quoting below its short and long-term moving averages. Hence, we recommend avoiding it for now."
05 Apr 2025,"Market looks shaky, but these 2 stocks shine: SBI Securities’ Sudeep Shah picks his weekly winners",https://www.moneycontrol.com/news/business/markets/market-looks-shaky-but-these-2-stocks-shine-sbi-securities-sudeep-shah-picks-his-weekly-winners-12985971.html,"Considering the current chart structure, weak momentum, and cautious global sentiment, it seems the bears are likely to retain control on the Nifty 50 in the coming sessions.",Sudeep Shah is the Deputy Vice President and Head of Technical and Derivative Research at SBI Securities,"Considering the current chart structure, weak momentum, and cautious global sentiment, it seems the bears are likely to retain control in the coming sessions, said Sudeep Shah of SBI Securities in an interview to Moneycontrol. According to him, unless a strong positive trigger emerges, a decisive bullish comeback appears unlikely in the near term. However, he is bullish on Marico and InterGlobe Aviation for next week. ""Both stocks are trading above all short and long term moving averages. ""These averages in case of Marico are on a rising trajectory, which is a bullish sign, while momentum-based indicators suggest strong bullish momentum in IndiGo,"" said the Deputy Vice President and Head of Technical and Derivative Research at SBI Securities. Have you adjusted your overall trading strategy after Nifty lost 1,000 points from its recent swing high? What will be your strategy for the upcoming week? Global markets were rattled this week (ended April 4) as a wave of risk-off sentiment swept across equities, triggered by the imposition of reciprocal tariffs on the US trade partners. The escalating trade tensions have reignited fears of a slowdown in global economic activity. As Wall Street tumbled and Asian indices followed suit, the ripple effect reached Indian shores, with the Nifty reacting sharply to the global sell-off. But beneath the headline noise, what are the charts really telling us? Recently, the benchmark index Nifty has failed to sustain above its prior swing high and thereafter started witnessing gradual selling pressure. From the recent high of 23,870, the index has tumbled by over 1,000 points in just 8 trading sessions. Along with this fall, the index has slipped below its short and long term moving averages, which is a sign of weakening momentum. Adding to the bearish sentiment, the daily RSI (Relative Strength Index) is trading below its 9-day average, and the fast stochastic has slipped below the slow stochastic line. Together, these signals point to a clear loss of bullish strength and suggest that bearish momentum is currently in play. Sector-wise, the broader market is also under pressure. Barring a few pockets like private banks, select financial services, and FMCG, most sectoral indices are trending lower. In light of this, a cautious approach is advisable over the next few sessions. Talking about crucial levels, the zone of 22,400-22,350 will act as immediate support for the index. If the index slips below the 22,350 level, then we may witness a further correction upto the 21,900 level in the short term, while, on the upside, the 20-day EMA zone of 23,100-23,120 will act as a crucial hurdle for the index. Do you think the bulls can make a comeback and support the market, or will the bears continue to maintain tight control over the market in the coming week? Considering the current chart structure, weak momentum, and cautious global sentiment, it seems the bears are likely to retain control in the coming sessions. While minor pullbacks may occur, the inability to sustain above key levels indicates continued pressure. Unless a strong positive trigger emerges, a decisive bullish comeback appears unlikely in the near term. Will Bank Nifty be able to surpass the March swing high and easily reclaim the 53,000 level in the current series? Bank Nifty has been consistently outperforming the frontline indices over the past few trading sessions. While the Nifty has declined over 2.50 percent this week, Bank Nifty has remained relatively resilient, shedding just 0.12 percent. Notably, the ratio chart of Bank Nifty versus Nifty has hit a 67-week high, signaling continued outperformance. The banking index is also holding firm above its short and long-term moving averages, with the daily RSI comfortably placed in bullish territory. This overall chart structure suggests that bullish momentum remains intact for Bank Nifty. Talking about crucial levels, the zone of 52,000-52,100 will act as an immediate hurdle for the index, while, on the downside, the zone of 50,800-50,700 will act as a crucial support for the index. If the index slips below the 50,700 level, then we may witness a correction upto the 50,000 level. What are your top two picks for the upcoming week? Marico The stock has been strongly outperforming the frontline indices since the last couple of trading sessions. Despite the sharp sell-off in frontline indices, the stock has continued its northward journey along with relatively higher volume. Also, it is trading above its short and long term moving averages. These averages are on a rising trajectory, which is a bullish sign. Hence, we recommend accumulating the stock in the zone of Rs 680-670 level with a stop-loss of Rs 650 level. On the upside, it is likely to test the level of Rs 730 in the short term. InterGlobe Aviation Since the last couple of trading sessions, IndiGo has been trading in sideways range, and it has formed a Bullish Flag like continuation pattern on a daily scale. As the stock is trading at an all-time high level, all the moving averages and momentum-based indicators suggest strong bullish momentum in the stock. Most noteworthy, the daily RSI is in a super bullish zone as per RSI range shift rules. Hence, we recommend accumulating the stock in the zone of Rs 5,100-5,050 levels with a stop-loss of Rs 4,870 level. On the upside, it is likely to test the level of 5,430 in the short term. Do you expect the rally to sustain in Angel One and Power Grid? At this point, it seems unlikely that the rally in Angel One and Power Grid will sustain in the immediate term. Both stocks have shown strong upward momentum recently, but Friday’s session witnessed noticeable profit booking. The current chart structure suggests that they may enter a consolidation phase over the next few trading sessions. Additionally, the daily RSI for both stocks has given a bearish crossover, pointing to a loss of momentum and indicating limited upside in the short term."
02 Apr 2025,Buy Power Grid Corporation of India; target of Rs 350: Sharekhan,https://www.moneycontrol.com/news/business/stocks/buy-power-grid-corporation-of-india-target-of-rs-350-sharekhan-12982372.html,"Sharekhan is bullish on Power Grid Corporation of India has recommended buy rating on the stock with a target price of Rs 350 in its research report dated April 01, 2025.",BUY,"Sharekhan's research report on Power Grid Corporation of India Power Grid has won 11 TBCB orders in the current quarter. Management had increased the capex guidance to Rs. 23,000 crore in FY25 from Rs. 20,000 crore previously. For FY26/FY27, guidance is of Rs. 28,000-30,000/35,000 crore respectively. Tighter CERC norms for O&M allowances and weak capitalization have affected the recent results of the company. The strong capex/capitalization expectation provides good earnings visibility for the future. Outlook Hence, we maintain a Buy with an unchanged PT of Rs. 350. Also, the company has a healthy RoE of 18% and a decent dividend yield of 3%. At CMP, it trades at 2.8x/2.6x its FY26/27 P/BV. For all recommendations report, click here Power Grid Corporation of India - 02042025 - khan"
02 Apr 2025,"Stocks to Watch Today: CSB Bank, Siemens, Zaggle Prepaid, Coal India, Hyundai Motor, NMDC, MOIL, Hindustan Copper in focus on 2 April",https://www.moneycontrol.com/news/business/markets/stocks-to-watch-today-csb-bank-siemens-zaggle-prepaid-coal-india-hyundai-motor-nmdc-moil-hindustan-copper-in-focus-on-2-april-12982075.html,"Stocks to Watch, 2 Apr: Stocks like Hi-Tech Pipes, Syngene International, Tata Steel, Biocon, Vaibhav Global, Tata Consumer Products, MOIL, JSW Energy, Quess Corp, Indian Bank, Pidilite Industries, Jana Small Finance Bank, SJVN, Power Grid Corporation of India, Shriram Finance, Polycab India, and Godawari Power & Ispat will be in focus on April 2.",Stocks to Watch Today,"Let's catch up on the latest news from the stock market. From significant investments to major deals, quarterly earnings, appointments and acquisitions, here’s a quick look at which stocks will be in focus in today's trade: Quarterly Earnings (Updates) CSB Bank Q4 (Provisional Numbers YoY) Total deposits grow 24.03% to Rs 36,861 crore Vs Rs 29,719 crore CASA increases 10.31% to Rs 8,918 crore Vs Rs 8,085 crore Gross advances jump 29.59% to Rs 31,843 crore Vs Rs 24,572 crore Hi-Tech Pipes Q4 (YoY) Hi-Tech Pipes: The company has reported sales for Q4 FY25 of 1,16,032 MT, growing 8% compared to 1,07,721 MT in Q4 FY24, driven by sustained demand across infrastructure and construction sectors. Monthly Auto Sales Hyundai Motor India (March YoY) Total monthly sales up 2.6% at 67,320 units Domestic sales stand at 51,820 units Exports stand at 15,500 units Tata Motors (March YoY) Total sales grow 0.5% to 92,994 units Vs 92,559 units Domestic sales drop 0.35% to 90,500 units Vs 90,822 units Commercial vehicle sales decline 3% to 41,122 units Vs 42,262 units Passenger vehicle sales (including EV) increase 3% to 51,872 units Vs 50,297 units Stocks to Watch Coal India The Board has approved an increase in the notified price of coal by Rs 10 per tonne (i.e., from the existing Rs 10 per tonne to Rs 20 per tonne for non-coking and Rs 10 per tonne for coking coal for regulated and non-regulated sectors across Coal India), effective April 16. RITES The company has mutually agreed with UP State Bridge Corporation (UPSBCL) to foreclose the agreement for consultancy services for construction supervision of civil works. Due to interpretation issues of certain provisions of the agreement, it was difficult for the company to continue with the execution of the agreement under the existing terms. In October 2024, it had received a Letter of Acceptance from UPSBCL for supervision, monitoring, quality control, and work zone safety for the construction of bridges, rail over/under bridges, flyovers, and elevated roads in several districts of Uttar Pradesh. Zaggle Prepaid Ocean Services The company has signed a Master Services Agreement with Truecaller International LLP, providing the Zaggle Save (employee expense management & benefits) for one year. Syngene International The Board approved the appointment of Peter Bains as an Additional Director, designated as Managing Director & Chief Executive Officer of the company, effective April 1, subject to the approval of the shareholders of the company. Siemens The National Company Law Tribunal (NCLT), Mumbai, has sanctioned the Scheme of Arrangement between Siemens and Siemens Energy India, providing for the demerger of the company's energy business to Siemens Energy India. Tata Steel The company acquired 1,24,90,000 equity shares worth Rs 12.49 crore in the Indian Foundation for Quality Management (IFQM). Post the acquisition, the company’s aggregate shareholding in IFQM has increased from 9.09% to 16.66%. Biocon The Board will meet on April 4 to consider the fund-raising via issuance of commercial papers. Vaibhav Global The company has received a draft assessment order from the Income Tax Department, Jaipur, for the assessment year 2022-23, wherein major adjustments amounting to Rs 204.86 crore on transfer pricing issues have been proposed. The expected overall financial implication will be determined only upon passing of the final assessment order. Based on the internal assessment, the company does not expect any material financial impact. Hindustan Copper In FY25, the Matanjkhand Copper Project (MCP), the company's flagship unit in Madhya Pradesh, achieved an annual ore production of 27.25 lakh tonnes (the highest-ever yearly ore production since inception), which is 103% of the annual target. MCP has processed 24.34 lakh tonnes of copper ore during the year and achieved 97% of the annual target. The annual metal in concentrate (MIC) production stood at 19,270 tonnes in FY25. Tata Consumer Products The company has received an assessment order for the financial year 2021-22, demanding tax of Rs 262.08 crore (including interest). The Assessing Officer has proposed certain additions/disallowances with respect to the returned income. The company believes that the demand is not maintainable and is in the process of preferring an appeal against the said order. MOIL The prices of all ferro grades of manganese ore with manganese content of Mn-44% and above have been increased by 3%, effective April 1 for the month of April. The prices of all other ferro grades of manganese ore with manganese content below Mn-44% have been increased by 0.5%. Further, the prices of SMGR (Mn-30%, Mn-25%, and Mn-20%) and fines grades increased by 0.5%, and prices of all chemical grades rose by 3%. JSW Energy The company has added 3.6 GW of generation capacity during FY25, marking the highest annual capacity addition. The installed generation capacity at the end of FY25 stands at 10.9 GW, significantly surpassing the 10 GW capacity target set for FY25. In the fourth quarter of FY25, the company added 2.8 GW of operational capacity. Quess Corp Kamal Pal Hoda will relinquish his position as Group Chief Financial Officer of the company due to his transition to a new role as Executive Director & CEO of Bluspring Enterprises. The Board has approved the appointment of Sushanth Pai as the Chief Financial Officer of the company, effective April 1. Indian Bank The Government has appointed Venkatachalam Anand as the Chief Vigilance Officer (CVO) of the bank, effective April 1. The current CVO, Vishesh Kumar Srivastava, has been transferred to Bank of Baroda as CVO. Pidilite Industries The Board has approved the appointment of Sudhanshu Vats as Managing Director and the appointment of Kavinder Singh as Joint Managing Director, effective April 10. Jana Small Finance Bank Sudhir Madhavan has resigned from the position of Head of Microfinance and Gold Loan Business (RFS) of the bank to pursue an opportunity outside the bank, effective April 30. K S Raman (Executive Director) will take over as ED & Head of RFS of the bank, effective May 1. The successor of K S Raman as the Head of Credit will be announced in due course. SJVN The company's subsidiary SJVN Green Energy has completed the trial run of 241.77 MW capacity in Phase-I of the 1,000 MW Bikaner Solar Power Project on March 31. The said capacity is currently under operation and is all set to achieve COD on April 2. Maruti Suzuki India The country's largest car maker has announced a total production of 1,94,901 units in March, up 16.9% from the production of 1,66,730 units in the same month last year. Power Grid Corporation of India The Board will meet on April 4 to consider fund-raising via issuance of NCDs. Additionally, the company has been declared the successful bidder to establish an inter-state transmission system for the evacuation of power from Mahan Energen Generating Station in Madhya Pradesh under the build, own, operate, and transfer (BOOT) basis. The project comprises a 400kV D/C transmission line and associated bays at the existing Rewa PS (PG) sub-station in Madhya Pradesh. Shriram Finance The Reserve Bank of India has approved the company's acquisition of 100% equity stake in Shriram Overseas Investments (SOIPL) from Shriram Investments Holdings. The RBI also approved the appointment of Umesh Revankar, Executive Vice Chairman, and Parag Sharma, Managing Director & CFO of the company, as Directors on the board of Shriram Overseas Investments. Polycab India The company has received an assessment order for FY23 from the Income Tax Department, Mumbai, demanding Rs 8.53 crore for disallowance of certain expenditures and additions. Godawari Power & Ispat The mining activities at the Boria Tibu iron ore mines have been temporarily suspended effective April 1 due to the expiry of the mining plan approval. Operations at the mines will be resumed after receiving renewal approval from the Indian Bureau of Mines, which is expected to take around 10 days. Sansera Engineering MMRFIC Technology, an associate company of Sansera Engineering, has signed a Memorandum of Understanding (MoU) with the Indian Institute of Technology Madras (IITM) for the development of RISC-V based Secure SoC. NMDC The iron ore production declined sharply by 27% to 3.55 MT in March 2025, compared to 4.86 MT in March 2024, but iron ore sales grew by 6.3% to 4.21 MT, from 3.96 MT in the same period. Bulk Deals Galaxy Surfactants ICICI Prudential Mutual Fund has acquired 5.95 lakh shares in the company at an average price of Rs 2,092 per share, valued at Rs 124.47 crore. SME Listing on April 2 Shri Ahimsa NaturalsATC Energies System Stocks Trade Ex-Dividend RailTel Corporation of IndiaMSTCADC India Communications Stocks Trade Ex-Bonus Ranjeet MechatronicsCapital Trade Links"
01 Apr 2025,"Stocks to Watch Today: ITC, Hindustan Aeronautics, NCC, EIL, HBL Engineering, Power Mech Projects, Prestige Estates, Desco Infratech in focus on 1 April",https://www.moneycontrol.com/news/business/markets/stocks-to-watch-today-itc-hindustan-aeronautics-ncc-eil-hbl-engineering-power-mech-projects-prestige-estates-desco-infratech-in-focus-on-1-april-12980836.html,"Stocks to Watch, 1 Apr: Stocks like Varun Beverages, Vedanta, ICICI Prudential Life Insurance Company, Federal Bank, Brigade Enterprises, Astec LifeSciences, Bajaj Electricals, Mankind Pharma, ITD Cementation India, ACC, Power Grid Corporation of India, DCM Shriram, Sheela Foam, and Dalmia Bharat will be in focus on April 1.",Stocks to Watch Today,"Let's catch up on the latest news from the stock market. From significant investments to major deals, order wins, appointments and acquisitions, here’s a quick look at which stocks will be in focus in today's trade: Stocks to Watch Hindustan Aeronautics The Ministry of Defence signed two contracts with the company for the supply of 156 Light Combat Helicopters (LCH), Prachand, to the Indian Army (90 units) and the Indian Air Force (66 units), along with training and other associated equipment, worth around Rs 62,700 crore. Meanwhile, in FY25, the company recorded a revenue of Rs 30,400 crore (provisional), compared to Rs 30,381 crore in the previous year. The order book stood at Rs 1,84,000 crore as of March 2025, up from the opening order book position of Rs 94,129 crore. NCC The company has received other orders totaling Rs 5,773 crore in March 2025. Out of these, Rs 2,686 crore relates to the transportation division, Rs 2,139 crore to the building division, and Rs 948 crore to the water & environment division. Engineers India The company has received consultancy assignments worth Rs 245 crore from state-owned organizations for executing projects on a cost-plus basis in Maharashtra and West Bengal. HBL Engineering The company has received 5 letters of acceptance for contracts worth Rs 762.56 crore for the provision of Kavach across 413 stations, covering 3,900 km. The total value of all Kavach contracts to date (during the year) stands at Rs 3,618 crore. RITES The company has received a Letter of Award for a project worth Rs 155.5 crore from Numaligarh Refinery (NRL). The project involves railway sidings at the NRL Panchgram Terminal, a 3rd Railway Spur at Rangapani (SMT), and Duliajan (crude oil TW loading railway siding) of Oil India. Additionally, the company has received a Letter of Award for a project worth Rs 157.25 crore from Oil India for the construction of a workmen housing complex (BQ area) at Oil India, Duliajan, on a turnkey basis under depository works mode. Power Mech Projects The company has secured a Rs 425 crore worth order from Mirzapur Thermal Energy (UP) (a wholly owned subsidiary of Adani Power), Mirzapur, Uttar Pradesh, for the execution of civil works and the erection of prefabricated structural steel. Additionally, it has secured a Rs 972.135 crore worth order from the National Highways Authority of India for the construction of a 4-laning bypass in Jharkhand on a Hybrid Annuity mode. ITC The company has entered into a Business Transfer Agreement with Aditya Birla Real Estate (ABREL) for the acquisition of ABREL’s pulp and paper business, operated under the name of Century Pulp and Paper, along with the assets, liabilities, contracts, and employees, as a going concern on a slump sale basis, for Rs 3,500 crore. The acquisition is subject to approval from the Competition Commission of India and the Ministry of Environment. Prestige Estates Projects The Board has approved an investment of up to Rs 1,625.04 crore in the equity shares of the company's subsidiary, Prestige Hospitality Ventures, via rights issue in one or more tranches. Varun Beverages The company has signed a Share Purchase Agreement with Ghana Bottling Company to acquire 100% of the share capital of SBC Beverages Ghana, and with Tanzania Bottling Company SA, to acquire 100% of the share capital of SBC Tanzania, subject to regulatory and other approvals (if any), including but not limited to PepsiCo Inc. Borosil Renewables The company has an outstanding standby letter of credit (SBLC) from HDFC Bank for 10.8 million euros. This SBLC was arranged by the company from the HDFC (HDFC SBLC lender) in favour of the GIFT City Branch of HDFC (HDFC lender bank) as security for the loan of the corresponding amount to the company’s step-down subsidiary, GMB Glasmanufaktur Brandenburg GmbH, incorporated in Germany. The company, through its wholly owned subsidiary, Geosphere Glassworks GmbH, indirectly holds an 86% stake in GMB. GMB has also requested the HDFC lender bank to prepone the repayment schedule and draw upon the SBLC issued by the HDFC SBLC lender towards the repayment of the principal outstanding amount to close the loan. Vedanta The Board has decided to extend the timeline for the fulfillment of the conditions precedent in the scheme of arrangement (including approval of the National Company Law Tribunal and approvals from certain government authorities) from March 31 to September 30, 2025. The Scheme of Arrangement is between Vedanta, Vedanta Aluminium Metal, Talwandi Sabo Power, Malco Energy, and Vedanta Iron and Steel. ICICI Prudential Life Insurance Company The company has received an order from the Assistant Commissioner of Income Tax, Maharashtra, demanding income tax, along with applicable interest and penalty, totaling Rs 328.41 crore for Assessment Year 2023-24. The company will file an appeal against the said order before the Commissioner (Appeals) within the prescribed timelines. Federal Bank The bank has executed a binding Memorandum of Understanding with Ageas Insurance International NV (Ageas) and Ageas Federal Life Insurance Company (AFLIC) for the acquisition of a 4% equity stake by the bank in AFLIC from Ageas. Brigade Enterprises Brigade Group has signed a Joint Development Agreement for a new luxury residential project in Mysuru, on a land parcel of 5 acres and 12 guntas. The proposed project has a gross development value of Rs 300 crore. Astec LifeSciences The Board has approved the appointment of Burjis Godrej as the Managing Director of the company for 5 years, effective April 1, 2025, without any remuneration payable to him in such capacity. Bajaj Electricals The Board has approved the appointment of Sanjay Sachdeva as the Managing Director & Chief Executive Officer of the company for 3 years, effective April 15, 2025. Aditya Birla Money The company has announced the launch of a new web trading platform, ELEVATE. ELEVATE will replace ABTrade and ABTradelite, offering customers the opportunity to invest in stocks, mutual funds, IPOs, ETFs, derivatives, commodities, and more. Mankind Pharma The National Company Law Tribunal, Mumbai (NCLT), approved the Scheme of Amalgamation of BSV Pharma, a step-down subsidiary of the company, with Bharat Serums and Vaccines, a material subsidiary of the company. The scheme will become effective from May 9, 2022. ITD Cementation India The Board has approved the re-appointment of Santi Jongkongka as Whole-time Director, designated as Executive Vice Chairman, and the re-appointment of Jayanta Basu as the Managing Director of the company, effective April 1. ACC The Board has approved the cessation of Ajay Kapur as Whole-Time Director & Chief Executive Officer of the company, effective March 31. Further, the Board has approved the appointment of Vinod Bahety as Whole-Time Director and Chief Executive Officer for three years, and Rakesh Tiwary as Chief Financial Officer, effective April 1, 2025. Vinod Bahety has ceased to be the Chief Financial Officer of the company, effective March 31. Mazagon Dock Shipbuilders The Board will meet on April 8 to consider the second interim dividend for the financial year 2024-25, if any. Power Grid Corporation of India The Board has approved the investment of Rs 673.08 crore for the procurement of 6 numbers of 397 MVA converter transformers for the Talcher-Kolar HVDC link under the Additional Capital Expenditure 2024-29 tariff block, scheduled to be commissioned by September 2027. Shree Cement The clinker production capacity of the integrated cement plant of the company at Nawalgarh, Rajasthan, has increased from 3.80 MTPA to 4.50 MTPA. The increase in capacity has been achieved through investment in balancing mining equipment and other assets. DCM Shriram The company has commissioned a caustic soda flakes plant of 300 TPD capacity at the chemicals complex in Jhagadia, Gujarat. With this, the total capacity of caustic soda flakes that the Bharuch unit can produce goes up to 900 TPD. Sheela Foam Nilesh Sevabrata Mazumdar has resigned as CEO of the company. Sun Pharma Advanced Research Company The company has submitted an Investigational New Drug (IND) application with the US Food and Drug Administration (FDA). The IND application supports the next phase of development of SBO-154, which has completed the required IND-enabling preclinical studies with favourable results. A global phase 1 dose-escalation and expansion study has been planned to evaluate SBO-154 in the treatment of solid tumors. Carborundum Universal Southern Energy Development Corporation, a subsidiary of the company engaged in the power generation business, has sold a portion of its investments held in the company for Rs 96.50 crore for its business requirements. Suprajit Engineering Suprajit has signed Asset Purchase Agreements for the second tranche of the Stahlschmidt Cable Systems (SCS) acquisition, covering assets and certain liabilities of SCS China (Stahlschmidt Zhejiang Automotive Co Ltd) and SCS Canada (Stahlschmidt). Reliance Industries As part of internal restructuring, the company has transferred its 100% equity stake in Reliance Projects & Property Management Services (RPPMSL) to Reliance Retail, an 83.56% step-down subsidiary of the company, for Rs 100.4 crore. RPPMSL has ceased to be a wholly owned subsidiary of the company and has become a step-down subsidiary. Dalmia Bharat The company's subsidiary, Dalmia Cement (Bharat), has commenced commercial production at its cement grinding unit at Rohtas Cement Works, Bihar, enhancing its capacity by 0.5 MTPA to 1.6 MTPA. With this, the total cement manufacturing capacity of the Group stands increased to 49.5 MTPA. BSE The Board has approved the issue of 2 bonus equity shares for every one full paid-up equity share held by the shareholders of the company as on the record date. GE Power India The company has completed the sale and transfer of its hydro business on a going concern basis, by way of a slump sale to GE Power Electronics. LTIMindtree The technology consulting and digital solutions company announced the expansion of its global strategic partnership with Google Cloud. The company will leverage offerings powered by Google Cloud technology using Agentic AI to boost business growth and redefine the cloud landscape for clients worldwide. Blue Star The company has appointed Mohit Sud as Group President, Unitary Cooling Products, effective March 31. TVS Motor The company's subsidiary, TVS Motor (Singapore) Pte, divested its stake in ION Mobility Pte for $1.75 million. Garden Reach Shipbuilders & Engineers The company has achieved the highest-ever annual turnover of Rs 4,750 crore (provisional & unaudited) for FY25, a growth of 35% over the previous year. Bombay Burmah Trading Corporation R. Baskar has superannuated with effect from March 31 and ceased to be the Chief Operating Officer of the electromags division of the company. The Board has approved the appointment of Jeya Harris Naveen as the Chief Operating Officer of the electromags division, effective April 1, 2025. Newgen Software Technologies The company has received a purchase order worth Rs 35.3 crore from a customer for the supply, implementation, integration, management, and maintenance of a Centralized Trade Finance (CTF) solution, including a customer web portal. Further, its subsidiary, Newgen Software Technologies Pte, incorporated in Singapore, has executed an agreement worth $1.8 million with a customer. Its subsidiary, Newgen Software Inc, incorporated in the USA, has executed an agreement worth $1.27 million with a customer. One 97 Communications (Paytm) The company has received a cautionary email from the National Stock Exchange of India (NSE) and BSE, regarding the delay in submission of intimation of the Schedule of Investors/ Analysts - Earnings Call held on May 22, 2024, for the financial results for the quarter and financial year ended March 31, 2024. Wendt India The company has executed the trademark assignment agreement with Wendt GmbH for acquiring the absolute ownership of the Wendt brand and trademarks, with over 60 registrations in 40 countries, owned by Wendt GmbH and/or its affiliates worldwide, for up to 3.8 million euros. Bulk Deals Praveg Sageone Investment Managers LLP has acquired 1.8 lakh shares in the company at an average price of Rs 516.38 per share. Radiant Cash Management Services BNP Paribas Financial Markets has acquired 25 lakh shares in the company at an average price of Rs 50.9 per share. However, Ascent India Fund III sold 34.7 lakh shares at an average price of Rs 51.1 per share. Block Deals Carborundum Universal Promoter Southern Energy Development Corporation sold 10 lakh shares in the company to Sheel Commodities, Nemish S. Shah (HUF), and Sandhya G. Parikh at an average price of Rs 965 per share. Ideaforge Technology Blue Diamond Properties acquired 10.09 lakh shares in the company at an average price of Rs 344.95 per share from Florintree Enterprise LLP. Hindustan Aeronautics Goldman Sachs (Singapore) Pte - ODI acquired 3.85 lakh shares in the company at an average price of Rs 4,176.25 per share from Kadensa Master Fund. Zomato Goldman Sachs (Singapore) Pte - ODI acquired 60.07 lakh shares in the company at an average price of Rs 199.5 per share from Kadensa Master Fund. SME Listing on April 1 Desco Infratech"
24 Mar 2025,"Sensex, Nifty extend gaining streak to 6th day: Does this rally have more legs? Here's what experts say",https://www.moneycontrol.com/news/business/markets/sensex-nifty-extend-gaining-streak-to-6th-day-does-this-rally-have-more-legs-here-s-what-experts-say-12973888.html,"Sensex, Nifty surged over 5 percent in six sessions. Meanwhile, analysts believe the rally’s sustainability would depend on upcoming macroeconomic data, corporate earnings for Q4 and global developments, particularly reciprocal US tariffs.",Sensex and Nifty surged more than 1 per cent on Monday amid fresh foreign fund inflows and buying in banking and oil & gas shares.,"Benchmark equity indices Sensex and Nifty extended their gaining streak for the sixth consecutive session on Monday, surging over 1 percent on the back of fresh foreign fund inflows and buying in banking and oil & gas stocks. Sensex jumped 1,078.87 points or 1.40 percent to close at a six-week high of 77,984.38. During the session, it soared 1,201.72 points or 1.56 percent to touch an intra-day high of 78,107.23. The broader NSE Nifty surged 307.95 points or 1.32 percent to settle at 23,658.35, after hitting an intra-day peak of 23,708.75, up 358.35 points or 1.53 percent. The rally comes as foreign institutional investors (FIIs) turned net buyers, purchasing equities worth Rs 7,470.36 crore on Friday. Positive global cues from US and European markets further strengthened investor sentiment. Among the key gainers, Kotak Mahindra Bank, NTPC, State Bank of India, Tech Mahindra and Power Grid Corporation rose up to 5 percent. ""Short covering ahead of the monthly F&O expiry later this week fuelled the rally, pushing Sensex past the psychological 78,000 mark in intra-day trade. Renewed optimism from foreign investors, coupled with strong cues from US and European markets, added to the momentum,"" said Prashanth Tapse, Senior VP (Research), Mehta Equities Ltd. Will the rally sustain? Experts weigh in Analysts remain cautiously optimistic about the rally’s sustainability, citing key technical indicators and upcoming economic data. Rupak De, Senior Technical Analyst at LKP Securities, pointed out that Nifty has extended its upward move, surpassing the crucial resistance level of 23,600. ""The RSI is in a bullish crossover, and the price has been holding above the 50-EMA for the last three sessions. The index is expected to remain strong as long as it stays above the support level of 23,500. A decisive fall below this level may trigger a short-term correction,"" he said. However, Vinod Nair, Head of Research at Geojit Financial Services, advised caution, stating that the rally’s sustainability would depend on upcoming macroeconomic data, including PMI figures, corporate earnings for Q4, and global developments, particularly reciprocal US tariffs. Hrishikesh Yedve, AVP – Technical and Derivatives Research at Asit C. Mehta Investment Intermediates Ltd, noted that Nifty has successfully breached the 100-day Simple Moving Average (100-DSMA) and formed a bullish candle on the daily charts, indicating strength. “Immediate support is at 23,510, while short-term resistance lies near 23,810. Given the bullish momentum, traders may adopt a ‘buy on dips’ strategy, though low-risk traders may consider booking profits around the 23,800 level,” he said. With the indices gaining over 5 per cent in six sessions, market participants will keenly watch upcoming economic cues and global trends to assess whether the current momentum has further legs."
23 Mar 2025,"Stocks to Watch Today: Welspun Corp, NCC, Mahindra and Mahindra, Dr Reddys, Alembic Pharma, Godrej Properties, DAM Capital in focus on 24 March",https://www.moneycontrol.com/news/business/markets/stocks-to-watch-today-welspun-corp-ncc-mahindra-and-mahindra-dr-reddys-alembic-pharma-godrej-properties-dam-capital-in-focus-on-24-march-12972908.html,"Stocks to Watch, Mar 24: Stocks like Reliance Industries, Apollo Hospitals Enterprise, Power Grid Corporation, Allied Blenders and Distillers, Sundaram-Clayton, IRCON International, NMDC, Power Finance Corporation, UCO Bank, Larsen & Toubro, Insolation Energy, Hindustan Copper, IFCI, and IIFL Capital Services will be in focus on March 24.",Stocks to Watch Today,"Let's catch up on the latest news from the stock market. From significant investments to major deals, appointments, order wins and acquisitions, here’s a quick look at which stocks will be in focus in today's trade: Stocks to Watch Reliance Industries The company's step-down wholly owned subsidiary, Nauyaan Tradings (NTPL), has completed the acquisition of a 74% equity stake in Nauyaan Shipyard (NSPL) for Rs 382.73 crore from Welspun Corp. Consequently, NSPL has become a step-down subsidiary of the company. Prior to the acquisition, NTPL had provided an unsecured loan of Rs 93.66 crore to NSPL on an arm's-length basis. Welspun Corp The company has received Rs 476.39 crore after completing the transaction with a strategic investor for a 74% equity stake in its wholly-owned subsidiary, Nauyaan Shipyard (NSPL). Following this transaction, NSPL has ceased to be a subsidiary of the company and has become an associate. As part of its debt reduction strategy, the company has pre-paid Rs 725 crore of debt and will continue to focus on further reduction of debt and finance costs. As of December 2024, its consolidated net debt had already been reduced to a minimal level of Rs 104 crore. NCC The company has received a Letter of Acceptance for a project worth Rs 1,480.34 crore from Bihar Medical Services & Infrastructure Corporation. The project involves the redevelopment of a medical college and hospital, along with other buildings at the existing campus of Darbhanga Medical College & Hospital (DMCH) in Laheriasarai, Darbhanga. Mahindra and Mahindra The company announced that it would hike prices of its SUVs and commercial vehicles by up to 3 percent from April 1. The extent of the price increase will vary across different SUVs and commercial vehicles. This adjustment is in response to rising costs due to inflation and increased commodity prices. Raymond The Board has approved an investment of up to Rs 65 crore in the form of redeemable preference shares, in one or more tranches, in Ten X Realty East, a step-down wholly owned subsidiary of the company. The amount will be utilized for the execution of a redevelopment project by Ten X. Dr Reddy’s Laboratories The company’s subsidiary, Dr Reddy’s Laboratories Inc. USA, has completed the sale of all issued and outstanding membership interests in its wholly owned subsidiary, Dr. Reddy’s Laboratories Louisiana LLC, including the manufacturing facility located in Shreveport, Louisiana. As a result, Dr Reddy’s Laboratories Louisiana LLC has ceased to be a step-down wholly owned subsidiary of Dr Reddy’s Laboratories. Alembic Pharmaceuticals The United States Food and Drug Administration (USFDA) has completed the inspection of the company's API-III facility at Karakhadi, with no Form 483 observations. This was a scheduled GMP inspection, conducted from March 17 to March 21. Godrej Properties The company has acquired a 10-acre land parcel in Yelahanka, Bengaluru. This project is estimated to have a developable potential of 1.5 million square feet of saleable area, with an estimated revenue potential of Rs 2,500 crore. DAM Capital Advisors The company has received an administrative warning and deficiency letter from SEBI. The capital markets regulator advised the company to be vigilant in the future concerning certain operational-related matters of its institutional broking operations. SEBI issued the warning letter following an inspection conducted for the period from February 1, 2024, to August 31, 2024, which occurred prior to the listing of DAM's equity shares on the bourses. The company has already rectified and implemented the necessary compliance measures. Apollo Hospitals Enterprise The company's subsidiary, Apollo Healthco, has completed the acquisition of an 11.2% stake in Keimed from its promoter, Shobana Kamineni, for Rs 625.43 crore. Power Grid Corporation of India The company has acquired SPVs Fatehgarh II and Barmer I PS Transmission, as well as Chitradurga Bellary REZ Transmission, from the bid process coordinator, PFC Consulting, for Rs 26.57 crore. The project under Fatehgarh II and Barmer I PS Transmission includes ICT augmentation works at existing and under-construction substations in Rajasthan. The project under Chitradurga Bellary REZ Transmission includes the establishment of new 765 / 400 / 220kV pooling substations near Davangere / Chitradurga and near Bellary, along with 765kV & 400kV D/C Transmission Lines, and upgradation works for existing substations and transmission lines in Karnataka. Allied Blenders and Distillers The company has added 15 lakh bulk liters of capacity at its Rangapur plant in Telangana. This is in addition to the licensed production capacity of 600 lakh bulk liters for FY25. Sundaram-Clayton The Board has declared an interim dividend of Rs 4.75 per share for the financial year 2024-25. IRCON International Conarch Associates has initiated a Rs 158.89 crore claim against IRCON International in the Arbitral Tribunal. This claim pertains to the work of supplying and stacking 50mm size Pakur Variety Machine Crushed Track Ballast for the new BG line from Jaynagar (India) to Bardibas (Nepal) railway project (Nepal portion). NMDC The Federation of Unions has asked its members to resume full duties. Accordingly, the employees have resumed duties, and normal operations have resumed at all the projects. Trade unions had resorted to a wilful slowdown of work and work-to-rule in connection with a wage settlement on January 10. Power Finance Corporation The company's subsidiary, PFC Consulting, has incorporated two special purpose vehicles (SPVs) - NES Dharashiv Transmission and NES Navi Mumbai Transmission. NES Dharashiv Transmission will develop a network expansion scheme in Maharashtra for the evacuation of RE power from Dharashiv, and NES Navi Mumbai Transmission will develop a network expansion scheme in Maharashtra to provide supply to data center loads in Navi Mumbai. Additionally, Parminder Chopra, the current CMD of Power Finance Corporation, has been assigned the additional charge of CMD at REC for three months, effective immediately. UCO Bank The bank has opened its Qualified Institutions Placement (QIP) issue with a total size of Rs 2,000 crore, reports CNBC-TV18 quoting sources. The QIP price may be Rs 34.27 per share. Larsen & Toubro The Board has approved long-term borrowings of up to Rs 12,000 crore, including through external commercial borrowings, term loans, non-convertible debentures, or any other instrument. Furthermore, the Board has elevated Subramanian Sarma to Deputy MD & President, effective April 2. Currently, Subramanian Sarma is the Whole-time Director & President of the Energy division at L&T. Insolation Energy The Board has approved the appointment of Ravi Dusad as Chief Financial Officer of the company, effective March 22. Additionally, Dusad will also serve as Chief Financial Officer of Insolation Green Energy, a wholly owned subsidiary of Insolation Energy. Hindustan Copper The Ministry of Mines has appointed Sanjiv Kumar Singh, Director (Mining), as Chairman and Managing Director of Hindustan Copper. IFCI The Government of India has appointed Rahul Bhave as Managing Director & Chief Executive Officer on the Board of the company for three years. Motilal Oswal Financial Services Motilal Oswal, Raamdeo Agarawal, and Motilal Oswal Foundation have sold 8 lakh equity shares (0.13% of the paid-up equity) as part of their commitment to a philanthropic goal. IIFL Capital Services The Board has designated Nemkumar H as Chief Growth Officer and accepted his resignation from the post of Managing Director. He stepped down as Managing Director to focus exclusively on business development. Subsequently, the Board has appointed R Venkataraman, co-promoter of the IIFL Group, as the Managing Director of the company for five years, effective March 22. Rekha Warriar, Independent Director, has been appointed as Chairperson of the Board. Ola Electric Mobility The EV company has commenced deliveries of its S1 Gen 3 scooter portfolio across India. The Gen 3 range starts at Rs 79,999 for the S1 X (2kWh) and goes up to Rs 1,69,999 for the S1 Pro+ 5.3kWh (with 4680 Bharat Cell). Saurashtra Cement The kiln at the cement plant at Sidheegram is under shutdown for annual maintenance for the next 15 days. However, cement/clinker dispatches will continue as usual. IDBI Bank The Reserve Bank of India has imposed a penalty of Rs 36.30 lakh on IDBI Bank for non-compliance in carrying out due diligence in processing and allowing foreign exchange transactions involving 363 inward remittances received during June 2016 to January 2023. Bulk Deals TBO TEK Foreign investors Augusta TBO (Singapore) Pte Ltd sold a 4.26% stake in TBO TEK at an average price of Rs 1,200.04 per share, and TBO Korea Holdings offloaded a 2.41% stake at an average price of Rs 1,200.02 per share, valued at Rs 555.6 crore and Rs 314.42 crore, respectively. However, ICICI Prudential Mutual Fund, Nippon India Mutual Fund, and SBI Mutual Fund acquired a 4.1% stake in the company at an average price of Rs 1,200 per share, amounting to Rs 536.75 crore. Ami Organics The Vanguard Group Inc. AC Vanguard Total International Stock Index Fund bought 2.43 lakh shares in Ami at an average price of Rs 2,425.43 per share. Cartrade Tech Vanguard Emerging Markets Stock Index Fund bought 3.3 lakh shares, and The Vanguard Group Inc AC Vanguard Total International Stock Index Fund bought 3.83 lakh shares in Cartrade at an average price of Rs 1,804.48 per share. Gland Pharma Vanguard Emerging Markets Stock Index Fund A Series of VIEIF purchased 8.38 lakh shares, and Vanguard Total International Stock Index Fund bought 10.16 lakh shares in Gland Pharma at an average price of Rs 1,588.69 per share. Orient Cement Vanguard Emerging Markets Stock Index Fund bought 10.62 lakh shares, and The Vanguard Group Inc. AC Vanguard Total International Stock Index Fund purchased 13.74 lakh shares in Orient Cement at an average price of Rs 337.25 per share. Pricol The Vanguard Group Inc. AC Vanguard Total International Stock Index Fund acquired 9.52 lakh shares in Pricol at an average price of Rs 448.76 per share. Prudent Corporate Advisory Services The Vanguard Group Inc. AC Vanguard Total International Stock Index Fund purchased 2.1 lakh shares in Prudent Corporate at an average price of Rs 2,323.75 per share. Shilpa Medicare The Vanguard Group Inc. AC Vanguard Total International Stock Index Fund acquired 5.47 lakh shares in Shilpa Medicare at an average price of Rs 683.03 per share. TD Power Systems The Vanguard Group Inc. AC Vanguard Total International Stock Index Fund acquired 8.24 lakh shares in the company at an average price of Rs 392.53 per share. Anup Engineering The Vanguard Group Inc. AC Vanguard Total International Stock Index Fund acquired 1.08 lakh shares in Anup at an average price of Rs 3,273.1 per share. Tilaknagar Industries The Vanguard Group Inc. AC Vanguard Total International Stock Index Fund purchased 10.55 lakh shares in Tilaknagar at an average price of Rs 257.81 per share. Brookfield India Real Estate Trust Vanguard Total International Stock Index Fund, VFTR C Institutional Total International Stock Market Index Trust II, and Vanguard Emerging Markets Stock Index Fund A Series of VIEIF purchased 1.37 crore units of Brookfield at an average price of Rs 308.45 per unit, valued at Rs 423.67 crore. Nexus Select Trust The Vanguard Group Inc. AC Vanguard Total International Stock Index Fund, and Vanguard Emerging Markets Stock Index Fund sold 1.87 crore units of Nexus at an average price of Rs 122.22 per unit, amounting to Rs 228.72 crore. SME Listing on March 24 Divine Hira JewellersParadeep Parivahan Stock Trades Ex-Date for Rights Bodhi Tree Multimedia Stocks Trade Ex-Date for Income Distribution (InvIT) Digital Fibre Infrastructure TrustIntelligent Supply Chain Infrastructure Trust Stock Trades Ex-Bonus Enbee Trade & Finance Stock Trades Ex-Date for Scheme of Arrangement ICICI Securities Stocks in F&O ban Hindustan CopperIndusInd BankPolycab India Stocks removed from F&O ban Manappuram FinanceSAIL"
10 Mar 2025,"Sensex jumps 550 pts from day's low, Nifty above 22,650: Decline in oil prices among key factors behind market rally",https://www.moneycontrol.com/news/business/markets/sensex-jumps-550-pts-from-day-s-low-nifty-above-22-650-decline-in-oil-prices-among-key-factors-behind-market-rally-12960326.html,"Brent crude, the global oil benchmark, fell by 0.51 percent to USD 70 per barrel. The decline followed concerns over U.S. growth, uncertainty surrounding U.S. tariffs, and OPEC+'s decision to increase output.","Sensex jumps 550 pts from day's low, Nifty above 22,650: Decline in oil prices among key factors behind market rally","Sensex and Nifty witnessed an uptrend on Monday morning, following firm trends in Asian markets and gains in power and utilities stocks. The decline in the intensity of Foreign Institutional Investor (FII) selling also contributed to improving sentiment in the domestic market. The Sensex surged by 585.25 points or 0.78 percent from the day’s low, reaching an intraday high of 74,741.25. Similarly, the Nifty rose by 178.1 points or 0.79 percent, touching 22,676.75 during the morning session. Among the top gainers were Power Grid, Bajaj Finance, Bajaj Finserv, NTPC, Hindustan Unilever, Adani Ports, Bharti Airtel, Nestle India, HCL Technologies, and Infosys. On the other hand, IndusInd Bank, Mahindra & Mahindra, Zomato, Titan, Larsen & Toubro, and Maruti Suzuki India were among the major laggards. Stock Market LIVE Updates Key Factors Behind the Rally: 1) Decline in Crude Oil Prices: A drop in global crude oil prices gave a boost to investor confidence. Brent crude, the global oil benchmark, fell by 0.51 percent to USD 70 per barrel. The decline followed concerns over U.S. growth, uncertainty surrounding U.S. tariffs, and OPEC+'s decision to increase output. Crude price movements have a direct impact on Indian stocks, as India is a net importer of crude oil. Lower oil prices ease inflationary pressures and reduce costs for oil-dependent industries, benefiting the broader market. 2) FII Selling Declines: The intensity of FII selling has shown signs of easing. On Friday, FIIs offloaded equities worth Rs 2,035.10 crore. V K Vijayakumar, Chief Investment Strategist at Geojit Financial Services, noted, ""FII selling continued into March, but the pace has slowed in the past few days. As of March 7, FIIs had sold equities worth Rs 24,753 crore, bringing total equity sales in CY 2025 to Rs 1,37,354 crore."" 3) US Tariff Delay: The suspension of certain U.S. tariffs on Mexican and Canadian imports, along with a delay in the full imposition of tariffs, offered relief to global markets. President Trump announced that the one-month exemption would apply to goods covered under the USMCA trade agreement. Devarsh Vakil, Head of Prime Research, HDFC Securities, said, ""Market volatility persisted amid uncertainty over President Trump's announced tariffs -- 25 per cent on Canadian and Mexican imports and an additional 10 per cent on Chinese imports-- though the administration later announced various exemptions and delays."" In Asian markets, Tokyo and Seoul were trading higher, while Shanghai and Hong Kong were quoting in the red zone. Additionally, China’s consumer price index fell at the sharpest rate in 13 months in February, which, along with ongoing producer price deflation, might lead to increased activity in the Indian market. Technical Analysis Outlook: Anand James, Chief Market Strategist at Geojit Financial Services, stated, “We are nearing the highs seen in the last week of February, followed by a significant breakdown. The 20-day Simple Moving Average (SMA) is also not far off. The shooting star candlestick pattern observed on Friday signals indecision or a potential downtrend. If the market avoids slipping below 22,470, the objective of 23,000 could remain intact. Alternatively, if a downturn occurs, the support level at 22,245 will be crucial to watch.”"
07 Mar 2025,"Stocks to Watch Today: TCS, Quess Corp, Power Grid Corporation, Eris Lifesciences, Omaxe, Kalpataru Projects, Biocon in focus on 7 March",https://www.moneycontrol.com/news/business/markets/stocks-to-watch-today-tcs-quess-corp-power-grid-corporation-eris-lifesciences-omaxe-kalpataru-projects-biocon-in-focus-on-7-march-12958548.html,"Stocks to Watch, Mar 7: Stocks like Tamilnad Mercantile Bank, NMDC, Jindal Stainless, Sudarshan Pharma Industries, Brigade Enterprises, Rail Vikas Nigam, RITES, Laurus Labs, Bharat Electronics, InterGlobe Aviation, Firstsource Solutions, TCPL Packaging, Avanti Feeds, Campus Activewear, and Balaji Phosphates will be in focus on March 7.",Stocks to Watch Today,"Let's catch up on the latest news from the stock market. From significant investments to major deals, order wins, appointments and acquisitions, here’s a quick look at which stocks will be in focus in today's trade: Stocks to Watch Tata Consultancy Services (TCS) The IT services company has signed an expanded deal with Northern Trust, a global financial institution, to centralize and standardize its custody operations across 99 direct and global markets. TCS will deploy its comprehensive TCS BaNCSTM Global Securities Platform for Northern Trust, which has $17.4 trillion in assets under custody and administration as of December 2024. Power Grid Corporation of India Power Grid has been declared the successful bidder to establish an inter-state transmission system in Andhra Pradesh. It has received a Letter of Intent for the project, which comprises the augmentation of transformation capacity at the existing Kurnool-III substation and extension works at the existing C’peta substation, along with a 765kV D/C transmission line. Quess Corp The business services company has received the approval of the Composite Scheme of Arrangement for the demerger from the National Company Law Tribunal (NCLT), Bangalore, leading to the creation of three publicly listed entities. Upon the demerger, all Quess Corp shareholders on the record date will receive one equity share in each of the resulting companies for every equity share held in Quess Corp. Tamilnad Mercantile Bank The bank has revised its one-year marginal cost of funds-based lending rate (MCLR) to 9.60% from 9.75% earlier, and its repo-linked lending rate (RLLR) to 9.25% from 9.45% earlier, effective March 7. InterGlobe Aviation The Government of India has appointed Amitava Mukherjee as Chairman & Managing Director on the board of the company, effective March 6. Eris Lifesciences As part of Eris Group's internal restructuring of its holdings, the company has transferred 100% of its holdings in two entities—Eris Oaknet Healthcare and Aprica Healthcare—to its subsidiary Eris Therapeutics, for Rs 861.9 crore. Jindal Stainless The company has completed the divestment of its 26% stake in Jindal Coke for Rs 194.89 crore. With this, Jindal Coke has ceased to be an associate of the company. Sudarshan Pharma Industries Sachin Mehta has resigned as Chief Financial Officer of the company, effective April 1, 2025. However, he will continue as the Joint Managing Director of the company. The Board has appointed Manoj Lodha as Executive Director and Chief Financial Officer of the company, effective April 1. Omaxe The company's subsidiary, Omaxe World Street, has received RERA Registration Certificates from the Haryana Real Estate Regulatory Authority (HRERA) for two of its new commercial projects (New Singapore and Clarkee) in Faridabad, Haryana. Brigade Enterprises The company has launched a premium residential project—Brigade Altius—in Chennai, spanning 6.5 acres with a total development area of 1.4 million square feet. The project has a revenue potential of Rs 1,700 crore. Rail Vikas Nigam The company has received a Letter of Acceptance from South Western Railway for a project worth Rs 156.35 crore. The project involves engineering, procurement, and construction (EPC) for the design, supply, erection, testing, and commissioning of a 2X25 KV OHE & PSI system, including electrical general services, engineering, and telecommunication works between Rayadurga and Pavagada. Kalpataru Projects International The company has secured new orders worth Rs 2,306 crore in the transmission and distribution business in overseas markets, as well as in building projects in India. With these orders, its order intake to date in FY25 has reached around Rs 22,500 crore. RITES The company has received a Letter of Acceptance from South Central Railway for a project worth Rs 27.9 crore. The project involves carrying out a final location survey for the High-Speed Elevated Rail Corridor between Hyderabad-Bengaluru and Hyderabad-Chennai. Laurus Labs The board has approved an investment of Rs 83.3 crore in KRKA Pharma, a joint venture of the company. Further, KRKA d.d., Novo mesto, Slovenia (co-venturer), will also invest Rs 86.7 crore in KRKA. With this, they will maintain the existing shareholding ratio of 51:49 between KRKA d.d., Novo mesto, and Laurus Labs. The purpose of this investment is to acquire land and meet the initial cost of setting up a manufacturing facility for the production of finished products for new markets, including the Indian market. Bharat Electronics The company has secured additional orders worth Rs 577 crore since February 20. Major orders include airborne electronic warfare products, advanced composite communication systems for submarines, Doppler weather radar, train communication systems, radar upgrades, spares, services, etc. With these, the total accumulated orders received by BEL during the current financial year stand at Rs 13,724 crore. Biocon The company's subsidiary, Biocon Biologics, announced a strategic collaboration agreement with Civica, Inc. to expand access and affordability of Insulin Aspart in the United States. As per the agreement, Biocon Biologics will supply Insulin Aspart drug substance to Civica, Inc., which will use the drug substance to produce Insulin Aspart drug products, a rapid-acting insulin analog, at its manufacturing facility in Petersburg, Virginia. InterGlobe Aviation IndiGo, with its long-haul debut, announced non-stop flights to Manchester and Amsterdam. The service to Manchester will be the only direct route from India to the North of the UK. The operations are expected to commence during the summer schedule from July 2025. Firstsource Solutions The RP-Sanjiv Goenka Group company announced the launch of its Agentic AI Studio, a solution designed to transform the future of work. TCPL Packaging The company has inaugurated its new greenfield facility in Chennai, which will increase its capacity to manufacture paperboard cartons and strengthen its pan-India presence, enhance logistics, and improve service capabilities. Block Deals Avanti Feeds IIFL Facilities Services acquired a 4.38% stake in the company at an average price of Rs 786 per share from Thai Union Asia Investment Holding, amounting to Rs 469.8 crore. Campus Activewear Fidelity India Fund and Fidelity Funds - India Focus Fund bought an additional 1.63% stake in the company at an average price of Rs 258.5 per share from promoter Hari Krishan Agarwal, valued at Rs 129.25 crore. SME Listing on March 7 Balaji Phosphates Stocks Trade Ex-Dividend SBI Life Insurance CompanyMetro Brands Stock Trades Ex-Date for Bonus & Split Pradhin Stock Trades Ex-Date for Rights Bisil Plast Stock Trades Ex-Date for Resolution Plan - Suspension Birla Cotsyn (India) Stocks in F&O ban Manappuram Finance"
05 Mar 2025,"Stocks to Watch Today: Biocon, Coforge, GE Vernova, Power Grid, JSW Energy, Welspun Specialty, Rail Vikas Nigam in focus on 5 March",https://www.moneycontrol.com/news/business/markets/stocks-to-watch-today-biocon-coforge-ge-vernova-power-grid-jsw-energy-welspun-specialty-rail-vikas-nigam-in-focus-on-5-march-12956530.html,"Stocks To Watch, Mar 5: Stocks like Ola Electric Mobility, Grasim Industries, RHI Magnesita India, Apollo Hospitals Enterprise, Walchandnagar Industries, ABB India, Mindteck India, Ambuja Cements, Oil and Natural Gas Corporation, Force Motors, Avanti Feeds, Banswara Syntex, SpiceJet, and Manappuram Finance will be in focus on March 5.",Stocks to Watch Today,"Let's catch up on the latest news from the stock market. From significant investments to major deals, order wins, and acquisitions, here’s a quick look at which stocks will be in focus in today's trade: Stocks to Watch Biocon The company's subsidiary, Biocon Pharma, has received final approvals for its two ANDAs - Lenalidomide capsules and Dasatinib tablets - from the US Food and Drug Administration (US FDA). Lenalidomide is used to treat multiple myeloma, mantle cell lymphoma, and anemia in myelodysplastic syndromes in adults. Dasatinib tablets are used to treat Philadelphia chromosome-positive chronic myeloid leukemia. Biocon Pharma also received tentative approval for its ANDA for Rivaroxaban tablets, which are used in the treatment of deep vein thrombosis and pulmonary embolism. Coforge The digital services and solutions provider has signed a new agreement with Nasdaq-listed travel technology company Sabre Corporation to accelerate product delivery and launch additional innovative AI-enabled solutions. Adani Wilmar The company has signed a definitive agreement to acquire GD Foods Manufacturing (India), the owner of the 'Tops' brand. The acquisition will be executed in multiple tranches, with 80% of the shares to be acquired in the first tranche and the remaining 20% to be acquired over the next three years. Ola Electric Mobility The company has received a letter from IFCI regarding the non-achievement of Milestone-1 as per Schedule M of the Programme Agreement dated July 28, 2022. The company is actively engaged with the relevant authorities in this regard and is in the process of filing an appropriate response. The company's subsidiary, Ola Cell Technologies, has entered into a Programme Agreement with the Ministry of Heavy Industries for availing of the Production Linked Incentive Advanced Chemistry Cell (PLI ACC) scheme. GE Vernova T&D India The company has received three orders worth Rs 500 crore from Power Grid Corporation of India for the supply and installation of transformers and reactors under bulk procurement. Power Grid Corporation of India The company has been declared the successful bidder for three projects to establish an inter-state transmission system under the Build, Own, Operate, and Transfer (BOOT) basis. The three projects include the transmission system for the evacuation of power from the Rajasthan REZ Ph-V complex, augmentation of transformation capacity at Banaskantha (Raghanesda) PS (GIS), and the transmission system for the integration of Kurnool-IV REZ - Phase-I (for 4.5 GW). Grasim Industries The company has commenced the commercial production of Birla Opus Paints at its plant in Mahad, Maharashtra. With this, 5 out of its total 6 greenfield plants have commenced commercial production, and the installed capacity of decorative paints sold under the brand Birla Opus has reached 1,096 million litres per annum (MLPA). RHI Magnesita India The company's subsidiary, Intermetal Engineers (India), has executed a Share Purchase Agreement with Ashwath Technologies (Ashwath) and the existing shareholders to acquire 100% of Ashwath's shareholding for Rs 14 crore. Apollo Hospitals Enterprise The company plans to commission a comprehensive Oncology Centre, including India's first Proteus One Proton System along with ancillary equipment, over the next three years at a cost of Rs 250 crore. Walchandnagar Industries The company has announced a deal to acquire a 60.3% stake in AiCitta Intelligent Technology, a company engaged in R&D and the manufacture of unmanned ground vehicles (UGVs). Saint-Gobain Sekurit India Jeyendran Jayaseelan has resigned from his position as Chief Financial Officer of the company. He will cease to be associated with the company effective March 25, 2025. ABB India ABB Motion has announced a strategic investment through ABB Motion Ventures in the AI start-up UptimeAI, aiming to transform how industrial customers manage the health and performance of motors, drives, and related assets. The transaction consists of ABB taking a minority stake in UptimeAI. Mindteck India Anand Balakrishnan has resigned as Managing Director and Chief Executive Officer of the company, effective May 31, 2025. Ambuja Cements The Competition Commission of India has unconditionally approved the acquisition of a 72.8% stake in Orient Cement by Ambuja Cements. Welspun Specialty Solutions Bharat Heavy Electricals (BHEL, Trichy) has notified Welspun Specialty Solutions as the L1 bidder for the supply of 4,050 tons of stainless steel seamless boiler tubes for a series of supercritical thermal power projects. The total supply contract value will be Rs 231.77 crore. Oil and Natural Gas Corporation The company's subsidiary, ONGC Green, has acquired a 100% equity stake in PTC Energy for Rs 925 crore. PTC Energy is engaged in the renewable energy business and has an aggregate operational wind generation capacity of 288.80 MW. Further, PTC Energy operates 157 wind turbine generators (WTGs) across all its wind farms. JSW Energy The Competition Commission of India has approved the acquisition of KSK Mahanadi Power Company by the company. Rail Vikas Nigam The company has received a Letter of Acceptance for a project worth Rs 729.82 crore from HPSEBL. The project involves the development of distribution infrastructure at the Central Zone of Himachal Pradesh under the Revamped Reforms-based and Results-linked Distribution Sector Scheme (Loss Reduction Work). Force Motors The company announced total sales of 3,600 units in February 2025, growing 46.28% over the 2,461 units sold in February 2024. Bulk Deals Avanti Feeds IIFL Facilities Services acquired a 4.38% stake in the company at an average price of Rs 728 per share, from Thai Union Asia Investment Holding, amounting to Rs 435.15 crore. Banswara Syntex Cofipalux Invest S.A. sold a 2.92% stake in the company at an average price of Rs 121.66 per share, valued at Rs 12.16 crore. SpiceJet Plutus Wealth Management LLP acquired a 0.7% stake in the airline company at an average price of Rs 46 per share, amounting to Rs 41.4 crore. SME Listing on March 5 Shreenath Paper Products Stocks Trade Ex-Bonus Anand Rathi WealthVantage Knowledge Academy Stocks in F&O ban Manappuram Finance"
