Date,Title,URL,Article Description,Article Text,Article Content
29 Aug 2025,"Yes Bank shares jump 4% after report says SMBC set to infuse Rs 16,000 crore",https://www.moneycontrol.com/news/business/markets/yes-bank-shares-jump-4-after-report-says-smbc-set-to-infuse-rs-16-000-crore-13499072.html,"Yes Bank share price: The proposed infusion by the Japanese financial giant is aimed at strengthening Yes Bank's balance sheet, and is seen to be a precursor to SMBC taking an ownership position, ET reported",Yes Bank shares jump,"Yes Bank shares jumped nearly 4 percent in the morning trading hours of August 29. This comes after a report by the Economic Times said that SMBC is set to invest Rs 16,000 crore ($1.83 billion) in the Indian private lender through a combination of equity and debt. The proposed infusion by the Japanese financial giant is aimed at strengthening Yes Bank's balance sheet, and is seen to be a precursor to SMBC taking an ownership position, ET reported, citing people familiar with the matter. The reported infusion will comprise Rs 7,500 crore in equity, and Rs 8,500 crore in debt. This will be in addition to the Rs 13,500 crore that SMBC has committed to pay the lender's existing shareholders, including State Bank of India (SBI) and others, for acquiring a 20 percent stake in Yes Bank, the report further said. The Rs 16,000-crore infusion will be reflected in Yes Bank's books, while the Rs 13,500 crore will be paid to the bank's shareholders to facilitate their exit, according to the report. Moneycontrol couldn't independently verify the report. As part of the debt funding, SMBC will opt for yen-dominated bonds equivalent to Rs 8,500 crore, priced below 2 percent, to ensure low-cost, long-term funding, ET cited a source as saying. The equity infusion of Rs 7,500 crore will be done through a foreign currency convertible bonds (FCCBs), in order to boost its capital, the source added. Last week, Yes Bank said that the RBI has accorded approval to Japan-based Sumitomo Mitsui Banking Corporation (SMBC) to acquire up to 24.99 percent stake in the lender. This came after Yes Bank in May disclosed that SMBC proposed to acquire 20 percent holding in the lender through a secondary stake purchase of 13.19 percent stake from the State Bank of India (SBI) and 6.81 percent share from seven other shareholders. Other shareholders are Axis Bank, Bandhan Bank, Federal Bank, HDFC Bank, ICICI Bank, IDFC First Bank and Kotak Mahindra Bank. Yes Bank shares were trading at around Rs 19.41 apiece in the morning. The shares have gained nearly 16 percent in the past six months, and have a P/E ratio of over 21. Also read: Our LIVE blog on stock market updates"
28 Aug 2025,"Union Bank, PSB, other PSU bank stocks fall up to 2%, index extends losses for 6th session",https://www.moneycontrol.com/news/business/markets/union-bank-psb-other-psu-bank-stocks-fall-up-to-2-index-extends-losses-for-6th-session-13495903.html,"HDFC Bank, ICICI Bank and other private lender stocks also dropped. This pushed the Nifty Bank index down nearly 1%.",Banks stocks decline,"The shares of several PSU banks dropped in trade on August 28, pushing the sectoral index down into the red for the sixth consecutive session. The Nifty PSU Bank index was down nearly 0.7 percent to hover around 6,803 in the afternoon. The index has now dropped nearly 5 percent in six consecutive sessions of recording losses. Punjab & Sind Bank (PSB) was the top loser on the index, dropping nearly 2 percent to trade at around Rs 28 apiece. Union Bank of India, Bank of Maharashtra, UCO Bank and Bank of India shares fell more than 1 percent each. Punjab National Bank (PNB), Canara Bank and Central Bank of India shares fell around 1 percent each, while Bank of Baroda, Indian Bank, State Bank of India (SBI) and Indian Overseas Bank (IOB) shares were trading in the red with marginal losses. Private bank stocks also dropped, with AU Small Finance Bank shares being down nearly 2 percent. Heavyweights HDFC Bank and ICICI Bank were down over 1 percent each. Kotak Mahindra Bank, Canara Bank, Bank of Baroda and IDFC First Bank shares were down nearly 1 percent each. The sharp drop in bank stocks pushed the Nifty Bank index down nearly 0.9 percent to stand at 53,969 in the afternoon. ""Bank Nifty continues to remain sluggish. Bank Nifty, with a bearish candle formation, has broken below the important and crucial support zone at the 55,000 level to weaken the bias and sentiment, expecting a further slide with the next major support visible near the 53500 zone. For the bias to improve, the index needs to witness a revival and move past the significant 50EMA level at the 55700 zone to establish some conviction and thereafter expect a further rise in the coming days. Bankex with profit booking witnessed a slip down below the 61000 zone to weaken the bias, and further ahead, a decisive breach below the important support of the 200 DMA level of 59900 shall trigger fresh selling pressure with the next major and crucial support positioned near the 58300 zone. For the bias to improve, the index needs to move past the resistance hurdle of the 50EMA level of 62300 to anticipate further rise in the coming days. BankNifty would have the daily range of 53800-55000 levels,"" said Vaishali Parekh, Vice President - Technical Research at PL Capital, while explaining the technical side of the index. Notably, the Indian government has appointed global investment banking firm Goldman Sachs as the transaction advisor for the stake sale in four public sector banks - UCO Bank, Central Bank of India, Punjab & Sind Bank, and Indian Overseas Bank (IOB). The government will likely dilute its equity stake in each of the four banks by up to 5% over the next two to three years, CNBC-TV18 reported. Also read: Our LIVE blog on stock market updates"
25 Aug 2025,SBI Chairman CS Setty asks subsidiaries to step up: Report,https://www.moneycontrol.com/news/business/banks/sbi-chairman-cs-setty-asks-subsidiaries-to-step-up-report-13484590.html,"Setty told the subsidiaries that its top executives are paid salaries as per industry standards, and hence, they must perform accordingly to justify that, the report added.",SBI chairman CS Setty,"State Bank of India (SBI) has asked its subsidiaries to improve their performance, with Chairman CS Setty warning that underperformance will not be tolerated, Mint report citing people familiar with the matter. Setty, who took over the helm of India's largest bank from predecessor Dinesh Khara last year, told the subsidiaries that its top executives are paid salaries as per industry standards, and hence, they must perform accordingly to justify that, the report added. SBI will review all its seven frontline subsidiaries, starting from SBI Card and SBI Capital Markets. It will then move on to insurance and other subsidiaries, the report said. Notably, SBI has a total of 18 subsidiaries, out of which, two are listed – SBI Card and SBI Life Insurance. The recent exits at SBI Capital Markets was a result of this approach, the newspaper further reported citing sources. It had earlier claimed that three senior executives had exited from the SBI subsidiary, as part of a restructuring exercise. Moneycontrol couldn't independently verify the reports. This comes after Finance Ministry asked public sector banks (PSBs) to look at monetising their investment in subsidiaries by listing them at bourses after further scaling up operations so that they realise a good return, PTI reported. As a precursor to monetisation, banks should improve governance, professional decision-making and bring in greater operational efficiency in their subsidiaries, PTI had reported, adding that State Bank of India may look at listing SBI General Insurance and SBI Payment Services in the future after they scale up their operations. SBI shares were trading in the green with marginal gains at Rs 817 apiece, as seen at 11.50 am. The stock has gained nearly 15 percent in the past six months, and currently has a P/E ratio of over 9. Also read: Our LIVE blog on stock market updates"
18 Aug 2025,"Bajaj Finance, Axis Bank, HDFC Bank shares rise up to 6% on S&P upgrade, GST reform cheer",https://www.moneycontrol.com/news/business/markets/bajaj-finance-axis-bank-hdfc-bank-shares-rise-up-to-6-on-s-p-upgrade-gst-reform-cheer-13461688.html,"The Nifty Bank index was up more than 1.3 percent to hover around 56,035, while the Nifty Financial Services index rose nearly 2 percent to stand at 26,810, as seen at 10.10 am.","Bajaj Finance, Axis Bank, HDFC Bank shares jump up to 6%: S&P upgrade among key factors","The shares of banks and non-banking financial institutions saw strong rise in the morning trading hours of August 18. The sharp rise in the share prices pushed the Nifty Bank and Nifty Financial Services indices higher in the deep green. The Nifty Bank index was up more than 1.3 percent to hover around 56,035, while the Nifty Financial Services index rose nearly 2 percent to stand at 26,810, as seen at 10.10 am. Here are some of the key reasons leading to the uptrend in the financial pocket of the stock market: S&P upgrade: International credit ratings agency S&P Global on August 15 upgraded ratings of top 10 financial institutions, saying that India's financial institutions will continue to ride the country's good economic growth momentum. S&P has raised long-term issuer credit ratings on seven Indian banks - State Bank of India (SBI), ICICI Bank, HDFC Bank, Axis Bank, Kotak Mahindra Bank, Union Bank of India, and Indian Bank, and three finance companies - Bajaj Finance, Tata Capital, and L&T Finance. ""We expect India's banks to maintain adequate asset quality, good profitability, and enhanced capitalization over the next 12-24 months. This is despite some pockets of stress,"" S&P said, adding, credit risk in the system has reduced. This boosted investor sentiment for the stocks, as well as the broader sector, a day after US-based agency raised India's sovereign credit rating. ""S&P upgrade...is a significant macro and structural positive for the overall Indian market, likely supporting incremental valuation expansion driven by lower bond yields and decreased risk perception. Moreover, a higher sovereign rating will drive better FPI debt flows and lead to better USDINR and GOI bond yields. Foreign currency-heavy borrowers can benefit from lower interest costs. Indian financial companies, such as Bajaj Finance, accessing the ECB market could see a 15-20bp reduction on their coupon payments,"" said Motilal Oswal Financial Services. GST reforms: While delivering his Independence Day speech, Prime Minister Narendra Modi hinted at the next generation of Goods and Services Tax (GST) reforms to be announced as a Diwali gift for consumers. The Centre has proposed to move towards ""simple tax"" with 2 slabs—""standard and merit"", with special rates applicable for only for select few items. According to reports, this will significantly reduce tax burden on consumers aiming to buy several items, like electronics and other consumer durables. More demand for consumer durables may in turn boost stocks like Bajaj Finance who offer affordable EMIs to consumers to purchase several goods. Broader market uptrend: The sharp rise in the share prices also comes amid broader optimism in the stock market today. Sensex jumped over 1,000 points to hover around 81,629, while Nifty crossed the key 25,000-mark level. HDFC AMC and several other stocks will likely be strongly benefitted from the optimism in the stock markets. Bajaj Finance shares jumped more than 6 percent, while Chola Finance, ICICI Prudential Life Insurance Company, Bajaj Finsev and SBI Life shares were up more than 4 percent, leading the strong gains on the Nifty Financial Services index. IndusInd Bank shares rose nearly 3 percent, while AU Small Finance Bank, IDFC First Bank and Kotak Mahindra Bank shares were up nearly 2 percent each. Heavyweights ICICI Bank, HDFC Bank and Axis Bank shares were up more than 1 percent each, while SBI and PNB shares were hovering in the green with marginal gains. Also read: Our LIVE blog on stock market updates"
18 Aug 2025,"Trade Spotlight: How should you trade Eicher Motors, HDFC Life, Manappuram Finance, UNO Minda, Tube Investments, PB Fintech, and others on August 18?",https://www.moneycontrol.com/news/business/markets/trade-spotlight-how-should-you-trade-eicher-motors-hdfc-life-manappuram-finance-uno-minda-tube-investments-pb-fintech-and-others-on-august-18-13460767.html,The market is expected to remain in consolidation mode until it reclaims all key moving averages. Below are some short-term trading ideas to consider.,Top Buy Ideas for August 18,"The benchmark indices closed flat with a positive bias on August 14, extending their upward journey for the second straight session, but the market breadth was in favour of bears. A total of 1,752 shares saw selling pressure compared to 1,128 shares that advanced on the NSE. The market is expected to remain in consolidation mode until it reclaims all key moving averages. Below are some short-term trading ideas to consider: Osho Krishan, Chief Manager - Technical & Derivative Research at Angel One Manappuram Finance | CMP: Rs 266  Manappuram Finance has demonstrated a robust recovery over the last couple of trading weeks and has now surpassed all major EMAs on the daily chart. The stock has retraced to the neckline of the breakout and has gained traction again, suggesting potential for increased momentum in the short term. The alignment of momentum indicators with the positive crossover among EMAs and a robust increase in trading volumes during the recent period indicates the likelihood of sustained momentum in the foreseeable future. We recommend buying the stock around Rs 264–260. Strategy: Buy Target: Rs 294, Rs 300 Stop-Loss: Rs 245 Titan Company | CMP: Rs 3,489.4  Titan Company has seen a decent surge in recent times, followed by consolidation resembling a ‘Double Bottom’ pattern on the daily chart structure. The stock has been hovering slightly above its 20 DEMA, with bullish bias. Additionally, the counter has witnessed a higher low formation on the daily chart and has showcased a positive crossover on technical indicators, adding to the bullish sentiment. The SuperTrend has also turned bullish after the recent surge. From a risk-reward point of view, the counter is firmly aligned with a favourable setup for the short to medium term. Hence, we recommend buying Titan around Rs 3,480–3,460. Strategy: Buy Target: Rs 3,630, Rs 3,680 Stop-Loss: Rs 3,350 UNO Minda | CMP: Rs 1,149.8  UNO Minda has recently experienced a notable spurt in price and volume, characterized by a multi-week breakout. Additionally, the stock has been trading at new highs in the current calendar year, with favourable technical parameters suggesting a bullish bias. From a technical perspective, the MACD indicator has demonstrated a positive crossover around the zero line, contributing to an optimistic outlook for the stock. Hence, we recommend buying UNO Minda around Rs 1,120–1,100. Strategy: Buy Target: Rs 1,250, Rs 1,260 Stop-Loss: Rs 1,040 Jay Mehta, Technical Research at JM Financial Services Tube Investments of India | CMP: Rs 3,063.6  Tube Investments of India, after breaking out from a double bottom pattern, was trading within a wedge formation. Recently, it broke above the wedge and is currently trading above its 20-day and 50-day EMAs, approaching its 200-day EMA. A breakout above the 200-day EMA could further strengthen its bullish momentum. Rising volumes indicate strong buying interest, supporting the bullish outlook. The stock has shown good relative strength and has outperformed the Nifty over the last 6 months. On the daily chart, the RSI stands at 63 with a positive crossover, trending upward, while the rising MACD histogram signals robust momentum. A bullish Marubozu candle on the weekly chart reinforces the strong continuation pattern. Strategy: Buy Target: Rs 3,400, Rs 3,550 Stop-Loss: Rs 2,844 TBO Tek | CMP: Rs 1,444  TBO Tek was trading in a descending triangle pattern since June 30 but recently broke out above it. It has reclaimed its position above the 200-day EMA and is trading above all key short- and long-term moving averages. Volume is gradually increasing on the positive side, indicating growing buying interest. The daily RSI is at 63 and is maintaining its position above 50 levels, showing strong stock strength and suggesting that every small fall is countered with good buying interest. The rising MACD histogram supports continued bullish momentum. The stock exhibits relative strength and has outperformed the Nifty in the past 3 months. The immediate resistance is at Rs 1,508, and a breakout above this level could trigger a significant upward move. Strategy: Buy Target: Rs 1,582, Rs 1,600 Stop-Loss: Rs 1,363 PB Fintech | CMP: Rs 1,834.2  PB Fintech was in a long consolidation phase after a bearish gap-down on January 13. On June 4, it broke above the consolidation pattern, filling the bearish gap between Rs 1,800–1,840. Subsequently, it marked a high of Rs 1,978, then entered a tight wedge consolidation. On August 11, the stock broke out above the wedge with strong volume, signaling robust buying interest. It is trading above all key moving averages, with the daily RSI above 50 and a rising MACD histogram, indicating sustained bullish momentum. The stock has shown good relative strength and has outperformed the Nifty over the last 6 months. The price can test the recent swing high of Rs 1,978, and sustaining above this level could open the path to higher levels. Strategy: Buy Target: Rs 1978, Rs 2,100, Rs 2,170 Stop-Loss: Rs 1,709 Hardik Matalia, Derivative Analyst at Choice Broking Eicher Motors | CMP: Rs 5,764  Eicher Motors has recently given a breakout from a Symmetric Triangle formation on the daily chart. Prior to this breakout, the stock had undergone a consolidation phase at higher levels, indicating healthy profit booking and base building. The breakout has been supported by consistent trading volumes, reflecting strong participation and growing investor confidence. If the stock manages to sustain above the Rs 5,800 level, it could pave the way for further upside, potentially leading to new lifetime highs. Such price action would confirm the continuation of the prevailing bullish trend. The Relative Strength Index (RSI) stands at 66.14, trending strongly upwards, highlighting strengthening momentum and buying interest. Additionally, the stock is comfortably holding above all its key moving averages — short-term, medium-term, and long-term EMAs — underlining its strong underlying trend. Strategy: Buy Target: Rs 6,350 Stop-Loss: Rs 5,475 HDFC Life Insurance Company | CMP: Rs 788.75  HDFC Life Insurance remains in a long-term uptrend, consistently forming higher highs and higher lows over the past few months. Recently, after hitting a record high, the stock witnessed a healthy retracement toward its demand zone. From this support area, it has staged a reversal, also forming a Double Bottom pattern on the daily timeframe — a classic bullish reversal formation. If the stock manages to sustain above the Rs 800 mark, it could further extend its bullish trajectory and head higher toward the Rs 875 level. Such a move would reinforce the prevailing trend and signal renewed buying momentum. The RSI stands at 65.46 and is trending upwards, highlighting strong positive momentum. Furthermore, the stock has reversed from its demand zone and has reclaimed both its short-term and medium-term EMAs, signaling a revival of buying interest. From a price action standpoint, the formation of a Double Bottom coupled with a rebound from key support levels suggests that buyers are firmly regaining control. Strategy: Buy Target: Rs 875 Stop-Loss: Rs 745 State Bank of India | CMP: Rs 826.55  SBI has witnessed a bounce from lower levels after a period of range-bound movement. Recently, the stock has been trading within a parallel channel, indicating a phase of consolidation with defined support and resistance levels. Taking support from the lower boundary of this channel, the stock is now showing early signs of a potential reversal. A sustainable move above the Rs 840 mark could act as confirmation of this reversal, paving the way for further upside in the near term. Such a breakout would signal renewed bullish momentum and open the door for a move toward higher targets. The RSI is at 62.71, trending upwards, indicating improving strength in the underlying trend. Additionally, SBI has taken support from its long-term EMA and has successfully moved above both its short-term and medium-term EMAs, highlighting a strengthening technical structure. From a price action perspective, the channel support and EMA alignment suggest that buyers are gradually regaining control, with the current zone offering a favourable risk-reward setup. Strategy: Buy Target: Rs 910 Stop-Loss: Rs 785 Om Mehra, Technical Research Analyst, SAMCO Securities Aditya Birla Capital | CMP: Rs 273  Aditya Birla Capital has rebounded from the 50-day SMA, while the 20-day SMA and the 9-DEMA are providing layered support beneath the current price. The recent candles reflect a higher high formation after the early August low, signalling a steady recovery. The RSI has improved to 55 from the neutral zone, indicating strengthening momentum. The MACD has crossed above the zero line, with the histogram turning positive, supporting the emerging bullish tone. There has been a decent rise in delivery-based participation, highlighting that the trend continuation is likely to remain intact. The price is now positioned above multiple moving averages, creating a strong base for a short-term pullback. Strategy: Buy Target: Rs 286 Stop-Loss: Rs 266 Endurance Technologies | CMP: Rs 2,602.20  Endurance Technologies has moved above the mid-Bollinger band, signalling the early stages of a recovery phase after consolidation. The stock displays a higher lows formation, with multiple moving average supports clustering near the Rs 2,550–2,570 zone. The RSI has improved to 52 from the mid-40 levels, indicating a pickup in momentum. The MACD is turning higher toward a potential bullish crossover, and the histogram is printing green bars. The weekly candle has a follow-up green close, hinting at the potential for expansion on the higher side. A notable rise in volumes on up-days further validates accumulation at current levels. The overall setup suggests a continuation if the stock sustains above immediate supports. Strategy: Buy Target: Rs 2,740 Stop-Loss: Rs 2,530 GMR Airports | CMP: Rs 90.77  GMR Airports has registered a strong bounce from the lower boundary of a falling channel. The recovery has pushed the price back above the 9-day and 20-day SMAs, with the daily SuperTrend also providing underlying support. The stock displays a cup-and-handle pattern, providing additional confirmation of a bullish setup. The RSI has improved to 53 from the neutral zone, suggesting strengthening momentum. The MACD is edging toward a potential bullish crossover. The stock’s recent rebound also aligns with the neckline zone of a prior cup formation, adding strength. The volume trend shows steady participation alongside the price rise, strengthening the setup. Any short-term pullback toward the Rs 89.50 zone would offer a better range entry. Strategy: Buy Target: Rs 94.50 Stop-Loss: Rs 88.30"
14 Aug 2025,Buy State Bank of India; target of Rs 970: ICICI Securities,https://www.moneycontrol.com/news/business/earnings/buy-state-bank-of-india-target-of-rs-970-icici-securities-13455861.html,"ICICI Securities is bullish on State Bank of India has recommended buy rating on the stock with a target price of Rs 970 in its research report dated August 10, 2025.",BUY,"ICICI Securities's research report on State Bank of India Amidst tough macro environment, SBI reported yet another steady quarter with ~12% YoY growth in loans, deposits and PAT. NIM decline was arrested at 10bps QoQ (even lower adjusted for IT refund); SBI expects a healthy pull back in H2FY26. CA growth surged further YoY. Despite subdued growth in Xpress credit, overall RAM growth sustained at ~14% YoY led by SME/home loans at 19%/15% YoY. Fee growth was strong at 10% YoY which, along with treasury gains, led to a healthy RoA print of 1.14%. Net NPA was stable at 47bps. Seasonality drove slippages higher QoQ, but improved YoY. We bake in the recent INR 250bn capital raise. We revise our FY26E/27E EPS upwards by 5-6% each and expect strong RoA of 1% for both years. Outlook Retain BUY; TP revised to INR 970. We argue that treasury gains for SBI appear recurring and less risky. Despite sluggish growth in Xpress credit, SBI has delivered superior growth in overall retail loans suggesting improved execution. For all recommendations report, click here State Bank of India_13082025_ICICI Securities"
12 Aug 2025,Buy State Bank of India; target of Rs 960: Prabhudas Lilladher,https://www.moneycontrol.com/news/business/stocks/buy-state-bank-of-india-target-of-rs-960-prabhudas-lilladher-13436077.html,"Prabhudas Lilladher is bullish on State Bank of India has recommended buy rating on the stock with a target price of Rs 960 in its research report dated August 09, 2025.",buy,"Prabhudas Lilladher's research report on State Bank of India SBI saw a decent quarter as core PPoP beat PLe by ~4%. NII/NIM was a miss due to lower NIM that was offset by better opex/fees. Asset quality remains strong as net slippages were 20bps lower at 49bps despite Q1 generally seeing more stress. Bank is not seeing delinquencies in SME/unsecured. Loan growth was a bit muted at 0.8% QoQ due to de-growth in corporate that was led by higher prepayments and intense competition. Xpress growth although slower, is guided to pick up. We are factoring a 12.5% CAGR in credit over FY25-27E. NIM would see further pressure in Q2FY26 but may bottom out and pick-up from Q3FY26. While most banks surprised negatively on core earnings for Q1FY26, SBI delivered superior results. Outlook Stock is trading at 1.0x on Mar’27 core ABV; we keep multiple at 1.3x and SOTP-based TP at Rs960. Retain ‘BUY’. For all recommendations report, click here State Bank of India - 11082025 - prabhu"
12 Aug 2025,Buy State Bank of India; target of Rs 975: Emkay Global Financial,https://www.moneycontrol.com/news/business/stocks/buy-state-bank-of-india-target-of-rs-975-emkay-global-financial-2-13441967.html,"Emkay Global Financial is bullish on State Bank of India has recommended buy rating on the stock with a target price of Rs 975 in its research report dated August 10, 2025.",buy,"Emkay Global Financial' research report on State Bank of India SBI posted a ~6% beat on PAT at Rs192bn/1.1% RoA, led by higher other income (especially treasury gains) and controlled opex, partially offset by higher provisions. Credit growth remained well above the system’s at ~12% YoY, led by healthy growth in the retail and MSME segments, while corporate growth moderated due to higher pre-payments (Rs120bn). The management believes that the healthy pipeline on project financing, coupled with expected acceleration in mortgages in 2H, should support overall credit growth at ~12% with upward bias in FY26E. Margins could correct a bit in 2Q albeit improve in 2H, benefiting from the CRR/deposit rate cut and the recent capital raising with exit NIM at 3%. Outlook We largely retain FY26-28E earnings and expect the bank to deliver a healthy RoA of ~1.0-1.1%/RoE of ~15-17%. We maintain BUY with TP at Rs975 (valuing the SA bank at 1.2x Jun-27E ABV/subs at Rs270/sh). For all recommendations report, click here State Bank of India - 12082025 - emkay"
11 Aug 2025,Buy State Bank of India; target of Rs 908: LKP Research,https://www.moneycontrol.com/news/business/stocks/buy-state-bank-of-india-target-of-rs-908-lkp-research-13435004.html,"LKP Research is bullish on State Bank of India has recommended buy rating on the stock with a target price of Rs 908 in its research report dated August 11, 2025.",buy,"LKP Research's research report on State Bank of India State Bank of India (SBI) delivered a decent quarterly performance supported by healthy broad-based loan growth and improved profitability. This was on the back of strong operating efficiency amid high provision expense in a seasonally weak quarter. The bank’s NIM moderated on higher cost of deposits and is expected to remain range bound in the near term as deposit rates are expected to remain sticky despite recent repo rate cut. However, the impact of rate cut on margins is expected to be minimal due to its lower share of repo linked loans. Further, the bank’s asset quality continues to remain strong, in a challenging macro environment with effective collection efficiency and robust underwriting. With a continued focus on digital transformation, strategic provisioning buffers, and healthy capital levels, SBI is well-positioned to capitalize on improving macro conditions. Outlook Hence, we reiterate our BUY rating on the stock with a Sum-of-the-Parts (SOTP)-based target price of ₹908. This includes valuing the core bank at 1.3x FY27E BVPS, and attributing ₹119/share to its subsidiaries. For all recommendations report, click here State Bank of India - 11082025 - lkp"
11 Aug 2025,State Bank of India shares rise 1.78% in morning trade,https://www.moneycontrol.com/news/business/stocks/state-bank-of-india-shares-rise-1-78-in-morning-trade-alpha-article-13434042.html,"With the stock currently trading at Rs 818.60, State Bank of India has shown a positive trend in today's early trade on Nifty 50.",,"Shares of State Bank of India were trading at Rs 818.60 in Monday's session, a 1.78% increase from the previous close, as of 9:30 am. The stock is trading positively in early trade on Nifty 50. Financial Snapshot: Annual Income Statement The following table summarizes the annual income statement (Consolidated) of State Bank of India:Mar 2025Mar 2024Mar 2023Mar 2022Mar 2021Interest EarnedRs 490,937 CroreRs 439,188 CroreRs 350,844 CroreRs 289,972 CroreRs 278,115 CroreOther IncomeRs 172,405 CroreRs 155,386 CroreRs 122,533 CroreRs 117,000 CroreRs 107,222 CroreTotal IncomeRs 663,343 CroreRs 594,574 CroreRs 473,378 CroreRs 406,973 CroreRs 385,337 CroreTotal ExpenditureRs 537,482 CroreRs 495,543 CroreRs 379,744 CroreRs 330,519 CroreRs 306,402 CroreOperating ProfitRs 125,861 CroreRs 99,030 CroreRs 93,633 CroreRs 76,453 CroreRs 78,935 CroreProvisions & ContigenciesRs 19,451 CroreRs 7,714 CroreRs 18,184 CroreRs 40,059 CroreRs 54,618 CrorePBTRs 106,410 CroreRs 91,316 CroreRs 75,449 CroreRs 36,394 CroreRs 24,317 CroreTaxRs 27,358 CroreRs 23,091 CroreRs 18,839 CroreRs 0 CroreRs 0 CroreNet ProfitRs 79,052 CroreRs 68,224 CroreRs 56,609 CroreRs 36,395 CroreRs 24,317 CroreQuarterly Income Statement: The following table summarizes the quarterly income statement (Consolidated) of State Bank of India:Jun 2025Mar 2025Dec 2024Sep 2024Jun 2024Interest EarnedRs 125,728 CroreRs 126,997 CroreRs 124,653 CroreRs 121,044 CroreRs 118,242 CroreOther IncomeRs 41,263 CroreRs 52,565 CroreRs 43,199 CroreRs 42,757 CroreRs 33,882 CroreTotal IncomeRs 166,991 CroreRs 179,562 CroreRs 167,853 CroreRs 163,802 CroreRs 152,125 CroreTotal ExpenditureRs 132,499 CroreRs 145,195 CroreRs 140,288 CroreRs 130,742 CroreRs 121,289 CroreOperating Profit (incl. Excep Items)Rs 34,492 CroreRs 34,366 CroreRs 27,564 CroreRs 33,060 CroreRs 30,835 CroreProvisions & ContigenciesRs 5,263 CroreRs 7,469 CroreRs 1,998 CroreRs 5,585 CroreRs 4,407 CrorePBTRs 29,229 CroreRs 26,896 CroreRs 25,566 CroreRs 27,474 CroreRs 26,427 CroreTaxRs 7,602 CroreRs 6,955 CroreRs 6,391 CroreRs 7,254 CroreRs 6,746 CroreNet ProfitRs 21,626 CroreRs 19,941 CroreRs 19,175 CroreRs 20,219 CroreRs 19,680 CroreAnnual Balance Sheet: The following table presents the key figures from the consolidated balance sheet:Mar 2025Mar 2024Mar 2023Mar 2022Mar 2021Share CapitalRs 892 CroreRs 892 CroreRs 892 CroreRs 892 CroreRs 892 CroreReserves & SurplusRs 486,144 CroreRs 414,046 CroreRs 358,038 CroreRs 304,695 CroreRs 274,669 CroreDepositsRs 5,439,898 CroreRs 4,966,537 CroreRs 4,468,535 CroreRs 4,087,410 CroreRs 3,715,331 CroreBorrowingsRs 610,857 CroreRs 639,609 CroreRs 521,151 CroreRs 449,159 CroreRs 433,796 CroreLiabilities & ProvisionsRs 758,367 CroreRs 697,074 CroreRs 592,962 CroreRs 507,517 CroreRs 411,303 CroreTotal LiabilitiesRs 7,314,185 CroreRs 6,733,778 CroreRs 5,954,418 CroreRs 5,360,883 CroreRs 4,845,618 CroreFixed AssetsRs 46,337 CroreRs 44,708 CroreRs 44,407 CroreRs 39,510 CroreRs 40,166 CroreLoans & AdvancesRs 4,250,830 CroreRs 3,784,272 CroreRs 3,267,902 CroreRs 2,794,076 CroreRs 2,500,598 CroreInvestmentsRs 2,205,601 CroreRs 2,110,548 CroreRs 1,913,107 CroreRs 1,776,489 CroreRs 1,595,100 CroreOther AssetsRs 811,415 CroreRs 794,249 CroreRs 729,000 CroreRs 750,807 CroreRs 709,752 CroreTotal AssetsRs 7,314,185 CroreRs 6,733,778 CroreRs 5,954,418 CroreRs 5,360,883 CroreRs 4,845,618 CroreCapital Adequacy Ratios (%)1414141313Gross NPA (%)1.822.242.783.975.00Net NPA (%)0.470.570.671.021.50Contingent LiabilitiesRs 2,678,111 CroreRs 2,397,594 CroreRs 1,835,524 CroreRs 2,007,232 CroreRs 1,714,239 CroreFinancial Ratios: Key financial ratios for State Bank of India are as follows:Mar 2025Mar 2024Mar 2023Mar 2022Mar 2021Basic EPS (Rs.)86.9175.1762.3539.6425.11Diluted Eps (Rs.)86.9175.1762.3539.6425.11Book Value [Excl. Reval Reserve]/Share (Rs.)515.07434.06371.08316.22282.35Dividend/Share (Rs.)15.9013.7011.307.104.00Face Value11111Net Interest Margin (%)2.592.662.702.492.51Operating Profit Margin (%)21.8020.3419.9514.4910.58Net Profit Margin (%)16.0915.5116.1212.538.73Return on Networth / Equity (%)16.8717.3116.8012.538.89ROCE (%)1.911.631.741.571.77Return On Assets (%)1.060.990.930.650.46P/E (x)8.8810.018.4012.4514.51P/B (x)1.501.731.411.561.29CASA (%)38.7639.9242.6644.5145.40Capital Adequacy Ratios (%)14.2514.2814.6813.8513.74Corporate Actions State Bank of India announced a final dividend of Rs 15.90 per share (1590%) on May 5, 2025, with the effective date being May 16, 2025. Earlier dividends include Rs 13.70 per share in 2024, Rs 11.30 per share in 2023, Rs 7.10 per share in 2022 and Rs 4.00 per share in 2021. The company had a stock split on November 20, 2014, where the face value changed from Rs 10 to Rs 1. State Bank of India had its last audio recording of Analyst / Investors'' Interaction, was announced on August 8, 2025. With the stock currently trading at Rs 818.60, State Bank of India has shown a positive trend in today's early trade on Nifty 50."
08 Aug 2025,"SBI regains home loan crown, outpaces HDFC Bank by Rs 8,000 crore to top the housing segment",https://www.moneycontrol.com/banking/sbi-regains-home-loan-crown-outpaces-hdfc-bank-by-rs-8-000-crore-to-be-the-top-lender-article-13424095.html,"SBI’s home loan portfolio for Q1 FY26 stood at Rs 8.51 lakh crore as of June 30, 2025, marking a robust 15.05 percent year-on-year growth","SBI’s home loan portfolio for Q1 FY26 stood at Rs 8.51 lakh crore as of June 30, 2025, marking a robust 15.05 percent year-on-year growth","India's largest lender State Bank of India (SBI) has reclaimed its position as the top home loan lender, surpassing HDFC Bank by close to Rs 8,000 crore after a two-year gap in the June quarter, securing a 0.95 percent lead over its private sector peer. SBI’s home loan portfolio for Q1FY26 stood at Rs 8.51 lakh crore as of June 2025, which is a 15.05 percent on-year growth. Home loans now account for 27.7 percent of SBI’s domestic advances, the lender said. This portfolio is higher by Rs 8,000 crore compared to HDFC Bank, which became the market leader following its merger with Housing Development Finance Corporation (HDFC) in July 2023. HDFC Bank had reported a mortgage book of Rs 8.43 lakh crore for Q1FY26, which is a modest 0.9 percent growth over the preceding quarter and a 7 percent rise year-on-year. The private sector lender now trails SBI after holding the top position for nearly two years post-merger. According to the investor presentation, SBI also maintains a leading share in affordable housing loans, supported by government-backed schemes such as the Pradhan Mantri Awas Yojana, and has seen steady demand from tier-2 and tier-3 cities where housing demand remains quite resilient. SBI first broke HDFC's decades-long stranglehold on the home loan market in February 2021 when it crossed the Rs 5 lakh crore mark in outstanding mortgages. That lead was short-lived, however, as the HDFC-HDFC Bank merger in 2023 created a behemoth with a combined home loan book of Rs 7.3 lakh crore, surpassing SBI’s Rs 6.4 lakh crore at the time. State Bank of India on August 8 reported 12 percent rise in net profit at Rs 19,160 for the June quarter as compared to Rs 17,035 crore a year ago. Read More Total income for the quarter rose 10.31 percent to Rs 1.35 lakh crore from Rs 1.22 lakh crore a year ago. Net interest income stood almost flat at Rs 41,072 crore, down 0.13 percent year-on-year, as the whole-bank net interest margin (NIM) declined 32 basis points to 2.90 percent, while the domestic NIM fell 33 bps to 3.02 percent."
08 Aug 2025,"SBI Q1 results: Net profit rises 12% to Rs 19,160 crore, beats estimates",https://www.moneycontrol.com/news/business/earnings/sbi-q1-results-net-profit-rises-12-to-rs-19-160-crore-beats-estimates-13422587.html,SBI share price: The PSU lender's total income rose 10% to Rs 1.35 lakh crore in Q1FY26,"SBI Q1 results: Net profit rises 12% to Rs 19,160 crore, beats estimates","State Bank of India Ltd on August 8 reported 12% rise in net profit at Rs 19,160 crore for the June quarter as compared to Rs 17,035 crore a year ago. SBI's Q1 net profit has beat estimates as a Moneycontrol poll pegged its bottom line at Rs 17,166 crore. Total income for the quarter rose 10.31 percent to Rs 1.35 lakh crore from Rs 1.22 lakh crore a year ago. Net interest income stood almost flat at Rs 41,072 crore, down 0.13 percent year-on-year, as the whole-bank net interest margin (NIM) declined 32 basis points to 2.90 percent, while the domestic NIM fell 33 bps to 3.02 percent. Operating profit rose 15.49 percent to Rs 30,544 crore, aided by higher non-interest income, which surged 55.40 percent to Rs 17,346 crore. Return on assets improved to 1.14 percent from 1.10 percent a year earlier, while return on equity moderated slightly to 19.70 percent from 20.98 percent. The cost-to-income ratio improved to 47.71 percent from 49.42 percent in Q1FY25. On the business front, gross advances rose 11.61 percent year-on-year to Rs 42.55 lakh crore, driven by growth across segments. Retail personal loans grew 12.56 percent, SME loans 19.10 percent, agricultural loans 12.67 percent, and corporate loans 5.70 percent. Total deposits increased 11.66 percent to Rs 54.73 lakh crore, with current account deposits jumping 30.69 percent and savings bank deposits up 4.71 percent. The CASA ratio stood at 39.36 percent, slightly lower than 40.70 percent a year ago. Asset quality continued to strengthen, with the gross non-performing assets (NPA) ratio improving to 1.83 percent from 2.21 percent in Q1FY25 and the net NPA ratio falling to 0.47 percent from 0.57 percent. The provision coverage ratio (PCR) was 74.49 percent, or 91.71 percent including accounts under collection, while the credit cost was steady at 0.47 percent. SBI’s capital position remained strong, with the capital adequacy ratio (CRAR) at 14.63 percent as of June 30, 2025, and the common equity tier-1 (CET-1) ratio at 11.10 percent. Including the Q1FY26 profit, the CRAR improves to 15.16 percent and the CET-1 ratio to 11.63 percent. At 1:18 pm on August, SBI shares were trading 0.4% lower at Rs 802 apiece. "
31 Jul 2025,"Nifty Bank jumps 1.4% from day's low as markets shrug off Trump tariff jitters; ICICI, Kotak Mahindra Bank lead recovery",https://www.moneycontrol.com/news/business/markets/nifty-bank-jumps-1-4-from-day-s-low-as-markets-shrug-off-trump-tariff-jitters-icici-kotak-mahindra-lead-recovery-13357223.html,"'The broader price structure continues to reflect a bullish bias, making dips a buying opportunity for positional traders,' said Hardik Matalia from Choice Equity Broking.",Bank Nifty recovers all losses,"The Nifty Bank index sharply rebounded from day’s low, amid a broad-based recovery in the stock market. This comes as the impact of Trump tariffs gradually faded away from the market. After US President Donald Trump announced 25 percent tariff and a penalty on India, Indian benchmark indices opened in the red with significant losses. However, Sensex and Nifty sharply recovered all losses later. Nifty Bank, which had declined more than 600 points in the morning to hit a low of 55,547, regained more than 750 points (1.4 percent) from that level to swing into the green territory. It is currently up nearly 150 points (0.27 percent) to stand at 56,300. The recovery was led by private banks, with Kotak Mahindra Bank and ICICI Bank leading gains, rising nearly 1 percent each. Axis Bank and Bank of Baroda shares gained more than 0.5 percent each. IDFC First Bank, HDFC Bank, AU Small Finance Bank and State Bank of India were hovering in the green with marginal gains. Punjab National Bank (PNB) shares dropped 2 percent, after weak Q1 results. Federal Bank, IndusInd Bank and Canara Bank shares were hovering in the red with marginal losses. On the technical front, the index has broken key resistance levels suggested by analysts. This may imply strong upside potential for the bank index. ""A sustained move above 56,275 could lead to a rally toward 57,000 and 57,630,"" said Hardik Matalia, Derivative Analyst - Research at Choice Equity Broking Private Limited. ""The broader price structure continues to reflect a bullish bias, making dips a buying opportunity for positional traders,"" he said. Motilal Oswal Wealth Management in its report stated that Bank Nifty's support is at 55,750, and then at 55,500. Resistance was quoted at 56,350, and then at 56,500. ""Now it has to hold above 56,000 zone for a bounce towards 56,350 then 56,500 levels while a hold below the same could see decline towards 55,750 then 55,500 zones,"" it said. US President Donald Trump on July 30 announced 25 percent tariffs and an additional penalty against India ahead of the August 1 deadline. In a post on Truth Social, Trump described India as America's ""friend"" but added that it will face 25 percent tariffs plus a penalty for buying Russian military equipment and oil. The US President reiterated that India has among the ""highest tariffs in the world"". ""Seasoned investors know markets rarely reprice on the headline alone. Beneath the volatility lies a set of divergent sectoral narratives that deserve attention,"" said Bhavik Joshi, Business Head at INVasset PMS."
31 Jul 2025,"Sensex falls over 600 pts, Nifty below 24,700: Trump's tariffs on India among key factors behind market decline",https://www.moneycontrol.com/news/business/markets/sensex-down-over-500-pts-nifty-below-24-700-trump-s-tariffs-on-india-among-key-factors-behind-market-decline-13355607.html,"Sensex, Nifty declined as market participants cited multiple headwinds including foreign fund outflows, global cues and Trump's tariffs. ","Sensex, Nifty see profit-booking amid Trump tariffs.","The benchmark equity indices declined sharply on Thursday as investor sentiment weakened following the announcement of US tariffs on Indian goods and penalties linked to energy and defence imports from Russia. At around 10: 30 a.m., Sensex plunged 618.88 points or 0.76 percent to 80,862.98, while the broader Nifty dropped to 24,671.25, down 183.80 points or 0.74 percent. Reliance Industries, Tata Motors, Mahindra & Mahindra, Bharti Airtel, Titan and State Bank of India were the major laggards. Key factors behind the market slide: 1) US Tariffs on India: US President Donald Trump announced a 25 percent tariff on all Indian goods effective August 1, along with an unspecified penalty for India’s continued purchases of Russian crude oil and military equipment. The development is being viewed as a pressure tactic amidst ongoing trade discussions. ""The imposition of a 25 percent tariff, along with penalties related to Russian imports, is negative for Indian exports and could weigh on near-term GDP growth,"" said V K Vijayakumar, Chief Investment Strategist at Geojit Financial Services. 2) FII Selling: Foreign Institutional Investors (FIIs) net sold equities worth Rs 850.04 crore on Wednesday. Persistent selling by FIIs typically exerts downward pressure on stock valuations and dampens investor confidence. Stock Market LIVE Updates 3) Weak Global Cues: Asian markets traded mostly lower, with benchmarks in South Korea, China, and Hong Kong in the red. US equities also ended on a mixed note overnight, adding to the cautious sentiment. 4) Rupee Pressure: The Indian rupee rebounded by 14 paise to 87.66 against the US dollar in early trade, following potential RBI intervention. However, it remained under pressure after recording a sharp 89 paise fall in the previous session — its steepest single-day decline in over three years. A weaker rupee increases import costs and can worsen the trade deficit, affecting macroeconomic stability. Technical Outlook Anand James, Chief Market Strategist at Geojit Financial Services, said the Nifty saw rejection trades after breaching the 24,900 level, heightening chances of a retest at 24,650. “Upside attempts post a gap-down open are likely. The 24,788 mark is seen as a crucial pivot. A fall below 24,650–24,600 could open the door to 24,450. However, a sustained breakdown appears less likely for the day,” he added. “Holding above 24,788 would be viewed positively, but a move past the 24,960–25,050 zone is necessary for any upside toward 25,330.”"
30 Jul 2025,Merchant bankers tasked to bring foreign capital into PSU banks during upcoming QIPs,https://www.moneycontrol.com/news/business/merchant-bankers-tasked-to-bring-foreign-capital-into-psu-banks-during-upcoming-qips-13350370.html,"The government budgets to earn approximately Rs 20,000 crore through QIP of five banks, namely Bank of Maharashtra, Indian Overseas Bank, UCO Bank, Central Bank of India, and Punjab and Sind Bank.",PSU Banks,"Merchant bankers appointed to manage the upcoming qualified institutional placements (QIP) of five nationalised banks have likely been mandated by DIPAM to rope in as many foreign investors as possible during roadshows, Moneycontrol has leant from sources, just days after robust investor interest seen for SBI’s share placement. Highly-placed sources aware of the ongoing QIP discussions have told Moneycontrol that the objective of this round of fund raise is not just to reduce government holdings in these banks, but also to broad-base the shareholding. “Reasonable efforts have gone into strengthening the quality of financials of PSU banks and the expectation is that it should reflect positively in the upcoming QIP,” said a senior executive of a PSU bank who didn’t wish to be named. Accordingly, merchant bankers for the upcoming QIPs of PSU lenders have been told to reach out to as many foreign investors as possible during the roadshows. “Domestic and foreign roadshows are ongoing,” one banker confirmed. Under the Banking Regulation Act, foreign stake in PSU banks can’t go over 20 percent and the government is required to hold a minimum 51 percent stake in the lenders. The shareholding pattern of PSU banks shows that foreign portfolio investors hold 1.89 percent stake in Bank of Maharashtra, 0.08 percent in Indian Overseas Bank, 0.13 percent in UCO Bank, 0.97 percent in Central Bank of India, and 0.25 percent in Punjab and Sind Bank, as on June 30, 2025. Thus, the government believes that there is ample scope for FPIs to invest in these PSBs. Among the five banks chosen for the current round of QIP, Bank of Maharashtra could attract high investor interest. “Bank of Maharashtra is one of the best cases of turnaround in the PSU space and is invoking reasonable interest with domestic investors so far,” said another merchant banker. Trading at 12-month trailing valuations of 1.28x price to book, BoM’s financial metrics such as net interest margin, return on assets and return on equity at 3.95 percent, 1.80 percent, and 23 percent respectively is at par with some of the mid-sized private banks, if not better. Read More Bank of Maharashtra’s loan book stands at Rs 2.41 lakh crore as of June 30, 2025, up from Rs 94,889 crore in FY20, with Government of India holding 79.60 percent stake while mutual funds accounting for 0.97 percent holdings, as per June quarter filing. The bankers to the QIP have also been asked to obtain feedback from investors about these PSU banks, said sources. “While the effort is to garner as much foreign investor interest as possible, the objective is also getting an opinion from investors on the avenues they would like to be improved and what could be done from a governance and operations perspective to improve the appeal of PSU banks among investors, both domestic and foreign,” said a source cited above. The recent success of State Bank of India’s Rs 25,000 crore QIP, which invoked substantial interest from foreign investors is said to have set higher expectations for upcoming fund raise of smaller PSU banks. SBI’s QIP received a robust demand and was oversubscribed 4.5 times, with foreign investors accounting for 64.3 percent of total demand. Marquee long-term investors received 88 percent of the final allocation, including 24 percent of the issue size placed with foreign long-term investors. The government is progressing with its stake divestment plans through the Offer for Sale (OFS) route in five PSU banks. Bank of Maharashtra, Indian Overseas Bank, UCO Bank, Central Bank of India and Punjab and Sind Bank have been shortlisted for partial disinvestment in the coming months."
30 Jul 2025,"Trade Spotlight: How should you trade Lupin, State Bank of India, Tata Chemicals, Syngene International, PI Industries, Escorts Kubota and others on July 30?",https://www.moneycontrol.com/news/business/markets/trade-spotlight-how-should-you-trade-lupin-state-bank-of-india-tata-chemicals-syngene-international-pi-industries-escorts-kubota-and-others-on-july-30-13346727.html,The market is expected to remain rangebound and consolidative in the upcoming sessions. Below are some short-term trading ideas to consider.,Top buy Ideas for July 30,"The benchmark indices rallied for the first time in the last four sessions, with the Nifty 50 rising 0.57 percent on July 29. The market breadth was also supported by the bulls. A total of 1,744 shares advanced compared to 916 declining shares on the NSE. The market is expected to remain rangebound and consolidative in the upcoming sessions. Below are some short-term trading ideas to consider: Amol Athawale, VP Technical Research at Kotak Securities Lupin | CMP: Rs 1,984.6  After a decline from higher levels, Lupin rebounded from its support zone and witnessed a steady recovery. Additionally, on the daily charts, the counter has given a breakout from its sloping channel formation. The recent upmove suggests a new leg of the bullish trend from current levels. For the next few trading sessions, Rs 1,910 could act as the trend-deciding level for the bulls. If it sustains above this level, we can expect a further uptrend toward Rs 2,120. Strategy: Buy Target: Rs 2,120 Stop-Loss: Rs 1,910 LIC Housing Finance | CMP: Rs 598.25  After a short-term price correction, LIC Housing Finance is now available near its multiple support zones. The bullish momentum near the support area indicates that the downside is likely restricted. Therefore, the current rebound in the stock is expected to continue with a favourable risk–reward profile. As long as the stock is trading above Rs 575, the bullish texture is likely to continue. A move above this level could take the stock to Rs 640. Strategy: Buy Target: Rs 640 Stop-Loss: Rs 575 State Bank of India | CMP: Rs 799.20  After a remarkable upmove on a weekly basis, SBI witnessed profit booking at higher levels. Following the recent selloff, the downward momentum appears to have paused. Moreover, the counter has found support near its multiple demand zones. The formation suggests a potential revival of the uptrend in the near future. For positional traders, Rs 770 would be the decisive level. Trading above this level would suggest continuation of the uptrend towards Rs 850. However, a close below Rs 770 may prompt traders to exit long positions. Strategy: Buy Target: Rs 850 Stop-Loss: Rs 770 Nagaraj Shetti, Senior Technical Research Analyst at HDFC Securities Tata Chemicals | CMP: Rs 1,000  After a rangebound action over the past few weeks, Tata Chemicals witnessed a sharp upside breakout this week amidst volatility in the benchmark indices. The stock price moved above the crucial resistance of the consolidation range at Rs 960 on Tuesday and closed higher. Hence, there is a strong possibility of further upside momentum in the near term. Volumes have started to expand during the breakout, and the daily 14-period RSI shows a positive signal. Strategy: Buy Target: Rs 1,105 Stop-Loss: Rs 940 Syngene International | CMP: Rs 711.4  Syngene has been forming a rounding bottom pattern on the weekly chart over the past few months. The current weekly candle pattern indicates a decisive upside breakout following the formation of a higher bottom at Rs 621 earlier this month. Volume has expanded during the breakout, and the weekly 14-period RSI shows a bullish indication. Strategy: Buy Target: Rs 785 Stop-Loss: Rs 670 PI Industries | CMP: Rs 4,249.5  PI Industries has been in a decisive upside rally for the last 3–4 months. A bullish structure of higher tops and bottoms is visible on the weekly timeframe chart. After a minor downward correction recently, the stock is now poised to surpass the crucial hurdle around Rs 4,250 this week. Volume expanded on Tuesday during the upside breakout, and the weekly 14-period RSI pattern suggests more upside ahead. Strategy: Buy Target: Rs 4,675 Stop-Loss: Rs 4,050 Ashish Kyal, CMT, Founder and CEO of Waves Strategy Advisors Man Industries | CMP: Rs 454.8  Man Industries has been moving in a higher-high, higher-low structure within its upward-sloping channel since March 2025. In the previous session, the price managed to break out of its Rs 405–448 range with a gain of over 5%, which is a strong bullish sign. Last week, the price found support at the baseline (red) of the Ichimoku Cloud and rebounded nearly 9%. The medium-term support as per this indicator is near Rs 425. Additionally, the ADX is at 35, well above 25, indicating positive momentum is likely to continue. A break above Rs 461 can lift the price toward Rs 480 followed by Rs 500. Strategy: Buy Target: Rs 480, Rs 500 Stop-Loss: Rs 442 Escorts Kubota | CMP: Rs 3,489.8  In the prior session, Escorts Kubota gained more than 2%. Last week, prices retested the downward-sloping trendline and are now near the previous swing high of Rs 3,500, suggesting growing bullish activity. A decisive break above this level could further boost positive momentum. Furthermore, the 15-period and 30-period EMAs have recently formed a bullish crossover. As long as this crossover remains intact, the daily bias remains on the bullish side. Escorts Kubota is currently on the verge of a breakout. A move above Rs 3,500 could lead to a trending rally toward Rs 3,620 followed by Rs 3,730. Strategy: Buy Target: Rs 3,620, Rs 3,730 Stop-Loss: Rs 3,380 Coromandel International | CMP: Rs 2,495.4  In the previous session, Coromandel International gained more than 3%. The stock has managed to hold above the prior day’s low for the last seven trading sessions, which is a positive sign. On the daily chart, the stock is trading in a rectangular range between Rs 2,200 and Rs 2,520 since May 2025, indicating accumulation. A close above Rs 2,520 could result in a bullish breakout from this pattern. Additionally, the KST (Know Sure Thing) indicator is trading above the zero line after crossing above the signal line, implying a potential buildup in momentum in the coming sessions. A decisive break above Rs 2,520 is required for further buying, with targets of Rs 2,620 followed by Rs 2,700. Strategy: Buy Target: Rs 2,620, Rs 2,700 Stop-Loss: Rs 2,420"
24 Jul 2025,"PSU Bank stocks surge up to 5% as markets cheer Canara Bank, Indian Bank's Q1 results",https://www.moneycontrol.com/news/business/markets/psu-bank-stocks-surge-up-to-5-as-markets-cheer-canara-bank-indian-bank-s-q1-results-13320698.html,"Canara Bank reported a 22% jump in Q1 net profit to Rs 4,752 crore. Indian Bank's net profit grew 24% on-year.","PSU Bank stocks surge up to 5% as markets cheer Canara Bank, Indian Bank's Q1 results","The shares of PSU banks sharply surged on July 24 as investors positively responded to June quarter earnings announced by some of the lenders. The sharp rise in the share prices pushed the Nifty PSU Bank index up more than 1 percent to hover around 7,115 in the afternoon. The PSU Bank index has now extended gains for the second consecutive session. Canara Bank Q1 Results: Canara Bank was the top gainer on the index, jumping over 5 percent to trade at Rs 113 apiece. This came after the company reported a net profit of Rs 4,752 crore for the first quarter of the financial year 2026. This marks a jump of nearly 22 percent on-year from the Rs 3,905 crore reported in the corresponding quarter of the previous financial year. The lender's net interest income (NII) however fell around 2 percent on-year to Rs 9,009 crore in Q1 FY26. Its NII stood at Rs 9,166 crore in Q1 FY25. Operating profit meanwhile improved 12 percent on-year to Rs 8,554 crore during the quarter under review. Canara Bank's asset quality improved, with net non-performing assets (NPA) falling more than 42 percent on-year to Rs 6,765 crore and net NPA ratio reducing to 0.63 percent in Q1 FY26 from 1.24 percent in Q1 FY25. Despite the recent rise, Canara Bank shares have fallen more than 2 percent in the past five days. The stock has gained over 17 percent in the past six months, and is up 13 percent in 2025 so far. Indian Bank Q1 Results: Indian Bank shares rose over 3 percent to trade at Rs 644 apiece. The lender reported a net profit of Rs 2,973 crore in Q1 FY26. This marks a 24 percent on-year rise from the Rs 2,403 crore net profit reported in the corresponding quarter of the previous financial year. Its NII meanwhile rose nearly 3 percent on-year to Rs 6,359 crore during the quarter under review. The bank had earlier reported NII at Rs 6,178 crore in the same period last year. Asset quality improved significantly, with net NPA nearly halving to Rs 1,036 crore. Net NPA ratio reduced to 0.18 percent in Q1 FY26, from 0.39 percent in Q1 FY25. Indian Bank shares were trading nearly 4 percent higher at Rs 649 apiece in the afternoon. The stock has gained over 4 percent in the past one month, and nearly 30 percent in the past six months. Other PSU stocks surge Bank of Baroda shares jumped nearly 2 percent to trade at Rs 247 apiece, while Bank of Maharashtra and Bank of India shares were up nearly 1 percent. Bucking the trend, SBI, Central Bank, Uco Bank and other PSU lender stocks were trading in the red with marginal losses."
22 Jul 2025,"Stocks to Watch Today: Titan, Bajaj Finance, PNB Housing, Oberoi Realty, Havells, 360 One WAM, Arisinfra, BL Kashyap, Afcons Infra in focus on 22 July",https://www.moneycontrol.com/news/business/markets/stocks-to-watch-today-titan-bajaj-finance-pnb-housing-oberoi-realty-havells-360-one-wam-arisinfra-bl-kashyap-afcons-infra-in-focus-on-22-july-13305515.html,"Stocks to Watch, 22 July: Stocks like Titan Company, Bajaj Finance, PNB Housing Finance, Oberoi Realty, Havells India, 360 One WAM, Arisinfra Solutions, BL Kashyap and Sons, Afcons Infrastructure, and Lemon Tree Hotels will be in focus on July 22.","Stocks to Watch Today, 22 July","Let's catch up on the latest news from the stock market. From significant investments to major deals, quarterly earnings, order wins, appointments and acquisitions, here’s a quick look at which stocks will be in focus in today's trade: Results Today One 97 Communications Paytm, Mahindra & Mahindra Financial Services, Colgate Palmolive, Dixon Technologies, JSW Infrastructure, CreditAccess Grameen, Blue Jet Healthcare, Cyient DLM, Dalmia Bharat, Kajaria Ceramics, KEI Industries, Mahanagar Gas, Schloss Bangalore (Leela Hotels), United Breweries, VST Industries, Welspun Specialty Solutions, and Zee Entertainment Enterprises will announce their quarterly earnings on July 22. Quarterly Earnings PNB Housing Finance Q1 (Consolidated YoY) Profit grows 23.3% to Rs 533.5 crore Vs Rs 432.8 crore Revenue increases 13.9% to Rs 2,076.1 crore Vs Rs 1,823 crore Net interest income jumps 16.7% to Rs 760 crore Vs Rs 651 crore Dhanlaxmi Bank Q1 (YoY) Profit stands at Rs 12.18 crore Vs loss of Rs 8 crore Net interest income jumps 39.3% to Rs 139.1 crore Vs Rs 99.9 crore Gross NPA rises to 3.22% Vs 2.98% (QoQ) Net NPA increases to 1.13% Vs 0.99% (QoQ) CIE Automotive India Q1 (Consolidated YoY) Profit falls 6.1% to Rs 203.5 crore Vs Rs 216.8 crore Revenue grows 3.3% to Rs 2,369 crore Vs Rs 2,292.7 crore Oberoi Realty Q1 (Consolidated YoY) Profit declines 28% to Rs 421.3 crore Vs Rs 584.5 crore Revenue drops 29.7% to Rs 987.6 crore Vs Rs 1,405.2 crore DCM Shriram Q1 (Consolidated YoY) Profit grows 13% to Rs 113.4 crore Vs Rs 100.3 crore Revenue increases 12.4% to Rs 3,455.2 crore Vs Rs 3,073 crore Havells India Q1 (Consolidated YoY) Profit falls 14.8% to Rs 347.7 crore Vs Rs 407.9 crore Revenue declines 6% to Rs 5,455.4 crore Vs Rs 5,806.2 crore Parag Milk Foods Q1 (Consolidated YoY) Profit rises 1% to Rs 27.6 crore Vs Rs 27.3 crore Revenue grows 12.3% to Rs 851.5 crore Vs Rs 757.9 crore Stocks to Watch Titan Company The company, through its wholly owned subsidiary Titan Holdings International FZCO, has entered into an agreement to acquire a 67% stake in Damas LLC (UAE), the current holding company for the Damas jewellery business in the GCC countries, from Mannai Corporation. The proposed transaction values Damas at an enterprise value of AED 1,038 million. Damas has a network presence of 146 stores across the six GCC countries. 360 ONE WAM BC Asia Investments X is likely to sell 1.5 crore shares, or 3.7% stake in 360 ONE WAM, according to CNBC-TV18 sources. The offer size may be valued at Rs 1,740 crore. As of June 2025, BC Asia Investments X held a 21.92% stake in the company. State Bank of India SBI has raised Rs 25,000 crore via the allotment of 30.6 crore shares to several qualified institutional buyers (including LIC, Societe Generale, HDFC Life Insurance, HDFC Mutual Fund, and Quant MF) at Rs 817 per share. Life Insurance Corporation (LIC) has increased its stake in State Bank of India from 9.21% to 9.49%. Arisinfra Solutions The company has received an order worth Rs 340 crore for the supply of ready-mix concrete (RMC), steel, cement, chemicals, plumbing, electrical, and finishing products for Transcon Group’s ongoing projects in Mumbai. Afcons Infrastructure Afcons Infrastructure has been declared the lowest bidder by HZ Infrastructure for the rehabilitation and construction of a railway line in Croatia. The contract is valued at Rs 6,800 crore. BL Kashyap and Sons The company has secured an order worth Rs 910 crore from BPTP for the construction of civil structures for residential towers, including associated non-tower areas and community buildings. Rajoo Engineers The Board has approved the allotment of 1.47 crore equity shares to several qualified institutional buyers (including Morgan Stanley, Rajasthan Global Securities, Moneywise Financial Services, and Dovetail India Fund) at Rs 109 per share, totaling Rs 160 crore. The QIP issue was opened on July 15 and closed on July 21. Bajaj Finance Anup Kumar Saha has resigned as the Managing Director of the company due to personal reasons. The board has re-designated Rajeev Jain as Vice Chairman and Managing Director of the company until March 31, 2028. Mahindra Logistics Shareholders have approved the appointment of Hemant Sikka as the Managing Director of the company, designated as Managing Director & Chief Executive Officer, for a period of five years, effective May 5, 2025. Lemon Tree Hotels The company has announced the opening of Keys Lite by Lemon Tree Hotels in Banswara, marking the 11th property of the group in Rajasthan. Stocks Trade Ex-Dividend Happy ForgingsStrides Pharma ScienceVoltamp TransformersHind RectifiersMenon PistonsSIL InvestmentsSiyaram Silk MillsWires & Fabriks SA Stock in F&O ban Bandhan BankRBL Bank Stocks out of F&O ban Angel OneHindustan Copper"
21 Jul 2025,"Trade Spotlight: How should you trade ICICI Bank, Varun Beverages, Sonata Software, Bajaj Auto, M&M, UPL, L&T Finance, KEI Industries and others on July 22?",https://www.moneycontrol.com/news/business/markets/trade-spotlight-how-should-you-trade-icici-bank-varun-beverages-sonata-software-bajaj-auto-m-m-upl-l-t-finance-kei-industries-and-others-on-july-22-13305295.html,The continuation of the northward journey is possible only if the market posts a strong close above the 20-day EMA. Below are some short-term trading ideas to consider.,Top Buy Ideas for July 22,"Equity benchmark indices gained 0.5 percent on July 21 following a couple of days of correction, but the market breadth was slightly in favour of bears. A total of 1,392 shares declined compared to 1,295 advancing shares on the NSE. The continuation of the northward journey is possible only if the market posts a strong close above the 20-day EMA. Below are some short-term trading ideas to consider: Jigar S Patel, Senior Manager - Equity Research at Anand Rathi Hero MotoCorp | CMP: Rs 4,408.2  Hero MotoCorp recently consolidated within a tight range of Rs 4,150–4,375, forming a classic triangle pattern on the charts. On July 15, the stock broke out decisively from this formation, accompanied by a significant rise in volume, confirming the validity of the breakout. This technical strength is further supported by the Camarilla monthly pivot structure, which displayed an inside value relationship — a setup that often precedes sharp directional moves. The confluence of these factors suggests strong bullish potential in the near term. Traders may consider entering long positions in the Rs 4,420–4,380 zone. Strategy: Buy Target: Rs 4,800 Stop-Loss: Rs 4,200 Varun Beverages | CMP: Rs 489.3  After undergoing a sharp correction of nearly 22% from its recent high of Rs 570, Varun Beverages has shown signs of a potential reversal. The stock has successfully breached a falling trendline on the daily chart, supported by a noticeable increase in volume — a key indicator of renewed buying interest. Adding to the bullish case, a positive RSI divergence is visible, reinforcing the likelihood of an upward move. Despite a 7% gain in the past week, the technical setup remains favourable, and a fresh long entry is still justified. Traders may consider entering long positions in the Rs 490–485 zone. Strategy: Buy Target: Rs 530 Stop-Loss: Rs 465 Sonata Software | CMP: Rs 438  Sonata Software formed back-to-back inside value relationships on monthly Camarilla pivots, signaling consolidation and strong buildup. A breakout on July 8 confirmed the end of this phase. Since then, the stock has entered a healthy pullback, finding strong support above Rs 420 — a key technical level. Holding above this mark suggests buyer strength, and if sustained, Sonata Software may resume its upward trajectory in the coming sessions, with potential for further gains. Traders may consider entering long positions in the Rs 440–430 zone. Strategy: Buy Target: Rs 500 Stop-Loss: Rs 405 Jay Thakkar, Vice President & Head of Derivatives and Quant Research at ICICI Securities Bajaj Auto | CMP: Rs 8,438.5  Bajaj Auto has provided a breakout from the falling trendline, and there has been short covering in the stock, which is likely to extend post this breakout. Significant Call unwinding has been observed from the Rs 8,100 to Rs 8,400 strikes, coupled with Put additions at the Rs 8,100 and Rs 8,200 strikes, which is positive in the near term. Therefore, in this series, further short covering is expected, which could help the stock bounce back to the Rs 8,600 to Rs 8,800 levels. Traders may consider buying Bajaj Auto Futures in the range of Rs 8,460 to Rs 8,430. Strategy: Buy Target: Rs 8,670, Rs 8,800 Stop-Loss: Rs 8,290 State Bank of India | CMP: Rs 824.2  SBI has provided a breakout from the sideways consolidation and has retested the breakout level. It has been observed that the stock witnessed short additions during the previous fall, but since then, it has bounced back from its March lows due to short covering. Recent data now indicates long additions as well. The Options data shows that the Rs 820 and Rs 830 strikes have the highest Call base, but since the stock is trading well above its maximum pain level, the probability of these resistance levels being overcome is quite high. Traders may consider buying SBI Futures in the range of Rs 825 to Rs 820. Strategy: Buy Target: Rs 850, Rs 870 Stop-Loss: Rs 814 Mahindra and Mahindra | CMP: Rs 3,246.7  M&M has been forming a higher base with increasing long buildup, and it has more room for long additions as the price nears lifetime highs. However, the overall long positions are still away from their highs, indicating that the stock is not overbought. Once the lifetime highs are surpassed, it can witness further upward momentum. The stock has witnessed significant Put additions at the Rs 3,100 and Rs 3,200 strikes, as well as Call unwinding at the Rs 3,200 strike, which is a positive sign. Although there is still significant Call writing beyond the Rs 3,200 level, the probability of upward momentum remains high as the futures data indicates that bulls have the upper hand. Hence, a meaningful close above Rs 3,300 will likely lead to further short covering in the Calls. Traders may consider buying M&M Futures in the range of Rs 3,370 to Rs 3,240. Strategy: Buy Target: Rs 3,500, Rs 3,600 Stop-Loss: Rs 3,140 Vidnyan S Sawant, Head of Research at GEPL Capital UPL | CMP: Rs 713.75  UPL has witnessed a breakout on the monthly chart, moving above both its recent consolidation range and a downward-sloping trendline. The breakout, marked by a strong bullish candlestick, indicates positive price development on the higher timeframes. On the weekly chart, the stock continues to form a structure of higher highs and higher lows, while sustaining well above its 12, 26, and 50-week EMAs, highlighting strength in the ongoing trend. On the daily chart, UPL exhibits high relative strength despite broader market weakness, supported by a noticeable volume surge exceeding its 20-day EMA average volume. Strategy: Buy Target: Rs 820 Stop-Loss: Rs 675 L&T Finance | CMP: Rs 210.58  L&T Finance recently broke out of a large cup-and-handle pattern on the monthly chart, with the current month showing follow-through positive momentum — reinforcing the bullish setup. On the weekly scale, the stock is well sustained above its key 5, 12, 26, and 50-week EMAs, reflecting strong trend alignment. The MACD indicator is trending higher, indicating accelerating momentum. On the daily chart, LTF has shown a bullish mean reversion from its 26-day EMA, accompanied by a volume surge above its 20-day average, further supporting the positive price action. Strategy: Buy Target: Rs 240 Stop-Loss: Rs 200 ICICI Bank | CMP: Rs 1,465.8  ICICI Bank has been forming a consistent pattern of higher tops and higher bottoms across timeframes, highlighting a sustained long-term uptrend. On the weekly chart, the stock is consolidating near its 12-week EMA, indicating healthy digestion of prior gains. On the daily scale, it has formed a double bottom around the 50-day EMA, signaling a bullish price structure. The weekly RSI holding above 60 reflects sustained positive momentum and underlying strength. Strategy: Buy Target: Rs 1,627 Stop-Loss: Rs 1,390 KEI Industries | CMP: Rs 3,972.4  KEI Industries has been in a strong long-term uptrend, consistently forming higher tops and higher bottoms. In April 2025, the stock witnessed a bullish mean reversion from its 50-month EMA, reigniting upward momentum. On the daily chart, a positive hidden divergence signaled renewed strength, with the stock maintaining high relative performance despite broader market volatility. It continues to trade above key moving averages — 12, 26, and 50-week EMAs — highlighting strong trend alignment and resilience. Strategy: Buy Target: Rs 4,648 Stop-Loss: Rs 3,734"
17 Jul 2025,"Union Bank, Bank of India, Canara Bank, other PSU bank stocks drop up to 2% on profit booking",https://www.moneycontrol.com/news/business/markets/union-bank-bank-of-india-canara-bank-other-psu-bank-stocks-drop-up-to-2-on-profit-booking-13289087.html,The Nifty PSU Bank index has now snapped a three-day gaining streak.,PSU Bank stocks,"The shares of PSU banks dropped in red on July 17 as investors may have resorted to profit booking at elevated levels. The sharp fall in the share prices pushed the Nifty PSU Bank index down half a percent to stand in the red. The PSU Bank index has now snapped a three-day gaining streak, which was buoyed by multiple factors. Union Bank of India was the top loser on the index, dropping nearly 2 percent to trade at Rs 146 apiece. Bank of India shares followed, falling over 1.5 percent. Canara Bank and Punjab National Bank (PNB) shares dropped over 1 percent each, while Bank of Baroda, Punjab & Sind Bank and Indian Bank shares were down nearly a percent. UCO Bank shares were meanwhile trading in the red with marginal losses. Shares of Central Bank of India, Indian Overseas Bank (IOB), State Bank of India (SBI) and Bank of Maharashtra however bucked the trend to trade in the green with marginal gains. Also read: SBI's Rs 25,000-crore QIP over-subscribed 3x on solid demand led by LIC The stocks have recently surged after reports suggested that the Centre might look towards a fresh round of reforms for the financial sector. According to CNBC-TV18, sources stated that additional consolidation among public lenders remains a possibility, as the government looks to create larger banking institutions capable of supporting the credit demands of a rapidly expanding economy. Further, there is also a proposal which is under consideration to raise the current 20 percent limit on foreign ownership in PSU banks. This move will help to draw long-term investors towards the banks, while also broadening the capital base of these lenders. Additionally, the sources suggested that the Centre may also allow large corporates into the banking space, with the additional of guardrails and strong frameworks, along with RBI's oversight. Some of these safeguards could be adding a limit to corporate shareholding in banks, or making sure that the bank's capital is not use to self-fund the corporate, or allowing large NBFCs to upgrade to commercial banks. Also read: Our LIVE blog on stock market updates"
17 Jul 2025,"SBI's Rs 25,000 crore QIP, first since 2017, over-subscribed 3x on solid demand led by LIC: CNBC-Awaaz",https://www.moneycontrol.com/news/business/markets/sbi-25000-crore-qip-subscribed-lic-leads-demand-13288501.html,"The QIP has received bids for Rs 75,000 crore worth of shares, as against its offer size of Rs 25,000 crore.",SBI QIP,"The Rs 25,000-crore qualified institutional placement (QIP) of India's largest lender State Bank of India (SBI) saw very strong investor interest, being subscribed three-times its offer size in less than a day, CNBC-Awaaz reported on July 17. The PSU lender had launched its QIP in the second half of July 16 at a floor price of Rs 811.05 apiece, at a slight discount of the last traded price. The fundraise is expected to help SBI’s loan growth and strengthen the balance sheet. This is the first time since 2017 that SBI has tapped the equity market to raise capital. The QIP has received bids for Rs 75,000 crore worth of shares as against its offer size of Rs 25,000 crore, said CNBC Awaaz. Life Insurance Corporation of India (LIC), the anchor investor for the QIP, led the subscription race among domestic fund houses by bidding for shares worth Rs 7,000 crore. Quant Mutual Fund followed, by bidding for Rs 3,000 crore shares. HDFC Pension Fund, ICICI Prudential Mutual Fund, Motilal Oswal Mutual Fund and Birla Mutual Fund have also strongly participated. Among the FIIs, Nomura has bid for Rs 1,800 crore worth of shares while Marshall Wace and Millennium bid for Rs 1,500 crore shares each, it further said.SBI QIP SUBSCRIPTION STATUSNameDemandDomestic Fund HousesLICRs 7,000 croreQuant Mutual FundRs 3,000 croreHDFC Pension FundRs 2,000 croreICICI Prudential Mutual FundRs 1,500 croreMotilal Oswal Mutual FundRs 1,500 croreBirla Mutual FundRs 1,500 croreFIINomuraRs 1,800 croreMarshall WaceRs 1,500 croreMillenniumRs 1,500 crore(Source: CNBC-Awaaz) Moneycontrol couldn't independently verify the report. In May 2025, the bank said it received its board approval to raise equity capital aggregating up to Rs 25,000 crore in one or more tranches during FY2026 through QIP/ follow-on public offer (FPO) or any other permitted mode. The QIP is part of SBI's broader plans to support loan growth, strengthen its balance sheet and meet regulatory requirements. It’s also the first time since 2017 that the lender, majority owned by the government, tapped the equity market. SBI has shortlisted six investment banks to manage the transaction, including the Indian arms of Citigroup Inc. and HSBC Holdings Plc, as well as ICICI Securities Ltd., Kotak Investment Banking, Morgan Stanley, and SBI Capital Markets Ltd., Bloomberg News reported earlier. The state-owned bank had last tapped the QIP route in the financial year 2017-18 (Apr-Mar), raising Rs 15,000 crore. SBI shares were hovering in the green with marginal gains at Rs 835.75 apiece on July 17."
17 Jul 2025,"Stocks to Watch Today: Tech Mahindra, Angel One, Ixigo, Maruti Suzuki, Godrej Properties, Hindustan Zinc, Zydus Life, Smartworks in focus on 17 July",https://www.moneycontrol.com/news/business/markets/stocks-to-watch-today-tech-mahindra-angel-one-ixigo-maruti-suzuki-godrej-properties-hindustan-zinc-zydus-life-smartworks-in-focus-on-17-july-13287348.html,"Stocks to watch, 17 July: Stocks like Tech Mahindra, Angel One, L&T Technology Services, Le Travenues Technology, Maruti Suzuki India, State Bank of India, Godrej Properties, Hindustan Zinc, Zydus Lifesciences, Emcure Pharmaceuticals, JSW Energy, and Smartworks Coworking Spaces will be in focus on July 17.","Stocks to Watch Today, 17 July","Let's catch up on the latest news from the stock market. From significant investments to major deals, quarterly earnings, fund raising and acquisitions, here’s a quick look at which stocks will be in focus in today's trade: Results Today Axis Bank, Wipro, Jio Financial Services, LTIMindtree, HDFC Asset Management Company, 360 ONE WAM, Alok Industries, Ceat, Clean Science and Technology, Indian Hotels Company, Nuvoco Vistas Corporation, Polycab India, Shoppers Stop, South Indian Bank, Sunteck Realty, Sterling and Wilson Renewable Energy, Tata Communications, and Waaree Renewable Technologies will release their quarterly earnings scorecard on July 17. Quarterly Earnings Tech Mahindra Q1 (Consolidated YoY) Profit zooms 34% to Rs 1,140.6 crore Vs Rs 851.5 crore Revenue grows 2.7% to Rs 13,351.2 crore Vs Rs 13,005.5 crore EBIT soars 34% to Rs 1,477.1 crore Vs Rs 1,102.3 crore Margin expands to 11.06% Vs 8.47% Other income jumps 50.9% to Rs 218.3 crore Vs Rs 144.7 crore Dollar revenue rises 0.3% to $1,564 million Vs $1,559 million New deal wins at $809 million Vs $534 million Angel One Q1 (Consolidated YoY) Profit tanks 61% to Rs 114.5 crore Vs Rs 292.7 crore Revenue declines 18.8% to Rs 1,140.5 crore Vs Rs 1,405.5 crore L&T Technology Services Q1 (Consolidated YoY) Profit rises 0.7% to Rs 315.7 crore Vs Rs 313.6 crore Revenue grows 16.4% to Rs 2,866 crore Vs Rs 2,461.9 crore EBIT falls 0.6% to Rs 381.3 crore Vs Rs 383.6 crore Margin declines to 13.3% Vs 15.6% Dollar revenue soars 13.6% to $335.3 million Vs $295.2 million Company expects to clock double-digit growth in FY26 Le Travenues Technology-Ixigo Q1 (Consolidated YoY) Profit zooms 27.5% to Rs 18.9 crore Vs Rs 14.9 crore Revenue surges 72.9% to Rs 314.5 crore Vs Rs 181.9 crore Business Update (June YoY) GMR Airports Passenger traffic grows 0.9% to 97.93 lakh Domestic passenger traffic increases 2.9% International passenger traffic jumps 4.6% Aircraft movements rise 2.6% to 61,251 Stocks to Watch Maruti Suzuki India The company has announced the standardization of six airbags in the Ertiga and Baleno. This will result in an average ex-showroom price increase of 1.4% for the Ertiga and 0.5% for the Baleno, effective July 16. State Bank of India The Board of Directors of the bank has approved the launch of a Qualified Institutional Placement (QIP) issuance on July 16, with the floor price set at Rs 811.05 per share. This floor price is lower than the closing price of Rs 831.55 per share on Wednesday. Godrej Properties The real estate developer has announced its entry into Raipur through the acquisition of 50 acres of land. Development on this land will primarily consist of premium plotted residential units, offering an estimated saleable area of 9.5 lakh square feet. Hindustan Zinc The Ministry of Mines has issued a Letter of Intent to Hindustan Zinc, naming it the preferred bidder for the grant of a composite license through the e-auction of the Jhandawali–Satipura Amalgamated Potash and Halite block in Rajasthan. The block covers an extent of 1,841.25 hectares in the Hanumangarh district. Zydus Lifesciences The US Food and Drug Administration (USFDA) conducted a Remote Regulatory Assessment (RRA) at Zydus’ formulations manufacturing facility in Matoda, Gujarat, for the Prior Approval Supplement (PAS) of Atorvastatin Calcium Tablets USP (10 mg, 20 mg, 40 mg, and 80 mg). At closure, no observations were noted, and the site was recommended for approval. Emcure Pharmaceuticals Emcure has entered into an exclusive distribution and promotion agreement with Sanofi India for Sanofi’s oral anti-diabetic (OAD) drugs, including Amaryl and Cetapin, in India. The agreement is effective immediately. JSW Hydro Energy (subsidiary of JSW Energy) The Supreme Court has upheld Himachal Pradesh’s right to receive 18% of power free of cost generated by JSW Hydro Energy, as per the agreement. A bench comprising Justices P S Narasimha and Joymalya Bagchi set aside the Himachal Pradesh High Court's earlier ruling, which had reduced the free power supply to 13%. JSW Hydro Energy operates a 1,045 MW hydroelectric project at Karcham Wangtoo, Himachal Pradesh. Mainboard IPO Listing on July 17 Smartworks Coworking Spaces Stocks Trade Ex-Dividend Coromandel InternationalDuncan EngineeringGHCLGraphite IndiaOriental HotelsPDS Stocks in F&O ban Angel OneHindustan Copper Stocks out of F&O ban Glenmark PharmaRBL Bank"
16 Jul 2025,"Trade Spotlight: How should you trade Tata Power, SBI, Punjab National Bank, LIC Housing Finance, M&M, Edelweiss Financial and others on July 17?",https://www.moneycontrol.com/news/business/markets/trade-spotlight-how-should-you-trade-tata-power-sbi-punjab-national-bank-lic-housing-finance-m-m-edelweiss-financial-and-others-on-july-17-13286932.html,The upward journey amid rangebound trading is expected to continue if the market defends the previous day's low. Below are some short-term trading ideas to consider.,Stocks to buy on July 17,"Indian equity benchmarks closed with moderate gains on July 16, continuing their uptrend for another session with positive market breadth. A total of 1,513 shares saw buying interest compared to 1,144 shares that were under bear control on the NSE. The upward journey amid rangebound trading is expected to continue if the market defends the previous day's low. Below are some short-term trading ideas to consider: Jatin Gedia, Technical Research Analyst at Mirae Asset Sharekhan Tata Power Company | CMP: Rs 414.7  Tata Power Company has broken out of a Bullish Flag pattern on the daily charts. The breakout has been accompanied by above-average volume. The daily momentum indicator has triggered a positive crossover from the equilibrium line, which is a buy signal. Strategy: Buy Target: Rs 426 Stop-Loss: Rs 402 Maruti Suzuki India | CMP: Rs 12,564  Maruti Suzuki has formed a Symmetrical Triangle pattern on the daily charts. We anticipate a breakout on the upside. The daily momentum indicator is on the verge of providing a positive crossover, which shall provide momentum to the upmove. Strategy: Buy Target: Rs 13,086, Rs 13,461 Stop-Loss: Rs 12,200 State Bank of India | CMP: Rs 831.7  State Bank of India was consolidating in a narrowing range since mid-April. The consolidation has broken out on the upside with above-average volume. The daily momentum indicator has triggered a positive crossover, which is a buy signal. Strategy: Buy Target: Rs 865 Stop-Loss: Rs 807 Sudeep Shah, Head - Technical and Derivatives Research at SBI Securities Punjab National Bank | CMP: Rs 114.97  On Wednesday, the Nifty PSU Bank index stood out as a strong outperformer, rallying nearly 2 percent and registering a breakout from a consolidation phase on the daily chart. Notably, all its constituents ended the session in the green, reflecting broad-based strength within the PSU banking space. Among the standout performers, Punjab National Bank (PNB) attracted attention after forming a solid base near its 20-day EMA and staging a sharp rebound. The stock also broke above a key horizontal trendline resistance on the daily scale, with the breakout accompanied by robust volumes—lending strength to the move. In addition, momentum indicators and oscillators are aligned in favour of the bulls, signalling continued upside potential in the near term. Hence, we recommend accumulating the stock in the Rs 115–114 zone. Strategy: Buy Target: Rs 124 Stop-Loss: Rs 110 LIC Housing Finance | CMP: Rs 637  LIC Housing Finance has witnessed a breakout from a falling channel pattern on the daily chart, which is a bullish sign. This breakout was supported by strong volume participation, adding conviction to the move. Notably, a sizeable bullish candle was formed on the breakout day, further reinforcing the positive momentum. Currently, the stock is trading above its key moving averages, all of which are sloping upwards—indicating a strengthening trend. Additionally, the daily RSI has surged above the 60 mark and remains in rising mode, which is considered a bullish signal from a momentum perspective. Hence, we recommend accumulating the stock in the Rs 638–634 zone. Strategy: Buy Target: Rs 690 Stop-Loss: Rs 615 Mahindra and Mahindra | CMP: Rs 3,196.5  Recently, M&M has formed a strong base near the 50-day EMA level and has since started moving higher. The reversal from the support zone is confirmed by relatively higher volume. Currently, the stock is trading above its crucial moving averages. These averages are in a rising trend and in the desired sequence, which suggests the trend is strong. The daily RSI is about to cross the 60 mark and is in a rising mode. Hence, we recommend accumulating the stock in the Rs 3,200–3,170 zone. Strategy: Buy Target: Rs 3,450 Stop-Loss: Rs 3,070 Image 6 Rupak De, Senior Technical Analyst at LKP Securities Edelweiss Financial Services | CMP: Rs 120.8  Edelweiss Financial Services has moved higher after a prolonged downward consolidation on the daily timeframe, suggesting a resumption of the uptrend. The overall higher top–higher bottom structure remains intact, indicating strength in the trend. The RSI is in a bullish crossover on the daily chart, further supporting the upside momentum. Strategy: Buy Target: Rs 130 Stop-Loss: Rs 116.40 GMR Aiports | CMP: Rs 93.89  GMR Airports has moved higher after a brief consolidation on the daily timeframe, indicating rising optimism among traders. The overall higher top–higher bottom structure remains intact, indicating strength in the trend. The RSI is in a bullish crossover on the daily chart, further supporting the upside momentum. As long as the stock holds above Rs 91, the positive bias is likely to sustain. Strategy: Buy Target: Rs 100 Stop-Loss: Rs 91"
16 Jul 2025,"SBI QIP opens, floor price fixed at Rs 811.05 per share",https://www.moneycontrol.com/news/business/markets/sbi-sets-qip-floor-price-at-rs-811-05-per-share-13286359.html,The floor price represents nearly 2.5% discount from the current price of SBI share,SBI sets QIP floor price at Rs 811.05 per share,"State Bank of India on July 16 said the floor price for its qualified institutional placement (QIP) has been fixed at Rs 811.05 per share. The floor price represents nearly 2.5% discount from the current price of SBI share. In a stock exchange filing, the lender said it launched a share sale to institutional investors. ""...the Committee of Directors has, at its meeting held today i.e. July 16, 2025, inter alia, passed resolutions for the following: a. Authorising opening of the Issue today, i.e., July 16, 2025; b. Approving the Floor Price for the Issue, being ₹ 811.05 per Equity Share, (“Floor Price”), based on the pricing formula as prescribed under the SEBI ICDR Regulations,"" said SBI. On July 16, SBI shares on NSE closed 1.7% higher at Rs 830.5 apiece. In May 2025, the bank said it received its board approval to raise equity capital aggregating up to Rs 25,000 crore in one or more tranches during FY2026 through QIP/ follow-on public offer (FPO) or any other permitted mode. Earlier on July 16, CNBC-Awaaz reported that Life Insurance Corporation of India is likely to be anchor investor with Rs 7,000-crore bid. The QIP is part of SBI’s broader plans to support loan growth, strengthen its balance sheet and meet regulatory requirements. It’s also the first time since 2017 that the lender, majority owned by the government, tapped the equity market. SBI has shortlisted six investment banks to manage the transaction, including the Indian arms of Citigroup Inc. and HSBC Holdings Plc, as well as ICICI Securities Ltd., Kotak Investment Banking, Morgan Stanley, and SBI Capital Markets Ltd., Bloomberg News reported earlier. The state-owned bank had last tapped the QIP route in the financial year 2017-18 (Apr-Mar), raising Rs 15,000 crore. Separately, State Bank of India board on July 16 approved raising up to Rs 20,000 crore through bonds in FY26. ""The Central Board of the Bank in its meeting held today i.e. 16.07.2025 accorded approval for raising funds in INR by issue of Basel III compliant Additional Tier 1 and Tier 2 Bonds, up to an amount of Rs 20,000 crore to domestic investors during FY26, subject to GOI approval wherever required,"" said the PSU lender in a stock exchange filing."
16 Jul 2025,"SBI board approves raising up to Rs 20,000 crore via bonds in FY26",https://www.moneycontrol.com/news/business/banks/sbi-board-approves-raising-up-to-rs-20-000-crore-via-bonds-in-fy26-13284861.html,"'The Central Board gave approval for raising funds in INR by issue of Basel III compliant Additional Tier 1 and Tier 2 Bonds,' says SBI","SBI board approves raising up to Rs 20,000 crore via bonds in FY26","State Bank of India board on July 16 approved raising up to Rs 20,000 crore through bonds in FY26. ""The Central Board of the Bank in its meeting held today i.e. 16.07.2025 accorded approval for raising funds in INR by issue of Basel III compliant Additional Tier 1 and Tier 2 Bonds, up to an amount of Rs 20,000 crore to domestic investors during FY26, subject to GOI approval wherever required,"" said the PSU lender in a stock exchange filing. At 1:40 pm on July 16, SBI shares were trading 1.8% higher at Rs 830.6 apiece. Meanwhile, CNBC-Awaaz reported citing sources that State Bank of India is likely to launch Rs 25,000-crore QIP as early as July 16. Life Insurance Corporation of India is likely to be anchor investor with Rs 7,000-crore bid, the channel reported. The pricing of the Qualified Institutional Placement is likely to be Rs 790-800 per share. The likely QIP is part of SBI’s broader plans to support loan growth, strengthen its balance sheet and meet regulatory requirements. It’s also the first time since 2017 that the lender, majority owned by the government, tapped the equity market. SBI has shortlisted six investment banks to manage the transaction, including the Indian arms of Citigroup Inc. and HSBC Holdings Plc, as well as ICICI Securities Ltd., Kotak Investment Banking, Morgan Stanley, and SBI Capital Markets Ltd., Bloomberg News reported earlier."
16 Jul 2025,State Bank of India shares gain over 1%; stock among top gainers on Nifty 50,https://www.moneycontrol.com/news/business/stocks/state-bank-of-india-shares-gain-over-1-stock-among-top-gainers-on-nifty-50-alpha-article-13284386.html,"Moneycontrol analysis indicates a bullish sentiment on the stock as of July 16, 2025.",,"State Bank of India shares were trading higher at Rs 826.05, a gain of over a percent in Wednesday's session, making it among the top gainers on the Nifty 50. At 12:10 pm, the stock was showing positive momentum. The following table presents the consolidated quarterly financial performance of State Bank of India:HeadingMar 2024Jun 2024Sep 2024Dec 2024Mar 2025RevenueRs 117,469 CroreRs 118,242 CroreRs 121,044 CroreRs 124,653 CroreRs 126,997 CroreNet ProfitRs 21,736 CroreRs 19,680 CroreRs 20,219 CroreRs 19,175 CroreRs 19,941 CroreEPS23.9621.6522.1721.1221.96The revenue for State Bank of India has shown consistent growth over the quarters, increasing from Rs 117,469 Crore in March 2024 to Rs 126,997 Crore in March 2025. However, the net profit has fluctuated, with a final value of Rs 19,941 Crore for the quarter ending March 2025. The following table presents the consolidated yearly financial performance of State Bank of India:Heading20212022202320242025RevenueRs 278,115 CroreRs 289,972 CroreRs 350,844 CroreRs 439,188 CroreRs 490,937 CroreNet ProfitRs 24,317 CroreRs 36,395 CroreRs 56,609 CroreRs 68,224 CroreRs 79,052 CroreEPS25.1139.6462.3575.1786.91BVPS282.35316.22371.08434.06515.07ROE8.8912.5316.8017.3116.87NIM2.512.492.702.662.59State Bank of India has demonstrated strong financial performance over the past five years. The revenue has increased consistently, from Rs 278,115 Crore in 2021 to Rs 490,937 Crore in 2025. Similarly, the net profit has grown significantly, reaching Rs 79,052 Crore in 2025 from Rs 24,317 Crore in 2021. The EPS has also shown remarkable growth, rising from 25.11 in 2021 to 86.91 in 2025. The following table presents key figures from the annual income statement of State Bank of India:Mar 2025Mar 2024Mar 2023Mar 2022Mar 2021Interest EarnedRs 490,937 CroreRs 439,188 CroreRs 350,844 CroreRs 289,972 CroreRs 278,115 CroreOther IncomeRs 172,405 CroreRs 155,386 CroreRs 122,533 CroreRs 117,000 CroreRs 107,222 CroreTotal IncomeRs 663,343 CroreRs 594,574 CroreRs 473,378 CroreRs 406,973 CroreRs 385,337 CroreTotal ExpenditureRs 537,482 CroreRs 495,543 CroreRs 379,744 CroreRs 330,519 CroreRs 306,402 CroreOperating ProfitRs 125,861 CroreRs 99,030 CroreRs 93,633 CroreRs 76,453 CroreRs 78,935 CroreProvisions & ContigenciesRs 19,451 CroreRs 7,714 CroreRs 18,184 CroreRs 40,059 CroreRs 54,618 CrorePBTRs 106,410 CroreRs 91,316 CroreRs 75,449 CroreRs 36,394 CroreRs 24,317 CroreTaxRs 27,358 CroreRs 23,091 CroreRs 18,839 CroreRs 0 CroreRs 0 CroreNet ProfitRs 79,052 CroreRs 68,224 CroreRs 56,609 CroreRs 36,395 CroreRs 24,317 CroreThe interest earned by State Bank of India has risen steadily, reaching Rs 490,937 Crore for the year ending March 2025, compared to Rs 278,115 Crore in 2021. The total income has also shown a strong upward trend, with a net profit of Rs 79,052 Crore for the year ending March 2025. The following table presents key figures related to NPAs (Non-Performing Assets) for State Bank of India:Mar 2025Mar 2024Mar 2023Mar 2022Mar 2021Gross NPARs 76,880 CroreRs 84,276 CroreRs 90,927 CroreRs 112,023 CroreRs 126,389 CroreGross NPA (%)1.822.242.783.975.00Net NPARs 19,666 CroreRs 21,051 CroreRs 21,466 CroreRs 27,965 CroreRs 36,809 CroreNet NPA (%)0.470.570.671.021.50The Gross NPA of State Bank of India has decreased to Rs 76,880 Crore as of March 2025, while the Net NPA has also decreased to Rs 19,666 Crore. The Gross NPA (%) and Net NPA (%) have also shown improvement, indicating better asset quality. State Bank of India's board is scheduled to meet on July 16, 2025, to consider and approve raising funds during FY26 through the issuance of Basel III compliant capital bonds in INR. The company has announced a final dividend of Rs 15.90 per share, which was announced on May 5, 2025 and was effective from May 16, 2025. Previously, a stock split occurred on November 20, 2014, where the face value changed from Rs 10 to Rs 1. Moneycontrol analysis indicates a very bullish sentiment on the stock as of July 16, 2025."
16 Jul 2025,"State Bank of India likely to launch Rs 25,000-crore QIP today: CNBC-Awaaz",https://www.moneycontrol.com/news/business/markets/state-bank-of-india-likely-to-launch-rs-25-000-crore-qip-today-cnbc-awaaz-13283786.html,"LIC is likely to be anchor investor with Rs 7,000-crore bid, the channel reported","State Bank of India likely to launch Rs 25,000-crore QIP today: CNBC-Awaaz","State Bank of India is likely to launch Rs 25,000-crore QIP as early as July 16, reported CNBC-Awaaz citing sources. Life Insurance Corporation of India is likely to be anchor investor with Rs 7,000-crore bid, the channel reported. The pricing of the Qualified Institutional Placement is likely to be Rs 790-800 per share. At 9:57 am on July 16, SBI shares were trading 0.3% higher at Rs 820.4 apiece. SBI is yet to comment. The likely QIP is part of SBI’s broader plans to support loan growth, strengthen its balance sheet and meet regulatory requirements. It’s also the first time since 2017 that the lender, majority owned by the government, tapped the equity market. SBI has shortlisted six investment banks to manage the transaction, including the Indian arms of Citigroup Inc. and HSBC Holdings Plc, as well as ICICI Securities Ltd., Kotak Investment Banking, Morgan Stanley, and SBI Capital Markets Ltd., Bloomberg News reported earlier."
14 Jul 2025,State Bank of India shares rise amid strength in PSU banking stocks,https://www.moneycontrol.com/news/business/stocks/state-bank-of-india-shares-rise-amid-strength-in-psu-banking-stocks-alpha-article-13274640.html,"With the stock currently trading at Rs 811.95, State Bank of India shows a marginal increase from its previous close.",,"Shares of State Bank of India were trading higher at over Rs 811 on the NSE. The stock gains amid an upmove in the PSU bank index. Here's a review of State Bank of India's recent financial performance. The following table shows the key figures from the income statement for the past five years:ParticularsMar 2025Mar 2024Mar 2023Mar 2022Mar 2021Interest EarnedRs 490,937 CroreRs 439,188 CroreRs 350,844 CroreRs 289,972 CroreRs 278,115 CroreOther IncomeRs 172,405 CroreRs 155,386 CroreRs 122,533 CroreRs 117,000 CroreRs 107,222 CroreTotal IncomeRs 663,343 CroreRs 594,574 CroreRs 473,378 CroreRs 406,973 CroreRs 385,337 CroreTotal ExpenditureRs 537,482 CroreRs 495,543 CroreRs 379,744 CroreRs 330,519 CroreRs 306,402 CroreOperating ProfitRs 125,861 CroreRs 99,030 CroreRs 93,633 CroreRs 76,453 CroreRs 78,935 CroreProvisions & ContigenciesRs 19,451 CroreRs 7,714 CroreRs 18,184 CroreRs 40,059 CroreRs 54,618 CrorePBTRs 106,410 CroreRs 91,316 CroreRs 75,449 CroreRs 36,394 CroreRs 24,317 CroreTaxRs 27,358 CroreRs 23,091 CroreRs 18,839 CroreRs 0 CroreRs 0 CroreNet ProfitRs 79,052 CroreRs 68,224 CroreRs 56,609 CroreRs 36,395 CroreRs 24,317 CroreThe following table shows the Gross NPA and Net NPA for the past five years:ParticularsMar 2025Mar 2024Mar 2023Mar 2022Mar 2021Gross NPARs 76,880 CroreRs 84,276 CroreRs 90,927 CroreRs 112,023 CroreRs 126,389 CroreGross NPA (%)1.822.242.783.975.00Net NPARs 19,666 CroreRs 21,051 CroreRs 21,466 CroreRs 27,965 CroreRs 36,809 CroreNet NPA (%)0.470.570.671.021.50The following table summarizes State Bank of India's cash flow from operating, investing, and financing activities:ParticularsMar 2025Mar 2024Mar 2023Mar 2022Mar 2021Operating ActivitiesRs 48,486 CroreRs 21,632 CroreRs -86,013 CroreRs 57,694 CroreRs 89,918 CroreInvesting ActivitiesRs -5,634 CroreRs -4,251 CroreRs -4,040 CroreRs -3,618 CroreRs -3,736 CroreFinancing ActivitiesRs -13,739 CroreRs -9,896 CroreRs 6,386 CroreRs -3,844 CroreRs 7,142 CroreOthersRs 2,248 CroreRs 775 CroreRs 3,075 CroreRs 966 CroreRs 66 CroreNet Cash FlowRs 31,360 CroreRs 8,260 CroreRs -80,593 CroreRs 51,198 CroreRs 93,391 CroreThe following table summarizes the equities, liabilities, and assets of State Bank of India:ParticularsMar 2025Mar 2024Mar 2023Mar 2022Mar 2021Share CapitalRs 892 CroreRs 892 CroreRs 892 CroreRs 892 CroreRs 892 CroreReserves & SurplusRs 486,144 CroreRs 414,046 CroreRs 358,038 CroreRs 304,695 CroreRs 274,669 CroreDepositsRs 5,439,898 CroreRs 4,966,537 CroreRs 4,468,535 CroreRs 4,087,410 CroreRs 3,715,331 CroreBorrowingsRs 610,857 CroreRs 639,609 CroreRs 521,151 CroreRs 449,159 CroreRs 433,796 CroreLiabilities & ProvisionsRs 758,367 CroreRs 697,074 CroreRs 592,962 CroreRs 507,517 CroreRs 411,303 CroreTotal LiabilitiesRs 7,314,185 CroreRs 6,733,778 CroreRs 5,954,418 CroreRs 5,360,883 CroreRs 4,845,618 CroreFixed AssetsRs 46,337 CroreRs 44,708 CroreRs 44,407 CroreRs 39,510 CroreRs 40,166 CroreLoans & AdvancesRs 4,250,830 CroreRs 3,784,272 CroreRs 3,267,902 CroreRs 2,794,076 CroreRs 2,500,598 CroreInvestmentsRs 2,205,601 CroreRs 2,110,548 CroreRs 1,913,107 CroreRs 1,776,489 CroreRs 1,595,100 CroreOther AssetsRs 811,415 CroreRs 794,249 CroreRs 729,000 CroreRs 750,807 CroreRs 709,752 CroreTotal AssetsRs 7,314,185 CroreRs 6,733,778 CroreRs 5,954,418 CroreRs 5,360,883 CroreRs 4,845,618 CroreCapital Adequacy Ratios (%)1414141313Gross NPA (%)1.822.242.783.975.00Net NPA (%)0.470.570.671.021.50Contingent LiabilitiesRs 2,678,111 CroreRs 2,397,594 CroreRs 1,835,524 CroreRs 2,007,232 CroreRs 1,714,239 CroreKey financial ratios for State Bank of India are as follows:ParticularsMar 2025Mar 2024Mar 2023Mar 2022Mar 2021Basic EPS (Rs.)86.9175.1762.3539.6425.11Diluted Eps (Rs.)86.9175.1762.3539.6425.11Book Value [Excl. Reval Reserve]/Share (Rs.)515.07434.06371.08316.22282.35Dividend/Share (Rs.)15.9013.7011.307.104.00Face Value11111Net Interest Margin (%)2.592.662.702.492.51Operating Profit Margin (%)21.8020.3419.9514.4910.58Net Profit Margin (%)16.0915.5116.1212.538.73Return on Networth / Equity (%)16.8717.3116.8012.538.89ROCE (%)1.911.631.741.571.77Return On Assets (%)1.060.990.930.650.46P/E (x)8.8810.018.4012.4514.51P/B (x)1.501.731.411.561.29CASA (%)38.7639.9242.6644.5145.40Capital Adequacy Ratios (%)14.2514.2814.6813.8513.74State Bank of India has announced several corporate actions. The board meeting to consider raising funds during FY26 by issuing Basel III compliant capital bonds is scheduled for July 16, 2025. The company announced a final dividend of Rs 15.90 per share on May 5, 2025, with an effective date of May 16, 2025. Moneycontrol's sentiment analysis, conducted on July 7, 2025, indicates a bullish outlook for the stock. With the stock currently trading at Rs 811.95, State Bank of India shows a marginal increase from its previous close."
11 Jul 2025,SBI Divests 2.02% Stake in Tamilnadu Telecommunications Ltd via Open Market Sale,https://www.moneycontrol.com/news/business/markets/sbi-divests-2-02-stake-in-tamilnadu-telecommunications-ltd-via-open-market-sale-alpha-article-13269034.html,"The divestment was executed through the open market, a common method for institutional investors to adjust their holdings nwithout direct negotiatio",,"State Bank of India (SBI) has significantly reduced its stake in Tamilnadu Telecommunications Limited, divesting 9,23,726 equity shares through open market transactions. This strategic disposal, which occurred over a period from December 14, 2023, to July 11, 2025, was formally disclosed by SBI on July 11, 2025, in compliance with regulatory mandates.SBI's Shareholding in Tamilnadu Telecommunications Ltd.ParticularsNumber of Shares% of Total Diluted Share/Voting CapitalHolding Before Disposal42,47,5009.30%Shares Sold9,23,7262.02%Holding After Disposal33,23,7747.28%Action DetailsState Bank of India (SBI) has significantly reduced its stake in Tamilnadu Telecommunications Limited, divesting 9,23,726 equity shares through open market transactions. This strategic disposal, which occurred over a period from December 14, 2023, to July 11, 2025, was formally disclosed by SBI on July 11, 2025, in compliance with regulatory mandates. The transaction involved the sale of shares carrying voting rights, with no other forms of voting rights or convertible instruments being part of this specific disposal.Shareholding ImpactPrior to this disposal, SBI held a substantial 9.30% stake in Tamilnadu Telecommunications Limited, amounting to 42,47,500 shares. The recent sale of 9,23,726 shares, representing 2.02% of the target company's total diluted share/voting capital, has consequently brought down SBI's total holding to 33,23,774 shares. This revised shareholding now constitutes 7.28% of Tamilnadu Telecommunications Limited. The reduction in stake signifies a recalibration of SBI's investment portfolio, potentially aligning with its broader strategic objectives or capital allocation priorities.Process and TimelineThe divestment was executed through the open market, a common method for institutional investors to adjust their holdings without direct negotiation. This approach allows for price discovery based on prevailing market conditions. The transactions spanned a considerable period, commencing on December 14, 2023, and concluding on July 11, 2025, the same day the disclosure was made to the stock exchanges. The phased nature of the sale suggests a deliberate strategy to manage market impact and achieve optimal realization for the divested shares.Regulatory ContextThis disclosure by State Bank of India is a mandatory requirement under Regulation 30 of the SEBI (Listing Obligations and Disclosure Requirements) Regulations, 2015, and Regulation 29(2) of the SEBI (Substantial Acquisition of Shares and Takeovers) Regulations, 2011. These regulations are crucial for maintaining transparency and ensuring that all material information regarding changes in significant shareholdings is promptly communicated to the public and regulatory bodies. Regulation 29(2) specifically mandates disclosures when an acquirer's shareholding crosses certain thresholds or undergoes significant changes, thereby protecting investor interests and preventing insider trading. The timely submission of such disclosures ensures that the market is well-informed about substantial changes in ownership, which can influence investor sentiment and the valuation of the target company.Market ContextTamilnadu Telecommunications Limited, the target company in this transaction, has its shares listed on prominent Indian stock exchanges, namely the National Stock Exchange of India Limited (NSE) and BSE Limited. The listing on these exchanges ensures that the company's shares are publicly traded, providing liquidity and a platform for investors to buy and sell. Disclosures like SBI's share sale are therefore critical for investors tracking the company, as they provide insights into the activities of major shareholders and potential shifts in corporate control or investment strategies. "
07 Jul 2025,"Equitas SFB, J&K Bank, ESAF SFB shares plunge up to 6% as Q1 biz updates fail to impress investors",https://www.moneycontrol.com/news/business/markets/equitas-sfb-j-k-bank-esaf-sfb-shares-plunge-up-to-6-as-q1-biz-updates-fail-to-impress-investors-13238517.html,"Equitas Small Finance Bank's asset quality worsened, with overall net slippage rising from 2.38% in Q1 FY25 to 4.35% in Q1 FY26.","Equitas SFB, J&K Bank, ESAF SFB shares plunge up to 6% as Q1 updates fail to impress markets","The shares of Equitas Small Finance Bank plunged nearly 6 percent on July 7 after the company reported a drop in asset quality and micro finance loans for the April-June quarter. ESAF Small Finance Bank and Jammu & Kashmir Bank shares also recorded significant losses. The sharp fall in the share prices of the three lenders comes amid an overall downturn in bank stocks. Nifty Bank closed in the red at 56,949, with AU Small Finance Bank, State Bank of India (SBI) and ICICI Bank leading losses. Equitas Small Finance Bank Equitas Small Finance Bank reported provisional gross advances at Rs 38,304 crore for the first quarter of the financial year 2026. This marked a rise of over 9 percent from the Rs 34,871 crore gross advances reported in the corresponding quarter of the previous financial year. However, its gross advances in the micro finance and micro loans segment declined over 34 percent to Rs 3,916 crore during the quarter under review. Total deposits, meanwhile, rose over 18 percent on-year to Rs 37,524 crore, while CASA deposits grew over 11 percent on-year to Rs 13,053 crore. CASA ratio stood at 29 percent, lower than the 31 percent reported in the year-ago period. The lender's asset quality worsened, with overall net slippage rising from 2.38 percent in Q1FY25 to 4.35 percent in Q1FY26. Micro finance segment saw the worst rise in net slippage, from 4.98 percent in Q1FY25 to a whopping 19.75 percent in Q1FY26. The shares of the company tumbled nearly 6 percent to close at Rs 64.11 apiece on July 7. ESAF Small Finance Bank ESAF Small Finance Bank reported a nearly 9 percent rise in total deposits to Rs 22,698 crore for the first quarter of the financial year 2026. This however is around 2.5 percent lower than the Rs 23,277 crore total deposits reported in the previous quarter (Q4 FY25). CASA deposits improved on-year to Rs 5,628 crore, but fell nearly 3 percent sequentially. The bank's gross advances however declined around 3 percent on-year to Rs 18,224 crore. This was largely driven by a 39 percent on-year drop in its micro loans segment. The shares of the lender dropped around 2 percent to close at Rs 34.29 apiece on July 7. The Jammu & Kashmir Bank The Jammu & Kashmir Bank on July 7 reported a 10 percent on-year rise in total business to Rs 2.50 lakh crore for the April to June quarter of the current financial year. Its total deposits meanwhile grew over 12 percent on-year to Rs 1.48 lakh crore. CASA deposits grew 3 percent on-year to Rs 67,900 crore, but CASA ratio declined to 45.71 percent. The shares of the lender dropped nearly 3 percent to close at Rs 111 apiece."
07 Jul 2025,SBI’s Rs 3.5 lakh crore secret: Why its subsidiaries could trigger the next big re-rating,https://www.moneycontrol.com/news/business/markets/sbi-s-rs-3-5-lakh-crore-secret-why-its-subsidiaries-could-trigger-the-next-big-re-rating-13224983.html,"Mutual fund, insurance and payments arms of SBI are seen as prime IPO candidates, and analysts see these as accounting for a fourth of the PSU lender's overall value.","If SBI moves ahead with IPOs, starting with SBI Mutual Fund, it could mark a valuation inflection point, with significant re-rating potential.","Leading PSU lender State Bank of India (SBI) may be sitting on a Rs 3.5 lakh crore goldmine, and it’s not in its core lending book. With the Finance Ministry nudging public sector banks to monetise their non-core assets, the spotlight is back on SBI’s powerful but under-appreciated subsidiary portfolio. Analysts believe this hidden value - spread across mutual funds, insurance and payments - could unlock fresh upside for India's largest lender. For a bank that clocks over Rs 70,000 crore in annual profit, the growth story is evolving. It’s no longer just about net interest margins or slippages. It’s now about how the market values the sum of SBI’s parts, especially the unlisted ones that have matured into cash-generating businesses. If SBI moves ahead with IPOs, starting with SBI Mutual Fund, it could mark a valuation inflection point, with significant re-rating potential. “SBI’s subsidiaries contribute nearly Rs 3.5 lakh crore to its SOTP value-based on market cap and AUM benchmarks. Stripping out overvaluation and applying a holding company discount, we estimate a realisable value of around Rs 2.5 lakh crore,” said Vikas Gupta, CEO & Chief Investment Strategist at OmniScience Capital. That would be roughly one-third of SBI’s current market capitalisation of Rs 7.1 lakh crore. The Value of the Parts The unlisted arms - SBI Mutual Fund, SBI General Insurance, and SBI Capital Markets - together account for a meaningful chunk of SBI’s embedded value. According to the FY25 annual report, the PBT contribution from subsidiaries and associates stood at Rs 14,217 crore, up 15 percent on-year. Among these, SBI Mutual Fund is the most mature, with over Rs 11 lakh crore in AUM, making it India’s largest asset manager. SBI owns 63 percent of the AMC, with the remainder held by France’s Amundi. Analysts believe the mutual fund business alone could command a valuation of Rs 60,000–75,000 crore upon listing, implying SBI’s stake may be worth Rs 37,000-47,000 crore, not far behind listed peers like HDFC AMC. Given that HDFC AMC trades at ~8x book and 25x earnings, SBI MF - with its massive SIP book and operating efficiency - could fetch similar or higher multiples. “The IPO of SBI Mutual Fund is likely to be the next significant monetisation event, unlocking substantial value,” said a recent note by Motilal Oswal. SBI General Insurance and SBI Payment Services, though smaller, are also seen as promising. SBI holds a 70 percent stake in SBI General Insurance, which is already among the top five private players by gross premiums. The last fiscal year saw SBI General posting over Rs 500 crore in net profit. A potential IPO here could fetch a valuation of Rs 10,000-12,000 crore, again adding incremental visibility to the SOTP. SBI also owns controlling stakes in other profitable but low-profile entities like SBI Capital Markets, SBI DFHI, SBI Payments, and SBI Global Factors. These companies contribute over Rs 1,000 crore in aggregate profits, according to brokerage estimates. The FY25 annual report pegs the total pre-tax profit of subsidiaries and associates at Rs 14,217 crore (up 15 percent year-on-year), with SBI Life accounting for nearly a third of that. SBI Payments has a dominant UPI/merchant acquiring footprint, though governance issues linked to Hitachi’s 26 percent stake need resolution before an IPO can be explored. “We continue to value the core bank at 1.2x FY27E adjusted book value, with subsidiaries contributing Rs 241 per share to our SOTP-based target price of Rs 960,” said JM Financial in a recent note. Motilal Oswal pegs the value of SBI’s subsidiaries even higher — at Rs 245 per share — and sees them as the key re-rating trigger. “We maintain SBI as our top ‘Buy’ idea among PSU banks with a target price of Rs 925, premised on 1.2x FY27E ABV plus Rs 245 for subsidiaries,” the brokerage said. Nirmal Bang has gone a step further and values the subsidiaries at Rs 252.3 per share in its SOTP, which translates into a target price of Rs 1,013. While SBI Life and SBI Cards are already listed, their market cap contributions are often undervalued in SBI’s share price due to holding company discounts. SBI Life, for instance, has a market capitalisation of over Rs 1.2 lakh crore, of which SBI’s 56 percent stake is worth nearly Rs 67,000 crore. Yet the bank’s own market cap (~Rs 7.1 lakh crore) reflects only a partial mark-to-market of these assets — largely due to conglomerate discount. Downside Protection The IPO of SBI MF, expected in FY26, could become a turning point. Beyond the cash inflow, it would offer price discovery, enhance transparency, and allow the market to ascribe cleaner valuations to other subsidiaries. As Sharekhan said, even if core profitability comes under some pressure in FY26 due to narrowing NIMs, SBI remains well-positioned to sustain RoA around one percent and RoE above 14 percent, with ample headroom to monetise investments. SBI’s CET-1 ratio of 10.8 percent, according to JPMorgan, is an indication that these monetisations would be opportunistic and not driven by capital stress — which is key to investor confidence. “With such strong embedded value, SBI has multiple levers — to improve capital ratios, support credit growth, or unlock shareholder wealth,” said a private equity investor. Besides, investor appetite is healthy for themes like insurance and digital payments, but size and sustainability matter, said Nirav Karkera, Head of Research at Fisdom. “SBI has the balance sheet strength and brand pull — now it needs to time the listings right,” he added."
07 Jul 2025,"Stocks to Watch Today: IndusInd Bank, Dabur India, Senco Gold, Rail Vikas Nigam, BEML, Shilpa Medicare, Godrej Consumer Products in focus on 7 July",https://www.moneycontrol.com/news/business/markets/stocks-to-watch-today-indusind-bank-dabur-india-senco-gold-rail-vikas-nigam-beml-shilpa-medicare-godrej-consumer-products-in-focus-on-7-july-13235536.html,"Stocks to Watch, 7 July: Stocks like IndusInd Bank, Bank of India, Godrej Consumer Products, Dabur India, Senco Gold, Rail Vikas Nigam, Hazoor Multi Projects, BEML, Mahindra Lifespace Developers, Shilpa Medicare, and Tata Steel will be in focus on July 7.","Stocks to Watch today, 7 July","Let's catch up on the latest news from the stock market. From significant investments to major deals, quarterly earnings, appointments, order wins, and acquisitions, here’s a quick look at which stocks will be in focus in today's trade: Q1FY26 Earnings Update (Provisional) IndusInd Bank Q1 (YoY) Net advances drop 3.9% to Rs 3.34 lakh crore Vs Rs 3.48 lakh crore Deposits fall 0.3% to Rs 3.97 lakh crore Vs Rs 3.98 lakh crore CASA ratio declines to 31.49% Vs 36.67% Bank of India Q1 (YoY) Global business grows 10.3% to Rs 15.05 lakh crore Vs Rs 13.65 lakh crore Global deposits increase 9.07% to Rs 8.34 lakh crore Vs Rs 7.64 lakh crore Global gross advances soar 12% to Rs 6.72 lakh crore Vs Rs 6 lakh crore Domestic deposits jump 9.6% to Rs 7.10 lakh crore Vs Rs 6.48 lakh crore Domestic gross advances zoom 11.2% to Rs 5.65 lakh crore Vs Rs 5.08 lakh crore IDBI Bank Q1 (YoY) Total business grows 8% to Rs 5.08 lakh crore Vs Rs 4.71 lakh crore Deposits increase 7% to Rs 2.97 lakh crore Vs Rs 2.77 lakh crore CASA deposit drops 2% to Rs 1.33 lakh crore Vs Rs 1.35 lakh crore Net advances soar 9% to Rs 2.12 lakh crore Vs Rs 1.94 lakh crore Utkarsh Small Finance Bank Q1 (YoY) Total deposits grow 18.3% to Rs 21,489 crore Vs Rs 18,163 crore Gross loan portfolio increases 2.3% to Rs 19,224 crore Vs Rs 18,798 crore CASA deposits soar 22.1% to Rs 4,218 crore Vs Rs 3,453 crore Dhanlaxmi Bank Q1 (YoY) Total business rises 15.8% to Rs 29,054 crore Vs Rs 25,084 crore Total deposits jump 14.7% to Rs 16,570 crore Vs Rs 14,441 crore Gross advances grow 17.3% to Rs 12,484 crore Vs Rs 10,643 crore Gold loan increases 28.1% to Rs 4,039 crore Vs Rs 3,153 crore ESAF Small Finance Bank Q1 (YoY) Total deposits grow 8.7% to Rs 22,698 crore Vs Rs 20,887 crore Gross advances fall 3% to Rs 18,224 crore Vs Rs 18,783 crore CASA ratio improves to 24.80% Vs 23.59% Godrej Consumer Products Q1 Standalone business likely to deliver high-single digit value growth on the back of mid-single digit underlying volume growth (UVG) Volume growth has been strongly competitive and is sequentially improving Home Care business likely to deliver double-digit value growth and UVG Personal Care business is expected to grow value in low-single digit impacted by soaps. Standalone business excluding soaps is expected to deliver a very strong performance with double-digit UVG Standalone EBITDA margin is likely to be below company's normative range but is expected to improve Indonesia business faced a significant increase in competitive pricing action across all major categories, which will likely result in flattish UVG On consolidated basis, Godrej Consumer expects double-digit rupee revenue growth on the back of high single digit UVG Dabur India Q1 On decline in beverages, consolidated revenue is expected to grow in low-single digits Consolidated operating profit growth is expected to marginally lag revenue growth Home and Personal Care division is expected to perform well driven by the oral, home and skin care categories Key brands such as Dabur Red Toothpaste, Odonil, Odomos, and Gulabari are expected to post strong growth coupled with market share gains Within healthcare, brands such as Dabur Honey, Hajmola, Dabur Honitus, Dabur Health Juices are expected to post robust double-digit growth Dabur Honitus is expected to perform exceedingly well with over 40% growth International business is expected to post double digit constant currency growth led by key markets like MENA, Turkey, Bangladesh and US Namaste Senco Gold Q1 (YoY) Total revenue grows 28% Retail revenue increases 24% Same-store sales growth (SSSG- at secondary sales level) at 19% Company launched 9 new showrooms, taking jewellery store portfolio to 179 Stocks to Watch Rail Vikas Nigam The company has received a Letter of Award (LOA) from Southern Railway for the upgradation of the electric traction system from 1x25 kV to 2x25 kV in the Salem Division of Southern Railway, aimed at meeting a 3,000 MT loading target. The total cost of the project is Rs 143.4 crore. Hazoor Multi Projects The company has received a Letter of Award (LOA) from Apollo Green Energy for NHPC’s 200 MW grid-connected solar PV project in GSECL’s RE Solar Park, Khavda (Stage-3), Gujarat. The total value of the awarded project is Rs 913 crore. BEML The company has bagged two separate export orders - One from the Commonwealth of Independent States (CIS) region for the supply of heavy-duty bulldozers, and second from Uzbekistan for the supply of high-performance motor graders. The total contract value is $6.23 million. Mahindra Lifespace Developers The Mahindra Group company has launched a new tower at Mahindra Citadel, part of a 9.66-acre residential development in Pune, with an overall gross development value (GDV) of nearly Rs 2,500 crore. Jyoti CNC Automation The Board has approved the acquisition of 20 acres of land at the Tumakuru Machine Tools Park (TMTP) in Karnataka for future expansion. The acquisition will be funded through internal accruals or debt. UltraTech Cement Anoop Khatry has resigned from the position of Chief Legal Officer, effective July 3, citing personal reasons. Olectra Greentech P V Krishna Reddy has been appointed as Chairman of the Board, effective July 5. However, K V Pradeep has resigned from the position of Managing Director and Director, effective July 4, due to personal reasons. Shilpa Medicare The company’s subsidiary, Shilpa Pharma Lifesciences’ Unit-1, has completed a GMP inspection by the Brazilian regulatory authority, ANVISA. The audit was conducted from June 30 to July 4 and concluded with no critical or major observations. Some procedural observations and recommendations were discussed during the inspection. Tata Steel Tata Steel has received a demand letter from the Deputy Director of Mines, Jajpur, regarding a revised assessment of a shortfall in mineral dispatch from the Sukinda Chromite Block for the fourth year under the Mine Development and Production Agreement. The alleged shortfall has resulted in a demand of Rs 1,902.7 crore. The company believes the State’s demand lacks justification and substantive basis and will pursue legal remedies before the appropriate judicial or quasi-judicial forum(s). Shyam Metalics and Energy In June 2025, stainless steel sales volume dropped 19% YoY to 5,665 tonnes, while the average realization increased 3% YoY to Rs 1.43 lakh per tonne. Meanwhile, aluminium foil sales volume surged 52% YoY to 1,783 tonnes, with the average realization rising 9% YoY to Rs 3.61 lakh per tonne. Sanmit Infra The Board has approved the reappointment of Sanjay Makhija as Managing Director, and Kamal Makhija and Haresh Makhija as Whole-Time Directors. Bulk Deals Dreamfolks Services Bajaj Finance has sold a 0.58% stake in Dreamfolks at Rs 196.32 per share, and Motilal Oswal Mutual Fund offloaded a 0.51% stake at Rs 211.14 per share. Emcure Pharmaceuticals BC Investments IV, an affiliate of US-based private equity firm Bain Capital, has sold 45 lakh shares (2.37% stake) at Rs 1,250.44 per share, amounting to Rs 562.7 crore. As of March 2025, BC Investments held an 8.68% stake in Emcure. Godavari Biorefineries 360 ONE Equity Opportunity Fund sold a 0.62% stake, and Turnaround Opportunities Fund sold a 0.51% stake in Godavari Biorefineries at Rs 256.75 per share. JTL Industries Jindal Oil and Fats sold 19.5 lakh shares in JTL Industries at Rs 75.45 per share. Kaushalya Logistics Vicco Products (Bombay) bought 99,200 shares in Kaushalya Logistics at Rs 84.58 per share. SME Listing on July 7 Pushpa JewellersVandan FoodsMarc Loire FashionsCedaar TextileSilky Overseas Stocks Trade Ex-Dividend Sun Pharmaceutical IndustriesDodla DairyVeedol Corporation Stock Trades Ex-Date for Rights Exicom Tele-SystemsIndsoya Stock in F&O ban RBL Bank"
01 Jul 2025,"PSU bank stocks snap 5-day gaining streak amid profit booking; Union Bank of India, BoB among top losers",https://www.moneycontrol.com/news/business/markets/psu-bank-stocks-snap-5-day-gaining-streak-amid-profit-booking-union-bank-of-india-bob-among-top-losers-13210374.html,"Bank stocks have been in focus recently, with private and PSU bank stocks seeing significant surge and pushing the broader Nifty Bank index to fresh lifetime highs.",Nifty PSU Bank index,"PSU bank stocks fell prey to profit booking on July 1, pushing the Nifty PSU index down in the red to snap a five-day gaining streak. Bank stocks have been in focus recently, with private and PSU bank stocks seeing significant surge to push the broader Nifty Bank index to fresh lifetime highs. While private players saw a downturn in stock prices yesterday, PSU bank stocks continued to rally. However, investors may have now resorted to profit booking, leading to a fall in the share prices. Bank of Baroda shares tumbled nearly 2 percent to emerge as the top loser on the Nifty PSU Bank index. Union Bank of India and Punjab & Sind Bank (PSB) followed, dropping nearly 1.5 percent each. UCO Bank, Canara Bank and Bank of Maharashtra fell up to 1 percent each, while Bank of India, Indian Bank, State Bank of India (SBI) and Central Bank of India trading in the red with marginal losses. Indian Overseas Bank (IOB) shares however bucked the trend to trade in the green with marginal gains. The Nifty PSU Bank Index had jumped 2.6 percent on Monday after the finance ministry urged these lenders to offer more credit and monetise subsidiaries through IPOs and stake sales. According to reports, approximately 15 subsidiaries or joint ventures under public sector banks are currently being considered for initial public offerings (IPOs) or strategic divestments in the medium to long term. The most anticipated IPOs among these include those of SBI General Insurance and SBI Payment Services, the report added. In FY25, the collective net profit of 12 public sector banks reached a record Rs 1.78 lakh crore, up 26 percent from the previous year. In absolute terms, the profit increase amounted to nearly Rs 37,100 crore year-on-year. Private bank stocks also dropped on July 1, with heavyweight Axis Bank leading the losses. The shares of the private lender tumbled nearly 3 percent. The sharp fall in the share prices pushed the Nifty Bank index down in the red to hover around 57,164. Also read: Our LIVE blog on stock market updates"
27 Jun 2025,Gainers & Losers: Top 10 stocks that moved the most on June 27,https://www.moneycontrol.com/news/business/markets/gainers-losers-top-10-stocks-that-moved-the-most-on-june-27-13192917.html,"Indian stock markets ended higher on June 27, with benchmark indices Sensex and Nifty rising over 0.35% each, and Nifty Bank hit a record high. ",Top gainers and losers,"Benchmark indices Nifty and Sensex recorded a higher close for a fourth session on June 27, with Nifty making a nine-month high and Nifty Bank closing at all-time high. Sensex closed 303.03 points or 0.36 percent higher at 84,058.90, while Varun Beverages ended the session 88.80 points or 0.35 percent higher at 25,637.80. Easing geopolitical tensions following the Israel-Iran ceasefire and optimism around a potential US-India trade deal have been key tailwinds for the rally. Here are the stocks that moved the most on June 27: IndusInd Bank IndusInd Bank shares sharply surged nearly 4 percent in trade on June 27, after CNBC-TV18 reported that Axis Bank's Rajiv Anand is a strong candidate for the CEO position. HDFC Bank's Rahul Shukla and Bajaj Finance's Anup Saha are also likely to be running for the role, the channel said, citing sources. Jio Financial Services Jio Financial Services shares rose over 4 percent intraday on Friday after the Securities and Exchange Board of India (SEBI) approved Jio BlackRock Broking to function as a stockbroker. Adani Enterprises Adani Enterprises shares closed over 2 percent higher, tracking gains in metal shares after White House Press Secretary said the July 9 deadline for reimposition of tariff on imports was 'not critical' and could be extended, but it is for the President to decide. Varun Beverages Varun Beverages shares rose 2 percent in trade, snapping a two-day losing streak after HSBC retained its buy rating and said the recent correction in the stock has been unwarranted. With a price target of Rs 670 per share, the international brokerage implies an upside potential of over 46 percent from the last closing price of Rs 458 per share on the NSE. State Bank of India (SBI) Shares of State Bank of India gained over a percent on June 27 after CLSA maintained an outperform rating on the lender, citing the bank's strong positioning in the coming quarters. With a target price of Rs 1,050 per share, the brokerage implies an upside potential of 32 percent from the last close of Rs 797 per share on the NSE. SBI has continued to gain market share for the fourth consecutive year, not only from PSU peers but also from some private sector banks. While deposit growth was modest, its CASA performance outpaced that of peers, CLSA said. Torrent Pharma Torrent Pharma shares rose 4 percent in trade after global brokerage JPMorgan upgraded the stock to ‘Overweight’, citing strong growth levers in the coming quarters. With a target price of Rs 3,800, JPMorgan implies an upside potential of 18 percent from the last closing price. The previous target price given by the brokerage was Rs 3,650. Akzo Nobel India Shares of paints major Akzo Nobel India rallied over six percent in early trade after JSW Paints agreed to acquire up to 74.76 percent stake in the company. JSW Paints signed agreements to acquire up to 74.76 percent stake in Akzo Nobel India from its parent company and affiliates for up to Rs 8,986 crore, subject to final adjustments, the company said in a filing. The deal will need approval from the Competition Commission of India and includes a mandatory open offer to public shareholders. Prime Focus Shares of Prime Focus rose sharply on Friday, rising as much as 20 percent in trade amid strong volumes, marking the third consecutive session of gains. In a large block deal during opening trade, around 15.1 million shares of Prime Focus were exchanged, contributing to the spike in volume. Zudio-parent Trent Zudio-parent Trent shares fell over a percent as investors may have resorted to profit booking at elevated levels in the stock that is trading at a P/E of 135x. Axis Bank Axis Bank shares closed in the red after a significant rise the previous day. However, the Nifty Bank index had hit a fresh lifetime high today, breaking its previous day's record."
27 Jun 2025,"SBI likely to raise Rs 5,000 crore through Tier-II bonds by August, says report",https://www.moneycontrol.com/news/business/banks/sbi-likely-to-raise-rs-5-000-crore-through-tier-ii-bonds-by-august-says-report-13191410.html,"SBI, India's largest lender, is planning to raise funds through the issuance of Basel III-compliant tier-II bonds with a 10-year or 15-year maturity in July or August, news agency Reuters has reported citing sources.",State Bank of India (SBI),"India's largest lender State Bank of India (SBI) is likely to raise funds worth nearly Rs 5,000 crore through debt instruments over the next two months, news agency Reuters reported on June 27 citing people familiar with the matter, helping the shares sustain early gains of nearly a percent on a day the Bank Nifty extended its rally to record highs. The PSU lender is planning to raise funds through the issuance of Basel III-compliant tier II bonds with a 10-year or 15-year maturity, in July or August, the report said citing sources, with initial talks having begun and the duration of the bond issuance would be finalized considering the rate at the time of issuance, the report added. One source told the news agency that the 15-year bond structure could be explored with a call option at the end of 10 years. Moneycontrol couldn't independently verify the report. Earlier in May, SBI had approved the proposal to raise up to $3 billion as long-term fund in single or multiple tranches during the ongoing FY26 through a public offer, or a private placement of senior unsecured notes in US Dollar or any other major foreign currency. SBI Chairman CS Setty had said during the fourth quarter earnings call that the uncertainty over tariffs will impact the economy and the investment scenario. ""Without raising capital, the bank's growth will not be impacted. Benign asset quality is likely to continue for more period,"" SBI Chairman CS Setty had said. The public lender had earlier raised Rs 7,500 in September last year through 15-year tier II bonds, which had a call option at the end of 10 years. In the previous financial year (FY25), the bank had raised 150 billion rupees through tier II bonds. Also Read: Nifty Bank hits new all-time high again, tops 57,400 for the first time ever On June 25, Bloomberg News had reported citing people familiar with the development that State Bank of India had selected investment bankers including Citigroup and HSBC to manage the share sale. SBI has also chosen ICICI Securities, Kotak Capital, Morgan Stanley and SBI Capital for the fundraise, the report added."
27 Jun 2025,"Nifty Bank hits new all-time high again, tops 57,400 for the first time ever",https://www.moneycontrol.com/news/business/markets/nifty-bank-hits-new-all-time-high-again-today-tops-57-300-for-the-first-time-ever-psu-stocks-shine-13189670.html,"Analysts however expect the bullish rally to continue, with Bank Nifty hitting further highs.",Bank Nifty hits fresh lifetime high,"Bank stocks extended gains on June 27, pushing the Nifty Bank index to a fresh all-time high level. The bank index has crossed 57,400-mark for the first time ever. The index hit a lifetime high of 57,414.95, breaking its previous record of 57,387.95 which was set just hours ago. The index has now extended gains for the fourth consecutive session. Bank of Baroda and ICICI Bank shares gained over 1 percent each, while IDFC First Bank, State Bank of India (SBI) and HDFC Bank shares gained over 0.8 percent each. Punjab National Bank (PNB) and Canara Bank shares were trading with marginal gains. IndusInd Bank shares gained over 3 percent after report claimed that Axis Bank's Rajiv Anand is a strong candidate for its CEO position. Axis Bank, Kotak Mahindra Bank, Federal Bank and AU Small Finance Bank shares were trading in the red. Will Nifty Bank cross 58,000 soon? Analysts however expect the bullish rally to continue, with Bank Nifty hitting further highs. ""Overall, I expect Bank Nifty to cross 58,000 over next 2-3 weeks. If it holds above 56,250, looks for an upside target of 57,050 today. I am expecting momentum in both Nifty and Bank Nifty post this expiry,"" said Chandan Taparia, Senior Vice President, Head - Derivatives & Technical Research, Motilal Oswal. What led to the rally? Ajay Bagga, Independent Analyst, meanwhile held India's macroeconomic indicators as key to the index's growth. ""Given the manifold actions by RBI, which has cut rates, injected ample liquidity into the money markets, has been pragmatic in undertaking macro prudential easing and has been providing regulatory relief, banks are poised to benefit in the next few quarters. India's robust macro, tailwinds from a good monsoon, income tax relief injecting some purchasing power in the pockets of the middle class and falling inflation all have created a good backdrop for credit growth,"" he said. Bhavik Joshi, Business Head at INVasset PMS, cited the liquidity-driven shift in the Indian financial ecosystem as a key factor behind the surge in Bank Nifty. ""The Reserve Bank of India has been at the forefront, executing a series of bold monetary actions to stimulate the economy. These include a total of 100 bps in repo rate cuts this year (25 bps each in February and April, followed by 50 bps in June), alongside a 100 bps CRR reduction. Most notably, the RBI recently conducted a $10 billion (₹87,000 crore) 3-year USD/INR swap, injecting long-term liquidity into the system,"" he said. ""Bank Nifty's leadership in 2025 is a reflection of this macro transformation. It’s not just a stock index hitting highs—it’s the financial heartbeat of a growing economy, powered by a central bank committed to supporting India’s next phase of expansion,"" he added. Sunny Agrawal of SBI Securities highlighted the surge in HDFC Bank and ICICI Bank's shares as a significant driver of the surge in the bank index. ""HDFC Bank and ICICI Bank account for approximately 50% of the Bank Nifty weight and today we have seen HDFC Bank hitting life high thereby pulling the entire index up. Moreover, ICICI Bank is also trading very close to its life highs. Overall, banks are well placed to enjoy better credit growth, on the back of recent drop in repo rate, albeit, NIMs may come under pressure during 1QFY26 and then gradually improving during FY26, with strong exit in 4QFY26,"" he said. Bank Nifty has been outperforming the Nifty 50 index since the beginning of 2025, posting gains of nearly 12 percent compared to the benchmark's 8 percent gain, said Ravi Singh, SVP - Retail Research, Religare Broking. Speaking about today's rise Singh said that the uptrend was helped by RBI's recent steps like cutting interest rates and reducing CRR, which made investors more confident about the profits of banks. ""On the technical charts, Bank Nifty is likely to move towards the 57,800–58,200 zone in the near term, provided it sustains firmly above the 56,800-breakout level. For the July expiry, the highest open interest build-up is observed at the 56,000 strike, indicating strong support. Overall, sentiment remains positive, with 56,500–56,200 acting as a key support zone and 57,200 as the immediate hurdle for further upside. Traders can look to deploy a 'Buy on Dips' strategy in the banking index,"" Singh said. Also read: Our LIVE blog on stock market updates"
26 Jun 2025,"Bank Nifty hits record high of 57,263; HDFC Bank, Axis Bank shares jump up to 2%",https://www.moneycontrol.com/news/business/markets/bank-nifty-hits-fresh-record-high-of-57-070-hdfc-bank-axis-bank-shares-jump-over-1-13181574.html,"HDFC Bank share price:  Chandan Taparia from Motilal Oswal expects Bank Nifty cross 58,000 over next 2-3 weeks.",Bank Nifty at record high,"Bank stocks recorded significant gains on June 26, pushing the Nifty Bank index higher up in the green to hit a fresh all-time high of 57,263.45. The surge in the segment was led by heavy buying in private bank stocks. Heavyweight HDFC Bank shares jumped nearly 2 percent to hit a fresh all-time high of Rs 2,027 apiece, closing as one of the top gainers and biggest contributors to the uptrend in benchmark indices Sensex and Nifty. HDFC Bank shares have now extended gains for the third consecutive session. This comes as its subsidiary HDB Financial Services sees decent investor interest for its Rs 12,500 IPO. Notably, HDFC Bank had set tomorrow (June 27) as the record date to determine the eligibility of the shareholders set to receive its dividend payment. The rise in the share price comes ahead of the record date. AU Small Finance Bank shares rose over 1.7 percent to close at Rs 821 apiece, while Axis Bank shares gained 1.5 percent to end the session at Rs 1,231 apiece. ICICI Bank shares were trading nearly 1 percent higher, while IndusInd Bank, Punjab National Bank (PNB), Canara Bank, Bank of Baroda and Kotak Mahindra Bank shares were trading in the green with marginal gains. Dodging the uptrend in the segment, the shares of State Bank of India (SBI), Federal Bank, and IDFC First Bank were trading in the red with marginal losses. Will Bank Nifty cross 58,000 soon? Analysts however expect the bullish rally to continue, with Bank Nifty hitting further highs. ""Overall, I expect Bank Nifty to cross 58,000 over next 2-3 weeks. If it holds above 56,250, looks for an upside target of 57,050 today. I am expecting momentum in both Nifty and Bank Nifty post this expiry,"" said Chandan Taparia, Senior Vice President, Head - Derivatives & Technical Research, Motilal Oswal. What led to the rally? Ajay Bagga, Independent Analyst, meanwhile held India's macroeconomic indicators as key to the index's growth. ""Given the manifold actions by RBI, which has cut rates, injected ample liquidity into the money markets, has been pragmatic in undertaking macro prudential easing and has been providing regulatory relief, banks are poised to benefit in the next few quarters. India's robust macro, tailwinds from a good monsoon, income tax relief injecting some purchasing power in the pockets of the middle class and falling inflation all have created a good backdrop for credit growth,"" he said. Bhavik Joshi, Business Head at INVasset PMS, cited the liquidity-driven shift in the Indian financial ecosystem as a key factor behind the surge in Bank Nifty. ""The Reserve Bank of India has been at the forefront, executing a series of bold monetary actions to stimulate the economy. These include a total of 100 bps in repo rate cuts this year (25 bps each in February and April, followed by 50 bps in June), alongside a 100 bps CRR reduction. Most notably, the RBI recently conducted a $10 billion (₹87,000 crore) 3-year USD/INR swap, injecting long-term liquidity into the system,"" he said. ""Bank Nifty's leadership in 2025 is a reflection of this macro transformation. It’s not just a stock index hitting highs—it’s the financial heartbeat of a growing economy, powered by a central bank committed to supporting India’s next phase of expansion,"" he added. Sunny Agrawal of SBI Securities highlighted the surge in HDFC Bank and ICICI Bank's shares as a significant driver of the surge in the bank index. ""HDFC Bank and ICICI Bank account for approximately 50% of the Bank Nifty weight and today we have seen HDFC Bank hitting life high thereby pulling the entire index up. Moreover, ICICI Bank is also trading very close to its life highs. Overall, banks are well placed to enjoy better credit growth, on the back of recent drop in repo rate, albeit, NIMs may come under pressure during 1QFY26 and then gradually improving during FY26, with strong exit in 4QFY26,"" he said. Bank Nifty has been outperforming the Nifty 50 index since the beginning of 2025, posting gains of nearly 12 percent compared to the benchmark's 8 percent gain, said Ravi Singh, SVP - Retail Research, Religare Broking. Speaking about today's rise Singh said that the uptrend was helped by RBI's recent steps like cutting interest rates and reducing CRR, which made investors more confident about the profits of banks. ""On the technical charts, Bank Nifty is likely to move towards the 57,800–58,200 zone in the near term, provided it sustains firmly above the 56,800-breakout level. For the July expiry, the highest open interest build-up is observed at the 56,000 strike, indicating strong support. Overall, sentiment remains positive, with 56,500–56,200 acting as a key support zone and 57,200 as the immediate hurdle for further upside. Traders can look to deploy a “Buy on Dips” strategy in the banking index,"" Singh said. Nifty Financial Services also recorded significant rise today. The index jumped nearly 1 percent to hit a fresh record high of 27,144. ICICI Prudential Life Insurance Company, Jio Financial Services, Shriram Finance and Bajaj Finance surged over 2 percent each to emerge as the top gainers on the index. Also read: Our LIVE blog on stock market updates"
26 Jun 2025,"PSUs should find a place in investors' portfolios; SBI, BEL, Coal India among top picks: Motilal Oswal",https://www.moneycontrol.com/news/business/markets/psus-should-find-a-place-in-investors-portfolios-sbi-bel-coal-india-among-top-picks-motilal-oswal-13179991.html,Motilal Oswal said that several PSU sectors have posted a very sharp turnaround in profit and creating unexpected shareholder value. ,The BSE PSU index's current market capitalization stands 14 percent below its all-time high.,"Public sector enterprises (PSUs) were known for their sluggish growth, debt-laden balance sheets, and poor performance. However, since the COVD-19 pandemic, Indian PSUs have been one of the most remarkable stories of Indian capital markets, noted domestic brokerage Motilal Oswal. Several PSU sectors have posted a very sharp turnaround in profit and creating unexpected shareholder value. As a cohort, the PSUs posted an unprecedented 36 percent profit after tax (PAT) CAGR during FY20-25, feeding into the 32 percent CAGR for the BSE PSU Index and a consistent expansion in PSUs’ share in overall profits to an impressive 38 percent. However, after a remarkable post-pandemic rebound, PSU earnings growth moderated in FY25, weighed down by the high base of a robust 43 percent YoY increase in FY24 and a decline in O&G sector earnings. ""While some cyclical moderation did set in in FY25, key building blocks and an enabling environment for sustained profitable performance for several PSUs look intact. Consequently, PSU names in sectors with policy/demand tailwinds or structural growth potential should find a meaningful place in long-term investor portfolios, in our view,"" said the brokerage. The brokerage said its top PSU ideas are State Bank of India Ltd, Hindustan Aeronautics Ltd, Bharat Electronics Ltd, Power Grid Corporation of India Ltd, and Coal India Ltd. For the brokerage's PSU coverage universe, it sees a 10 percent PAT CAGR over FY25-27, primarily driven by the BFSI and O&G sectors, based on conservative assumptions relative to the FY25 base. ""Logistics, Capital Goods, and Metals are also expected to contribute positively. Incremental profit growth is likely to be led by BFSI (53 percent), followed by O&G (20 percent) and Metals (12 percent),"" added the report. Follow our market blog to catch all the live updates Further, the brokerage noted that over the past year, the market capitalization of the BSE PSU Index hit an all-time high of Rs 74 lakh crore in July 2024, driven by consistent rerating trends. It then declined by 31 percent to Rs 51 lakh crore in February 2025 amid the broad market correction before recovering 25 percent to Rs 64 lakh crore in June 2025. The index’s current market capitalization stands 14 percent below its all-time high (up 5 percent inthe year 2025 so far). Owing to the market correction (between October 2024 and March 2025), theP/E ratio of the BSE PSU Index has come down to 11.7x, from 13.8x in July 2024, though it is up from 9.8x in February 2025."
09 Jun 2025,"PSU Bank index jumps 2% amid RBI's liquidity boost; BoI, BoM, Indian Bank rise up to 4%",https://www.moneycontrol.com/news/business/markets/psu-bank-index-jumps-2-amid-rbi-s-liquidity-boost-boi-bom-indian-bank-rise-up-to-4-13105564.html,"PSU Bank stocks: Bank of India shares jumped nearly 4 percent to trade at Rs 129 apiece, while those of Bank of Maharashtra gained over 3 percent to hover around Rs 57 apiece.",PSU Bank stocks,"The shares of public sector banks strongly surged on June 9, pushing the Nifty PSU Bank index up over 1.5 percent to hover around 7,210. The sharp rally in the share prices comes after RBI announced the outcome of its Monetary Policy Committee's (MPC) meeting on June 6. RBI Governor Sanjay Malhotra on June 6 announced that the MPC has decided to slash the central bank's policy repo rate by 50 basis points, higher than the 25-bps estimated by analysts. Additionally, he also announced that the central bank is cutting cash reserve ratio (CRR) by 100 basis points (bps) in four tranches of 25 bps each, which will likely inject Rs 2.5 lakh crore into the banking system. Bank of India shares jumped nearly 4 percent to trade at Rs 129 apiece, while those of Bank of Maharashtra gained over 3 percent to hover around Rs 57 apiece. Indian Bank and Indian Overseas Bank shares were up over 2 percent each, while those of Punjab National Bank (PNB), Canara Bank, Punjab & Sind Bank, Central Bank and Union Bank of India were up over 1 percent each. Bank of Baroda, State Bank of India (SBI) and UCO Bank shares were meanwhile trading in the green with marginal gains. Speaking at the press conference after the MPC decision, Governor Malhotra said there were two objectives behind the CRR cut. ""The first objective of cutting CRR is to provide liquidity. The second objective is that the CRR cut will not only improve liquidity, but it will also reduce cost of funding for the banks,"" he said. ""Apart from providing liquidity, the 3 percent CRR will reduce [banks’] costs and improve their NIMs by at least 7 bps, as per our estimates,"" he said. The shares of several private banks also made strong gains, with Kotak Mahindra Bank, Axis Bank and others gaining over 2 percent each. ""The significant 50-bps repo rate cut to 5.50%, coupled with a substantial yet staggered 100-bps CRR reduction to 3.00%, is a well-calibrated decision that will infuse ₹2.5 trillion into the system. With a 100-bps repo rate cut in 2025 so far, this marks the sharpest easing cycle since the pandemic, aimed at proactively anchoring growth. These steps will ease liquidity, reduce funding costs, and boost borrower confidence. With rural demand strong and signs of investment revival, CSFB is well-placed to expand quality lending in its core market in semi-urban and rural areas. Lower pressure on deposit mobilization will help protect margins, reinforcing our commitment to empowering customers and continue our growth journey with poise and vigour,"" said Sarvjit Singh Samra, MD & CEO, Capital Small Finance Bank."
06 Jun 2025,"RBI delivers 100 bps cut in CRR: 'This infusion of liquidity is a timely move,' say market experts",https://www.moneycontrol.com/news/business/markets/rbi-delivers-100-bps-cut-in-crr-this-infusion-of-liquidity-is-a-timely-move-say-market-experts-13101715.html,"RBI has reduced its policy repo rate by 50 basis points to 5.5 percent, and has changed its stance to 'neutral' from 'accommodative'.",Stock markets cheer RBI’s 50 bps rate cut,"RBI Governor Sanjay Malhotra on June 6 announced the outcome of the central bank's Monetary Policy Committee's (MPC) meeting. RBI has reduced its policy repo rate by 50 basis points to 5.5 percent, and has changed its stance to 'neutral' from 'accommodative'. RBI also cut the cash reserve ratio (CRR), which banks are required to hold, by 100 basis points to 3% with an aim to accelerate policy transmission and boost lending. Benchmark indices surged over 1% after the announcement, as the rate cut was higher than the estimated 25 bps cut expected by market analysts. Rate-sensitive sectors like realty, banks and more saw a significant jump in the morning trading hours. Here’s what analysts say after RBI’s MPC meet outcome: ""Even rain gods can't stop smiling and neither can the markets,"" said Pallav Bagaria, Director at Sapient Finserv. VK Vijayakumar, Chief Investment Strategist at Geojit Investments, however called the higher-than-expected 50 bps rate cut decision slightly negative from the market perspective for the near-term. ""This big rate cut will impact the margins of the banks and, therefore, bank stocks will be under pressure in the near-term. However, the credit growth that this rate cut will hopefully stimulate will compensate for the dip in margins,"" Vijayakumar said. Divam Sharma, Founder & Fund Manager at Green Portfolio PMS, noted that the 50 bps rate cut came as a surprise. ""The ongoing momentum in domestic consumption, corporate activity, and GDP growth will help sustain the economic trajectory and is a positive signal for the markets. We particularly like niche domestic manufacturing companies that are building in India and gearing up to compete on a global scale. The additional 100 bps cut in CRR is also a positive step, as it encourages banks to lend more freely. With FPI inflows slowing down, this infusion of liquidity is a timely and welcome move."" Sharma said. Marzban Irani, CIO of Fixed Income at LIC Mutual Fund, said that the CRR cut of 100 bps to 3 percent has surprised the markets and is expected to release liquidity of Rs. 2.5 lakh crore. ""Recommended to invest in tenure ranging 3 month to 3 year schemes to take advantage of CRR cut,"" Irani said. Which stocks to watch out for? Bajaj Broking noted that Banking and Financial Services, Real Estate and Capital Goods & Manufacturing (especially domestic focus) are the key beneficiaries of MPC's recent decisions. Commenting on bank stocks, Bajaj Broking said Public Sector Banks (PSBs) could see a rally as they tend to benefit from lower repo rates. Private banks along with NBFC with strong retail focus and good asset quality are also good bets. ""Developers with strong execution capabilities and a presence in the affordable and mid-income housing segments are likely to outperform,"" the brokerage said. ""Niche domestic manufacturing companies that are focused on ""Make in India"" initiatives and require heavy capital expenditure are worth considering. This could include companies in 5G infrastructure, defense,"" it further said. Amit Bivalkar, Founder Director, Sapient Finserv Private Limited, said, ""The 50 bps repo rate cut is a strong push from the RBI, especially with the shift to a neutral stance. Sectors like banking, real estate, and consumer will likely benefit. Lower EMIs mean better affordability for borrowers — from home loans to personal loans. The CRR cut, though only for banks, enhances liquidity and helps PSU and private banks gain momentum. Combined with tax relief up to ₹12 lakh, this policy improves disposable income, fuelling consumption. While NBFCs miss out on direct CRR benefits, the overall softening of rates creates room for broader demand recovery."" Narinder Wadhwa, Managing Director & CEO of SKI Capital Services, said the rate cut is expected to have a broad-based positive impact on the markets, especially on rate sensitive sectors. The banking and NBFC sectors will likely benefit directly from lower funding costs and potentially improved credit demand, with stocks like HDFC Bank, ICICI Bank, Bajaj Finance, and State Bank of India (SBI) likely to gain, he said. Wadhwa added that the real estate and housing finance space is another key beneficiary, as lower interest rates make home loans more affordable, potentially boosting demand for developers like DLF and housing financiers like HDFC Ltd and LIC Housing Finance. The auto sector should also see improved sentiment, with cheaper vehicle loans supporting sales for companies like Maruti Suzuki, Mahindra & Mahindra (M&M), and Hero MotoCorp, he said. ""Consumer discretionary and retail stocks are expected to do well as lower EMIs and better liquidity support consumption, benefiting names like Titan, Trent, and Jubilant FoodWorks. The capital goods and infrastructure sectors may also get a lift if the rate cut translates into an uptick in capex activity, with companies like L&T and Siemens in focus. Meanwhile, export-oriented sectors like IT and pharma may see limited upside as a weaker rupee supports margins, but global trade disruptions could weigh on demand,"" Wadhwa said. He however noted that sectors heavily reliant on imports, such as oil & gas and metals, could face margin pressures if the rupee continues to weaken. ""FMCG stocks, which typically act as defensives, may underperform in the near term as investors rotate into more cyclical and growth-oriented sectors. Overall, the RBI’s bold action and shift in stance are likely to improve market sentiment and may trigger a broader recovery, particularly in mid- and small-cap stocks. With the door now open for further easing, the focus will shift to how effectively the rate cut is transmitted through the financial system and whether global trade tensions ease in the coming months,"" he said. Sonam Srivastava, Founder and Fund Manager at Wright Research PMS, said that RBI's surprise 50 basis point rate cut underscores its strong pivot toward supporting growth, at a time when inflation is under control and global central banks are entering easing cycles. “With real rates still elevated and domestic demand uneven, this move is aimed at unlocking credit growth, reviving private investment, and easing the burden on borrowers. Sectors like housing, autos, banking, and infrastructure are likely to see improved momentum as transmission picks up. It’s also a positive signal for rural and small business credit, where growth has been lagging,"" Srivastava said. ""Bond markets are expected to rally, especially in the long-duration segment, and we believe this cut sets the stage for a more accommodative environment heading into the second half of the year,” Srivastava further said. Ramani Sastri, Chairman & MD of Sterling Developers, painted a positive picture for the real estate sector. “As affordable financing remains a key driver of demand in real estate, we welcome the RBI's decision to cut the repo rate by 50 bps, thereby encouraging end-users to make purchase decisions. However, it is important is that the benefits are passed on to borrowers immediately. While homebuyers will be able to secure home loans at lower rates, developers will benefit from low borrowing costs, thereby easing financing pressures. Overall, a rate cut would strengthen market confidence, infuse much-needed liquidity, and also act as a strong signal of policy support for the real estate sector and the broader economy, thereby encouraging investments,” Sastri said."
04 Jun 2025,"Trade Spotlight: How should you trade Oberoi Realty, LIC Housing, RCF, Signature Global, Valor Estate, Brigade Enterprises and others on June 4?",https://www.moneycontrol.com/news/business/markets/trade-spotlight-how-should-you-trade-oberoi-realty-lic-housing-rcf-signature-global-valor-estate-brigade-enterprises-and-others-on-june-4-13093054.html,The market is expected to remain rangebound and attempt to defend the previous day’s low amid elevated VIX levels. Below are some short-term trading ideas to consider.,Top Buy Ideas for Short Term,"The benchmark indices wiped out opening gains and finished 0.7 percent lower on June 3, with the bears dominating market breadth. A total of 1,554 shares declined compared to 1,050 shares that advanced on the NSE. The market is expected to remain rangebound and attempt to defend the previous day’s low amid elevated VIX levels. Below are some short-term trading ideas to consider: Amol Athawale, VP Technical Research at Kotak Securities Oberoi Realty | CMP: Rs 1,797.3  After a remarkable up move over the last few weeks, Oberoi Realty witnessed consolidation near the resistance zone. However, the stock comfortably closed above its breakout zone, signaling a bullish continuation chart structure. This suggests that the uptrend is likely to persist. For the next few trading sessions, Rs 1,730 could act as the trend-deciding level for the bulls. If the stock sustains above this level, a further uptrend toward Rs 1,920 is expected. Strategy: Buy Target: Rs 1,920 Stop-Loss: Rs 1,730 State Bank of India | CMP: Rs 809.8  SBI has shown a robust rally from lower levels in recent sessions and is currently trading in an ascending triangle chart formation. This pattern indicates the potential for a breakout, paving the way for a new leg of up move from current levels. For positional traders, Rs 780 would be the decisive level. Trading above this level would suggest continuation of the uptrend toward Rs 865. However, a close below Rs 780 may prompt traders to exit long positions. Strategy: Buy Target: Rs 865 Stop-Loss: Rs 780 LIC Housing Finance | CMP: Rs 608.1  LIC Housing Finance has given a breakout from its symmetrical triangle chart pattern, confirmed by a bullish candlestick formation and increased volume activity. On both daily and weekly charts, the stock has formed a series of higher bottoms, further supporting a bullish outlook. Unless it trades below Rs 585, positional traders can maintain a positive stance and target Rs 650 in the near term. Strategy: Buy Target: Rs 650 Stop-Loss: Rs 585 Nagaraj Shetti, Senior Technical Research Analyst at HDFC Securities Great Eastern Shipping | CMP: Rs 976.6  Great Eastern Shipping has been in a larger consolidation phase over the past few months, forming a bullish chart pattern with higher tops and bottoms. The stock is now attempting an upside breakout of the 200-day EMA hurdle around Rs 990–1,000 levels. Volume expansion during this breakout, along with a positive signal from the 14-day RSI, indicates potential for further upside. Strategy: Buy Target: Rs 1,085 Stop-Loss: Rs 925 Rashtriya Chemicals and Fertilisers | CMP: Rs 160.32  RCF, a fertilizer stock, had been in a minor downward correction recently. On Tuesday, it witnessed a decisive breakout from its trading range and closed higher. The stock broke out near the crucial support of the 200-day EMA. Volume and RSI trends support the likelihood of more upside in the near term. The overall chart pattern suggests a long trading opportunity, and one may look to buy based on levels mentioned above. Strategy: Buy Target: Rs 175 Stop-Loss: Rs 151 Signature Global India | CMP: Rs 1,258.7  Signature Global has been showing strong upside momentum over the past few months, forming a bullish pattern of higher tops and bottoms. The key resistance at the 200-day EMA was recently surpassed, and the stock is currently attempting to break above a downward-sloping trendline hurdle near Rs 1,270. Volume and RSI patterns are showing a positive bias, indicating further bullish potential. Strategy: Buy Target: Rs 1,385 Stop-Loss: Rs 1,190 Ashish Kyal, CMT, Founder and CEO of Waves Strategy Advisors Valor Estate | CMP: Rs 205.74  In the previous session, Valor Estate gained more than 2 percent. On the daily chart, the stock had been forming a classic Inverse Head and Shoulders pattern since October 2024. In the last session, it gave a breakout above the neckline at Rs 202, supported by a noticeable increase in volumes—adding conviction to the breakout. Additionally, the stock recently witnessed a Golden Crossover, where the 50-day EMA crossed above the 200-day EMA, which is a strong bullish signal. The RSI reading at 72 suggests there is still room for further upside momentum. The first target based on the right shoulder projection comes near Rs 250 as a medium-term goal. In summary, the current trend is positive. A decisive break above Rs 210 can move the stock price toward Rs 221, followed by Rs 235. On the downside, Rs 198 is the nearest support level to monitor. Strategy: Buy Target: Rs 221, Rs 235 Stop-Loss: Rs 198 Brigade Enterprises | CMP: Rs 1,231.9  In the previous session, Brigade Enterprises rallied more than 4 percent, supported by a rise in volumes—indicating strong buying interest. On the daily chart, the stock has formed a classic Rounding Bottom pattern, a bullish reversal structure. It gave a breakout above Rs 1,226 in the previous session. Over the last five trading sessions, prices have consistently protected the previous candle’s low on a closing basis, further confirming buyer dominance. The Base Line (red line) of the Ichimoku Cloud acted as a key support during the recent up move, reinforcing the bullish trend. Moreover, the ADX (Average Directional Index) stands at 27, above the threshold of 25, suggesting the momentum is strong and likely to continue. In summary, the current trend is bullish. A decisive break above Rs 1,240 could push the stock higher toward Rs 1,290, followed by Rs 1,350. On the downside, Rs 1,190 is the nearest support level. Strategy: Buy Target: Rs 1,290, Rs 1,350 Stop-Loss: Rs 1,190"
03 Jun 2025,"Trade Spotlight: How should you trade PNB, Swiggy, Bank of India, Adani Ports, CDSL, Canara Bank, NBCC, Bharti Airtel and others on June 3?",https://www.moneycontrol.com/news/business/markets/trade-spotlight-how-should-you-trade-pnb-swiggy-bank-of-india-adani-ports-cdsl-canara-bank-nbcc-bharti-airtel-and-others-on-june-3-13088313.html,The market may turn positive amid rangebound trading. Below are some short-term trading ideas to consider.,Top Buy Ideas for Short term,"The benchmark indices recouped significant intraday losses and closed moderately lower on June 2, while the VIX increased sharply, signaling caution for bulls. The market breadth was slightly positive, with a total of 1,386 shares showing buying interest compared to 1,254 shares that declined on the NSE. The market may turn positive amid rangebound trading. Below are some short-term trading ideas to consider: Jigar S Patel, Senior Manager - Equity Research at Anand Rathi Punjab National Bank | CMP: Rs 108.46  Punjab National Bank (PNB) is showing signs of a potential bullish reversal. A Bullish Harami candlestick pattern has formed on the weekly timeframe, indicating a possible trend shift. A strong base formation is visible near the S3 Camarilla yearly pivot, adding technical support to the setup. Additionally, the weekly RSI has decisively broken above the key 50 level—now hovering around 59—which further strengthens the bullish case. Traders may consider entering long positions in the Rs 107–109 zone, with an upside target of Rs 119. Strategy: Buy Target: Rs 119 Stop-Loss: Rs 102 Castrol India | CMP: Rs 216.15  Castrol India has recently broken out of a consolidation range between Rs 205–213, signaling renewed bullish momentum. Notably, this consolidation occurred between the R1 Floor Pivot and the R3 Camarilla Monthly Pivot, lending further credibility to the breakout as a technically significant move. During the entire consolidation phase, the daily RSI consistently held above the 50 mark, reflecting underlying strength, and is now comfortably above 60. Traders may consider entering long positions in the Rs 214–216 zone, with an upside target of Rs 240. Strategy: Buy Target: Rs 240 Stop-Loss: Rs 202 Swiggy | CMP: Rs 333.3  Swiggy’s price action is currently unfolding within a falling parallel channel, suggesting a phase of consolidation. However, Camarilla Pivot Analysis indicates a potential momentum shift. Over April and May, the stock formed a partial inside value setup, where each month’s pivot range is partially contained within the previous month’s. April’s pivot range remained within March’s, and May followed suit by staying largely inside April’s. This kind of compression typically precedes a high-probability breakout within 1–2 weeks. Adding weight to the setup, the RSI is showing a bullish divergence, signaling a likely reversal or upward move in the near term. Traders may consider entering long positions in the Rs 300–333 zone, with a target of Rs 380. Strategy: Buy Target: Rs 380 Stop-Loss: Rs 300 Jay Thakkar, Vice President & Head of Derivatives and Quant Research at ICICI Securities Bank of India | CMP: Rs 125.25  Bank of India has provided a breakout from a symmetrical triangle pattern on the open interest (OI) chart, indicating long buildup in the near term as both price and OI have moved up together. The price action suggests that as long as the Rs 120 level holds on a closing basis, the short-term trend is likely to remain positive. Previously, the stock experienced multiple whipsaws around the 20-day VWAP, but with this price-OI breakout confirmation, the short-term trend appears positive. Strategy: Buy Target: Rs 131, Rs 136 Stop-Loss: Rs 120 Indian Hotels Company | CMP: Rs 783.6  Indian Hotels had seen significant long unwinding during its rally since 2023. Meanwhile, FIIs continued increasing their stake, indicating a shift of positions from futures to the equity cash segment or a handover from DIIs to FIIs. The overall trend remained positive. However, over the past six months, the stock has corrected, accompanied by short buildup as futures positions reduced. Now, the price appears to have reversed, and short positions are getting covered, suggesting the start of a new upward leg. Thus, the risk-to-reward ratio looks favourable on the long side in the short term. Strategy: Buy Target: Rs 815, Rs 830 Stop-Loss: Rs 760 Adani Ports and Special Economic Zone | CMP: Rs 1,468  Adani Ports has been consistently forming higher tops and bottoms, even as OI declines. The stock initially witnessed long unwinding, followed by short buildup toward the end, which has since seen covering. Overall OI is now quite low, creating a favourable setup for bulls to initiate long positions. The stock is trading well above its 20-day VWAP, and notable Call unwinding along with Put writing at the Rs 1,400 strike makes this the immediate crucial support level. Strategy: Buy Target: Rs 1,535, Rs 1,580 Stop-Loss: Rs 1,395 Vidnyan S Sawant, Head of Research at GEPL Capital Central Depository Services | CMP: Rs 1,682.9  Central Depository Services (CDSL) is exhibiting a strong price structure on the monthly chart, forming higher bottoms that signal long-term strength. On the weekly scale, the stock found buying interest near the 61.8% Fibonacci retracement of its prior up move (Rs 466 to Rs 1,989), with the retracement low marked in March 2025. Since then, it has been trending higher, respecting its uptrend and showing consistent follow-through. The stock is trading well above its 12-week and 26-week EMAs, reinforcing the positive trend alignment and indicating continued bullish control. Strategy: Buy Target: Rs 1,968 Stop-Loss: Rs 1,560 Canara Bank | CMP: Rs 116.84  Canara Bank has shown a strong structural reversal, rebounding from the 38.2% Fibonacci retracement near the 2017 swing high, establishing a solid long-term support base. On the weekly chart, a breakout from a falling channel and a rally–base–rally pattern indicate the end of the corrective phase and a resumption of the uptrend. Rising volumes above the 20-week average and a MACD crossover above the zero line confirm bullish momentum and strong market participation. Strategy: Buy Target: Rs 131 Stop-Loss: Rs 109 NBCC (India) | CMP: Rs 124.80  NBCC has formed a classic double bottom on the monthly chart, signaling a strong bullish reversal. The recent recovery retraced a six-month decline in just three months, reflecting robust momentum. The stock rebounded from the 50% Fibonacci retracement of its 2022–2024 rally and is now forming higher highs and higher lows. Volume has risen above the 20-week average, indicating increased participation. On the daily chart, NBCC is trading above its 20, 50, and 100-day EMAs, while a rising MACD confirms sustained bullish momentum. Strategy: Buy Target: Rs 140 Stop-Loss: Rs 117 Bharti Airtel | CMP: Rs 1,854.1  Bharti Airtel is in a strong uptrend, consistently forming higher highs and higher lows across all timeframes. It recently broke out of a 7-month consolidation on the monthly chart and exhibited a bullish polarity shift on the weekly scale, closing above the prior week's high—signaling renewed buying interest. Momentum indicators such as MACD and RSI support the bullish trend, suggesting continued upside potential. Strategy: Buy Target: Rs 2,040 Stop-Loss: Rs 1,760"
02 Jun 2025,"PSU bank shares rise up to 6% on rate cut hopes, Q4 GDP; BoM, Union Bank, IOB lead gains",https://www.moneycontrol.com/news/business/markets/psu-bank-shares-rise-up-to-6-on-rate-cut-hopes-q4-gdp-bom-union-bank-iob-lead-gains-13085385.html,"The Nifty PSU Bank index it the top sectoral gainer, dodging an overall muted market sentiment to extend gains for a second consecutive session, outperforming the broader Nifty Bank index.",PSU Bank stocks,"Shares of PSU banks surged on June 2 on expectations that the Reserve Bank of India (RBI) could announce a rate cut at its upcoming Monetary Policy Committee (MPC) review later this week. Additionally, strong GDP numbers further supported shares on hopes of a strong credit demand. The sharp rise in the share prices pushed the Nifty PSU Bank index up over 2 percent, making it the top sectoral gainer, dodging an overall muted market sentiment. The index has now extended gains for a second consecutive session, outperforming the broader Nifty Bank index. The Reserve Bank of India (RBI) is likely to announce a third consecutive rate cut on May 6 (Friday) after its Monetary Policy Committee (MPC) concludes its deliberations which are scheduled to begin on June 4. Further, India's GDP growth touched a four-quarter high of 7.4 percent in Q4 FY25, with full-year growth ending at 6.5 percent, according to data released by the government on May 30. This came as investment demand, helped by public spending, lifted the economy. Bank of Maharashtra was the top gainer of the Nifty PSU Bank index, jumping over 6 percent to trade at Rs 57.44 apiece. Notably, this is the highest gain for the stock in 20 weeks. Indian Overseas Bank (IOB) shares rose over 5 percent, while those of Uco Bank, Union Bank of India and Central Bank of India were up over 4 percent each. Punjab & Sind Bank and Indian Bank shares rose over 3.6 percent each, while Bank of India and Punjab National Bank (PNB) were up 2 percent each. Bank of Baroda and Canara Bank shares rose over 1.5 percent each. Heavyweight State Bank of India (SBI) shares were trading in the green with marginal gains. Barclays India said it expects the RBI to cut benchmark rates and maintain the 'accommodative' stance. ""Lower-than-expected inflation outcome and outlook, underwhelming high frequency activity data for April, in-line GDP growth print for Q4 FY24-25, modest MSP increases, a cut in edible oil import duty are the some of the key reasons why we believe the RBI MPC could likely deliver a third successive repo rate cut of 25bp on June 6 while retaining the stance as 'accommodative'. We think the June cut would be an opportunistic move by the MPC, as the need for a third consecutive cut is quite low at this time,"" the firm said in its latest note. ""Economy gradually picked up after bottoming out in Q2FY25, Investments and government consumption were the key drivers while private consumption dragged. The pickup in H2 FY25 reflects the effectiveness of the monetary policy through rate actions as well as liquidity injections. However resilient growth would restrict RBI’s ability to cut rates beyond 50bps, as signalled by the uptick in benchmark yields. Government’s capex intensity improved substantially in Mar-25, meeting its budgeted target at the cost of slight fiscal deterioration. Our terminal rate expectation reverts to 5.5%. We expect growth in the range of 6.3-6.5% in FY26, provided India inks favourable trade deals in the upcoming months,” said JM Financial. ""The RBI had adopted an accommodative stance in its previous policy review meeting, and it is expected that we will again see a cut in the repo rate by 25 bps in the upcoming policy review cycle, giving further relief to the various sectors of the economy,"" said Ashok Kapur, Chairman, Krishna Group and Krisumi Corporation."
27 May 2025,"GQG Partners' Rajiv Jain deployed $2 billion in India between Jan-March, invested far more aggressively than last year",https://www.moneycontrol.com/news/business/markets/gqg-partners-deployed-2-billion-of-new-money-in-india-between-jan-march-rajiv-jain-says-invested-far-more-aggressively-than-last-year-13048707.html,"The ongoing equity rally in India has been led far more by largecaps, said Rajiv Jain, where valuations appear supportive. ","GQG Partners said they have been big buyers in HDFC Bank and Bharti Airtel this year, and have been bullish on the utilities, real estate and infrastructure in India. ","GQG Partners has been a net buyer of over $2 billion of fresh Indian equities between January and March this year, which is roughly the same as it invested in entire 2024, chairman Rajiv Jain said on CNBC-TV18 during an interaction on May 26. ""Last year we bought may be just under $2 billion of net new money in India. This year, in the first quarter alone, we have put around $2 billion to work - new money over our extending exposures,"" said Rajiv Jain. ""There was little bit of frothiness last summer and you saw new paper coming through - selling by promoters, IPOs and so on - and for 6-7 months there was a very healthy correction which is sometimes called for, kind of a pause and refresh. We have been net buyers in India this year and have been far more aggressive in the first quarter than the last year,"" Jain added. Read More: Trump's tariff measures 'seismic', not fully understood yet but India may benefit: GQG Partners' Rajiv Jain Jain said the India's earnings and valuations this quarter have been fairly resilient as the outlook for India appears good, relative to other regions. ""Valuations are kind of fine, they are not super cheap, but I won't expect that either, because the outlook is very good,"" said Rajiv Jain, adding that GQG remains Overweight on India. GQG Partners said they have been big buyers in HDFC Bank and Bharti Airtel this year, and have been bullish on the utilities, real estate and infrastructure in India. Banks are a big exposure for GQG, with 'meaningful' holdings in the largecap lenders HDFC Bank, ICICI Bank and SBI, as the current leg of rally has been led by largecaps, said Jain. In fact, utilities and infrastructure are half of GQG's India book, said Rajiv Jain. The asset base at GQG Partners has almost doubled in last three years, said Jain, hence a large part of the deployment of the new money is just portfolio rebalancing. Rajiv Jain also believes nations that are running a trade surplus with America will be far more vulnerable during this phase of trade war, which includes other major Asian economies like Vietnam. India, he said, will emerge as a 'net beneficiary', and so will Brazil and Indonesia, during Trump's efforts to bring manufacturing back to US in order to create more jobs for Americans."
20 May 2025,State Bank of India to raise up to $3 billion this year via public offer or debt issuance,https://www.moneycontrol.com/news/business/markets/state-bank-of-india-to-raise-up-to-3-billion-this-year-via-public-offer-or-debt-issuance-13035501.html,"The funds will be raised through a public offer or a private placement of senior unsecured notes in US Dollar or any other major foreign currency, or both, said SBI.",State Bank of India,"India's largest lender State Bank of India has approved the proposal to raise up to $3 billion as long-term fund in single or multiple tranches during FY26, the bank said in an exchange filing on May 20. The funds will be raised through a public offer or a private placement of senior unsecured notes in US Dollar or any other major foreign currency, or both, said SBI. ""the Executive Committee of the Central Board in its meeting held on 20th May 2025 has approved, inter alia, to examine the status and decide on long term fund raising in single / multiple tranches of up to US$ 3 Billion (US$ Three Billion) under Reg-S/144A, through a public offer and/or private placement of senior unsecured notes in US Dollar or any other major foreign currency during FY 2025-26,"" SBI said in a statement. The board of SBI had on May 3 okayed the plan to raise capital of up to Rs 25,000 crore in one or more tranches during FY26 through a Qualified Institutional Placement (QIP), or Follow on Public Offer (FPO), or any other mode. The chairman, CS Setty had said during the fourth quarter earnings call that the uncertainty over tariffs will impact the economy and the investment scenario. ""Without raising capital, the bank's growth will not be impacted. Benign asset quality is likely to continue for more period,"" SBI Chairman CS Setty said. SBI's fund raise comes at a time other private lenders such as Axis Bank and IDFC First Bank too have sought to raise capital."
15 May 2025,"Bank Nifty over a percent higher, snaps two-day losing streak on rate cut hopes and tariff updates",https://www.moneycontrol.com/news/business/markets/bank-nifty-over-a-percent-higher-snaps-two-day-losing-streak-on-rate-cut-hopes-and-tariff-updates-13027353.html,"Banking shares rallied in-line with the sentiment in the broader market, after latest inflation data raised optimism for potential RBI rate cuts, and easing US-China trade tensions offered respite from global recession fears.",Bank stocks,"The Nifty Bank index jumped nearly 700 points to hover around 55,460 in afternoon trade on May 15, snapping a two-day losing streak, in-line with an overall uptrend in the market. Benchmark Sensex has rallied over 1,300 points at over 82,600, and Nifty is above 25,000 in continued investor interest. ICICI Bank was the top gainer on the index, jumping over 2 percent, followed by Axis Bank which is higher by 1.7 percent. Shares of HDFC Bank were up around 1.5 percent. Kotak Mahindra Bank, State Bank of India (SBI), Bank of Baroda, Federal Bank and Punjab National Bank (PNB) shares too were higher in the trading session. Few stocks bucked the trend, with IndusInd Bank, AU Small Finance Bank, Canara Bank and IDFC First Bank shares trading with marginal losses. Axis Securities remained bullish on the bank index and said easing global slowdown fears could imply greater credit offtake. ""Domestic inflation data raised optimism for potential rate cuts by the Reserve Bank of India, while positive US inflation figures and easing US-China trade tensions eased global recession concerns."" The increased possibility of a rate cut by the central bank may also be seen as a positive for the banking stocks. India's annual retail inflation fell to 3.16 percent in April, down from 3.34 percent in March, data released on May 13 showed. This is the third month in a row that inflation remained below the Reserve Bank of India's target of 4 percent. Additionally, stocks moved after reports said that US President Trump has claimed India offered a 'no tariffs' trade deal to America. Speaking at a meeting with business leaders in Doha, Trump said, ""It is very hard to sell in India, and they are offering us a deal where basically they are willing to literally charge us no tariffs."""
15 May 2025,SBI's executive committee to meet on May 20 to consider raising $3 billion in fresh capital,https://www.moneycontrol.com/banking/sbi-s-executive-committee-to-meet-on-may-20-to-consider-3-billion-fund-raise-article-13026689.html,"SBI's proposal for a fund raise comes at a time other private sector lenders, including Axis Bank and IDFC First Bank, have sought to raise capital.","The chairman, CS Setty had said during the fourth quarter earnings call that the uncertainty over tariffs will impact the economy and the investment scenario.","The Executive Committee of the board of India's largest lender State Bank of India will meet on May 20 to consider raising $3 billion, or close to Rs 25,000 crore, during this financial year through a public offer, or private placement of debt, or both, the company informed on May 14. ""...a meeting of the Executive Committee of the Central Board of the Bank will be held on Tuesday, 20th May 2025 at Mumbai, inter-alia, to examine the status and decide on long term fund raising in single / multiple tranches of up to $ 3 Billion under Reg-S/144A, through a public offer and/or private placement of senior unsecured notes in US Dollar or any other major foreign currency during FY 2025-26,"" the statement said. If finally approved, this would be the first equity raise by the PSU lender in seven years. The board of SBI had on May 3 okayed the plan to raise equity capital of up to Rs 25,000 crore in one or more tranches during FY26 through a Qualified Institutional Placement (QIP), or Follow on Public Offer (FPO), or any other mode. The final approval will be given by the government or the Reserve bank of India. The chairman, CS Setty had said during the fourth quarter earnings call that the uncertainty over tariffs will impact the economy and the investment scenario. ""Without raising capital, the bank's growth will not be impacted. Benign asset quality is likely to continue for more period,"" SBI Chairman CS Setty said. ""The bank has adequate capital to support growth at the current capital adequacy levels,"" the chairman added. SBI's proposal for a fund raise comes at a time other private sector lenders, including Axis Bank and IDFC First Bank, have sought to raise capital. Read More: Warburg Pincus, ADIA to invest up to Rs 7,500 crore in IDFC First Bank For FY25, the bank reported 16 percent rise in net profit on a standalone basis at Rs 70,901 crore as against Rs 61,077 crore in the previous year. The bank said it is confident of a credit revival, but expects 12-13% loan growth in FY26, similar to FY24 levels. SBI's loan growth for home loans and small-medium enterprises lending is expected remain strong this year, the bank said, even as corporates continue to assess the impact of tariff on demand and growth outlook. The bank also said it will continue to tap the debt market through additional Tier-I and infrastructure bond issuances. Despite tariff-related uncertainty, the Nifty Bank has been higher by 7 percent so far this year, outperforming Nifty's 4 percent rise on a YTD basis."
15 May 2025,"Stocks to Watch Today: Eicher Motors, Apollo Tyres, Lupin, Wendt India, HUL, Brigade, Genesys, Wipro, Shilpa Medicare, Yes Bank, Vascon Engineers in focus on 15 May",https://www.moneycontrol.com/news/business/markets/stocks-to-watch-today-eicher-motors-apollo-tyres-wendt-india-hul-brigade-genesys-wipro-shilpa-medicare-yes-bank-vascon-engineers-in-focus-on-15-may-13025891.html,"Stocks to Watch, 15 May: Stocks like Wendt India, Infosys, Hindustan Unilever, Brigade Enterprises, Genesys International Corporation, Wipro, Shilpa Medicare, Kirloskar Brothers, State Bank of India, Yes Bank, Gensol Engineering, Allcargo Logistics, Edelweiss Financial Services, Max Healthcare Institute, Navin Fluorine International, and Waaree Energies will be in focus on May 15.","Stocks to Watch Today, May 15","Let's catch up on the latest news from the stock market. From significant investments to major deals, quarterly earnings, appointments and order wins, here’s a quick look at which stocks will be in focus in today's trade: Results Today LIC Housing Finance, PB Fintech, Abbott India, Allied Blenders and Distillers, Balrampur Chini Mills, CESC, Crompton Greaves Consumer Electricals, Endurance Technologies, Gujarat Mineral Development Corporation, Godfrey Phillips India, Godrej Industries, G R Infraprojects, INOX India, ITC Hotels, JSW Energy, Kaynes Technology India, Medi Assist Healthcare Services, NCC, Patanjali Foods, Tube Investments of India, Websol Energy System, and Welspun Enterprises will announce their March quarter earnings on May 15. Quarterly Earnings Eicher Motors Q4 (Consolidated YoY) Profit grows 27.3% to Rs 1,362.2 crore Vs Rs 1,070.5 crore Revenue increases 23.1% to Rs 5,241.1 crore Vs Rs 4,256 crore Board recommends final dividend of Rs 70 per equity share for FY25 Lupin Q4 (Consolidated YoY) Profit jumps 112.5% to Rs 782.4 crore Vs Rs 368.2 crore Revenue rises 14.2% to Rs 5,667.1 crore Vs Rs 4,960.8 crore EBITDA grows 32.5% to Rs 1,321.2 crore Vs Rs 996.9 crore EBITDA margin expands to 23.3% Vs 20% Board recommends final dividend of Rs 12 per share for FY25 Apollo Tyres Q4 (Consolidated YoY) Profit tanks 47.9% to Rs 184.6 crore Vs Rs 354 crore Revenue rises 2.6% to Rs 6,423.6 crore Vs Rs 6,258.2 crore Exceptional loss stands at Rs 118.8 crore Vs Rs 36.8 crore Board recommends dividend of Rs 5 per share Vascon Engineers Q4 (Consolidated YoY) Profit surges 106.7% to Rs 34.8 crore Vs Rs 16.8 crore Revenue soars 65.8% to Rs 387 crore Vs Rs 233.5 crore Company to sell 5% stake in Ascent Hotels to Samhi Hotels for Rs 45 crore Hitachi Energy Q4 (YoY) Profit zooms 61.8% to Rs 183.9 crore Vs Rs 113.7 crore Revenue increases 11.1% to Rs 1,883.7 crore Vs Rs 1,695.3 crore Board recommends final dividend of Rs 6 per share Tilaknagar Industries Q4 (Standalone YoY) Profit grows 42.7% to Rs 1,507.8 crore Vs Rs 1,056.3 crore Net interest income jumps 36% to Rs 2,903.9 crore Vs Rs 2,134.8 crore Tata Power Company Q4 (Consolidated YoY) Profit soars 24.9% to Rs 1,306 crore Vs Rs 1,045.6 crore Revenue increases 7.9% to Rs 17,095.9 crore Vs Rs 15,846.6 crore Board recommends final dividend of Rs 2.25 per share Karnataka Bank Q4 (Standalone YoY) Profit falls 8% to Rs 252.4 crore Vs Rs 274.2 crore Revenue declines 6.4% to Rs 780.7 crore Vs Rs 834 crore Gross NPA drops to 3.08% Vs 3.11% (QoQ) Net NPA slips to 1.31% Vs 1.39% (QoQ) Jubilant Foodworks Q4 (Standalone YoY) Profit spikes 93% to Rs 49.5 crore Vs Rs 25.6 crore Revenue soars 19.1% to Rs 1,587.2 crore Vs Rs 1,332.3 crore Brigade Enterprises Q4 (Consolidated YoY) Profit soars 19.8% to Rs 246.8 crore Vs Rs 206.1 crore Revenue falls 14.2% to Rs 1,460.4 crore Vs Rs 1,702.4 crore Board recommends final dividend of Rs 2.50 per share Torrent Power Q4 (Consolidated YoY) Profit zooms 146.3% to Rs 1,059.6 crore Vs Rs 430.2 crore Revenue declines 1.1% to Rs 6,456.3 crore Vs Rs 6,528.6 crore Tax writeback at Rs 457.9 crore Vs tax expenses at Rs 170.3 crore Board recommends final dividend of Rs 5 per share Board approves raising of funds via issuance of non-convertible debentures upto Rs 3,000 crore in one or more tranches Le Travenues Technology (Ixigo) Q4 (Consolidated YoY) Profit spikes 85.8% to Rs 16.7 crore Vs Rs 9 crore Revenue zooms 72.4% to Rs 284.1 crore Vs Rs 164.9 crore Dollar Industries Q4 (Consolidated YoY) Profit drops 11.1% to Rs 29.9 crore Vs Rs 33.6 crore Revenue grows 9.8% to Rs 549.1 crore Vs Rs 500 crore Piramal Pharma Q4 (Consolidated YoY) Profit jumps 51.6% to Rs 153.5 crore Vs Rs 101.3 crore Revenue rises 7.9% to Rs 2,754 crore Vs Rs 2,552.4 crore Tilaknagar Industries Q4 (Consolidated YoY) Profit soars 145.9% to Rs 77.3 crore Vs Rs 31.5 crore Revenue grows 13.1% to Rs 405.8 crore Vs Rs 358.8 crore Exceptional item at Nil Vs exceptional loss at Rs 8.07 crore JB Chemicals and Pharmaceuticals Q4 (Consolidated YoY) Profit rises 15.5% to Rs 145.7 crore Vs Rs 126.2 crore Revenue increases 10.2% to Rs 949.5 crore Vs Rs 861.7 crore Sanofi India Q1 (YoY) Profit surges 66% to Rs 119.5 crore Vs Rs 72 crore Revenue rises 4.9% to Rs 535.9 crore Vs Rs 510.8 crore eClerx Services Q4 (Consolidated YoY) Profit increases 17.4% to Rs 152.5 crore Vs Rs 129.9 crore Revenue jumps 17.2% to Rs 898.3 crore Vs Rs 766.5 crore Hikal Q4 (Consolidated YoY) Profit soars 48% to Rs 50.2 crore Vs Rs 33.9 crore Revenue rises 7.4% to Rs 552.4 crore Vs Rs 514.1 crore Stocks to Watch Wendt India Parent company Wendt GmbH, Germany, will be selling up to 37.5% stake (including a green shoe option of 7.5%) in the company via an offer-for-sale (OFS) on May 15–16. The floor price has been fixed at Rs 6,500 per share. The OFS will open for non-retail investors on May 15 and for retail investors on May 16. Infosys The IT services company has completed its stake sale in the Infosys-led joint venture in Japan, HIPUS, to Mitsubishi Heavy Industries. Hindustan Unilever The company has received an observation letter with “no adverse observations” from BSE and NSE, concerning its Scheme of Arrangement with Kwality Wall’s India. Marksans Pharma The company's UK-based subsidiary, Relonchem, has received marketing authorization for Gabapentin 50 mg/ml oral solution from the UK Medicines and Healthcare Products Regulatory Agency. Kalpataru Projects International The company has secured new orders worth Rs 2,372 crore in the power transmission and distribution, as well as buildings and factories businesses. Hindustan Oil Exploration Company The company has announced the successful drilling and completion of Well KSG-71 in the Kharsang block, where the initial plan is to drill nine development wells. Well KSG-71 will be hooked up for production immediately, with optimum choke, after the completion of well testing. Brigade Enterprises The Bengaluru-based real estate company has acquired a 5.41-acre land parcel in Chennai for the development of a premium residential project. The project has a total development potential of 0.8 million square feet and a gross development value of approximately Rs 1,600 crore. The transaction value of the acquisition is Rs 441.70 crore. Genesys International Corporation The company launched its Qualified Institutions Placement (QIP) issue on May 14, with the floor price set at Rs 665.60 per share. Wipro The technology services and consulting company has announced a digital transformation partnership with Hachette UK (HUK), a leading UK-based publishing group. Wipro will assist in modernizing Hachette UK’s IT infrastructure through the implementation of SAP S/4HANA. Shilpa Medicare Subsidiary Shilpa Pharma Lifesciences' Unit-1 has received an Establishment Inspection Report (EIR) from the US FDA. The site has been classified as Voluntary Action Indicated (VAI) following an inspection conducted between March 3 and March 7. Kirloskar Brothers The Board has approved the appointment of Bhavesh Chheda as Chief Financial Officer, effective May 14, and the re-appointment of Sanjay Kirloskar as Managing Director, for a term starting November 19, 2025, through March 21, 2027. State Bank of India The Board will meet on May 20 to consider long-term fund raising of up to $3 billion through a public offer or private placement of senior unsecured notes in US dollars or other major foreign currencies, in single or multiple tranches, during FY26. Yes Bank Moody’s Ratings has stated that Sumitomo Mitsui Banking Corporation’s (SMBC) planned acquisition of a 20% stake in Yes Bank is credit positive, bringing in a long-term strategic partner with a strong balance sheet and the capacity to support Yes Bank’s growth. Gensol Engineering The Indian Renewable Energy Development Agency (IREDA) has filed a bankruptcy application against Gensol Engineering. Gensol owes Rs 510 crore (approximately $59.73 million) to IREDA. Allcargo Logistics Deepal Shah has resigned as Chief Financial Officer, effective May 16. The Board has approved the appointment of Ravi Jakhar, currently the Chief Strategy Officer, as the new Chief Financial Officer, effective May 19. He will be re-designated as Director – Strategy & Group CFO. Bulk Deals Edelweiss Financial Services Miri Strategic Emerging Markets Fund LP acquired a 1.17% stake at an average price of Rs 88.55 per share, while CLSA Global Markets Pte Ltd-ODI sold a 1.19% stake at the same price. Block Deals Info Edge (India) Citigroup Global Markets Mauritius acquired 2,12,700 equity shares at an average price of Rs 1,464.5 per share, from Morgan Stanley Asia Singapore Pte. Max Healthcare Institute Citigroup Global Markets Mauritius bought 2,58,242 equity shares at an average price of Rs 1,172 per share, also from Morgan Stanley Asia Singapore Pte. Navin Fluorine International SBI Mutual Fund acquired 2.1 lakh shares at an average price of Rs 4,287 per share, from promoter Vishad Padmanabh Mafatlal. Waaree Energies Citigroup Global Markets Mauritius bought 60,398 equity shares at an average price of Rs 2,690.1 per share, from Morgan Stanley Asia Singapore Pte. Stocks Trade Ex-Dividend BEMLGreat Eastern Shipping CompanyManappuram Finance Stock Trades Ex-Date for Rights Indra Industries Stocks in F&O ban Central Depository ServicesHindustan CopperManappuram Finance"
14 May 2025,"Bank Nifty plunges 550 pts from day's high; AU SFB, Kotak Mahindra Bank among top losers: What lies ahead?",https://www.moneycontrol.com/news/business/markets/bank-nifty-plunges-550-pts-from-day-s-high-au-sfb-kotak-mahindra-bank-among-top-losers-what-lies-ahead-13024897.html,"Among top losers of the index are AU Small Finance Bank, which fell 1.44% while Kotak Mahindra Bank fell 1%.","Bank Nifty plunges 574 pts from day's high; AU SFB, Kotak Mahindra Bank among top losers: What lies ahead?","Bank Nifty index fell 574 points from day's high on May 14 and was trading in mild red. This extends the index's losses to second day, after a massive 3.3% rally on May 12. Bank Nifty fell 0.8% on May 13. At 2:15 pm on May 14, Bank Nifty was trading 298 points lower at 54,642.50. Its day's high was 55,208, but profit booking reigned and the index fell 574 points from that level. The 52-week high of the index is 56,098 and 52-week low is 46,077. Among top losers of the index are AU Small Finance Bank, which fell 1.44% while Kotak Mahindra Bank fell 1%. Heavyweights HDFC Bank and ICICI Bank shares meanwhile fell 0.8%, contributing to the downturn in the index. State Bank of India (SBI), Bank of Baroda and Punjab National Bank (PNB) shares were meanwhile trading with marginal losses, less than 0.5%. Few stocks however bucked the trend to trade in the green. Canara Bank, IDFC First Bank, Axis Bank and IndusInd Bank shares were trading with marginal gains. A technical report said Bank Nifty could correct up to 54,100 if it trades below the 55,110 level.""The daily chart shows a bearish candle with an upper shadow, reflecting resistance at higher levels. The trend-deciding level for the day is 55110. If Bank Nifty trades above this level, it may rally up to 55,331-55,721-55,942 levels. However, if it trades below 55,110 levels, we may witness profit booking in the market, and the index may correct up to 54,720-54,499-54,109 levels,"" said Axis Securities in its Daily Technical Outlook. ""For the Bank-Nifty, we may see some buying interest between 54700 and 54500. A close above 54500 would be negative,"" said Shrikant Chouhan, Head of Equity Research at Kotak Securities. Also read: IndusInd Bank’s ex-MD and ex-Dy CEO may face board penalty for insider trading, say sources"
