Date,Title,URL,Article Description,Article Text,Article Content
28 Aug 2025,Sun Pharmaceutical Industries shares fall 2.01% in today's trading session,https://www.moneycontrol.com/news/business/stocks/sun-pharmaceutical-industries-shares-fall-2-01-in-today-s-trading-session-alpha-article-13495103.html,"Moneycontrol analysis as of August 21, 2025, indicates a bearish sentiment on the stock.",,"Shares of Sun Pharmaceutical Industries experienced a decline of 2.01% to trade at Rs 1,568.20 on Thursday. The stock is a constituent of the Nifty 50 index. Quarterly Financial Highlights: The consolidated financial performance of Sun Pharmaceutical Industries reveals the following trends: Revenue: The company's revenue has shown a consistent increase over the past five quarters. The revenue for the quarter-ending June 2025 stood at Rs 13,851.40 Crore, compared to Rs 12,652.75 Crore for the quarter-ending June 2024. Net Profit: The net profit saw a slight decrease in the latest quarter. For the quarter-ending June 2025, the net profit was Rs 2,302.62 Crore, compared to Rs 2,871.25 Crore for the quarter-ending June 2024. EPS: The earnings per share (EPS) also experienced a decrease. The EPS for the quarter-ending June 2025 was Rs 9.50, compared to Rs 11.80 for the quarter-ending June 2024.HeadingJun 2024Sep 2024Dec 2024Mar 2025Jun 2025RevenueRs 12,652.75 CroreRs 13,291.39 CroreRs 13,675.46 CroreRs 12,958.84 CroreRs 13,851.40 CroreNet ProfitRs 2,871.25 CroreRs 3,030.67 CroreRs 2,917.54 CroreRs 2,160.64 CroreRs 2,302.62 CroreEPSRs 11.80Rs 12.70Rs 12.10Rs 9.00Rs 9.50Annual Financial Highlights: The consolidated annual financial performance shows: Revenue: There has been a steady increase in revenue over the years. The revenue for the year-ending March 2025 was Rs 52,578.44 Crore, an 8.42 percent increase compared to Rs 48,496.85 Crore for the year-ending March 2024. Net Profit: The net profit has also increased. The net profit for the year-ending March 2025 was Rs 10,980.10 Crore, a 13.80 percent increase compared to Rs 9,648.44 Crore for the year-ending March 2024. EPS: The earnings per share (EPS) have risen consistently. The EPS for the year-ending March 2025 was Rs 45.60, compared to Rs 39.90 for the year-ending March 2024. BVPS: The book value per share (BVPS) has also increased. The BVPS for the year-ending March 2025 was Rs 301.00, compared to Rs 265.36 for the year-ending March 2024. ROE: The return on equity (ROE) remained stable. The ROE for the year-ending March 2025 was 15.13%, the same as the year-ending March 2024. Debt to Equity: The debt-to-equity ratio has decreased. The debt-to-equity ratio for the year-ending March 2025 was 0.03, compared to 0.04 for the year-ending March 2024.Heading20212022202320242025RevenueRs 33,498.14 CroreRs 38,654.49 CroreRs 43,885.68 CroreRs 48,496.85 CroreRs 52,578.44 CroreNet ProfitRs 2,284.68 CroreRs 3,405.82 CroreRs 8,560.84 CroreRs 9,648.44 CroreRs 10,980.10 CroreEPSRs 12.10Rs 13.60Rs 35.30Rs 39.90Rs 45.60BVPSRs 206.23Rs 212.84Rs 247.22Rs 265.36Rs 301.00ROE6.24%6.81%15.13%15.04%15.13%Debt to Equity0.070.020.110.040.03Consolidated Yearly Income Statement:Mar 2025Mar 2024Mar 2023Mar 2022Mar 2021SalesRs 52,578 CroreRs 48,496 CroreRs 43,885 CroreRs 38,654 CroreRs 33,498 CroreOther IncomeRs 1,965 CroreRs 1,354 CroreRs 634 CroreRs 921 CroreRs 835 CroreTotal IncomeRs 54,543 CroreRs 49,851 CroreRs 44,520 CroreRs 39,576 CroreRs 34,333 CroreTotal ExpenditureRs 40,559 CroreRs 38,524 CroreRs 34,939 CroreRs 34,967 CroreRs 31,392 CroreEBITRs 13,983 CroreRs 11,326 CroreRs 9,580 CroreRs 4,608 CroreRs 2,940 CroreInterestRs 231 CroreRs 238 CroreRs 172 CroreRs 127 CroreRs 141 CroreTaxRs 2,772 CroreRs 1,439 CroreRs 847 CroreRs 1,075 CroreRs 514 CroreNet ProfitRs 10,980 CroreRs 9,648 CroreRs 8,560 CroreRs 3,405 CroreRs 2,284 CroreConsolidated Balance Sheet:Mar 2025Mar 2024Mar 2023Mar 2022Mar 2021Share CapitalRs 239 CroreRs 239 CroreRs 239 CroreRs 239 CroreRs 239 CroreReserves & SurplusRs 71,978 CroreRs 63,426 CroreRs 55,755 CroreRs 47,771 CroreRs 46,222 CroreCurrent LiabilitiesRs 18,194 CroreRs 16,984 CroreRs 19,907 CroreRs 17,200 CroreRs 16,145 CroreOther LiabilitiesRs 1,688 CroreRs 4,811 CroreRs 4,841 CroreRs 4,588 CroreRs 5,058 CroreTotal LiabilitiesRs 92,100 CroreRs 85,462 CroreRs 80,743 CroreRs 69,799 CroreRs 67,666 CroreFixed AssetsRs 20,290 CroreRs 19,966 CroreRs 20,680 CroreRs 17,197 CroreRs 16,832 CroreCurrent AssetsRs 52,624 CroreRs 43,474 CroreRs 39,883 CroreRs 35,014 CroreRs 30,442 CroreOther AssetsRs 19,185 CroreRs 22,021 CroreRs 20,179 CroreRs 17,587 CroreRs 20,392 CroreTotal AssetsRs 92,100 CroreRs 85,462 CroreRs 80,743 CroreRs 69,799 CroreRs 67,666 CroreContingent LiabilitiesRs 6,777 CroreRs 6,343 CroreRs 7,903 CroreRs 6,756 CroreRs 7,057 CroreCash Flow:Mar 2025Mar 2024Mar 2023Mar 2022Mar 2021Operating ActivitiesRs 14,072 CroreRs 12,134 CroreRs 4,959 CroreRs 8,984 CroreRs 6,170 CroreInvesting ActivitiesRs -5,306 CroreRs -690 CroreRs -7,943 CroreRs -5,724 CroreRs 536 CroreFinancing ActivitiesRs -7,905 CroreRs -6,710 CroreRs 2,376 CroreRs -5,193 CroreRs -5,980 CroreOthersRs 123 CroreRs -72 CroreRs 723 CroreRs 168 CroreRs -129 CroreNet Cash FlowRs 983 CroreRs 4,661 CroreRs 115 CroreRs -1,764 CroreRs 596 CroreKey Financial Ratios:Mar 2025Mar 2024Mar 2023Mar 2022Mar 2021Basic EPS (Rs.)45.6039.9035.3013.6012.10Diluted Eps (Rs.)45.6039.9035.3013.6012.10Book Value [Excl. Reval Reserve]/Share (Rs.)301.00265.36247.22212.84206.23Dividend/Share (Rs.)16.0013.5011.5010.007.50Face Value11111Gross Profit Margin (%)32.7829.6427.9829.2827.84Operating Margin (%)27.8824.3722.2223.7321.63Net Profit Margin (%)20.8819.8919.508.816.82Return on Networth / Equity (%)15.1315.0415.136.816.24ROCE (%)19.8317.2616.0217.4414.06Return On Assets (%)11.8611.2010.494.684.29Current Ratio (X)2.892.562.002.041.89Quick Ratio (X)2.331.981.481.511.33Debt to Equity (x)0.030.040.110.020.07Interest Coverage Ratios (X)74.5060.2971.4088.8865.95Asset Turnover Ratio (%)0.590.580.580.560.49Inventory Turnover Ratio (X)5.184.690.800.780.733 Yr CAGR Sales (%)16.6320.3215.6015.3212.613 Yr CAGR Net Profit (%)79.55105.5042.993.02-6.86P/E (x)38.0440.6227.8567.2649.40P/B (x)5.776.114.214.573.09EV/EBITDA (x)23.6226.7519.5119.3015.36P/S (x)7.928.025.375.684.28Sun Pharmaceutical Industries announced several corporate actions. The company informed about analyst/institutional investor meetings on August 25, 2025, and August 12, 2025. Additionally, the transcript of the Q1 FY26 earnings call was announced on August 6, 2025. The company has announced dividends. A final dividend of Rs 5.50 per share (550%) was announced on May 22, 2025, with an effective date of July 7, 2025. An interim dividend of Rs 10.50 per share (1050%) was announced on January 16, 2025, with an effective date of February 6, 2025. The company has issued bonus shares. On May 28, 2013, the company announced a bonus ratio of 1:1, with a record date of July 30, 2013, and an ex-bonus date of July 29, 2013. On April 21, 2004, the company announced a bonus ratio of 1:1, with a record date of May 29, 2004, and an ex-bonus date of May 27, 2004. On February 9, 2000, the company announced a bonus ratio of 2:1, with a record date of March 23, 2000, and an ex-bonus date of March 6, 2000. The company has split its shares. On September 24, 2010, the company announced a stock split, changing the face value from Rs 5 to Rs 1, with an ex-split date of November 25, 2010, and a record date of November 26, 2010. On October 28, 2002, the company announced a stock split, changing the face value from Rs 10 to Rs 5, with an ex-split date of January 13, 2003, and a record date of January 21, 2003. Moneycontrol analysis as of August 21, 2025, indicates a bearish sentiment on the stock. In summary, Sun Pharmaceutical Industries' stock experienced a decline today, while the company has demonstrated steady growth in revenue and net profit over the past few years, along with recent corporate actions including dividend announcements, bonus issues, and stock splits."
26 Aug 2025,Pharma stocks fall up to 3% after Trump promises to significantly cut drug prices in US,https://www.moneycontrol.com/news/business/markets/pharma-stocks-fall-up-to-3-after-trump-promises-to-significantly-cut-drug-prices-in-us-13488561.html,Pharma stocks: The Nifty Pharma index has now snapped a three-session gaining streak.,US President Donald Trump,"The shares of pharma companies dropped in trade on August 26 after US President Donald Trump said that he will reduce drug prices in US by a whopping ""1,400-1,500 percent"". He also reiterated his threat to slap higher tariffs on pharma imports. The Nifty Pharma index dropped more than 1.2 percent to hover around 22,082, as seen at around 11.22 am. The index has now snapped a three-session gaining streak. Trump had earlier sent letters to major drug makers, demanding them to lower drug prices in US and bring them in-line with what other nations are paying for new medicines. The letters were sent to Eli Lilly, Novo Nordisk, Pfizer and others, demanding that Most Favored Nation (MFN) pricing be implemented by September 29. In the letter, Trump issued a 60-day ultimatum to companies to voluntarily comply to the new pricing diktat, failing which US will deploy 'every tool in our arsenal' in order to protect Americans from 'continued abusive drug pricing' practices. Companies will also have to offer certain medicines directly to patients at prices at which they are offered to third-party insurers, Trump's letters said. A 1,500 percent reduction in drug prices will make exports practically impossible to US. Pharma stocks tumbled after Trump's fresh threats. Zydus Life shares were the top loser on the index, dropping more than 3.5 percent to trade at Rs 987 apiece. Sun Pharma and Lupin shares dropped more than 2 percent each. Notably, BofA Securities has downgraded Sun Pharma shares to 'underperform' from its earlier 'neutral' rating, and cut its target price for the stock to Rs 1,570 apiece, CNBC-TV18 reported. This implies a downside potential of more than 5 percent from the previous closing price of Rs 1,656.70 apiece. The international brokerage cited potential risk to Sun Pharma's consensus earnings and its premium valuations are key reasons for the downgrade, as per the report. Aurobindo Pharma, IPCA Labs, Natco Pharma, Dr Reddy's Laboratories, Torrent Pharma and Ajanta Pharma shares fell over 1 percent each, while Cipla, Divi's Laboratories, Mankind Pharma, Laurus Labs and Glenmark Pharma were down up to 1 percent each. Bucking the trend, Granules and Abbott India shares were up 2 percent and 1 percent respectively. Also read: Our LIVE blog on stock market updates"
26 Aug 2025,"Sensex settles 850 pts lower, Nifty below 24,750: US tariff worries among key factors behind market decline",https://www.moneycontrol.com/news/business/markets/sensex-declines-500-pts-nifty-near-24-800-us-tariff-worries-among-key-factors-behind-market-decline-13488512.html,"Sensex, Nifty declined as persistent foreign fund outflows and subdued global cues weighed on market sentiments. ","Sensex, Nifty see profit-booking in August 26 trade. ","The equity benchmark indices Sensex and Nifty declined over 1 percent on Tuesday, marking their steepest fall in over three months, after the US issued a draft notice proposing additional tariffs on Indian imports. The benchmarks last saw a similar sharp drop on May 20. Sensex benchmark tumbled 849.37 points, or 1.04 percent, to close at 80,786.54. During the day, the index nosedived 949.93 points, or 1.16 percent, to hit a low of 80,685.98. The Nifty dropped 255.70 points, or 1.02 percent, to finish at 24,712.05. In the intra-day session, it dived 278.15 points, or 1.11 percent, to hit a low of 24,689.60. Sun Pharmaceutical Industries, Shriram Finance, Tata Steel, Dr. Reddy's Laboratories and Coal India were among the major laggards, declining up to 3 percent intraday. Key factors behind the decline: 1) US tariff concerns: The United States has issued a draft order to implement an additional 25 percent tariff on Indian imports, effective August 27. The Department of Homeland Security said the move was linked to ""threats to the US by the government of the Russian Federation,"" with India included under the new levies. Prashanth Tapse, Senior VP (Research), Mehta Equities Ltd, said ""The biggest headwind for Indian markets remains whether Nifty can scale the 'Wall of Worry' around the 50 percent Trump tariff set to kick in on August 27, which threatens to make almost all of India's USD 86.5 billion exports to the US commercially unviable."" US issues notice for extra 25% tariff on India beginning August 27 2) Weak global cues: Asian markets were trading lower, with Japan’s Nikkei 225, South Korea’s Kospi, Hong Kong’s Hang Seng and Shanghai’s SSE Composite in the red. US markets also closed lower overnight, while Wall Street futures pointed to further weakness, raising concerns of continued pressure on emerging markets, including India. Stock Market LIVE Updates 3) FII selling: Foreign Institutional Investors (FIIs) offloaded equities worth Rs 2,466.24 crore on Monday, according to exchange data. Analysts said sustained outflows remain a drag on market sentiment and liquidity. 4) Rupee under pressure: The rupee declined 22 paise to 87.78 against the US dollar in early trade on Tuesday amid concerns over the impending US tariffs. Forex dealers said strong dollar demand from importers and tariff uncertainty weighed on the domestic currency. 5) Volatility index: The India VIX, a measure of market volatility, rose more than 5 percent to 12.38, signalling higher risk perception among investors. Technical view Anand James, Chief Market Strategist at Geojit Financial Services, said ""Inability to close above the 25,000-25,033 region yesterday suggests that buyers are not keen on chasing prices higher. This leaves room for dips. Upswing possibility could diminish if Nifty slips below 24,870, but it would require a direct fall below 24,740 to initiate downside plays."""
26 Aug 2025,Sun Pharmaceutical Industries shares fall 2.29% in early trade,https://www.moneycontrol.com/news/business/stocks/sun-pharmaceutical-industries-shares-fall-2-29-in-early-trade-alpha-article-13488125.html,"With the stock currently trading at Rs 1,618.70, Sun Pharmaceutical Industries reflects a bearish trend amid overall positive financial performance and active corporate actions.",,"Shares of Sun Pharmaceutical Industries declined by 2.29% to Rs 1,618.70 in Tuesday's early trading session. A Moneycontrol analysis as of August 21, 2025 reflects a bearish sentiment on Sun Pharma stock. Financial Highlights Sun Pharmaceutical Industries' financial performance shows consistent growth in revenue and net profit over the past few years. The consolidated revenue for the year ending March 2025 stood at Rs 52,578.44 Crore, compared to Rs 48,496.85 Crore for the year ending March 2024. Net profit also increased from Rs 9,648.44 Crore in March 2024 to Rs 10,980.10 Crore in March 2025. The quarterly performance also reveals a positive trend. Revenue for the quarter ending June 2025 was Rs 13,851.40 Crore, up from Rs 12,652.75 Crore in June 2024. The net profit for the same period was Rs 2,302.62 Crore, slightly down from Rs 2,871.25 Crore in June 2024. Key financial data is summarized below:Financial YearRevenue (Rs Crore)Net Profit (Rs Crore)EPS (Rs)BVPS (Rs)ROE (%)Debt to Equity202133,498.142,284.6812.10206.236.240.07202238,654.493,405.8213.60212.846.810.02202343,885.688,560.8435.30247.2215.130.11202448,496.859,648.4439.90265.3615.040.04202552,578.4410,980.1045.60301.0015.130.03Sun Pharmaceutical Industries has demonstrated consistent growth in key financial metrics from 2021 to 2025. Revenue increased from Rs 33,498.14 Crore in 2021 to Rs 52,578.44 Crore in 2025. Net profit also saw a substantial rise, from Rs 2,284.68 Crore in 2021 to Rs 10,980.10 Crore in 2025. Earnings per share (EPS) have increased from Rs 12.10 in 2021 to Rs 45.60 in 2025, and the book value per share (BVPS) has grown from Rs 206.23 to Rs 301.00 over the same period. The company's Return on Equity (ROE) has remained relatively stable at around 15% in recent years, and the debt-to-equity ratio has been maintained at a low level, indicating a strong financial position. Quarterly PerformanceQuarterSales (Rs Crore)Other Income (Rs Crore)Total Income (Rs Crore)Total Expenditure (Rs Crore)EBIT (Rs Crore)Interest (Rs Crore)Tax (Rs Crore)Net Profit (Rs Crore)Jun 202513,85146414,31511,0683,247748702,302Mar 202512,95861213,57110,2683,303491,0932,160Dec 202413,67546514,14110,6133,527515582,917Sep 202413,29135413,6459,9783,667695673,030Jun 202412,65253213,1859,7003,485615522,871The quarterly data shows revenue increasing from Rs 12,652 Crore in June 2024 to Rs 13,851 Crore in June 2025. Similarly, net profit varied across the quarters, with the highest being Rs 3,030 Crore in September 2024 and the lowest at Rs 2,160 Crore in March 2025. Total expenditure has generally remained stable, contributing to fluctuations in net profit. Corporate Actions Sun Pharmaceutical Industries has announced several corporate actions, including analyst/investor meetings. The company announced a final dividend of Rs 5.50 per share (550%) on May 22, 2025, which was effective from July 7, 2025. Additionally, an interim dividend of Rs 10.50 per share (1050%) was announced on January 16, 2025, effective from February 6, 2025. The company has a history of bonus issues, including a 1:1 bonus on July 29, 2013, and another 1:1 bonus on May 27, 2004. A 2:1 bonus was issued on March 6, 2000. Furthermore, Sun Pharmaceutical Industries has executed stock splits, including a split from a face value of Rs 5 to Rs 1 on November 25, 2010, and a split from Rs 10 to Rs 5 on January 13, 2003. With the stock currently trading at Rs 1,618.70, Sun Pharmaceutical Industries reflects a bearish trend amid overall positive financial performance and active corporate actions."
12 Aug 2025,Sun Pharma to Host Analyst/Investor Meetings in Mumbai,https://www.moneycontrol.com/news/business/markets/sun-pharma-to-host-analyst-investor-meetings-in-mumbai-alpha-article-13444221.html,Sun Pharma to Host Analyst/Investor Meetings in Mumbai,,"Sun Pharmaceutical Industries Limited has announced the schedule for upcoming analyst and institutional investor meetings to be held in Mumbai. The meetings are being organized under Regulation 30 of SEBI (Listing Obligations and Disclosure Requirements) Regulations, 2015. Schedule of Analyst/Institutional Investor MeetingsDateAnalyst/Investor/EventVenueType of Meeting(Group / One-on-one)19-August-25Equirus Annual India Conference '25MumbaiPhysicalGroup & One-on-one20-August-25Systematix Group - Pharma & Healthcare ConferenceMumbaiPhysicalGroup & One-on-one The company has stated that it will not be disclosing any Unpublished Price Sensitive Information (UPSI) during these meetings. The schedule is subject to change based on exigencies. Anoop Deshpande, Company Secretary and Compliance Officer, is authorized to make the announcement. The meetings are scheduled to take place in Mumbai."
07 Aug 2025,"Trade Spotlight: How should you trade IndiGo, Asian Paints, Waaree Energies, Jindal Stainless, CSB Bank, Bajaj Finance and others on August 7?",https://www.moneycontrol.com/news/business/markets/trade-spotlight-how-should-you-trade-indigo-asian-paints-waaree-energies-jindal-stainless-csb-bank-bajaj-finance-and-others-on-august-7-13409033.html,"The bearish sentiment is expected to prevail, given the weakness in technical indicators. Below are some short-term trading ideas to consider.",Stocks To Buy/Sell on August 7,"The benchmark indices remained under pressure for the second consecutive session, with the Nifty 50 down 0.3 percent on August 7. Bears maintained dominance in market breadth, with about 1,988 shares declining compared to 697 advancing on the NSE. The bearish sentiment is expected to prevail, given the weakness in technical indicators. Below are some short-term trading ideas to consider: Nilesh Jain, Head – Technical and Derivatives Research Analyst (Equity Research) at Centrum Broking InterGlobe Aviation (IndiGo) | CMP: Rs 5,893.5  InterGlobe Aviation remains in a strong uptrend, consistently taking support at its 50-DMA (currently at Rs 5,681) and along its rising trendline. It is on the verge of a breakout from a falling channel pattern, and a successful breakout could trigger a fresh rally towards new all-time highs. We expect the stock to surpass resistance and head towards the Rs 6,300 level in the near term. Strategy: Buy Target: Rs 6,300 Stop-Loss: Rs 5,680 Asian Paints | CMP: Rs 2,491.2  Asian Paints is forming a strong base and is on the verge of a multi-month breakout above the Rs 2,530 level. It is trading comfortably above all key short-term and long-term moving averages. Additionally, momentum indicators and oscillators on the daily chart have confirmed a bullish crossover. Based on this setup, we anticipate the stock to move towards the gap area near Rs 2,700 in the near term. Strategy: Buy Target: Rs 2,700 Stop-Loss: Rs 2,390 Sun Pharmaceutical Industries | CMP: Rs 1,595.2 Sun Pharmaceutical has broken down from a symmetrical triangle pattern on the daily chart, signaling potential downside. Additionally, the MACD has triggered a sell crossover, reinforcing the bearish outlook. It is currently trading well below all key short-term and long-term moving averages. Given these factors, further weakness is likely in the near term, and a sell-on-rise approach is advisable. Strategy: Sell Target: Rs 1,500 Stop-Loss: Rs 1,649 Sudeep Shah, Head - Technical and Derivatives Research at SBI Securities Waaree Energies | CMP: Rs 3,218.4  Waaree Energies has recently found strong support near its 50-day EMA, which acted as a springboard for a fresh upward move. Following this rebound, the price action has been gradually inching higher and is now approaching a critical juncture — a potential breakout above a downward-sloping trendline on the daily chart. Notably, Wednesday’s trading session witnessed volume activity that surpassed the 50-day average, indicating early signs of accumulation. This surge in participation suggests that market participants may be positioning themselves ahead of a possible breakout, adding conviction to the bullish setup. From a trend perspective, the stock is trading above both its short-term and long-term moving averages, which are aligned in a bullish sequence and trending upward — a classic sign of strength and trend continuation. This confluence of price, volume, and momentum indicators points toward a constructive technical structure, with the potential for a breakout-led rally in the near term. Hence, we recommend buying this stock above the breakout level of Rs 3,270. Strategy: Buy Target: Rs 3,520 Stop-Loss: Rs 3,140 Jindal Stainless | CMP: Rs 734  Jindal Stainless has recently witnessed a breakout from a downward-sloping trendline on the daily chart, signalling a potential continuation of its upward trajectory. Post-breakout, the price has been gradually trending higher, supported by relatively higher volumes — a classic indication of sustained buying interest and accumulation. Currently, the stock is trading above its key moving averages, which reinforces the bullish undertone. Momentum indicators are also aligning with the bullish narrative. The RSI is firmly positioned in the bullish zone and continues to rise, reflecting improving price strength. Meanwhile, the MACD remains in positive territory, quoting above both its signal line and the zero line. The MACD histogram is expanding, suggesting a pickup in upside momentum and further validating the breakout. Overall, the confluence of price action, volume behaviour, and momentum indicators points to a strong technical setup, with potential for continued upward movement in the sessions ahead. Hence, we recommend accumulating the stock in the Rs 730–740 range. Strategy: Buy Target: Rs 800 Stop-Loss: Rs 700 Rupak De, Senior Technical Analyst at LKP Securities CSB Bank | CMP: Rs 435.2  CSB Bank has recently given a strong closing above its key resistance zone of Rs 420, supported by a bullish RSI crossover, indicating strengthening momentum. The major trend remains positive, with a structure of higher highs and higher lows on the daily chart and a steady rally visible on the weekly chart. It is also sustaining above its 20-day EMA, reinforcing the bullish sentiment. With a favourable risk-reward setup, the stock can be considered for buying at Rs 434. Strategy: Buy Target: Rs 465 Stop-Loss: Rs 417 Bajaj Finance | CMP: Rs 876.65  Bajaj Finance has given a consolidation breakdown on the daily chart, indicating a shift towards weakness. It is trading below its crucial 20-day and 50-day EMAs, reflecting sustained selling pressure. On Wednesday, the stock faced rejection near its 100-day EMA, placed at Rs 893, further reinforcing the bearish sentiment. Additionally, the RSI remains in a bearish crossover, suggesting weak momentum. Based on these technical signals, the stock is expected to drift lower and test its 200-day EMA, placed around the Rs 845 level, in the near term. We recommend selling August Futures in the Rs 883–880 range. Strategy: Sell Target: Rs 864 Stop-Loss: Rs 896 Mazagon Dock Shipbuilders | CMP: Rs 2,764.5  Mazagon Dock Shipbuilders witnessed a sharp downward move on the daily chart after breaking its key support level of Rs 3,104, signaling strong bearish momentum. During a pullback, it faced resistance near the 20-day EMA and closed with a bearish engulfing pattern, reinforcing the negative sentiment. These technical indicators suggest the stock may head toward its 200-day EMA. Traders can consider initiating a sell position (August Futures) in the Rs 2,760–2,780 range. Strategy: Sell Target: Rs 2,660 Stop-Loss: Rs 2,825"
04 Aug 2025,Buy Sun Pharma; target of Rs 1960: Motilal Oswal,https://www.moneycontrol.com/news/business/earnings/buy-sun-pharma-target-of-rs-1960-motilal-oswal-13381575.html,"Motilal Oswal is bullish on Sun Pharma has recommended buy rating on the stock with a target price of Rs 1960 in its research report dated July 31, 2025.",BUY,"Motilal Oswal's research report on Sun Pharma Sun Pharmaceutical Industries’ (SUNP) 1QFY26 revenue and EBITDA were 3%/9% better than our estimates. However, Adj. PAT was lower than expected (6% miss) due to lower other income and a higher tax rate. SUNP has exhibited eight consecutive quarters of healthy double-digit YoY revenue growth in the domestic formulation (DF) segment, led by new launches, market share gains, and increased reach. In addition to steady traction in the Global specialty (renamed as global innovative medicines) portfolio, SUNP continues to expand its portfolio through the launch of Leqselvi, thereby driving its dermatology offerings. Outlook We reduced our earnings estimates by 5%/4% for FY26/FY27, factoring in: a) higher opex for branded business and b) higher tax rate. We value SUNP at 32x 12M forward earnings to arrive at a TP of INR1,960. For all recommendations report, click here Sun Pharma_01082025_Motilal Oswal"
04 Aug 2025,Buy Sun Pharmaceutical Industries; target of Rs 1875: Prabhudas Lilladher,https://www.moneycontrol.com/news/business/stocks/buy-sun-pharmaceutical-industries-target-of-rs-1875-prabhudas-lilladher-13367970.html,"Prabhudas Lilladher is bullish on Sun Pharmaceutical Industries has recommended buy rating on the stock with a target price of Rs 1875 in its research report dated August 01, 2025.",buy,"Prabhudas Lilladher's research report on Sun Pharmaceutical Industries Sun Pharma (SUNP) Q1FY26 EBIDTA (+11% YoY) was 7% above our estimates aided by higher specialty sales and lower opex. Over last few years SUNP dependency on US generics has reduced and company’s growth is more functional on specialty, RoW and domestic pharma that has strong growth visibility. Though FY26 expenses (an additional $100mn spend) is likely to remain elevated given company are in investment phase to ramp up specialty pipeline; successful launch of Leqselvi and Unloxcyt along with progress of other pipelines will be key. Our FY26/FY27E EPS stands reduced by 6-7% as we factor in higher tax. Outlook We maintain ‘BUY’ rating with revised TP of Rs.1,875 based on 32x FY27E EPS. SUNP remains our top pick in large cap space. For all recommendations report, click here Sun Pharmaceutical Industries - 01082025 - prabhu"
04 Aug 2025,"Sun Pharma: Raksha Valia Pledges 6,50,000 Shares",https://www.moneycontrol.com/news/business/markets/sun-pharma-raksha-valia-pledges-6-50-000-shares-alpha-article-13380708.html,"Sun Pharma: Raksha Valia Pledges 6,50,000 Shares",,"Raksha Valia, a person acting in concert, has pledged 6,50,000 equity shares of Sun Pharmaceutical Industries Limited on July 28, 2025, in favor of Citicorp Finance (India) Limited, according to a regulatory filing on August 2, 2025. The pledge represents 0.027% of the total share capital of Sun Pharmaceutical Industries. Following this transaction, Raksha Valia's total encumbered shares in Sun Pharma increased to 1,26,40,000 equity shares, representing 0.527% of the company's total share capital. Prior to this pledge, Raksha Valia held 2,88,30,352 shares, equivalent to 1.20% of the total share capital, with 1,19,90,000 shares already encumbered, constituting 0.499% of the total share capital. The shares were pledged in favor of Citicorp Finance (India) Limited as security towards a loan facility availed by a third party. Details of Shareholding and Encumbrance NameTotal Shares Held% of Total Share CapitalShares Encumbered Before% of Encumbered Shares BeforeShares Pledged% of Shares PledgedShares Encumbered After% of Encumbered Shares AfterRaksha Valia2,88,30,3521.20%1,19,90,0000.499%6,50,0000.027%1,26,40,0000.527% The disclosure was made under Regulation 31(1) and 31(2) of the SEBI (Substantial Acquisition of Shares & Takeovers) Regulations, 2011. Citicorp Finance (India) Limited is the lender in this arrangement, with the pledge serving as a security for a loan facility availed by a third party. Other promoters include Dilip Shantilal Shanghvi, holding 230,385,155 shares (9.60%), Shanghvi Finance Private Limited with 967,051,732 shares (40.30%), and Vibha Dilip Shanghvi holding 8,840,280 shares (0.37%). Kumud Shantilal Shanghvi holds 1,00,000 encumbered shares (0.00%), while Aalok Dilip Shanghvi and Vidhi Dilip Shanghvi each hold 2,877,280 shares (0.12%) and 2,822,427 shares (0.12%) respectively, with none encumbered. Sudhir V.Valia holds 14,345,019 shares (0.60%), and Aditya Medisales Limited holds 40,153,960 shares (1.67%), with none encumbered. Unimed Investments Limited holds 10,400,850 shares (0.43%), also with no encumbrance. Raksha Valia's total encumbered shares in Sun Pharma increased to 1,26,40,000 equity shares, representing 0.527% of the company's total share capital."
01 Aug 2025,"Sensex settles 600 pts lower, Nifty below 24,600: Trump's tariffs among key factors behind market fall",https://www.moneycontrol.com/news/business/markets/sensex-declines-300-pts-nifty-below-24-700-trump-s-tariffs-amid-key-factors-behind-market-fall-13366454.html,"Sensex, Nifty extended decline on concerns over US tariff measures, leading to rise in India VIX amid increased uncertainty and risk aversion among traders.","Sensex, Nifty see profit-booking in August 1 trade. ","Benchmark equity indices fell to their lowest levels in about two months on Friday, dragged down by metal, IT services and telecom stocks amid renewed concerns over US tariff measures. Falling for the second straight session, the Sensex declined by 585.67 points or 0.72 percent to close at 80,599.91. During intraday trading, it fell as much as 690.01 points, or 0.84 percent reaching a low of 80,495.57. The Nifty also witnessed a decline, dropping 203 points, or 0.82 percent, to settle at 24,565.35. Intraday, it touched a low of 24,535.05—down 233.3 points or 0.94 percent—a level last seen on June 4, when it hit a low of 24,530.45. Tata Steel, Maruti, Tata Motors, Infosys, Bharti Airtel and Tech Mahindra were also among the laggards. Here are the key factors behind market decline 1) US tariffs on Indian exports: Investor sentiment was dented after US President Donald Trump issued an executive order titled ‘Further Modifying The Reciprocal Tariff Rates’, imposing a 25 percent “Reciprocal Tariff, Adjusted” on Indian exports. The list includes tariff revisions for nearly 70 countries. The order, however, did not specify additional penalties previously mentioned in relation to India’s purchases of Russian defence and energy equipment. 2) Sustained FII selling: Foreign Institutional Investors (FIIs) remained net sellers, offloading equities worth Rs 5,588.91 crore on Thursday. Continued capital outflows have added pressure on domestic markets. Stock Market LIVE Updates 3) Global market weakness: Asian markets were largely in the red, with indices in South Korea, Japan, China and Hong Kong trading lower. The negative trend followed weak closing on Wall Street, and US futures indicating a subdued start, further dampening investor confidence. 4) Volatility index rises: The India VIX, a measure of market volatility, climbed nearly 4 percent to 11.98. A higher VIX signals increased uncertainty and risk aversion among traders, often leading to cautious positioning and reduced participation. 5) Pharma stocks under pressure: The Nifty Pharma index declined over 3 percent, marking its third straight session of losses. Sun Pharma led the losses with a 4 percent fall, followed by declines in Aurobindo Pharma, Gland Pharma, Cipla, Granules India and Lupin. Concerns were triggered by Trump’s letters to 17 major global pharmaceutical firms, urging them to lower drug prices in the US to match international levels. The letters also called for Most Favored Nation (MFN) pricing to be adopted within 60 days. Pharma stocks slump as Trump shoots letters to 17 global drug majors seeking lower prices Technical view Nifty witnessed another sharp decline as it failed to reclaim the 200-DMA on the hourly chart, despite a strong recovery on Thursday. Throughout the day, the index remained below the 50-EMA on the hourly timeframe. Rupak De, Senior Technical Analyst at LKP Securities noted, ""On the daily chart, it has broken below the recent consolidation support at 24,600. Sentiment remains weak, with the potential for the correction to extend towards 24,400–24,450. A further decline is likely if it slips below 24,400; otherwise, a recovery can be expected. On the higher side, resistance is seen at 24,600–24,650 and 24,850."""
01 Aug 2025,"Sun Pharma Consolidated June 2025 Net Sales at Rs 13,851.40 crore, up 9.47% Y-o-Y",https://www.moneycontrol.com/news/business/earnings/sun-pharma-consolidated-june-2025-net-sales-at-rs-13851-40-crore-up-9-47-y-o-y-13366674.html,,,"Reported Consolidated quarterly numbers for Sun Pharmaceutical Industries are: Net Sales at Rs 13,851.40 crore in June 2025 up 9.47% from Rs. 12,652.75 crore in June 2024. Quarterly Net Profit at Rs. 2,278.63 crore in June 2025 down 19.64% from Rs. 2,835.62 crore in June 2024. EBITDA stands at Rs. 4,766.12 crore in June 2025 up 15.12% from Rs. 4,140.17 crore in June 2024. Sun Pharma EPS has decreased to Rs. 9.50 in June 2025 from Rs. 11.80 in June 2024. Sun Pharma shares closed at 1,706.70 on July 30, 2025 (NSE) and has given -2.14% returns over the last 6 months and -0.74% over the last 12 months. "
01 Aug 2025,"Sun Pharma shares tumble 4% post-Q1 results; should you buy, sell or hold?",https://www.moneycontrol.com/news/business/markets/sun-pharma-shares-tumble-4-post-q1-results-should-you-buy-sell-or-hold-13366462.html,Brokerage Investec downgraded Sun Pharma shares by two notches to 'sell' while Choice Equity Broking gave an 'Add' rating,"Sun Pharma shares tumble 4% on weak Q1 results; should you buy, sell or hold?","Shares of Sun Pharmaceutical Industries lost 4% on August 1, making it the worst Nifty 50 loser, after reporting June quarter earnings. Brokerages gave a diverse range of calls for the pharma stock as it reported a higher adjusted profit on Thursday, aided by strong domestic sales. The Mumbai-based firm's consolidated profit before tax and exceptional items rose 16.6% to Rs 3,991 crore in the quarter ended June 30. The drugmaker reported a one-time charge of Rs 818 crore in the first quarter related to the impairment of certain assets and the settlement of a legal dispute. Accounting for the charge, profit fell nearly 20% on-year. At 11:35 am on August 1, Sun Pharma shares were trading 4% higher at Rs 1,638 apiece. Brokerage Investec downgraded Sun Pharma shares by two notches to ""sell"", forecasting weaker earnings over the next three quarters, reported Reuters, reported Reuters. Meanwhile, Choice Equity Broking gave an 'Add' rating to Sun Pharma with a target price of Rs 1,825. ""We expect Sun Pharma to continue delivering healthy growth driven by new launches, particularly from its innovative pipeline. While margins may see a temporary blip due to increased investments in promotional activities and R&D—especially for pipeline development in areas like GLP-1 agonists—these are likely to normalize by FY27E as high-margin launches scale up. The company also benefits from a strong US manufacturing base, which provides insulation against tariff-related risks, and management has indicated no plans for further expansion of this base. ""Factoring in the expected normalization of tax rates, we have revised our earnings estimates downward by 6.6%/5.3% for FY26E/FY27E. We value the stock at 30x (unchanged) the average of FY27E and FY28E EPS, arriving at a target price of INR 1,825 (unchanged), and maintain our ADD rating,"" it said. Sun Pharma shares were also under pressure on August 1 because US President Donald Trump on Thursday wrote to 17 Big Pharma companies, including Eli Lilly, AstraZeneca, Novo Nordisk, Pfizer among others, demanding that these companies charge the US a similar rate compared to other countries for new medicines. HSBC gave a 'Buy' call for Sun Pharma with a target price of Rs 1,850. ""Despite low spend in 1Q, Sun expects costs to rise as plan for incremental spend of $100 million in FY26 remains intact. Think strong growth in India segment and scale-up in innovative products sales will offset spend on new launches,"" said HSBC. JM Financial maintained its 'Buy' rating on the stock and gave a target price of Rs 1,999. ""We project Sun Pharma to deliver a revenue CAGR of 11% over FY25–28, on an already large base, with gradual margin expansion as the contribution from branded and specialty products increases. The company is well-positioned to capitalize on its Specialty presence across three focus areas – oncology, ophthalmology, and dermatology – leveraging its existing field force, expanding portfolio, and strong balance sheet (cash reserves of $3.5 billion as of FY25) to pursue further acquisitions. At the CMP, the stock is trading at 29x/26x FY27/FY28 EPS, which we believe offers room for further re-rating as Specialty revenues scale up. We value the stock at Rs 1,999. Maintain BUY,"" said JM Financial."
01 Aug 2025,Pharma stocks slump as Trump shoots letters to 17 global drug majors seeking lower prices,https://www.moneycontrol.com/news/business/markets/pharma-stocks-slump-as-trump-shoots-letters-to-17-global-drug-major-seeking-lower-prices-13365619.html,"Trump's letters to 17 of the world’s biggest pharmaceutical majors has stated that companies should immediately lower charges for existing drugs, and furnish guarantee that future medicines be launched at par with what other countries are paying. ","The letters were sent to Eli Lilly, Novo Nordisk, Pfizer and others.","Shares of leading pharma companies are sharply lower, as investors tried to assess the impact of US President Trump's letter to 17 of the global drug majors demanding them lower drug prices in US and bring it in-line with what other nations are paying for new medicines. The Nifty Pharma index fell over 2.8 percent to extend the fall for a third day, with Sun Pharma leading the fall with a 4 percent cut, followed by Aurobindo Pharma, Gland Pharma, Cipla, Granules India and Lupin down over 3 percent. As much as 20 percent of Sun Pharma's revenue comes from drugs sold in the US market. Shares of Sun Pharma were the worst hit on Nifty 50 following the quarterly earnings. Brokerage Investec has downgraded Sun Pharma by two notches to 'Sell', which had added to the sour sentiment. Trump's letters to 17 of the world’s biggest pharmaceutical majors has stated that companies should immediately lower charges for existing drugs, and furnish guarantee that future medicines be launched at par with what other countries are paying. The letters were sent to Eli Lilly, Novo Nordisk, Pfizer and others, demanding that Most Favored Nation (MFN) pricing be implemented with in 60 days. During a briefing, White House Press Secretary Karoline Leavitt said, ""According to recent data, the prices that Americans have been paying for brand name drugs are more than three times the price of other similarly developed nations pay. The president is determined to solve this problem and took further action today. He has signed 17 letters to pharmaceutical companies' CEOs."" In the letter, Trump has issued a 60-day ultimatum to companies to voluntarily comply to the new pricing diktat, failing which US will deploy 'every tool in our arsenal' in order to protect Americans from 'continued abusive drug pricing' practices. Companies will also have to offer certain medicines directly to patients at prices at whch they are offered to third-party insurers, Trump's letter said. There is also an overhang of a pharma tariff policy coming soon, that US President had mentioned in the recent past. On July 29, US Commerce Secretary Howard Lutnick said during an interview with CNBC International that President Trump will be coming out with a pharmaceutical policy in the next two weeks, exploring higher tariffs on pharma companies. ""Basically, if you are not building your plant in America where we pay for pharmaceuticals, you are going to pay a massive tariff, because why should we pay for your drugs? And you make them overseas and you make your money overseas? At least if we’re going to pay for your drugs, you’re going to build them in America,"" Lutnick had said. Through the measure, Trump is seeking US drug makers to use the increased revenue from abroad for the benefit of American patients and tax payers by providing them direct access of medicines at MFN pricing. Sandeep Bhatia, Managing Director and Head of Equity India at Macquarie Capital told CNBC-TV18 that there is a potential fear of pricing pressure for the US supplies. ""...right now there's a fear that this most favoured nation (MFN) treatment for Medicaid and other US administered medical programmes, the pricing of that should match the pricing which the companies charge in other wealthy developed nations. So clearly there's a potentially a pricing pressure that can emerge for the US supplies."" CNBC International reported that spokespersons for Pfizer, Novo Nordisk and Novartis have said that they are working to find solutions to help Americans access affordable drugs."
31 Jul 2025,"Sun Pharma Standalone June 2025 Net Sales at Rs 5,601.96 crore, up 24.54% Y-o-Y",https://www.moneycontrol.com/news/business/earnings/sun-pharma-standalone-june-2025-net-sales-at-rs-5601-96-crore-up-24-54-y-o-y-13358912.html,,,"Reported Standalone quarterly numbers for Sun Pharmaceutical Industries are: Net Sales at Rs 5,601.96 crore in June 2025 up 24.54% from Rs. 4,498.07 crore in June 2024. Quarterly Net Profit at Rs. 753.53 crore in June 2025 up 216.85% from Rs. 237.82 crore in June 2024. EBITDA stands at Rs. 1,994.84 crore in June 2025 up 136.41% from Rs. 843.81 crore in June 2024. Sun Pharma EPS has increased to Rs. 3.10 in June 2025 from Rs. 1.00 in June 2024. Sun Pharma shares closed at 1,733.80 on July 29, 2025 (NSE) and has given -0.30% returns over the last 6 months and 1.89% over the last 12 months. "
29 Jul 2025,"Trade Spotlight: How should you trade TCS, Cipla, Torrent Pharma, NCC, Paytm, SBI Life Insurance, UPL, Syrma SGS Technology and others on July 29?",https://www.moneycontrol.com/news/business/markets/trade-spotlight-how-should-you-trade-tcs-cipla-torrent-pharma-ncc-paytm-sbi-life-insurance-upl-syrma-sgs-technology-and-others-on-july-29-13339827.html,The market may continue to consolidate with a negative bias in the upcoming sessions. Below are some short-term trading ideas to consider.,Top Trading Ideas for July 29,"Equity benchmarks started off the monthly F&O expiry week on a negative note, with the Nifty 50 declining 0.63 percent, extending its downward journey for the third straight session on July 28. The market breadth continued to be dominated by bears, with 2,043 shares declining compared to 673 advancing on the NSE. The market may continue to consolidate with a negative bias in the upcoming sessions. Below are some short-term trading ideas to consider: Jigar S Patel, Senior Manager - Equity Research at Anand Rathi TCS | CMP: Rs 3,079.3  Tata Consultancy Services (TCS) has been on a downward trajectory since mid-May 2025, consistently forming lower highs and lower lows. This bearish structure has led to a correction of nearly Rs 440, a decline of approximately 12.32 percent. However, the stock now stands at a technically significant zone, where both time and price confluence suggest a potential trend reversal. Historically, key pivot highs and lows in TCS have often occurred within a 25–38-day cycle. Notably, this time window aligns with both a Lucas number (29) and a Fibonacci number (34), adding further credibility to the time-based support. Additionally, a bullish Bat Harmonic Pattern is forming around the Rs 3,080–3,100 mark, coinciding with the S1 quarterly floor pivot, reinforcing the likelihood of a strong base. The MACD histogram is also showing signs of waning negative momentum, with shrinking red bars indicating a possible trend shift. Traders may consider entering long positions in the Rs 3,100–3,070 zone. Strategy: Buy Target: Rs 3,335 Stop-Loss: Rs 2,960 Sun Pharmaceutical Industries | CMP: Rs 1,702.2  Sun Pharma has established a strong support base in the Rs 1,650–1,680 range, which aligns with the S3 Camarilla monthly pivot, marking a critical support zone. This area is further reinforced by a rising trendline and the lower median line of a pitchfork, forming a powerful technical confluence likely to attract renewed buying interest. The convergence of these multiple support levels enhances the likelihood of a bullish reversal. A decisive breakout above this consolidation zone could trigger a new upward movement. Traders may consider entering long positions in the Rs 1,705–1,695 zone. Strategy: Buy Target: Rs 1,800 Stop-Loss: Rs 1,650 Cipla | CMP: Rs 1,572  Cipla has successfully breached its descending trendline on the weekly chart, accompanied by a notable surge in volume, signaling a potential trend reversal. The RSI on the weekly timeframe remains in the 45–50 range, which typically suggests building bullish momentum. Traders may consider entering long positions in the Rs 1,575–1,565 zone. Strategy: Buy Target: Rs 1,670 Stop-Loss: Rs 1,520 Jay Thakkar, Vice President & Head of Derivatives and Quant Research at ICICI Securities Torrent Pharmaceuticals | CMP: Rs 3,622.9  Torrent Pharma has given a clean breakout from its consolidation and has since been forming higher highs and higher lows. The rising Open Interest suggests long buildup, indicating a positive trend in the short to medium term. Options activity shows strong Put writing across strikes from Rs 3,400 to Rs 3,600, while Call writers appear trapped at Rs 3,350 to Rs 3,400. This setup could cause short-term volatility, but any dip should be viewed as a buying opportunity. Buy Torrent Pharma August Futures in the range of Rs 3,660 to Rs 3,630. Strategy: Buy Target: Rs 3,770, Rs 3,830 Stop-Loss: Rs 3,530 NCC | CMP: Rs 215.51  NCC has broken multiple support levels in the Rs 218–220 range, accompanied by a rise in Open Interest, indicating short buildup and suggesting further downside pressure in the near term. Since being introduced in the derivatives market, NCC has consistently witnessed short additions, and the recent breakdown adds further confirmation of the next leg of a downtrend. The stock faces a strong hurdle at Rs 230, where the highest Call open interest is placed. It is also trading below its maximum pain level and the 20-day VWAP, currently at Rs 225 and Rs 223, respectively. So, sell NCC August Futures in the range of Rs 220 to Rs 212, with a negative short-term outlook unless it closes above its key hurdles. Strategy: Sell Target: Rs 204, Rs 200 Stop-Loss: Rs 225 Vidnyan S Sawant, Head of Research at GEPL Capital One 97 Communications | CMP: Rs 1,094.2  Paytm has been in a positive trend since May 2024. In the recent week, it broke out of a cup-and-handle formation, following the prior week’s breakout above the December 2024 swing high, both supported by a volume surge above the 20-week average, confirming strong participation.On the daily chart, the stock has shown resilience amid broader market volatility, holding steady near its 5-day EMA, with the 12- and 26-day EMAs rising, reflecting a strong underlying trend. The MACD remains in a rising trajectory, indicating sustained bullish momentum. Strategy: Buy Target: Rs 1,225 Stop-Loss: Rs 1,039 SBI Life Insurance Company | CMP: Rs 1,850.5  SBI Life remains in a strong long-term uptrend, forming higher bottoms on the monthly chart since 2018. Despite recent consolidation on the weekly timeframe, it shows high relative strength, signaling resilience. On the daily chart, it has rebounded from the 50-day EMA and broken out of a 5-day range, indicating bullish momentum. It continues to trade above key 12- and 26-week EMAs, while the weekly RSI above 60 with hidden bullish divergence supports the case for further upside. Strategy: Buy Target: Rs 2,053 Stop-Loss: Rs 1,755 UPL | CMP: Rs 730  UPL has delivered a decisive breakout above a sloping trendline on the monthly chart, supported by a strong bullish candlestick. On the weekly timeframe, the stock has gained momentum from the 5-week EMA, with volume surging above the 20-week average, indicating renewed buying interest.On the daily chart, the stock remains in a narrow range near the 5-day EMA, with rising 12- and 26-day EMAs, confirming a strengthening trend. The MACD remains in buy mode, reinforcing the bullish outlook. Strategy: Buy Target: Rs 788 Stop-Loss: Rs 708 Syrma SGS Technology | CMP: Rs 746.35  Syrma SGS has shown strong bullish price action across all timeframes. On the monthly chart, the stock formed a robust bullish candlestick and hit an all-time high, signaling powerful upward momentum. On the weekly scale, it continues to form higher highs and higher lows, with rising volume, indicating growing investor participation. The stock is trading well above its key 5-, 12-, 25-, and 50-week EMAs, reinforcing trend strength. The MACD is also inching higher, supporting the continuation of the bullish momentum. Strategy: Buy Target: Rs 821 Stop-Loss: Rs 715"
25 Jul 2025,"Stocks to Watch Today: Sun Pharma, eClerx, IEX, Anant Raj, REC, Aether Industries, L&T, Enviro Infra, GR Infraprojects, Adani Enterprises in focus on 25 July",https://www.moneycontrol.com/news/business/markets/stocks-to-watch-today-sun-pharma-eclerx-iex-anant-raj-rec-aether-industries-l-t-enviro-infra-gr-infraprojects-adani-enterprises-in-focus-on-25-july-13323266.html,"Stocks to Watch, 25 July: Stocks like Sun Pharma, eClerx Services, Indian Energy Exchange, Anant Raj, REC, Aether Industries, Larsen & Toubro, Torrent Power, Enviro Infra Engineers, GR Infraprojects, and Adani Enterprises will be in focus on July 25.","Stocks to Watch Today, 25 July","Let's catch up on the latest news from the stock market. From significant investments to major deals, quarterly earnings, order wins, and acquisitions, here’s a quick look at which stocks will be in focus in today's trade: Results Today Shriram Finance, Bajaj Finserv, Cipla, Bank of Baroda, Aadhar Housing Finance, ACME Solar Holdings, Gujarat Mineral Development Corporation, Laurus Labs, Paras Defence and Space Technologies, Petronet LNG, Poonawalla Fincorp, Steel Authority of India, SBI Cards and Payment Services, Sobha, and Tata Chemicals will release their quarterly earnings on July 25. Results on July 26 Kotak Mahindra Bank, Lodha Developers, IDFC First Bank, Affle 3I, Balkrishna Industries, Premier Energies, SBFC Finance, and Whirlpool of India will announce their quarterly numbers on July 26. Quarterly Earnings GR Infraprojects Q1 (Consolidated YoY) Profit grows 26.4% to Rs 141.6 crore Vs Rs 112 crore Revenue jumps 19.5% to Rs 934.6 crore Vs Rs 781.9 crore eMudhra Q1 (Consolidated YoY) Profit soars 39.4% to Rs 24.9 crore Vs Rs 17.8 crore Revenue surges 59.3% to Rs 147.3 crore Vs Rs 92.4 crore Subsidiary eMudhra Inc to acquire 100% stake in AI Cyber Forge Inc, USA Karur Vysya Bank Q1 (YoY) Profit grows 14% to Rs 521 crore Vs Rs 459 crore Net interest income increases 5% to Rs 1,080 crore Vs Rs 1,027 crore Gross NPA falls to 0.66% Vs 0.76% (QoQ) Net NPA declines to 0.19% Vs 0.2% (QoQ) Indian Energy Exchange (IEX) Q1 (Consolidated YoY) Profit jumps 25.2% to Rs 120.7 crore Vs Rs 96.4 crore Revenue grows 14.7% to Rs 141.8 crore Vs Rs 123.6 crore Tanla Platforms Q1 (Consolidated YoY) Profit declines 16.2% to Rs 118.4 crore Vs Rs 141.2 crore Revenue rises 3.8% to Rs 1,040.7 crore Vs Rs 1,002.2 crore Phoenix Mills Q1 (Consolidated YoY) Profit increases 3.5% to Rs 240.7 crore Vs Rs 232.5 crore Revenue rises 5.4% to Rs 953 crore Vs Rs 904.1 crore Company to buy 49% stake in subsidiary Island Star Mall Developers from CPP Investments for Rs 5,449 crore Anant Raj Q1 (Consolidated YoY) Profit zooms 38.3% to Rs 125.9 crore Vs Rs 91.01 crore Revenue jumps 25.6% to Rs 592.4 crore Vs Rs 471.8 crore Johnson Controls-Hitachi Air Conditioning India Q1 (YoY) Profit tanks 57.8% to Rs 15.3 crore Vs Rs 36.2 crore Revenue falls 14.4% to Rs 852.6 crore Vs Rs 996 crore KFin Technologies Q1 (Consolidated YoY) Profit increases 13.5% to Rs 77.3 crore Vs Rs 68.1 crore Revenue jumps 15.4% to Rs 274 crore Vs Rs 237.6 crore Suryoday Small Finance Bank Q1 (YoY) Profit sinks 50% to Rs 35 crore Vs Rs 70 crore Net interest income drops 15.7% to Rs 247 crore Vs Rs 293 crore Net NPA jumps to 5.6% Vs 4.6% (QoQ) Gross NPA rises to 8.5% Vs 7.2% (QoQ) Cyient Q1 (Consolidated YoY) Profit grows 6.9% to Rs 153.8 crore Vs Rs 143.9 crore Revenue increases 2.2% to Rs 1,711.8 crore Vs Rs 1,675.7 crore Trident Q1 (Consolidated YoY) Profit spikes 89.8% to Rs 140 crore Vs Rs 73.7 crore Revenue falls 2% to Rs 1,706.9 crore Vs Rs 1,742.7 crore REC Q1 (Consolidated YoY) Profit jumps 29% to Rs 4,465.7 crore Vs Rs 3,460.2 crore Revenue grows 12.7% to Rs 14,737.5 crore Vs Rs 13,078.7 crore UTI Asset Management Company Q1 (Consolidated YoY) Profit drops 6.8% to Rs 236.9 crore Vs Rs 254.2 crore Revenue rises 3.3% to 546.9 crore Vs Rs 529.2 crore Aether Industries Q1 (Consolidated YoY) Profit zooms 57.1% to Rs 47 crore Vs Rs 29.9 crore Revenue jumps 42.3% to Rs 256.1 crore Vs Rs 180 crore Stocks to Watch Larsen & Toubro Torrent Power is in talks to buy the thermal business unit of Larsen & Toubro for about $1 billion, including debt, reports Bloomberg. Sun Pharmaceutical Industries Sun Pharma has signed a settlement agreement with the End Purchaser Plaintiffs in the generic pharmaceuticals pricing antitrust litigation in the US. Under the terms of the settlement agreement, the company's subsidiaries will make an aggregate payment of $200 million in exchange for a full release of all claims asserted against them in the End Purchaser Action by the settlement class members. Enviro Infra Engineers The company has received an order worth Rs 221.3 crore for the EPC of sewage treatment plants, including the reuse of treated wastewater, from the Bangalore Water Supply and Sewerage Board. GR Infraprojects The company has emerged as the L-1 bidder for an EPC project involving the construction of the Giridih Bypass (towards Tundi) road in Jharkhand. The contract is valued at Rs 290.23 crore. Adani Enterprises Adani Enterprises is divesting a 50% stake in its subsidiary, Kutch Copper Tubes, to MetTube Mauritius. Concurrently, the company will acquire a 50% stake in MetTube Copper India, a wholly owned subsidiary of MetTube. This alliance is aimed at delivering solutions to the heating, ventilation, and air conditioning (HVAC) industry and at reducing India’s dependence on imported copper tubes. Bulk Deals Indian Energy Exchange Pictet - Indian Equities sold 60 lakh shares at Rs 131.5 per share. Kajaria Ceramics Long Term India Fund bought 12.5 lakh shares at Rs 1,180 per share. Kilburn Engineering SBI Funds Management bought 7.56 lakh shares at Rs 505 per share. Stocks Trade Ex-Dividend HDFC BankUltraTech CementUnion Bank of IndiaZydus LifesciencesDivis LaboratoriesLife Insurance Corporation of IndiaLupinJubilant IngreviaJubilant PharmovaKEC International3M IndiaAbbott IndiaAkzo Nobel IndiaAlbert DavidArvindArvind SmartSpacesAssociated Alcohols & BreweriesBemco HydraulicsBhageria IndustriesBharti HexacomBN Rathi SecuritiesBombay Cycle & Motor AgencyCapital Small Finance BankCentral Bank of IndiaCentum ElectronicsFine Organic IndustriesFlex FoodsFortis HealthcareGMM PfaudlerGOCL CorporationHB StockholdingsICRAKirloskar BrothersKsolves IndiaMafatlal IndustriesMukandInfo Edge (India)NelcastNitta Gelatin IndiaOberoi RealtyOrient CementPrecision Wires IndiaIndian Metals & Ferro AlloysInfobeans TechnologiesJulien Agro InfratechSealmatic IndiaShriram Pistons & RingsSteelcastSumitomo Chemical IndiaThyrocare TechnologiesTube Investments of IndiaTimken IndiaTransworld Shipping Lines Stock Trades Ex-Date for Rights Jtekt India Stocks Trade Ex-Date for Split Kellton Tech SolutionsRIR Power Electronics Stock Trades Ex-Bonus Shine Fashions (India) Stock Trades Ex-Date for Resolution Plan -Suspension Taaza International Stocks in F&O ban Indian Energy ExchangeRBL Bank Stocks Out of F&O ban Bandhan Bank"
24 Jul 2025,India-UK FTA set to boost pharma and medtech trade,https://www.moneycontrol.com/news/business/stocks/india-uk-fta-set-to-boost-pharma-and-medtech-trade-13322107.html,"The deal, which eliminates tariffs on most finished pharmaceutical products and medical devices, is expected to boost India’s exports to the UK valued at over $914 million grew 18% year-on-year (YoY) in FY24 . Imports from UK stood at $430.15 million with a YoY growth of 13%, according Exim data. ",India-UK FTA,"The landmark India-UK Free Trade Agreement signed Thursday is poised to boost bilateral trade dynamics, particularly in the pharmaceutical and medical devices sectors, where India has emerged as a key supplier of affordable healthcare solutions, industry executives told Moneycontrol. The deal, which eliminates tariffs on most finished pharmaceutical products and medical devices, is expected to boost India’s exports to the UK valued at over $914 million grew 18% year-on-year (YoY) in FY24 . Imports from UK stood at $430.15 million with a YoY growth of 13%, according Exim data. Drug formulations and biologicals 84.7% share share of total Indian exports to UK. India exported medical devices worth Rs 1,015.02 crore to UK in FY24, which grew year-on-year (YoY) at 13.11%, while import from UK grew even impressive at 36.45% (YoY) to ₹2,295.37 crore in the same period. India medical device exports to UK were contact lens, diagnostic reagents, surgical instruments and PPE kits; major imports were Oxygen therapy equipment like ventilators, X-Ray equipment, diagnostic testing reagents and IVD analysis instruments. Currently UK charges zero duties on Indian pharmaceutical imports, while India levies a 10% basic customs duty on pharmaceuticals, with exemptions for certain life-saving drugs. For medical devices, custom duties by India range from 0% to 7.5%, depending on the category. Broadly, the UK will remove duties on 99% of Indian exports, while India will cut tariffs on 90% of UK products, aiming to increase annual bilateral trade by USD 34 billion. Pharma to benefit With major Indian pharma firms like Dr. Reddy’s, Sun Pharma, Cipla, Torrent Pharma, Intas, and Biocon already entrenched in the UK market, the FTA is expected to deepen their footprint. The deal also aligns with India’s ambition to become a global hub for affordable healthcare and medtech innovation. ""The pharmaceutical industry welcomes the India-UK Free Trade Agreement,"" said Sudarshan Jain, Secretary General, Indian Pharmaceutical Alliance, the industry body that represents large homegrown pharmaceutical companies. ""This will open up trade and economic opportunities between the two countries. As per the indications, the pharma sector will have opportunities to supply affordable and quality assured medicine contributing to better patient care in the UK,"" Jain added. “This partnership paves the way for collaborations in bulk drug imports, CDMO, and joint research, empowering India’s competitive edge and promoting global partnerships,” said Namit Joshi, Chairman of Pharmexcil, the trade body on Department of Pharmaceutical, Ministry of Commerce. As regulatory harmonization progresses, the India-UK FTA could serve as a blueprint for similar agreements with other developed markets, reinforcing India’s role in global health supply chains, said Sanjaya Mariwala, Executive Chairman of OmniActive Health Technologies and President of Mumbai-based IMC Chamber of Commerce and Industry. “With regulatory barriers coming down, Indian healthcare companies will find it easier to operate in the UK, leading to more affordable services and better collaboration,” he said. Medical devices trade boost “The FTA will significantly enhance access to high-quality, affordable medical devices in the UK market,” said Himanshu Baid, Managing Director of Poly Medicure Ltd. “It opens new avenues for advanced technology collaborations and innovation.” “We sought recognition of Indian CDSCO regulatory approval to fast-track UK MHRA approvals,” added Rajiv Nath, Forum Coordinator at AiMeD. “This would address non-tariff barriers and help Indian exporters compete more effectively.” While the FTA removes tariff barriers, Indian medical device stakeholders have raised concerns over regulatory costs and the potential misuse of rules of origin. Industry leaders are urging strict monitoring to prevent third-country products from being routed through the UK."
17 Jul 2025,"Sun Pharma Q1 PAT seen up 8.4% YoY to Rs 3,132.7 cr: ICICI Securities",https://www.moneycontrol.com/news/business/sun-pharma-q1-pat-seen-up-8-4-yoy-to-rs-3-132-7-cr-icici-securities-13288627.html,"Net Sales are expected to increase by 5.2 percent Y-o-Y (up 7.7 percent Q-o-Q) to Rs 13,628.1 crore, according to ICICI Securities.",Pharma,"ICICI Securities has come out with its first quarter (April - June’ 26) earnings estimates for the Pharma sector. The brokerage house expects Sun Pharma to report net profit at Rs 3,132.7 crore up 8.4% year-on-year (up 8.9% quarter-on-quarter). Net Sales are expected to increase by 5.2 percent Y-o-Y (up 7.7 percent Q-o-Q) to Rs 13,628.1 crore, according to ICICI Securities. Earnings before interest, tax, depreciation and amortisation (EBITDA) are likely to rise by 15 percent Y-o-Y (up 7.7 percent Q-o-Q) to Rs 3,938.5 crore. ICICI_Pharma"
15 Jul 2025,"Trade Spotlight: How should you trade Sun Pharma, Blue Star, Hero MotoCorp, Britannia, Acutaas Chemicals, Religare Enterprises and others on July 16?",https://www.moneycontrol.com/news/business/markets/trade-spotlight-how-should-you-trade-sun-pharma-blue-star-hero-motocorp-britannia-acutaas-chemicals-religare-enterprises-and-others-on-july-16-13282308.html,The market needs to reclaim and sustain above the 20-day EMA to witness a further northward journey in the upcoming sessions. Below are some short-term trading ideas to consider.,Top Buy Ideas for Short Term,"Equity benchmark indices rebounded after four days of weakness, with the Nifty 50 rising 0.45 percent on July 15. Market breadth turned favourable for the bulls, with 1,774 shares advancing compared to 885 declining on the NSE. The market needs to reclaim and sustain above the 20-day EMA to witness a further northward journey in the upcoming sessions. Below are some short-term trading ideas to consider: Amol Athawale, VP- Technical Research at Kotak Securities Life Insurance Corporation of India | CMP: Rs 925.2  On the daily scale, following a gradual decline from recent highs, LIC is now trading near its short-term moving average. Decent volume activity indicates a potential revival of the bullish trend at current levels. For positional traders, Rs 890 is the key level. Sustaining above this level could lead the stock towards Rs 990. However, a close below Rs 890 may prompt traders to exit long positions. Strategy: Buy Target: Rs 990 Stop-Loss: Rs 890 Britannia Industries | CMP: Rs 5,785.5  Britannia is trading within a rising channel pattern, forming a higher high and higher low series on the weekly chart. The stock has shown a steady recovery from support levels. Additionally, the RSI indicator is pointing towards further upward momentum from current levels, which could reinforce the bullish sentiment. For the next few trading sessions, Rs 5,580 will be the trend-deciding level. If the stock sustains above this, it could move higher towards Rs 6,190. Strategy: Buy Target: Rs 6,190 Stop-Loss: Rs 5,580 Bank of Baroda | CMP: Rs 244.32  On the daily chart, after declining from higher levels, Bank of Baroda has rebounded from its 50-day simple moving average and witnessed a steady recovery. The stock has also broken out of a sloping channel pattern, suggesting a fresh leg of an uptrend. As long as it trades above Rs 235, the bullish structure is likely to persist. Above this, the stock could move towards Rs 260. Strategy: Buy Target: Rs 260 Stop-Loss: Rs 235 Ashish Kyal, CMT, Founder and CEO of Waves Strategy Advisors Sun Pharmaceutical Industries | CMP: Rs 1,727.5  In the previous session, the pharma sector broke out above its prior swing high, indicating that bulls are regaining control. Sun Pharma is outperforming its peers in the sector. Last week, the stock respected its key support zone of Rs 1,645–1,650 and rebounded. On the daily chart, prices have been consistently holding above the previous candle’s low on a closing basis, indicating buying interest. Additionally, Bollinger Bands have started to expand, with prices closing above the upper band—suggesting potential for strong upside momentum. Hence, the current trend remains bullish. Dips can be used as a buying opportunity, with targets of Rs 1,765 followed by Rs 1,820. Strategy: Buy Target: Rs 1,765, Rs 1,820 Stop-Loss: Rs 1,650 Blue Star | CMP: Rs 1,882.3  Blue Star is trading in a higher high, higher low formation. On the daily chart, the stock has been forming a classic rounding bottom pattern since April 2025, and in the previous session, it finally gave a breakout above the neckline at Rs 1,860. For the past two sessions, the stock has closed above the previous day’s high—another positive signal. Additionally, the ADX indicator is near 29, indicating the potential for strong upward momentum. The trend currently favours the bulls. To sustain the positive momentum, the stock needs to hold above Rs 1,900, with potential targets at Rs 1,962 followed by Rs 2,030. Strategy: Buy Target: Rs 1,962, Rs 2,030 Stop-Loss: Rs 1,838 Hero MotoCorp | CMP: Rs 4,454  Hero MotoCorp rallied 4.8 percent in the previous session, accompanied by a sharp rise in volumes—the first notable increase since May 2025, which is a positive sign. On the daily chart, the stock has been trading in a broad range between Rs 4,158 and Rs 4,485 since May 2025. Earlier this week, prices took support at the lower end of the range and are now approaching the resistance zone. A breakout above Rs 4,485 could reinforce the bullish sentiment. Additionally, the MACD is nearing a bullish crossover, although confirmation would require follow-up buying. The trend remains positive. Dips towards Rs 4,400–4,430 can be seen as buying opportunities, with targets of Rs 4,600 followed by Rs 4,810. Strategy: Buy Target: Rs 4,600, Rs 4,810 Stop-Loss: Rs 4,200 Nandish Shah, Senior Technical and Derivative Analyst at HDFC Securities Acutaas Chemicals | CMP: Rs 1,190  Acuteas Chemicals has broken out of a downward-sloping trendline on the daily chart. The short-term trend is positive, as the stock is trading above its 5-day, 11-day, and 20-day EMAs. Accumulation is visible, with higher volumes on up days compared to down days over the past few weeks. Momentum indicators like RSI and MFI are rising and currently above 60 on the daily chart, indicating strength in the ongoing bullish trend. Strategy: Buy Target: Rs 1,290, Rs 1,335 Stop-Loss: Rs 1,100 Pennar Industries | CMP: Rs 238.48  Pennar Industries is in a strong uptrend, forming a bullish higher-top, higher-bottom structure on both the weekly and monthly charts. After a brief consolidation, the stock has resumed its uptrend, breaking out from a downward-sloping trendline on the daily chart, accompanied by higher volumes. Momentum indicators and oscillators continue to show strength in the prevailing bullish trend. Strategy: Buy Target: Rs 258, Rs 270 Stop-Loss: Rs 220 Religare Enterprises | CMP: Rs 268.2  Religare Enterprises has given a breakout on the weekly chart with strong volumes, closing at its highest level since the week ending January 17, 2025. Accumulation has been noticeable in recent sessions, with volumes significantly higher than the average. The primary trend has turned positive, with the stock price closing above its 200-day EMA—a key long-term indicator. Strategy: Buy Target: Rs 290, Rs 305 Stop-Loss: Rs 245"
15 Jul 2025,"Sun Pharmaceutical Industries shares surge 2.72% amid high volume, among top gainers on Nifty 50",https://www.moneycontrol.com/news/business/stocks/sun-pharmaceutical-industries-shares-surge-2-72-amid-high-volume-among-top-gainers-on-nifty-50-alpha-article-13280917.html,"With the stock's last traded price at Rs 1,728.30, Sun Pharmaceutical Industries demonstrates strong financial metrics and active corporate actions, contributing to its market performance.",,"Shares of Sun Pharmaceutical Industries experienced a surge of 2.72% to Rs 1,728.30 in Tuesday's trading session, driven by high trading volume. This upward movement reflects a notable increase from the previous close, positioning the stock as one of the top gainers on the NIFTY 50. The company’s financial performance shows a strong growth trajectory. The consolidated revenue for the quarter ending March 2025 stood at Rs 12,958.84 Crore, while the net profit was Rs 2,160.64 Crore. The Earnings Per Share (EPS) for the same period was Rs 9.00. Here's a summary of Sun Pharmaceutical Industries' quarterly financial performance:HeadingMar 2024Jun 2024Sep 2024Dec 2024Mar 2025RevenueRs 11,982.90 CroreRs 12,652.75 CroreRs 13,291.39 CroreRs 13,675.46 CroreRs 12,958.84 CroreNet ProfitRs 2,666.59 CroreRs 2,871.25 CroreRs 3,030.67 CroreRs 2,917.54 CroreRs 2,160.64 CroreEPS11.1011.8012.7012.109.00The company has demonstrated consistent financial growth over the past few years. The annual consolidated revenue for the year ending March 2025 reached Rs 52,578.44 Crore, marking a significant increase compared to previous years. Net profit for the same period stood at Rs 10,980.10 Crore, with an EPS of Rs 45.60. These figures highlight the company's robust financial health and growth trajectory. The following table presents Sun Pharmaceutical Industries' yearly financial performance:Heading20212022202320242025RevenueRs 33,498.14 CroreRs 38,654.49 CroreRs 43,885.68 CroreRs 48,496.85 CroreRs 52,578.44 CroreNet ProfitRs 2,284.68 CroreRs 3,405.82 CroreRs 8,560.84 CroreRs 9,648.44 CroreRs 10,980.10 CroreEPS12.1013.6035.3039.9045.60BVPS206.23212.84247.22265.36301.00ROE6.246.8115.1315.0415.13Debt to Equity0.070.020.110.040.03The company has announced several corporate actions. The board meeting is scheduled on July 31, 2025, to consider and approve the unaudited financial results for the first quarter of FY 2025-26. In terms of dividends, the company announced a final dividend of Rs 5.50 per share on May 22, 2025, with an effective date of July 7, 2025. Earlier, an interim dividend of Rs 10.50 per share was announced on January 16, 2025, effective from February 6, 2025. Additionally, Sun Pharmaceutical Industries has a history of bonus issues, including a 1:1 bonus ratio announced on May 28, 2013, and another on April 21, 2004. The company also underwent stock splits, with the most recent one on September 24, 2010, where the face value changed from Rs 5 to Rs 1. With the stock's last traded price at Rs 1,728.30, Sun Pharmaceutical Industries demonstrates strong financial metrics and active corporate actions, contributing to its market performance."
15 Jul 2025,"Stocks to Watch Today: HCLTech, Tata Tech, Rallis India, Power Mech Projects, RailTel, Sun Pharma, Deepak Fertilisers, Oberoi Realty in focus on 15 July",https://www.moneycontrol.com/news/business/markets/stocks-to-watch-today-hcltech-tata-tech-rallis-india-power-mech-projects-railtel-sun-pharma-deepak-fertilisers-oberoi-realty-in-focus-on-15-july-13277963.html,"Stocks to Watch, 15 July: Stocks like HCL Technologies, Tata Technologies, Rallis India, Power Mech Projects, RailTel Corporation of India, Sun Pharmaceutical Industries, Deepak Fertilisers, and Oberoi Realty will be in focus on July 15.","Stocks to Watch Today, 15 July","Let's catch up on the latest news from the stock market. From significant investments to major deals, quarterly earnings, appointments, and order wins, here’s a quick look at which stocks will be in focus in today's trade: Results Today HDFC Life Insurance Company, HDB Financial Services, ICICI Lombard General Insurance Company, ICICI Prudential Life Insurance Company, AWL Agri Business, Geojit Financial Services, GM Breweries, Hathway Cable & Datacom, Himadri Speciality Chemical, Just Dial, Bank of Maharashtra, Network 18 Media & Investments, Nureca, and Swaraj Engines will announce their quarterly earnings on July 15. Quarterly Earnings HCL Technologies Q1 (Consolidated YoY) Profit falls 9.7% to Rs 3,843 crore Vs Rs 4,257 crore Revenue grows 8.2% to Rs 30,349 crore Vs Rs 28,057 crore EBIT increases 3.1% to Rs 4,942 crore Vs Rs 4,795 crore EBIT margin drops to 16.3% Vs 17.1% Revenue in dollar terms soars 5.4% to $3,545 million Vs $3,364 million Company declares interim dividend of Rs 12 per share Revenue growth in FY26 is expected to be between 3-5% in constant currency Services revenue growth in FY26 expected to be between 3-5% in constant currency EBIT margin to be between 17–18% for FY26 Tata Technologies Q1 (Consolidated YoY) Profit increases 5.1% to Rs 170.3 crore Vs Rs 162 crore Other income grows significantly to Rs 63.6 crore Vs Rs 23 crore Revenue declines 2% to Rs 1,244.3 crore Vs Rs 1,269 crore EBIT drops 16.2% to Rs 168.8 crore Vs Rs 201.4 crore EBIT margin falls to 13.57% Vs 15.87% Rallis India Q1 (YoY) Profit zooms 98% to Rs 95 crore Vs Rs 48 crore Revenue grows 22.2% to Rs 957 crore Vs Rs 783 crore EBITDA soars 56.3% to Rs 150 crore Vs Rs 96 crore Margin expands to 15.67% Vs 12.26% Stocks to Watch Deepak Fertilisers & Petrochemicals Corporation Deepak Fertilisers & Petrochemicals Corporation has signed a long-term agreement with Petronet LNG for the regasification of liquefied natural gas (LNG). Under the terms of the agreement, Petronet LNG will regasify approximately 25 TBTUs of LNG annually, following an initial ramp-up period, primarily at its Dahej terminal. The regasified gas will be primarily supplied to the company and PCL’s manufacturing units at Taloja for internal consumption. The contract is valued at Rs 1,200 crore, with an additional outlay of up to 20% over the contract duration. Power Mech Projects The company has secured an order worth Rs 498.39 crore from SJVN Thermal (P) for commissioning support and a comprehensive operation and maintenance (O&M) contract for the coal-based supercritical Buxar Thermal Power Project (BTPP) (2 x 660 MW) located in Buxar, Bihar. It has also received another order worth Rs 52.96 crore from Jhabua Power (a joint venture of NTPC) for O&M of boiler, turbine, and generator of a 1 x 600 MW unit at Seoni, Madhya Pradesh. RailTel Corporation of India RailTel has received a work order worth Rs 264.07 crore from East Central Railway. The order involves the provision of Kavach, an indigenous train collision avoidance system, on low-density railway tracks of East Central Railway. Sun Pharmaceutical Industries The company has entered into a settlement and license agreement with Incyte Corporation related to litigation concerning LEQSELVI (deuruxolitinib). As a result, Sun Pharma has announced the launch of LEQSELVI in the United States. The drug is indicated for the treatment of adults with severe alopecia areata. Inox Wind The Board of Directors of the company will meet on July 17 to consider fundraising via equity shares or other securities, through a rights issue and/or any other permissible mode. Life Insurance Corporation of India The Government of India has appointed R Doraiswamy as the Chief Executive Officer and Managing Director of LIC for a three-year term, effective July 14. Oberoi Realty The resolution plan of the consortium comprising Oberoi Realty, Shree Naman Developers, and JM Financial Properties and Holdings, under the Corporate Insolvency Resolution Process (CIRP) of Hotel Horizon, has been approved by the Committee of Creditors. The consortium will acquire Hotel Horizon for Rs 919 crore. The hotel holds 7,500 square meters of land at Juhu, Mumbai. Meson Valves India The company has received a submarine fuel system order worth Rs 46.26 lakh from Mazagon Dock Shipbuilders. Bulk Deals Parsvnath Developers Leading Light Fund VCC – The Triumph Fund has sold 68.2 lakh shares at Rs 23.17 per share. TVS Infrastructure Trust Ambit Wealth has acquired 57.25 lakh units at Rs 100.56 per unit, while Larsen & Toubro sold 60 lakh units at the same price. SME IPO Listing on July 15 GLEN Industries Stocks Trade Ex-Dividend Aditya Birla Real EstateComputer Age Management ServicesGrindwell NortonIDBI BankKirloskar Pneumatic CompanyMahindra & Mahindra Financial ServicesSaint Gobain Sekurit IndiaVinyl Chemicals (India) Stock Trades Ex-Bonus Anuh Pharma Stock Trades Ex-Date for Income Distribution (InvIT) Energy Infrastructure Trust Stock Trades Ex-Date for Rights Kilitch Drugs India Stock in F&O ban Glenmark PharmaHindustan CopperRBL Bank"
14 Jul 2025,Sun Pharma Investor Presentation: Focus on Growth and Innovation,https://www.moneycontrol.com/news/business/markets/sun-pharma-investor-presentation-focus-on-growth-and-innovation-alpha-article-13277357.html,Sun Pharma Investor Presentation: Focus on Growth and Innovation in July 2025,,"Sun Pharmaceutical Industries Limited has released its investor presentation for July 2025, highlighting its global presence, diversified business, and focus on innovative therapies. The presentation emphasizes the company's financial performance, business operations, and strategic initiatives for sustainable long-term growth.Key Financial MetricsMetricFY10FY15FY20FY25Sales (Rs Bn)40141272520EBITDA (Rs Bn)147970153Operating Cash Flow (Rs Bn)86656119Free Cash Flow (Rs Bn)55020120Adjusted Net Profit (Rs Bn)64840100Adjusted EPS (Rs/Share)20141750The company's revenue composition shows a diversified base with India Formulations contributing 33%, US Formulations 31%, Emerging Markets Formulations 18%, and Rest of World Formulations 14%. API & Others account for 4% of the FY25 sales, which totaled Rs 520 billion. **Business Operations**Sun Pharma operates in over 100 countries with a strong presence in the US, India, and emerging markets. The US business includes specialty and generic products, with a focus on dermatology, ophthalmology, and onco-dermatology. In India, Sun Pharma is the largest pharmaceutical company, holding an 8.3% market share. Emerging Markets operations span over 80 countries, with key markets including Romania, Russia, South Africa, Brazil, and Mexico. The Rest of World segment includes Western Europe, Canada, Japan, Australia, New Zealand, and Israel. **R&D and Manufacturing**The company has a strong focus on research and development, with a cumulative R&D spend of approximately Rs 300 billion to date. R&D expenditure for FY25 stood at 6.2% of sales. Sun Pharma has global development capabilities, including clinical trials, finished dosage development, and new drug development. The company operates 40 manufacturing facilities, with several approved by global regulators, including the USFDA. **Innovative Therapies**Sun Pharma is building an innovative therapies business with a focus on select therapy areas. The portfolio includes marketed products in dermatology, ophthalmology, and onco-dermatology. Specialty sales have grown significantly, accounting for over 20% of sales in FY25, compared to 7.3% in FY18. Key products include ILUMYA, LEQSELVI, and Winlevi, among others. **US Business**The US business is a significant contributor to Sun Pharma's revenue, accounting for 31% of FY25 revenues. The company has a comprehensive portfolio of ANDAs and NDAs, with a strong pipeline of products pending approval. Sun Pharma has a presence in innovative medicines, generics, and OTC segments in the US. **India Business**Sun Pharma is the largest pharmaceutical company in India, with a market share of 8.3%. The company holds the top position by prescriptions, with leadership across 13 classes of prescribers. The India business has a strong brand positioning, with 29 brands in India's top 300 pharmaceutical brands. **Emerging Markets**The company has a strong presence in emerging markets, with operations in over 80 countries. Focus markets include Romania, Russia, South Africa, Brazil, and Mexico. Sun Pharma has local manufacturing sites in several countries, including Bangladesh, South Africa, and Russia. **Rest of World**Sun Pharma's Rest of World segment includes Western Europe, Canada, Japan, Australia, New Zealand, and Israel. The company is expanding its basket of products, including innovative medicines and hospital & retail products. **ESG Performance**Sun Pharma is committed to environmental, social, and governance (ESG) practices. The company has made significant reductions in energy intensity and water intensity. Sun Pharma is also focused on employee wellbeing and corporate social responsibility, with significant investments in CSR activities. **Strategic Initiatives**Sun Pharma is focused on achieving critical mass in key markets, embedding sustainability practices, and optimizing operational costs. The company aims to increase the contribution of specialty and complex products and leverage acquisitions to bridge gaps and yield target ROI."
14 Jul 2025,"Sun Pharma settles patent litigation with Incyte, paving way for launch of anti-baldness drug LEQSELVI",https://www.moneycontrol.com/news/business/stocks/sun-pharma-settles-patent-litigation-with-incyte-paving-way-for-launch-of-anti-baldness-drug-leqselvi-13277042.html,"As part of the agreement, Incyte has granted Sun Pharma a limited, non-exclusive license to US Patent Nos. 9,662,335 and other related patents. ",Sun Pharma,"India's largest pharmaceutical company, Sun Pharma announced on July 14 that it has settled a patent litigation with US biopharma MNC Incyte Corporation for an upfront payment over and above an ongoing royalty, paving the way for an immediate US launch of LEQSELVI (deuruxolitinib), used to treat severe alopecia areata, an autoimmune disease that leads to hair loss or baldness. The agreement stipulates that both parties will seek dismissal of the pending LEQSELVI litigation in the US District Court for the District of New Jersey, and will mutually release all claims that were or could have been raised in the litigation. As part of the agreement, Incyte has granted Sun Pharma a 'limited, non-exclusive license' to US Patent Nos. 9,662,335 and other related patents. This license pertains to oral deuruxolitinib for certain agreed-upon non-hematology-oncology indications, including alopecia areata, the statement said. In exchange for the settlement and license, Sun Pharma will make an upfront payment to Incyte, in addition to ongoing royalty payments until the expiry of the patents. The specific financial terms of the settlement and license agreement remain confidential. The launch of LEQSELVI has been delayed by a year due to patent litigation between Sun Pharma and Incyte. The American biopharma company had secured injunction against the proposed launch of the drug in July, claiming that Sun’s pre-launch activities have violated Incyte’s rightful intellectual property in the valid and enforceable ’335 Patent. Sun Pharma had paid $576 million (Rs 4,600 crore) upfront, added with conditional sales-based milestone payments for the acquisition LEQSELVI from US-based Concert Pharma. Richard Ascroft, CEO of Sun Pharma North America, stated that the launch provides an ""effective, new treatment option"" for eligible patients and healthcare providers, highlighting LEQSELVI as a 'key milestone' for the company's dermatology portfolio and an 'important advancement' for the alopecia areata community. Sun Pharma said LEQSELVI demonstrated rapid results in clinical trials, with one-third of patients regaining almost all of their hair by week 24. Some patients achieved 80% or more scalp coverage as early as 8 weeks. Alopecia areata can have significant psychosocial impact, leading to psychological distress and loss of self-confidence due to unpredictable hair loss. Nicole Friedland, President and CEO of the National Alopecia Areata Foundation (NAAF), expressed optimism, stating that LEQSELVI offers ""hope"" and expands choices for individuals seeking an FDA-approved treatment for this autoimmune disease."
14 Jul 2025,"Morgan Stanley initiates coverage on pharma players, bullish only on Sun Pharma",https://www.moneycontrol.com/news/business/markets/morgan-stanley-initiates-coverage-on-pharma-players-bullish-only-on-sun-pharma-13273840.html,"Morgan Stanley sees earnings growth in the pharma sector moderating in FY25–27, though robust balance sheets could support investments in high-growth areas.",The brokerage issued an 'overweight' call only on Sun Pharma shares.,"International brokerage Morgan Stanley initiated coverage on India’s four largest pharmaceutical companies by market capitalization, but maintains a bullish stance only on Sun Pharmaceutical Industries. The brokerage expects earnings growth across the pharma sector to moderate during FY25–27, though robust balance sheets could support investments in high-growth areas like peptides, biosimilars, and specialty drugs. The firm has an 'overweight' rating on Sun Pharma, citing its strong specialty pipeline, focus on chronic therapies in the Indian market, and solid financials. It has set a target price of Rs 1,960 per share. Over the past one year, shares of Sun Pharma have gained 5.6 percent. Lupin has been rated 'equal-weight' with a target price of Rs 2,096. Morgan Stanley sees a strong first half for FY26, but flags potential downside due to intensifying competition in the U.S. market. Lupin shares have seen a flat performance on the bourses over the past one year, gaining 3.2 percent. Both Dr. Reddy’s Laboratories (DRL) and Cipla are expected to go through a transition year in FY26, with revenues from gRevlimid tapering off. DRL is also rated 'equal-weight' with a target of Rs 1,298, though the firm notes the ramp-up of semaglutide could deliver upside surprises. Dr Reddy's Labs stock has fallen 7.7 percent over 12 months, underperforming its peers. Cipla is the least favored among the pack by Morgan Stanley, as the brokerage gave it an 'underweight' rating and a target price of Rs 1,400, as the brokerage forecasts a negative 2 percent EPS CAGR over FY25–27. Cipla's stock has traded near the flatline over the past year, slipping two percent into the red. Follow our market blog to catch all the live updates"
08 Jul 2025,"Aurobindo Pharma, Dr Reddy's, Lupin, other pharma stocks tumble up to 3% amid tariff jitters",https://www.moneycontrol.com/news/business/markets/aurobindo-pharma-dr-reddy-s-lupin-other-pharma-stocks-tumble-up-to-3-amid-tariff-jitters-13241069.html,"'A renewed push for 'Buy America' could complicate matters for low-margin generics, and any uptick in regulatory stringency may weigh on sentiment,' said an analyst.",Pharma stocks tumble amid Trump tariff jitters,"The shares of Indian pharma companies dropped in trade on July 8 as US President Donald Trump reignited investor concerns after sending tariff letters to several countries. The sharp fall in the share prices pushed the Nifty Pharma index down nearly 1 percent to hover around 22,159 in the morning. Trump on July 7 issued letters with new tariff rates to around 14 countries. The new import tariff rates will be applicable from August 1. Notably, the US President is expected to issue more such letters this month. India meanwhile is negotiating a trade deal with US. The much anticipated mini-deal is yet to be announced, as certain trade subjects remain a source of contention between the two countries. Notably, the tariff letters and the expectations of more such letters in the future may have triggered worries over India receiving once before it can conclude its trade deal with the country. Pharma companies derive a major portion of their revenue from US exports. Hence, Trump's elevated tariffs will likely hamper their margins. This may have impacted the pharma stocks today. Aurobindo Pharma shares tumbled over 3 percent to trade at Rs 1,147 apiece in the morning, while Lupin shares dropped nearly 3 percent to trade at Rs 1,925 apiece. Dr Reddy's Laboratories and Zydus Lifesciences shares declined over 1.6 percent each, while Granules, Sun Pharma, Cipla and Torrent Pharma shares fell over 1 percent each. Ajanta Pharma, Laurus Labs and Glenmark Pharma shares fell over 0.6 percent each, while those of Biocon and Alkem Labs were trading in the red with marginal losses. Bucking the trend, Divi’s Labs, Mankind Pharma, Natco Pharma, IPCA Labs, Gland Pharma and Abbot India shares were trading in the green. The pharma index has now extended losses for the second consecutive day, after a 10-session gaining rally. Notably, the fall in the share prices were fuelled by bearish notes issued by analysts. Macquarie downgraded Aurobindo Pharma and Dr Reddy's Labs to 'underperform' and 'neutral' respectively, according to a report by Zee Business. ""India needs to wait and watch and see what others have got, if you do a deal too soon, it could be an uneven one,"" a source aware of the developments told Moneycontrol. Notably, Union Commerce Minister Piyush Goyal had said last week that India does not broker trade deals on deadlines. ""An FTA (free trade agreement) should be a win-win. India never negotiates trade deals based on deadlines. Our focus is always on fairness and the country’s benefit,"" Goyal told reporters on July 4. Nomura noted that the Indian Pharma Market (IPM) grew 8 percent on-year in June, supported by an uptick in acute therapies. Notably this is the highest growth rate in the past five months. Normura said most of the pharma companies under its coverage grew ahead of the market. IPCA Labs and Sun Pharma grew 12 percent each, followed by 11 percent growth in Torrent, Dr Reddy’s Labs and Glenmark Pharma. Some analysts however feel that Trump's tariff may in turn benefit Indian pharma companies. ""Trump’s new round of tariffs — with rates as high as 40% and targeting a wide set of countries across Asia — has brought Indian pharmaceuticals back into strategic focus. While the India–US trade deal remains under negotiation, the pharma sector could find itself at an inflection point...The US is actively looking to reduce its reliance on Chinese pharmaceutical inputs, including contract development and manufacturing services (CDMO/CMO), where China holds an 8% import share. India, with its scale, compliance track record, and expanding API base under PLI incentives, stands well-positioned to absorb part of this shift,"" said Bhavik Joshi, Business Head, INVasset PMS. ""Still, the opportunity isn’t without caveats. A renewed push for 'Buy America' could complicate matters for low-margin generics, and any uptick in regulatory stringency may weigh on sentiment. Market participants should prepare for a scenario of selective outperformance — where Indian pharma players with diversified product profiles, strong compliance history, and CDMO capabilities could gain, even as others navigate familiar pressures from Trump-era policy déjà vu,"" he added."
08 Jul 2025,"Trade Spotlight: How should you trade Dabur India, Indian Oil, Jubilant Foodworks, L&T Finance, Can Fin Homes, JK Lakshmi Cement, and others on July 8?",https://www.moneycontrol.com/news/business/markets/trade-spotlight-how-should-you-trade-dabur-india-indian-oil-jubilant-foodworks-l-t-finance-can-fin-homes-jk-lakshmi-cement-and-others-on-july-8-13239952.html,The market is expected to remain directionless in the upcoming sessions. Below are some short-term trading ideas to consider.,Stocks Ideas for short term,"The equity benchmarks finished flat after a lacklustre session on July 7, while market breadth was favourable for bears. A total of 1,667 shares saw selling pressure compared to 1,008 shares that advanced on the NSE. The market is expected to remain directionless in the upcoming sessions. Below are some short-term trading ideas to consider: Jigar S Patel, Senior Manager - Equity Research at Anand Rathi Vijaya Diagnostic Centre | CMP: Rs 1,010  Vijaya Diagnostic Centre has been consolidating within the Rs 900–1,000 range for the past two months. In the previous session, it finally broke out of this range and closed decisively above it, indicating a potential trend shift. Supporting this move, the daily Camarilla monthly pivot chart shows an overlapping higher value relationship, reinforcing the bullish structure. Additionally, the daily RSI is comfortably placed above the 60 mark, lending further strength to the positive outlook. Traders may consider entering long positions in the Rs 1,015–1,005 zone. Strategy: Buy Target: Rs 1,125 Stop-Loss: Rs 960 Varun Beverages | CMP: Rs 464  Varun Beverages has recently formed a Tweezer Bottom near the Rs 446–447 zone, which aligns with the S1 monthly floor pivot—indicating strong support at lower levels. Additionally, the RSI on the daily chart is showing an impulsive V-shaped recovery from the oversold region near the 30 mark, suggesting a potential shift in momentum. Traders may consider entering long positions in the Rs 465–460 zone. Strategy: Buy Target: Rs 515 Stop-Loss: Rs 435 Sun Pharmaceutical Industries | CMP: Rs 1,679.9  Sun Pharmaceutical has formed a solid base in the Rs 1,650–1,680 zone, which coincides with the S3 Camarilla monthly pivot, signalling a key support area. This zone also aligns with a rising trendline and pitchfork, adding further technical confluence. These factors suggest that the stock is likely to find buying interest at current levels, and any sustained move above this base could trigger a fresh upside—provided broader market conditions remain supportive. Traders may consider entering long positions in the Rs 1,680–1,670 zone. Strategy: Buy Target: Rs 1,785 Stop-Loss: Rs 1,620 Jay Thakkar, Vice President & Head of Derivatives and Quant Research at ICICI Securities Dabur India | CMP: Rs 512.75  Dabur has provided a breakout from sideways consolidation, accompanied by short covering. Significant Put writing along with Call unwinding has resulted in the Put-Call Ratio (PCR) rising above 1; it currently stands at 1.04. Dabur is also trading above its maximum pain and modified maximum pain levels of Rs 500 and Rs 498, respectively, indicating a positive short-term outlook. Buy Dabur Futures in the range of Rs 505 to Rs 510. Strategy: Buy Target: Rs 530, Rs 540 Stop-Loss: Rs 492 Indian Oil Corporation | CMP: Rs 153.75  The overall trend in crude oil prices remains negative, and with OPEC increasing supply, prices are expected to remain under pressure in the short to medium term. IOC has broken out from a sideways consolidation phase, supported by short covering. The stock has seen fresh Put additions and has moved above both its maximum pain and modified maximum pain levels, which is positive for the short term. Buy IOC July Futures in the range of Rs 153 to Rs 155. Strategy: Buy Target: Rs 162, Rs 166 Stop-Loss: Rs 146 Jubilant Foodworks | CMP: Rs 684.1  Jubilant Foodworks is facing clear resistance at higher levels, with aggressive Call writing restricting its upward movement—indicating a higher probability of a downside from current levels. It is trading below its maximum pain and modified maximum pain levels, which is considered negative in the short term. Sell Jubilant FoodWorks Futures in the range of Rs 690–684. Strategy: Sell Target: Rs 655, Rs 630 Stop-Loss: Rs 707 Vidnyan S Sawant, Head of Research at GEPL Capital L&T Finance | CMP: Rs 207.77  L&T Finance is exhibiting a strong uptrend across monthly, weekly, and daily timeframes, marked by consistent higher highs and higher lows. A recent breakout from a bullish Cup and Handle pattern on the monthly chart, supported by a strong candlestick, signals renewed buying interest. On the weekly scale, the stock hit a fresh all-time high with a rising MACD, reinforcing momentum. This confluence of price structure and indicators suggests continued upside potential in the near term. Strategy: Buy Target: Rs 233 Stop-Loss: Rs 197 Fiem Industries | CMP: Rs 1,975.2  Fiem has been in a strong uptrend since 2020, consistently forming higher tops and bottoms—indicating a robust long-term bullish structure. This month, the stock broke above its 2024 swing high with a strong bullish candle, and volume exceeded the 20-month average, confirming strong market participation. On the weekly chart, a 27-week correction has been swiftly retraced in just 8 weeks, highlighting aggressive buying interest. The daily chart further confirms strength, with the stock trading above its 20-, 50-, and 100-day EMAs, while the rising MACD indicates momentum acceleration. Strategy: Buy Target: Rs 2,271 Stop-Loss: Rs 1,876 Can Fin Homes | CMP: Rs 820.3  Can Fin Homes is in a strong long-term uptrend, forming higher bottoms since 2018 on the monthly chart. A positive polarity shift from the February 2023 swing high on the weekly chart has led to a series of higher highs and higher lows. It is currently trading above its 12- and 26-week EMAs, indicating trend strength. The MACD remains in buy mode across timeframes, reinforcing the bullish momentum. Strategy: Buy Target: Rs 918 Stop-Loss: Rs 779 JK Lakshmi Cement | CMP: Rs 978.3  JK Lakshmi Cement posted a new all-time high last week, highlighting strong bullish momentum and a solid price structure. On the monthly chart, it has demonstrated a faster retracement—recovering a 12-month decline in just 5 months—signalling renewed strength. Last week’s breakout from a channel pattern (formed since November 2023), supported by a bullish candlestick and rising volumes above the 20-week average, reflects strong market participation and high relative strength. Additionally, the MACD remains above the zero line on the weekly chart, indicating sustained trend strength and continued momentum, further reinforcing the bullish outlook. Strategy: Buy Target: Rs 1,117 Stop-Loss: Rs 930"
18 Jun 2025,"Indian pharma companies sit on record cash pile, set sights on acquisitions",https://www.moneycontrol.com/news/business/indian-pharma-companies-sit-on-record-cash-pile-set-sights-on-acquisitions-13137680.html,"In FY25 alone, the cash pile increased by over Rs 10,200 crore, underscoring a decisive shift in the capital allocation priorities of India’s drugmakers",Analysts say the sector’s record cash stockpile will be critical in absorbing potential cost escalations and enabling strategic expansion.,"India’s top pharmaceutical companies are sitting on their largest cash reserves in at least five years, possibly setting the stage for a new wave of global acquisitions and innovation-led investments. The 20 companies that make up the Nifty Pharma Index held a combined cash balance of  Rs 48,913 crore as of March 31, more than double from Rs 22,240 crore in FY20, data analysed by Moneycontrol shows. In FY25 alone, the cash pile increased by over Rs 10,200 crore, data from Ace Equities shows, underscoring a decisive shift in the capital allocation priorities of the drugmakers. The focus is increasingly on expanding overseas, investing in complex therapies, and building buffers against regulatory and trade headwinds, especially in key export markets like the United States. “This cash buildup is largely intended to support acquisition-led growth and help companies manage risks related to regulatory tariffs in the US market,” said Naveen Vyas, senior vice president at Anand Rathi Global Finance. “The US alone accounts for around 30 percent of India’s Rs 2.5 lakh crore annual pharma exports.” The US market, long considered the most profitable for Indian generics, has turned more challenging. Indian firms are facing tighter scrutiny from the Food and Drug Administration (FDA), pricing compression from pharmacy benefit managers (PBMs), and growing geopolitical uncertainty during President Donald Trump’s second term. On June 17, Trump renewed the tariff threat. Speaking to reporters on Air Force One on the way back from the G7 summit, Trump said pharmaceutical tariffs were “coming very soon”. Analysts say the sector’s record cash stockpile will be critical in absorbing potential cost escalations and enabling strategic expansion. Big-name deals signal a shift The growing war chest has already begun translating into headline deals. Sun Pharma acquired US-listed Checkpoint Therapeutics for $355 million (approximately Rs 3,064 crore), marking its foray into immuno-oncology and specialty drugs. Mankind Pharma’s  Rs 13,768 crore acquisition of Bharat Serums reflects a push to scale up in biologics and women’s health. These deals mark a transition in capital strategy — from debt-light conservatism to purposeful aggression. “Most pharma companies have negligible debt and generate strong operating cash flows,” said a Mumbai-based pharma analyst who declined to be named. “They're looking at M&A to sustain EBITDA margins in the 24–25 percent range, enter regulated markets or build out innovation pipelines. With valuations stabilising, strategic deals are firmly back on the table.” Liquidity up but so is net debt Despite the cash surge, net debt across Nifty Pharma constituents also rose in the past year — from  Rs 4,014 crore in March 2024 to  Rs 11,782 crore in March 2025. Analysts attribute this to targeted borrowings used for capex or acquisitions while maintaining liquidity for higher-risk, higher-reward bets. Surya Patra, vice president – healthcare & specialty chemical research at PhillipCapital, said the financial posture reflects a long-term pivot from a generics-heavy model to innovation and differentiated therapies. “To transition from generics to innovation, companies will need to invest heavily. Developing a biologic drug globally, for instance, could cost upwards of $200 million,” Patra said. Sun Pharma, with its expanding specialty pipeline, is seen as a frontrunner in this transition. But others are not far behind. Zydus Lifesciences is investing in consumer health and medical devices, Dr Reddy’s has entered the nutrition space, Lupin is expanding diagnostics, and Alkem is building capacity in biologics contract development and manufacturing (CDMO). What emerges is a clear change in the sector’s growth philosophy. Once defined by scale and cost efficiency in generic drugs, Indian pharma is now increasingly betting on complexity, branding, and diversification. The record cash balances provide both a cushion and a launchpad for this shift. As global regulatory frameworks evolve and competition intensifies, India’s largest drugmakers appear ready to spend their way into the next phase of growth — one that may depend less on volume and more on intellectual property, clinical development and global footprint. Whether these strategic bets yield long-term resilience remains to be seen but with nearly  Rs 49,000 crore in hand, the industry is clearly preparing for a different kind of race."
17 Jun 2025,Indian drugmakers gearing up to target global weight-loss market as semaglutide patents begin to expire in 2026,https://www.moneycontrol.com/news/business/stocks/indian-drugmakers-gearing-up-to-target-global-weight-loss-market-as-semaglutide-patents-begin-to-expire-in-2026-13132871.html," Industry executives say the opportunity is “massive,” with demand expected to surge as prices fall. ",Semaglutide,"Indian pharmaceutical companies are preparing to flood the market with generic versions of Novo Nordisk’s semaglutide—sold under the brand names Ozempic and Wegovy—as key patents begin to expire in 2026. The move could reshape access to weight-loss and diabetes treatments across emerging markets and ignite a multi-billion-dollar generics boom. Novo Nordisk’s semaglutide franchise generated $17 billion from Ozempic and $8.4 billion from Wegovy in 2024 alone. Patents for semaglutide are set to lapse in over 100 countries, including India, Canada (January 2026), and Brazil (March 2026), opening the door for copycat drugs. Industry executives say the opportunity is “massive,” with demand expected to surge as prices fall. To be sure, the most lucrative US and Western European markets are still a few years away from semaglutide patent cliff, but even emerging markets where obesity and diabetes is a major disease burden, will still open up a significant opportunity. Bengaluru-based OneSource Specialty Pharma is investing $100 million to scale up production, anticipating a revenue jump to $400 million within three years. “Semaglutide will be a big part of it,” said CEO Neeraj Sharma, citing growing demand driven by broader access. Major players including Dr. Reddy’s, Biocon, Sun Pharma, Cipla, Lupin, and Aurobindo Pharma are positioning themselves to capitalise. Dr. Reddy’s CFO MV Narasimham said the company is ready for a “high-volume, low-cost” market and has end-to-end capabilities. Dr. Reddy’s, which has been developing semaglutide for over a decade, is preparing for a global rollout, including injectable and oral formulations. The company is leveraging both in-house production and contract manufacturing, with plans to market Ozempic, Wegovy, and Rybelsus generics Biocon Chairperson Kiran Mazumdar-Shaw called the opportunity “very huge,” noting the company’s unique portfolio of GLP-1s and insulins. Biocon has already launched oral GLP-1 diabetes drug Liraglutide in UK. Zydus Lifesciences is investing over Rs 100 crore ($12 million) in a new manufacturing facility using proprietary technology to produce cost-effective semaglutide 3. Hyderabad-based Divi’s Laboratories, which supplies semaglutide components, reported strong growth in its peptide business amid rising global demand. Legal and manufacturing hurdles Yet legal hurdles loom. Novo Nordisk has said that it will fiercely protect is intellectual property rights over the drug. In May, the Danish drugmaker sued Dr. Reddy’s in Delhi High Court to block selling and exporting its generic version. The stakes are high. Semaglutide can cost up to $16,000 annually in the U.S., while generics could be produced for under $6 a month. But manufacturing is complex. GLP-1s are peptides, requiring sterile injectable production, specialised facilities, and integration with delivery devices like injector pens—components currently in short supply. The global GLP-1 market is projected to exceed $100 billion by 2030. Companies must navigate a capital-intensive supply chain, from active pharmaceutical ingredients to cartridge filling and sterile packaging. “It’s a complete end-to-end supply,” Sharma said, underscoring the scale and sophistication needed to meet global demand."
17 Jun 2025,"Pharma stocks sharply tumble as Donald Trump says 'pharma tariffs coming very soon'; Granules, Lupin, Laurus Labs fall up to 4%",https://www.moneycontrol.com/news/business/markets/pharma-stocks-fall-for-3rd-time-in-4-sessions-granules-lupin-sun-pharma-others-fall-up-to-3-3-13131327.html,Pharma stocks: The Nifty Pharma index plunged nearly 2% to close as the top sectoral loser after Trump's statement.,US President Trump,"Pharma stocks sharply tumbled on June 17 after US President Donald Trump said that ""pharma tariffs are coming very soon"". Consequently, the Nifty Pharma index plunged nearly 2 percent to close at 21,623 and emerge as the top sectoral loser. The index has now recorded losses in three out of the past four sessions. US President Donald Trump told reporters on board the Air Force One on June 17 that tariffs on pharmaceutical imports are coming ""very soon"". This can potentially impact Indian pharma players who derive a major portion of their revenue from US exports. Granules India and Lupin shares were the top losers on the index, dropping nearly 4 percent each. Natco Pharma, Laurus Labs and Aurobindo Pharma followed, plunging over 3 percent each. Dr Reddy's Laboratories, Divi's Labs and Zydus Life plunged over 2 percent each, while Sun Pharma, Cipla and Glenmark Pharma shares plunged over 1.5 percent each. Biocon and Alkem Labs shares were down over 1 percent each. Notably, pharma stocks have seen significant volatility in recent days, since US President Donald Trump had unveiled his first batch of tariffs in early April. ""The pharma [tariffs] are going to be starting to come in at, I think, a level that you haven't really seen before,"" Trump had said on April 4. This had sent the pharma stocks to a tailspin. The stocks rose later on the delay in tariff imposition and possibility of a trade deal between India and US. Volatility soon crept in when Trump announced in May that the pharma tariffs will be levied in two weeks. Notably, Trump had set July 9 as the deadline for nations before the significant tariffs take effect. While pharma sector was out of the category facing general reciprocal tariffs, no further communication from the US administration had so far supported the stocks. However, the latest announcement will likely put significant pressure on the stocks. Trump had exited the G7 summit in Canada a day early, leaving investors considering a possible ceasefire between Israel and Iran. However, Trump later denied the speculations, slamming French President Emmanuel Macron for such ceasefire claims. Trump clarified that he was planning ""something much bigger than that"". The latest statement on pharma tariffs comes after that. Also read: Our LIVE blog on stock market updates"
17 Jun 2025,Sun Pharmaceutical Industries Stock Falls 2.02% in Today's Trading Session,https://www.moneycontrol.com/news/business/stocks/sun-pharmaceutical-industries-stock-falls-2-02-in-today-s-trading-session-alpha-article-13130556.html,"With the stock's current price at Rs 1,651.20, Sun Pharmaceutical Industries experienced a downturn in today's session, influenced by bearish investor sentiment.",,"During today's session, shares of Sun Pharmaceutical Industries experienced a decline of 2.02%, with the price settling at Rs 1,651.20. This movement reflects a very bearish sentiment, according to a Moneycontrol analysis as of June 12, 2025. Sun Pharmaceutical Industries is a significant constituent of the NIFTY 50 and NIFTY 100 indices, underscoring its prominent position in the Indian stock market. Financial Overview The consolidated financial performance of Sun Pharmaceutical Industries over the recent quarters and years provides context to its market valuation and investor perception. Quarterly Performance The following table summarizes the consolidated financial performance of Sun Pharmaceutical Industries over the past five quarters:HeadingMar 2024Jun 2024Sep 2024Dec 2024Mar 2025Revenue11,982.90 Cr12,652.75 Cr13,291.39 Cr13,675.46 Cr12,958.84 CrNet Profit2,666.59 Cr2,871.25 Cr3,030.67 Cr2,917.54 Cr2,160.64 CrEPS11.1011.8012.7012.109.00Annual Performance The annual consolidated financial performance is detailed below, providing a longer-term view of the company's financial health:Heading20212022202320242025Revenue33,498.14 Cr38,654.49 Cr43,885.68 Cr48,496.85 Cr52,578.44 CrNet Profit2,284.68 Cr3,405.82 Cr8,560.84 Cr9,648.44 Cr10,980.10 CrEPS12.1013.6035.3039.9045.60BVPS206.23212.84247.22279.69301.00ROE6.246.8115.1315.0415.13Debt to Equity0.070.020.110.040.03Income Statement Data The consolidated income statement data offers a deeper dive into the company's revenue and profitability trends.Mar 2025Mar 2024Mar 2023Mar 2022Mar 2021Sales52,578 Cr48,496 Cr43,885 Cr38,654 Cr33,498 CrOther Income1,965 Cr1,354 Cr634 Cr921 Cr835 CrTotal Income54,543 Cr49,851 Cr44,520 Cr39,576 Cr34,333 CrTotal Expenditure40,559 Cr38,524 Cr34,939 Cr34,967 Cr31,392 CrEBIT13,983 Cr11,326 Cr9,580 Cr4,608 Cr2,940 CrInterest231 Cr238 Cr172 Cr127 Cr141 CrTax2,772 Cr1,439 Cr847 Cr1,075 Cr514 CrNet Profit10,980 Cr9,648 Cr8,560 Cr3,405 Cr2,284 CrQuarterly Income Statement Data A closer look at the quarterly income statements reveals short-term fluctuations in the company's financials.Mar 2025Dec 2024Sep 2024Jun 2024Mar 2024Sales12,958 Cr13,675 Cr13,291 Cr12,652 Cr11,982 CrOther Income612 Cr465 Cr354 Cr532 Cr605 CrTotal Income13,571 Cr14,141 Cr13,645 Cr13,185 Cr12,588 CrTotal Expenditure10,268 Cr10,613 Cr9,978 Cr9,700 Cr9,699 CrEBIT3,303 Cr3,527 Cr3,667 Cr3,485 Cr2,889 CrInterest49 Cr51 Cr69 Cr61 Cr73 CrTax1,093 Cr558 Cr567 Cr552 Cr148 CrNet Profit2,160 Cr2,917 Cr3,030 Cr2,871 Cr2,666 CrCash Flow Activities Cash flow data illustrates the sources and uses of cash within Sun Pharmaceutical Industries.Mar 2025Mar 2024Mar 2023Mar 2022Mar 2021Operating Activities14,072 Cr12,134 Cr4,959 Cr8,984 Cr6,170 CrInvesting Activities-5,306 Cr-690 Cr-7,943 Cr-5,724 Cr536 CrFinancing Activities-7,905 Cr-6,710 Cr2,376 Cr-5,193 Cr-5,980 CrOthers123 Cr-72 Cr723 Cr168 Cr-129 CrNet Cash Flow983 Cr4,661 Cr115 Cr-1,764 Cr596 CrEquities and Liabilities The equities and liabilities provide insights into the company's capital structure and obligations.Mar 2025Mar 2024Mar 2023Mar 2022Mar 2021Share Capital239 Cr239 Cr239 Cr239 Cr239 CrReserves & Surplus71,978 Cr63,426 Cr55,755 Cr47,771 Cr46,222 CrCurrent Liabilities18,194 Cr16,984 Cr19,907 Cr17,200 Cr16,145 CrOther Liabilities1,688 Cr4,811 Cr4,841 Cr4,588 Cr5,058 CrTotal Liabilities92,100 Cr85,462 Cr80,743 Cr69,799 Cr67,666 CrAsset Details The asset details show how the company's resources are distributed.Mar 2025Mar 2024Mar 2023Mar 2022Mar 2021Fixed Assets20,290 Cr19,966 Cr20,680 Cr17,197 Cr16,832 CrCurrent Assets52,624 Cr43,474 Cr39,883 Cr35,014 Cr30,442 CrOther Assets19,185 Cr22,021 Cr20,179 Cr17,587 Cr20,392 CrTotal Assets92,100 Cr85,462 Cr80,743 Cr69,799 Cr67,666 CrOther Information Additional details regarding contingent liabilities provide a comprehensive view.Mar 2025Mar 2024Mar 2023Mar 2022Mar 2021Contingent Liabilities0 Cr6,343 Cr7,903 Cr6,756 Cr7,057 CrKey Per Share Ratios Per share ratios are critical for investors to assess the stock's value.Mar 2025Mar 2024Mar 2023Mar 2022Mar 2021Basic EPS (Rs.)45.6039.9035.3013.6012.10Diluted Eps (Rs.)45.6039.9035.3013.6012.10Book Value [Excl. Reval Reserve]/Share (Rs.)301.00279.69247.22212.84206.23Dividend/Share (Rs.)16.0013.5011.5010.007.50Face Value11111Key Margin Ratios Margin ratios help in evaluating the company's profitability and efficiency.Mar 2025Mar 2024Mar 2023Mar 2022Mar 2021Gross Profit Margin (%)32.7829.6427.9829.2827.84Operating Margin (%)27.8824.3722.2223.7321.63Net Profit Margin (%)20.8819.8919.508.816.82Key Return Ratios Return ratios provide insights into how effectively the company is generating returns for its investors.Mar 2025Mar 2024Mar 2023Mar 2022Mar 2021Return on Networth / Equity (%)15.1315.0415.136.816.24ROCE (%)19.8317.2616.0217.4414.06Return On Assets (%)11.8611.2010.494.684.29Key Liquidity Ratios Liquidity ratios are essential for assessing the company's ability to meet its short-term obligations.Mar 2025Mar 2024Mar 2023Mar 2022Mar 2021Current Ratio (X)2.892.562.002.041.89Quick Ratio (X)2.331.981.481.511.33Key Leverage Ratios Leverage ratios provide insights into the company's debt levels and its ability to cover interest expenses.Mar 2025Mar 2024Mar 2023Mar 2022Mar 2021Debt to Equity (x)0.030.040.110.020.07Interest Coverage Ratios (X)74.5060.2971.4088.8865.95Key Turnover Ratios Turnover ratios are used to measure how efficiently the company is utilizing its assets.Mar 2025Mar 2024Mar 2023Mar 2022Mar 2021Asset Turnover Ratio (%)0.590.580.580.560.49Inventory Turnover Ratio (X)0.640.680.800.780.73Key Growth Ratios Growth ratios indicate the company's growth trajectory over the years.Mar 2025Mar 2024Mar 2023Mar 2022Mar 20213 Yr CAGR Sales (%)16.6320.3215.6015.3212.613 Yr CAGR Net Profit (%)79.55105.5042.993.02-6.86Key Valuation Ratios Valuation ratios are used to assess whether the stock is overvalued or undervalued.Mar 2025Mar 2024Mar 2023Mar 2022Mar 2021P/E (x)38.0440.6227.8567.2649.40P/B (x)5.776.114.214.573.09EV/EBITDA (x)23.6226.7519.5119.3015.36P/S (x)7.928.025.375.684.28With the stock's current price at Rs 1,651.20, Sun Pharmaceutical Industries experienced a downturn in today's session, influenced by bearish investor sentiment."
16 Jun 2025,"Sun Pharma shares sink following eight observations from US FDA, UBS maintains 'buy' call",https://www.moneycontrol.com/news/business/markets/sun-pharma-shares-in-focus-following-eight-observations-from-us-fda-ubs-maintains-buy-call-13124966.html,"Sun Pharma bagged eight observations from the US-based regulatory agency US FDA, following an observation at its Halol plant in Gujarat.",Sun Pharma recently announced a change in its leadership. ,"India's largest drugmaker Sun Pharmaceutical Industries Ltd.'s shares slipped on Monday, June 16, after the US Food and Drug Administration (US FDA) issued eight observations on the pharma player's Halol manufacturing facility in Gujarat. Sun Pharma, in a regulatory filing, said the US FDA conducted a Good Manufacturing Practices (GMP) inspection at its Halol facility between June 2 and June 13, 2025. The inspection concluded with the issuance of a Form 483 containing eight observations, pointing to possible procedural or documentation issues requiring corrective action. The Halol plant, one of the company’s largest manufacturing sites, has previously faced regulatory scrutiny and has been under an import alert since a warning letter was issued in May 2022, barring exports to the US. Sun Pharma stated it will address the observations and take all necessary corrective measures. The US FDA imposed an import alert on the plant after the inspection in April-May 2022 and later classified it as OAI (Official Action Indicated) in August 2022. In that inspection, the US FDA had issued 10 Form 483 observations. The observations were on production systems, facility and equipment, quality control processes, and lab control systems. The facility has remained classified as OAI since March 2020. Even during the December 2019 inspection, the USFDA had issued eight Form 483 observations. The site has had multiple adverse regulatory outcomes in the past. It had received a warning letter in 2015 as well. At 9.16 am, shares of the firm were quoting Rs 1,675.5, down 0.75 percent on the NSE. Follow our market blog to catch all the live updates Swiss brokerage UBS has maintained a buy call on Sun Pharma with a target price of Rs 2,450 per share, following the recent key leadership changes by the management. The company’s Halol facility inspection resulted in eight observations, and the nature of these findings will be critical in the near term, added the brokerage. Sun Pharma also has manufacturing exposure in Israel through its subsidiary Taro. Meanwhile, investors are closely watching for clarity on potential US tariffs on branded drugs, with an official announcement expected next month. Sun Pharmaceutical Industries also announced a significant leadership transition, appointing Kirti Ganorkar as Managing Director, effective September 1, 2025. The founder, Dilip Shanghvi, will step down from the role and continue as the Executive Chairman of the Board. Nomura expects Kirti Ganorkar to be in the role of Managing Director over the next 4-5 years, after which it expects Aalok Shanghvi to eventually take over the role. Aalok Shanghvi’s role has been expanding in the company, and he is being prepared to head the company’s execution eventually. ""We expect the promoter and management to remain unseparated at Sun Pharma,"" added the brokerage. Discussing the US FDA action, Nomura said, ""We think the Street currently does not expect any material upside from the resolution of the site. Therefore, in case of an adverse outcome, any potential downside is unlikely to be significant."" ""Even on the upside, in case the site is cleared by the USFDA, we think the impact can only be marginally positive. Any positive impact from revenue upside from the site would be immaterial now, given the large base of the company."" The brokerage kept its 'neutral' rating intact, with a price target of Rs 1,970 per share."
16 Jun 2025,"Stocks to Watch Today: ITC, Bajaj Finance, Sun Pharmaceutical, Syngene, Natco Pharma, Vedanta, Sacheerome in focus on 16 June",https://www.moneycontrol.com/news/business/markets/stocks-to-watch-today-itc-bajaj-finance-sun-pharmaceutical-syngene-natco-pharma-vedanta-sacheerome-in-focus-on-16-june-13124877.html,"Stocks to watch, 16 June: Gujarat Themis Biosyn, Godrej Properties, Sun Pharmaceutical Industries, Belrise Industries, Syngene International, Natco Pharma, Vedanta, ITC, Eicher Motors, South Indian Bank, NTPC, Nazara Technologies, Scoda Tubes, Shalby, Jubilant Pharmova, Jubilant Foodworks, and Jubilant Ingrevia will be in focus on June 16.","Stocks to Watch Today, 16 June","Let's catch up on the latest news from the stock market. From significant investments to major deals, acquisitions, and US FDA approvals, here’s a quick look at which stocks will be in focus in today's trade: Results Today Belrise Industries, Adarsh Mercantile, Lords Chemicals, Ram Ratna Wires, and Vipul will release their quarterly earnings on June 16. Stocks to Watch Sun Pharmaceutical Industries The US Food and Drug Administration (USFDA) conducted a Good Manufacturing Practices (GMP) inspection of the company’s Halol facility in Gujarat during June 2–13. At the conclusion of the inspection, the USFDA issued a Form 483 with eight observations. Additionally, the Board has appointed Kirti Ganorkar as the company’s Managing Director for a period of five years, effective September 1, 2025. Dilip Shanghvi will continue as the Executive Chairman of the company’s Board. Syngene International The USFDA conducted a Good Clinical Practices (GCP) compliance inspection of the company’s facility at Semicon Park, Bengaluru, during June 9–13. The inspection concluded with zero observations, and no Form 483 was issued. The inspection has been classified as No Action Indicated (NAI). Separately, the company received an Establishment Inspection Report (EIR) from the USFDA for its manufacturing facilities at Biocon Park, SEZ, Bengaluru. The EIR concluded the inspectional outcome as Voluntary Action Indicated (VAI). This routine current Good Manufacturing Practices (cGMP) inspection was conducted during February 10–20, 2025. Natco Pharma The USFDA concluded its inspection of the company’s API manufacturing plant in Hyderabad, conducted during June 9–13, and issued a Form 483 with one observation. The company stated that the observation is procedural in nature and expressed confidence in addressing it comprehensively. Vedanta The company’s Board of Directors will meet on June 18 to consider the first interim dividend on equity shares, if any, for the financial year 2025–26. ITC The company has completed the acquisition of a 100% stake (1.87 crore shares) in Sresta Natural Bioproducts for a total consideration of Rs 400 crore. Eicher Motors Simon Warburton, Chief Programme Manager of the company, has decided to retire effective June 13. South Indian Bank Biju E Punnachalil, General Manager, Chief Risk Officer, and Key Managerial Personnel of the bank, has opted for voluntary retirement to pursue other opportunities. He will be retiring from the bank effective July 11. NTPC The Committee of Creditors has approved the resolution plan submitted by a consortium of Maharashtra State Power Generation Company and NTPC for Sinnar Thermal Power, which is undergoing corporate insolvency under the Insolvency and Bankruptcy Code. Additionally, the company announced the commercial operation of Unit 3 (660 MW) of the North Karanpura Super Thermal Power Project, effective June 15. With this, NTPC’s total standalone commercial capacity becomes 60,266 MW, and the group capacity stands at 81,368 MW. Gujarat Themis Biosyn Tapas Guha Thakurata has resigned as the Chief Executive Officer of the company due to personal health reasons, effective June 30. The Board has approved the re-designation of Sachin D Patel from Non-Executive Non-Independent Director to Managing Director for a period of five years, effective July 1. Godrej Properties The Mumbai-based real estate developer will develop a premium residential project on a 14-acre land parcel in Hoskote, Bengaluru. The proposed development is expected to offer approximately 1.5 million square feet of saleable area, with an estimated revenue potential of Rs 1,500 crore. Bulk Deals Nazara Technologies The Estate of Late Mr Rakesh Jhunjhunwala sold 14.23 lakh shares in Nazara at an average price of Rs 1,225.63 per share, and 13 lakh shares at an average price of Rs 1,225.19 per share, which is equivalent to a 3.1% stake worth Rs 333.8 crore. Scoda Tubes Morgan Stanley Asia Singapore Pte sold 4.2 lakh shares of the steel tubes and pipes maker at an average price of Rs 181.42 per share. Shalby First Water Fund has acquired 7 lakh shares in the company at an average price of Rs 180 per share, from Haresh Tikamdas Kaswani. Khazanchi Jewellers Yuyu Family Private Trust has bought 1.25 lakh shares in the company at an average price of Rs 540 per share. Jubilant Pharmova Promoters – Jubilant Enpro sold 21.16 lakh shares in Jubilant Pharmova at an average price of Rs 1,060 per share, and Nikita Resources offloaded 19.62 lakh shares at an average price of Rs 1,060.37 per share, which is equivalent to a 2.56% stake worth Rs 432.4 crore. However, Kotak Funds – India Midcap Fund acquired 15.93 lakh shares in the company, and Kotak Mahindra MF acquired 16.93 lakh shares at an average price of Rs 1,060 per share. Block Deals Jubilant Foodworks Promoter Jubilant Consumer has sold 1.06 crore shares in Jubilant Foodworks (1.6% stake) at an average price of Rs 662 per share, which is valued at Rs 701.72 crore. Institutional investor buyers for the 1.06 crore shares include Kotak Mahindra MF, UTI MF, Teachers Retirement System of the State of Illinois, Societe Generale, Morgan Stanley Asia Singapore Pte, Mirae Asset MF, Invesco MF, ICICI Prudential Life Insurance Company, HSBC MF, Grandeur Peak, Ghisallo Master Fund, AIMCO, Bajaj Allianz Life Insurance Company, Bandhan MF, BNP Paribas Financial Markets, and Canara HSBC Life Insurance Company. Jubilant Ingrevia Promoters Shyam Sunder Bhartia Family Trust, Nikita Resources, and Jubilant Enpro sold 98.65 lakh shares in the company (equivalent to a 6.19% stake) at an average price of Rs 676 per share, amounting to Rs 666.9 crore. These shares were bought by several institutional investors – Kotak Mahindra MF, Morgan Stanley Asia Singapore Pte, ICICI Prudential Life Insurance Company, HDFC MF, Bandhan MF, Axis MF, and Societe Generale. SME Listing on June 16 Sacheerome Stock Trades Ex-Date for Bonus and Split Bajaj Finance Stocks Trade Ex-Dividend Tata TechnologiesHoneywell Automation IndiaLKP Securities Stocks in F&O Ban HUDCOManappuram FinanceAditya Birla Fashion and RetailBirlasoft, Central Depository ServicesChambal Fertilisers and ChemicalsIndian Energy ExchangeIndian Renewable Energy Development Agency (IREDA)RBL BankTitagarh Rail Systems Stocks removed from F&O ban Hindustan Copper"
12 Jun 2025,"Nifty Pharma sole sectoral gainer as investors await clarity on Trump tariffs; Ajanta Pharma, Ipca Labs lead gains",https://www.moneycontrol.com/news/business/markets/nifty-pharma-sole-sectoral-gainer-as-investors-await-clarity-on-trump-tariffs-ajanta-pharma-ipca-labs-lead-gains-13112342.html,"Pharma stocks: The rise in the pharma stocks comes on the back of easing global trade tensions, with US President Donald Trump announcing that the trade deal between US and China is ""done"".",Export-oriented pharma stocks will likely benefit from the easing trade tensions.,"Pharma stocks recorded strong gains on June 12, dodging the overall downturn in the market. The sharp rise in the share prices pushed the Nifty Pharma index up nearly 1 percent to hover around 22,243 in the morning, emerging as the only sectoral gainer among the major indices. The rise in the pharma stocks comes on the back of easing global trade tensions, with US President Donald Trump announcing that the trade deal between US and China is ""done"". Export-oriented pharma stocks will likely benefit from the easing trade tensions. US President Donald Trump took to social media on June 11 to announce that US has finalized a new deal with China. ""We are getting a total of 55% tariffs, China is getting 10%."" The details of the tariff arrangement are yet to be explained and understood,"" he wrote in a post on Truth Social.  Ajanta Pharma shares gained nearly 3 percent to trade at Rs 2,722 apiece. The stock has gained nearly 10 percent in the past one month, but is down over 9 percent so far in 2025. J B Chemicals and Pharmaceuticals shares jumped nearly 2 percent to trade at Rs 1,748.80 apiece. Ipca Laboratories, Sun Pharma, Dr Reddy’s Laboratories and Glenmark Pharma shares meanwhile gained over 1 percent each. Divis Labs, Torrent Pharma, Mankind Pharma, Aurobindo Pharma and Lupin shares were trading nearly 1 percent higher, while Zydus Life, Natco Pharma, Cipla, Alkem Labs and Abbot India shares were trading in the green with marginal gains. Also read: Zydus Lifesciences shares gain after USFDA issues EIR to Ankleshwar facility Although the easing tariff tensions between US and China seem to be a positive for the pharma stocks, analysts suggest caution. ""The tariff crisis is not over yet. With Trump's credibility being what it is, it would be too early to discount the development as a positive for markets,"" said VK Vijayakumar, chief investment strategist at Geojit Investments. US President Donald Trump on June 11 said he will set unilateral tariff rates within two weeks. ""At a certain point, we're just going to send letters out. And I think you understand that, saying this is the deal, you can take it or leave it,"" Trump told reporters on June 11. Investors will now actively look for updates regarding US-India bilateral trade agreement (BTA)."
12 Jun 2025,Sun Pharmaceutical Industries Shares Rise by 2.13% in Today's Trading,https://www.moneycontrol.com/news/business/stocks/sun-pharmaceutical-industries-shares-rise-by-2-13-in-today-s-trading-alpha-article-13112056.html,"With Sun Pharmaceutical Industries' current price at Rs 1726.60, the stock reflects a positive trend in today's trading session.",,"During today's trading session, Sun Pharmaceutical Industries experienced a notable increase, with its shares rising by 2.13 percent to Rs 1726.60. This price movement has drawn the attention of investors, marking a significant event for the pharmaceutical giant. Sun Pharma stock is a constituent of both the NIFTY 50 and NIFTY 100 indices, reflecting its importance in the Indian stock market.Financial PerformanceSun Pharmaceutical Industries has demonstrated consistent financial performance over the past few years. A review of the company's consolidated financials provides insights into its revenue, net profit, and earnings per share (EPS). Quarterly Performance:March 2025: Revenue was Rs 12,958.84 Crores, with a net profit of Rs 2,160.64 Crores and EPS of Rs 9.00.December 2024: Revenue was Rs 13,675.46 Crores, with a net profit of Rs 2,917.54 Crores.September 2024: Revenue was Rs 13,291.39 Crores, with a net profit of Rs 3,030.67 Crores.Annual Performance:March 2025: Revenue reached Rs 52,578.44 Crores, accompanied by a net profit of Rs 10,980.10 Crores and EPS of Rs 45.60.March 2024: Revenue stood at Rs 48,496.85 Crores, with a net profit of Rs 9,648.44 Crores and EPS of Rs 39.90.March 2023: Revenue was Rs 43,885.68 Crores, with a net profit of Rs 8,560.84 Crores and EPS of Rs 35.30.Key Financial Ratios (March 2025):Book Value per Share: Rs 301.00Return on Equity: 15.13%Debt to Equity: 0.03The company's financial data indicates a robust growth trajectory with consistent increases in revenue and net profit over the years. The strong return on equity and low debt-to-equity ratio further highlight the company's financial stability and efficiency.Additional Financial InsightsThe income statement analysis reveals consistent performance. For the year ended March 2025, Sun Pharmaceutical Industries reported total income of Rs 54,543 Crores and total expenditure of Rs 40,559 Crores, resulting in an EBIT of Rs 13,983 Crores. The company's interest expenses were Rs 231 Crores, and tax expenses were Rs 2,772 Crores. From a cash flow perspective, the company generated Rs 14,072 Crores from operating activities and had a net cash flow of Rs 983 Crores for the year ended March 2025. The balance sheet shows total assets of Rs 92,100 Crores, with Rs 20,290 Crores in fixed assets and Rs 52,624 Crores in current assets. The per share ratios indicate a basic EPS of Rs 45.60 and a diluted EPS of Rs 45.60 for March 2025. The company's dividend per share was Rs 16.00. Valuation ratios show a P/E ratio of 38.04 and a P/B ratio of 5.77 for March 2025. The financial strength and market positioning of Sun Pharmaceutical Industries reflect its significance within the Indian pharmaceutical sector. Moneycontrol analysis indicates a bearish sentiment as of June 9, 2025. With Sun Pharmaceutical Industries' current price at Rs 1726.60, the stock reflects a positive trend in today's trading session."
05 Jun 2025,"Dr Reddy's, Laurus Labs, other pharma stocks jump up to 3% amid bullish brokerage calls, other triggers",https://www.moneycontrol.com/news/business/markets/dr-reddy-s-zydus-life-other-pharma-stocks-jump-up-to-3-amid-bullish-brokerage-calls-other-triggers-13099261.html,"The Nifty Pharma index is currently the top gaining sectoral index on NSE, rising over 1 percent to hover around 21,586.80.",Pharma (Representative image),"Pharma stocks recorded significant gains on June 5, pushing the Nifty Pharma index higher into the green for the second consecutive session. Notably, the pharma index is currently the top gaining sectoral index on NSE, rising over 1 percent to hover around 21,586.80. The pharma sector is currently outperforming the overall market, with benchmark indices trading with lesser gains. The Sensex was up nearly 315 points (0.4 percent) to stand at 81,317, while Nifty 50 was up 100 points (0.4 percent) to hover around 24,716. The sharp rise in the share prices were triggered by several factors related to the individual stocks, and bullish calls issued by brokerages. Glenmark Pharma and Laurus Labs shares were up over 3 percent each to trade at Rs 1,560 apiece and Rs 642 apiece respectively. Dr Reddy's Laboratories shares were meanwhile up nearly 3 percent to trade at Rs 1,288.60 apiece. Notably, the firm recently announced a strategic collaboration with Alvotech to co-develop, manufacture, and commercialize a biosimilar version of Keytruda (pembrolizumab) for global markets. Keytruda is a popular immunotherapy drug which is used in the treatment of various cancers. Additionally, Life Insurance Corporation of India (LIC) has announced that it will acquire over 2 percent equity stake in Dr Reddy's Labs, taking its total stake in the company to over 8.2 percent. Zydus Lifesciences shares jumped nearly 2.4 percent to trade at Rs 953.60 apiece, while Lupin shares rose around 1.7 percent to Rs 1,976 apiece. Axis Capital has issued a positive note for the stocks, after US district allowed companies to expand the scope of argument in Myrbetriq generic case. According to the brokerage, Lupin and Zydus now have the ammunition to defend at-risk launch of Myrbetriq generic as expanding the scope of argument reduces the risk of penalty. Aurobindo Pharma, Ajanta Pharma and Abbott India shares were up over 1 percent, while Cipla, Natco Pharma, Granules India, Mankind Pharma, Sun Pharma, Torrent Pharma, Alkem Labs and Gland Pharma were trading in the green with marginal gains. Despite the positive uptrend in the market, Biocon and few other pharma stocks were trading in the red with some losses. Axis Securities in its latest report noted that the pharma sector delivered a healthy performance in the fourth quarter of the financial year 2025. ""In Pharmaceuticals, the industry appears well-positioned for FY26 and beyond, supported by a strong product pipeline in biosimilars, GLP-1, and peptides, higher contribution from chronic therapies, which continue to outperform the overall IPM table to improving margins,"" it said. The brokerage noted that despite short-term volatility driven by potential US tariff announcements, India's structural cost advantage in pharmaceutical manufacturing remains intact. ""The likelihood of generics being excluded from punitive measures is high, and even if tariffs are imposed, the pass-through mechanism will protect profitability. The market may react in the interim, offering attractive entry points for long-term investors,"" it added. Axis Securities named Lupin and Aurobindo Pharma as its top stock picks in the sector. The firm kept a 'Buy' call on Lupin, with a target price of Rs 2,500 apiece, implying an upside potential of nearly 29 percent from the stock’s previous closing price. It also kept a 'Buy' rating Aurobindo Pharma, with a target price of Rs 1,500 apiece. This implies an upside potential of nearly 32 percent from the stock’s previous closing price. JM Financial said that the first half of the ongoing FY26 is expected to be flat for the US sub-segment, with generics potentially re-entering a low earnings growth phase. ""But managements across our coverage firms are confident of beating IPM growth,"" it said. The brokerage maintained a 'Buy' call on Aurobindo Pharma, Biocon, Dr Reddy’s, IPCA, JP Pharma, Sun Pharma, Piramal Pharma and more stocks, It however had a 'Hold' call for Zydus Lifesciences, Torrent Pharma, Lupin and Cipla."
30 May 2025,Sun Pharma completes its acquisition of Checkpoint Therapeutics,https://www.moneycontrol.com/news/business/stocks/sun-pharma-completes-its-acquisition-of-checkpoint-therapeutics-13078743.html,"Checkpoint Therapeutics is a Nasdaq-listed company focused on developing treatments for solid tumor cancers, including UNLOXCYT. The deal was valued at $355 million in cash and milestone payments.",Sun Pharma,"Sun Pharmaceutical Industries on Friday announced the successful completion of its acquisition of Checkpoint Therapeutics, Inc. (Checkpoint), an immunotherapy and targeted oncology company. As part of the acquisition, Sun Pharma acquires UNLOXCYTTM, the first and only FDA-approved anti-PD-L1 treatment for advanced cutaneous squamous cell carcinoma, a form of skin cancer. Checkpoint Therapeutics is a Nasdaq-listed company focused on developing treatments for solid tumor cancers, including UNLOXCYT. The deal was valued at $355 million in cash and milestone payments. “This acquisition exemplifies Sun Pharma’s commitment to supporting patients and growing its innovative therapies business,” said Dilip Shanghvi, Chairman & Managing Director of Sun Pharma. “By adding UNLOXCYTTM, we will be able to leverage our leadership in the onco-derm space to help patients access an important treatment option while growing our product portfolio.” Sun Pharma has acquired all outstanding shares of Checkpoint at a price of $4.10 per share in cash, without interest, plus one non-tradable contingent value right (CVR) per share representing the right to receive up to an additional $0.70 in cash, without interest, if certain specified milestones are met, as set out in the terms and conditions of the contingent value rights agreement. The announcement comes even as a lawsuit was filed in the Delaware Court of Chancery by a Checkpoint Therapeutics stockholder, Gary Fell, seeking corporate records related to the proposed merger with Sun Pharmaceuticals. The lawsuit alleges potential conflicts of interest and insufficient disclosures regarding the role of Fortress Biotech, a controlling investor in Checkpoint. The merger was scheduled to be voted on by shareholders on May 28 and was expected to close on May 30. Sun Pharma’s high-growth global specialty portfolio spans innovative products in dermatology, ophthalmology, and onco-dermatology and accounts for over 18% of company sales"
29 May 2025,Sun Pharmaceutical Industries shares rise following 2.03% price increase,https://www.moneycontrol.com/news/business/stocks/sun-pharmaceutical-industries-shares-rise-following-2-03-price-increase-alpha-article-13061798.html,"With the stock currently trading at Rs 1700.30, Sun Pharmaceutical Industries has shown a positive movement reflecting a 2.03% price increase.",Stocks,"Sun Pharmaceutical Industries experienced a price increase of 2.03% during today's trading session. The stock is currently trading at Rs 1700.30, reflecting positive movement in its value. Financial Performance Sun Pharmaceutical Industries' financial performance shows a mix of quarterly and annual results. Quarterly Highlights:HeadingMar 2024Jun 2024Sep 2024Dec 2024Mar 2025RevenueRs 11,982.90 CrRs 12,652.75 CrRs 13,291.39 CrRs 13,675.46 CrRs 12,958.84 CrNet ProfitRs 2,666.59 CrRs 2,871.25 CrRs 3,030.67 CrRs 2,917.54 CrRs 2,160.64 CrEPSRs 11.10Rs 11.80Rs 12.70Rs 12.10Rs 9.00Annual Highlights:Heading20212022202320242025RevenueRs 33,498.14 CrRs 38,654.49 CrRs 43,885.68 CrRs 48,496.85 CrRs 52,578.44 CrNet ProfitRs 2,284.68 CrRs 3,405.82 CrRs 8,560.84 CrRs 9,648.44 CrRs 10,980.10 CrEPSRs 12.10Rs 13.60Rs 35.30Rs 39.90Rs 45.60BVPSRs 206.23Rs 212.84Rs 247.22Rs 279.69Rs 301.00ROE6.24%6.81%15.13%15.04%15.18%Debt to Equity0.070.020.110.040.03The consolidated income statement shows consistent growth in sales and total income over the past five years. Sales have increased from Rs 33,498 crore in March 2021 to Rs 52,578 crore in March 2025. Net profit has also risen from Rs 2,284 crore to Rs 10,980 crore during the same period. The company's cash flow from operating activities has shown fluctuations, with a net cash flow of Rs 983 crore in March 2025 compared to Rs 596 crore in March 2021. Financial Ratios:RatioMar 2021Mar 2022Mar 2023Mar 2024Mar 2025Basic EPS (Rs.)12.1013.6035.3039.9045.60Book Value/Share (Rs.)206.23212.84247.22279.69301.00Dividend/Share (Rs.)7.5010.0011.5013.5016.00Gross Profit Margin (%)27.8429.2827.9829.6432.78Net Profit Margin (%)6.828.8119.5019.8920.88Return on Equity (%)6.246.8115.1315.0415.18Debt to Equity (x)0.070.020.110.040.03P/E (x)49.4067.2627.8540.6238.04P/B (x)3.094.574.216.115.77The data from Moneycontrol analysis indicates a Very Bearish sentiment as of May 22, 2025. With the stock currently trading at Rs 1700.30, Sun Pharmaceutical Industries has shown a positive movement reflecting a 2.03% price increase."
29 May 2025,Accumulate Sun Pharmaceutical Industries; target of Rs 1811: Deven Choksey,https://www.moneycontrol.com/news/business/stocks/accumulate-sun-pharmaceutical-industries-target-of-rs-1811-deven-choksey-13053327.html,"Deven Choksey recommended accumulate rating on Sun Pharmaceutical Industries with a target price of Rs 1811 in its research report dated May 28, 2025.",Accumulate,"Deven Choksey's research report on Sun Pharmaceutical Industries Revenue stood at INR 129,588 Mn., up 8.1% YoY (-5.2% QoQ), below our estimates (-4.0%), led by weaker growth in the US. EBITDA stood at INR 34,249 Mn., up 10.8% YoY (-18.3% QoQ), below our estimates (-10.2%), driven by contraction of gross margins and higher operating expenses. Adjusted net profit stood at INR 22,203 Mn., down 21.1% YoY (-34.8% QoQ), below our estimates led by weaker operational performance and higher effective tax rate. We have revised our FY26E/FY27E EPS estimates by -13.9%/-15.4%, as we bake in weaker growth momentum driven by Q4FY25 earnings miss, higher effective tax rate and management’s cautious guidance. Outlook We value Sun Pharma at 32.0x FY27E EPS, implying a target price of INR 1,811. We maintain our “ACCUMULATE” rating on the stock. For all recommendations report, click here Sun Pharmaceutical Industries - 28052025 - de"
26 May 2025,"Stocks to Watch Today: NTPC, JSW Steel, JK Cement, Ashoka Buildcon, GNFC, Paytm, Eternal, Zydus Life, Nibe, Havells India in focus on 26 May",https://www.moneycontrol.com/news/business/markets/stocks-to-watch-today-ntpc-jsw-steel-jk-cement-ashoka-buildcon-gnfc-paytm-eternal-zydus-life-nibe-havells-india-in-focus-on-26-may-13044910.html,"Stocks to Watch, 26 May: Stocks like Finolex Industries, HBL Engineering, Lux Industries, One 97 Communications Paytm, Eternal, Zydus Lifesciences, NIBE, Havells India, Cartrade Tech, Gravita India, Interarch Building Solutions, Lloyds Engineering Works, Ramco Cements, Pondy Oxides & Chemicals, and Gujarat Narmada Valley Fertilizers & Chemicals will be in focus on May 26.","Stocks to Watch Today, 26 May","Let's catch up on the latest news from the stock market. From significant investments to major deals, quarterly earnings, acquisitions, and order wins, here’s a quick look at which stocks will be in focus in today's trade: Results Today Aurobindo Pharma, Brainbees Solutions (Firstcry), KEC International, Nazara Technologies, Akums Drugs and Pharmaceuticals, Awfis Space Solutions, Blue Dart Express, General Insurance Corporation of India, Infibeam Avenues, Olectra Greentech, Apeejay Surrendra Park Hotels, Shilpa Medicare, Talbros Automotive Components, and Tracxn Technologies will release their quarterly earnings on May 26. Quarterly Earnings NTPC Q4 (Consolidated YoY) Profit jumps 21.7% to Rs 7,897.1 crore Vs Rs 6,490 crore Revenue increases 4.6% to Rs 49,833.7 crore Vs Rs 47,628.2 crore Board recommends final dividend of Rs 3.35 per share JSW Steel Q4 (Consolidated YoY) Profit grows 13.5% to Rs 1,501 crore Vs Rs 1,322 crore Revenue falls 3.1% to Rs 44,819 crore Vs Rs 46,269 crore Board recommends final dividend of Rs 2.80 per share JK Cement Q4 (Consolidated YoY) Profit zooms 64% to Rs 360.4 crore Vs Rs 219.8 crore Revenue increases 15.3% to Rs 3,581.2 crore Vs Rs 3,105.8 crore Board recommends dividend of Rs 15 per equity share for FY25 Ashoka Buildcon Q4 (Consolidated YoY) Profit surges 73.1% to Rs 432.2 crore Vs Rs 249.6 crore Revenue falls 11.7% to Rs 2,694.4 crore Vs Rs 3,051.9 crore Gujarat Narmada Valley Fertilizers & Chemicals (GNFC) Q4 (Consolidated YoY) Profit spikes 62.3% to Rs 211 crore Vs Rs 130 crore Revenue declines 2.6% to Rs 2,055 crore Vs Rs 2,110 crore Board recommends dividend of Rs 18 per share for FY25 Finolex Industries Q4 (Consolidated YoY) Profit slips 0.2% to Rs 164.6 crore Vs Rs 164.9 crore Revenue dips 5.1% to Rs 1,171.8 crore Vs Rs 1,235.4 crore Board recommends final dividend of Rs 2 per share Board recommends special dividend of Rs 1.60 per share HBL Engineering Q4 (Consolidated YoY) Profit tanks 44.8% to Rs 45 crore Vs Rs 81.4 crore Revenue declines 22% to Rs 475.6 crore Vs Rs 610 crore Lux Industries Q4 (Consolidated YoY) Profit drops 12.9% to Rs 48 crore Vs Rs 55.1 crore Revenue grows 15.6% to Rs 817.7 crore Vs Rs 707.6 crore Board recommends dividend of Rs 2 per share Board appoints Subrato Kumar Roy as Chief Information Officer for Vertical A of the company Allcargo Logistics Q4 (Consolidated YoY) Loss widens to Rs 12.59 crore Vs Rs 5.64 crore Revenue soars 18.1% to Rs 3,952.4 crore Vs Rs 3,347.6 crore PC Jeweller Q4 (Consolidated QoQ) Profit tanks 36% to Rs 94.8 crore Vs Rs 148 crore Revenue grows 9.3% to Rs 699 crore Vs Rs 639.5 crore Updater Services Q4 (Consolidated YoY) Profit jumps 33.3% to Rs 34.4 crore Vs Rs 25.8 crore Revenue soars 12.2% to Rs 709 crore Vs Rs 631.8 crore MM Forgings Q4 (Consolidated YoY) Profit falls 8.7% to Rs 33.3 crore Vs Rs 36.4 crore Revenue slips 5% to Rs 377.7 crore Vs Rs 397.5 crore Ramky Infrastructure Q4 (Consolidated YoY) Loss stands at Rs 3.3 crore Vs profit of Rs 57.5 crore Revenue falls 15.9% to Rs 488.9 crore Vs Rs 581.2 crore Godavari Biorefineries Q4 (Consolidated YoY) Profit grows 10.4% to Rs 71.9 crore Vs Rs 65.2 crore Revenue declines 5.8% to Rs 579.5 crore Vs Rs 615.2 crore Indigo Paints Q4 (Consolidated YoY) Profit rises 6% to Rs 56.9 crore Vs Rs 53.7 crore Revenue increases 0.7% to Rs 387.6 crore Vs Rs 384.9 crore Stocks to Watch One 97 Communications (Paytm) The Supreme Court has stayed the proceedings of the show cause notice for a liability of Rs 5,712 crore against the company’s subsidiary First Games Technology. On April 28, 2025, the Directorate General of GST Intelligence had issued a show cause notice to First Games for a proposed liability of Rs 5,712 crore, along with applicable interest and penalties, for the period from January 2018 to March 2023. Eternal (Zomato) Eternal (Zomato) may face passive outflows nearing $840 million as global index majors FTSE Russell and MSCI are set to reduce their weightage in the company’s portfolios, according to a report by CNBC TV-18, citing IIFL Capital Services. These changes follow a sharp reduction in the company’s foreign ownership limit (FOL), which has been cut from 100 percent to 49.5 percent. Zydus Lifesciences The company has received final approval from the United States Food and Drug Administration (USFDA) for Isotretinoin capsules. Isotretinoin capsules are indicated for the treatment of severe, disfiguring nodular acne. The capsules will be produced at the company’s manufacturing site in Moraiya, Ahmedabad. NIBE The company has received an export purchase order valued at $17.52 million (approximately Rs 150.62 crore) from a globally renowned defence technology company based in Israel. The order involves the manufacturing and supply of Universal Rocket Launchers. Havells India The company has decided to enhance its annual manufacturing capacity of cables at its Alwar location by an additional 0.25 lakh km, with an investment of Rs 340 crore. This will increase the total annual cable manufacturing capacity at Alwar to 41.45 lakh km. The additional investment is proposed to be funded through internal accruals, and the expanded capacity is expected to be operational by September 2026. Sun Pharmaceutical Industries The company has agreed to invest up to $25 million in the US-based biopharmaceutical firm Pharmazz Inc. for a 22.7% stake. Bharti Airtel The Supreme Court has dismissed the appeals filed by the company’s subsidiary Bharti Telemedia. Bharti Telemedia had filed appeals before the Supreme Court against judgments of various High Courts, which had upheld the competence of the State Governments to levy entertainment tax on DTH services. The total estimated exposure due to the said judgment is Rs 585 crore, which is fully provisioned in the books, and against which Rs 575 crore has already been paid by Bharti Telemedia. Bharti Telemedia is further examining the judgment and will decide on the next course of action, if any. Oil and Natural Gas Corporation The joint venture of ONGC, Hardy Exploration & Production (India) Inc., and Invenire Petrodyne has commenced production from the PY-3 Field, located offshore in the Cauvery Basin on the east coast of India. The PY-3 Field had been shut since July 2011. Bulk Deals Cartrade Tech First Sentier Investors ICVC-SI Indian Subcontinent Sustainability Fund acquired 2.96 lakh shares in the company at an average price of Rs 1,638.39 per share. Gravita India Promoter Rajat Agrawal sold 25 lakh shares in the company at an average price of Rs 1,991.52 per share. Meanwhile, Motilal Oswal Asset Management Company - NTDOP (PMS) bought 7.33 lakh shares at an average price of Rs 1,991 per share. Interarch Building Solutions Eam Emerging Markets Small Cap Fund LP acquired 92,821 shares in the company at an average price of Rs 2,147.42 per share. Lloyds Engineering Works Promoter Lloyds Enterprises sold 2.68 crore shares in the company at an average price of Rs 48.5 per share to Thriveni Earthmovers. Ramco Cements Nippon India Mutual Fund acquired 19.5 lakh shares in the company at an average price of Rs 1,005.03 per share. Pondy Oxides & Chemicals Promoters Saroj Rajendra Prasad Bansal sold 2 lakh shares in Pondy Oxides at an average price of Rs 750 per share, while Anil Kumar Bansal offloaded 4 lakh shares at an average price of Rs 763.32 per share. On the other hand, Bandhan Mutual Fund acquired 2.54 lakh shares in Pondy Oxides at an average price of Rs 750 per share. Stocks Trade Ex-Dividend Archean Chemical IndustriesBlack Rose IndustriesLloyds Metals and EnergyPearl Global Industries Stock Trades Ex-Date for Income Distribution (InvIT) Maple Infrastructure Trust Stocks in F&O ban Chambal Fertilisers and ChemicalsHindustan CopperDixon TechnologiesManappuram FinanceRBL BankTitagarh Rail Systems"
23 May 2025,Buy Sun Pharma; target of Rs 2000: Motilal Oswal,https://www.moneycontrol.com/news/business/stocks/buy-sun-pharma-target-of-rs-2000-motilal-oswal-13043379.html,"Motilal Oswal is bullish on Sun Pharma recommended buy rating on the stock with a target price of Rs 2000 in its research report dated May 23, 2025.",buy,"Motilal Oswal's research report on Sun Pharma Sun Pharmaceutical Industries (SUNP) delivered 4%/9%/4% miss on revenue/EBITDA/PAT for 4QFY25. Lower-than-expected sales in global specialty and ROW led to a miss on 4QFY25 performance. Despite a formidable base of INR169b (FY25), SUNP continues to beat the industry and gain market share in the domestic formulation (DF) segment. FY26 would be an eventful year filled with launch activities and critical milestones for products under development in the global specialty portfolio. While Specialty portfolio continues to see healthy traction, lower generics business led to a slight YoY decline in CC terms in US business. Outlook We slightly reduce our estimates by 3%/1% for FY26/FY27, factoring in a) additional spending on marketing/promotion for specialty products. We value SUNP at 30x 12M forward earnings to arrive at a TP of INR2,000. For all recommendations report, click here Sun Pharma - 23052025 - moti"
23 May 2025,Buy Sun Pharmaceutical Industries; target of Rs 2000: Prabhudas Lilladher,https://www.moneycontrol.com/news/business/stocks/buy-sun-pharmaceutical-industries-target-of-rs-2000-prabhudas-lilladher-13042870.html,"Prabhudas Lilladher is bullish on Sun Pharmaceutical Industries has recommended buy rating on the stock with a target price of Rs 2000 in its research report dated May 23, 2025.",buy,"Prabhudas Lilladher's research report on Sun Pharmaceutical Industries Sun Pharma (SUNP) Q4FY25 EBIDTA (+11% YoY) was largely in line however moderate growth (9% YoY) in specialty sales after several quarters of strong double-digit growth was below our estimate. Over last few years SUNP dependency on US generics has reduced and company’s growth is more functional on specialty, RoW and domestic pharma that has strong growth visibility. Though FY26 expenses (an additional $100mn spend) is likely to remain elevated given company are in investment phase to ramp up specialty pipeline; successful launch of Leqselvi and Unloxcyt along with progress of other pipelines will be key. Our FY26/FY27E EPS stands reduced by 4-5% as we factor in higher opex. Outlook We maintain ‘BUY’ rating with revised TP of Rs.2,000 based on 32x FY27E EPS. SUNP remains our top pick in large cap space. For all recommendations report, click here Sun Pharmaceutical Industries - 23052025 - prabhu"
23 May 2025,"Sun Pharma shares sell off on lower US revenue and modest FY26 growth outlook: Should you Buy, Hold, or Sell?",https://www.moneycontrol.com/news/business/markets/sun-pharma-shares-sell-off-on-lower-us-revenue-and-modest-fy26-growth-outlook-should-you-buy-hold-or-sell-13041670.html,"India’s largest drugmaker plans a $100 million push into US specialty drugs in FY26, even as it braces for regulatory uncertainties and margin pressures. ",Sun Pharma,"Shares of Sun Pharma are sharply lower by 3 percent in early trade on May 23, weighed down one-time charge and an exceptional tax expense due to restructuring of US operations. The management struck a cautiously optimistic note during its Q4FY25 earnings call, outlining a FY26 strategy centered on targeted specialty investments, disciplined R&D, and selective expansion, while acknowledging global uncertainties could impact growth. Brokerages Views: Buy, Hold, or Sell? Motilal Oswal has maintained a ‘Buy’ rating with a target price of Rs 2,000 citing robust domestic growth and long-term potential in specialty. It sees 17% annual earnings growth through FY27, driven by market share gains in India and global specialty expansion. Near-term margin pressure from launch costs is expected but seen as manageable. Choice Broking downgraded the stock to ‘Add’ from ‘Buy’, and cut its target to Rs 1,825 from Rs 2,200 citing US generic pricing pressure and cost headwinds. Delays in Leqselvi launch to Q2FY26 due to patent issues may impact near-term revenue. Rising R&D and tax burdens could constrain margins. Nomura has retained a ‘Neutral’ rating with a Rs 1,970 target. It flagged weaker Q4FY25 US revenue, particularly from Revlimid, as a key miss. Rising operational costs and conservative FY26 guidance below Nomura’s 10% growth estimate are a concern, said the note. The $100 million specialty investment is not yet factored into its models, which could weigh on margins. Specialty Push and FY26 Investment Plans The company plans to invest $100 million in FY26 to support the US launch of two specialty products - Leqselvi (dermatology) and Unloxcyt (oncology). This will fund field force optimization and sustained promotional efforts toward healthcare professionals and advocacy groups, excluding traditional media advertising. R&D expenditure for Q4FY25 stood at Rs 811 crore, which is 6.4% of sales, with over a third of it allocated to specialty pipeline development. FY26 R&D guidance of 6-8% of sales excludes future acquisitions, which remain under active evaluation. Outlook and Risks While committed to innovation, Sun Pharma projected mid- to high-single-digit topline growth in FY26, citing headwinds such as currency volatility, potential US pharmaceutical tariffs, and ambiguity around Most Favored Nation (MFN) pricing policies. The pharma company flagged MFN’s potential impact on assets like Ilumya, noting that relocating biologics manufacturing to the US could take up to three years and involve significant capital investment. Segment-Wise Performance India: Formulation sales grew 13.7% YoY to Rs 16,923 crore in FY25, with Q4FY25 revenue up 13.6% to Rs 4,213 crore. Sun maintained leadership with an 8.3% market share (AIOCD AWACS, March 2025), supported by volume-led growth and ten new product launches in Q4. US: FY25 sales rose 3.6% YoY to $1,921 million, though Q4 fell 2.5% to $464 million due to generic pressure. Specialty sales rose 17.1% YoY and 8.6% in Q4, driven by Ilumya. A 200 mg version is under review in the U.S., and data for psoriatic arthritis is expected in H2 CY25. The pending acquisition of Checkpoint Therapeutics will add Unloxcyt, though its narrower label underscores the need for strategic positioning. Emerging Markets: Sales rose 7% YoY to $1,114 million, with Q4 revenue up 6.3% (11.5% in constant currency), led by Romania, Russia, and Brazil. Rest of World: Sales grew 4.5% to $847 million in FY25, with Q4 up 2% to $200 million. Read More: Sun Pharma Q4 net profit declines 19% to Rs 2,154 crore, firm declares Rs 5.50 dividend Pipeline and Regulatory Updates Sun's specialty pipeline includes SCD-044, GL0034, MM-II (seeking regional partners), Fibromun (uncertain timeline), Nidlegy (under U.S. and EU review), and a semaglutide product aimed at select emerging markets. Revlimid sales were stable in Q4 and are factored into FY26 guidance. The Halol facility awaits an FDA audit. Financials For FY25, consolidated revenue rose 9% to Rs 520,412 million. EBITDA grew 17.3% to Rs 152,717 million (29% margin), and adjusted net profit increased 19% to Rs 119,844 million. The company ended the year with $3.1 billion in net cash and raised its dividend to Rs 16 per share from Rs 13.50 in FY24."
23 May 2025,"Stocks to Watch Today: ITC, Sun Pharma, IndusInd Bank, Honasa Consumer, MTAR Tech, Metro Brands, Power Mech, Bharat Electronics in focus on 23 May",https://www.moneycontrol.com/news/business/markets/stocks-to-watch-today-itc-sun-pharma-indusind-bank-honasa-consumer-mtar-tech-metro-brands-power-mech-bharat-electronics-in-focus-on-23-may-13041457.html,"Stocks to Watch, 23 May: Stocks like TD Power Systems, MITCON Consultancy & Engineering Services, Trent, Bharat Electronics, Nestle India, IndusInd Bank, Power Mech Projects,Metro Brands, MTAR Technologies, Honasa Consumer, Sun Pharmaceutical Industries, and ITC will be in focus on May 23.","Stocks to Watch Today, May 23","Let's catch up on the latest news from the stock market. From significant investments to major deals, quarterly earnings, and fund raising, here’s a quick look at which stocks will be in focus in today's trade: Results Today JSW Steel, Ashok Leyland, Glenmark Pharmaceuticals, Aditya Birla Fashion and Retail, Afcons Infrastructure, Apollo Micro Systems, Ashoka Buildcon, Balkrishna Industries, BEML, Cello World, Concord Drugs, Exicom Tele-Systems, Finolex Industries, Narayana Hrudayalaya, Transrail Lighting, and West Coast Paper Mills will release their quarterly earnings on May 23. Results on May 24 NTPC, Allcargo Logistics, Chambal Breweries & Distilleries, HealthCare Global Enterprises, IFGL Refractories, Indigo Paints, Jagran Prakashan, JK Cement, Kolte-Patil Developers, and Rainbow Children's Medicare will announce their March quarter earnings on May 24. Quarterly Earnings ITC Q4 (Standalone YoY) Profit from continuing operations rises 0.8% to Rs 4,874.7 crore Vs Rs 4,837.5 crore Profit (including discontinued operations) zooms to Rs 19,561.6 crore Vs Rs 5,020.2 crore Exceptional gains stand at Rs 15,179.4 crore Vs loss at Rs 12.2 crore Revenue grows 9.6% to Rs 17,248.2 crore Vs Rs 15,733.6 crore EBITDA increases 2.5% to Rs 5,986.4 crore Vs Rs 5,841.5 crore EBITDA margin drops to 34.7% Vs 37.1% Board recommends final dividend of Rs 7.85 per share Sun Pharmaceutical Industries Q4 (Consolidated YoY) Profit sinks 19% to Rs 2,153.9 crore Vs Rs 2,658.7 crore Revenue rises 8.1% to Rs 12,958.8 crore Vs Rs 11,982.9 crore Exceptional loss stands at Rs 361.7 crore Vs loss of Rs 101.64 crore Tax expenses spike 634.4% to Rs 1,093.7 crore Vs Rs 148.9 crore Board announces final dividend of Rs 5.50 per share Board approves appointment of Vidhi Shanghvi as a Whole-time Director Honasa Consumer Q4 (Consolidated YoY) Profit falls 18% to Rs 25 crore Vs Rs 30.5 crore Revenue jumps 13.3% to Rs 533.6 crore Vs Rs 471.1 crore MTAR Technologies Q4 (Consolidated YoY) Profit spikes 181.7% to Rs 13.7 crore Vs Rs 4.87 crore Revenue grows 28.1% to Rs 183.1 crore Vs Rs 143 crore Metro Brands Q4 (Consolidated YoY) Profit sinks 38.7% to Rs 95.3 crore Vs Rs 155.6 crore Revenue rises 10.3% to Rs 642.8 crore Vs Rs 583 crore Tax expenses at Rs 30.87 crore Vs tax writeback at Rs 50.8 crore Power Mech Projects Q4 (Consolidated YoY) Profit zooms 53.8% to Rs 129.8 crore Vs Rs 84.4 crore Revenue jumps 42.4% to Rs 1,853.3 crore Vs Rs 1,301.5 crore Grasim Industries Q4 (Standalone YoY) Loss narrows to Rs 288 crore Vs loss of Rs 440.9 crore Revenue surges 31.9% to Rs 8,925.8 crore Vs Rs 6,767.5 crore Board recommends dividend of Rs 10 per share Container Corporation of India Q4 (Consolidated YoY) Profit falls 1.6% to Rs 298.5 crore Vs Rs 303.3 crore Revenue declines 1.6% to Rs 2,287.8 crore Vs Rs 2,325.1 crore Board approves bonus issue of 1 share for every 4 equity shares held Gujarat State Petronet Q4 (Consolidated YoY) Profit plunges 53.6% to Rs 220.3 crore Vs Rs 475 crore Revenue drops 4.6% to Rs 4,477.5 crore Vs Rs 4,691.9 crore Ramco Cements Q4 (Standalone YoY) Profit sinks 74.5% to Rs 31 crore Vs Rs 121.4 crore Revenue slips 10.5% to Rs 2,392 crore Vs Rs 2,673.3 crore HFCL Q4 (Consolidated YoY) Loss stands at Rs 81.4 crore Vs profit of Rs 110 crore Revenue plunges 39.6% to Rs 800.7 crore Vs Rs 1,326.1 crore Udaipur Cement Works Q4 (YoY) Profit zooms 114.5% to Rs 39.6 crore Vs Rs 18.5 crore Revenue grows 39% to Rs 484.2 crore Vs Rs 348.4 crore Kirloskar Industries Q4 (Consolidated YoY) Profit falls 23.6% to Rs 46.8 crore Vs Rs 61.2 crore Revenue rises 1.1% to Rs 1,747.8 crore Vs Rs 1,728.6 crore Singer India Q4 (YoY) Profit zooms 73.8% to Rs 4.05 crore Vs Rs 2.33 crore Revenue grows 7.2% to Rs 121.7 crore Vs Rs 113.5 crore Hubtown Q4 (Consolidated YoY) Profit at Rs 3.53 crore Vs loss at Rs 88.6 crore Revenue falls 8.5% to Rs 96.8 crore Vs Rs 105.8 crore GMR Airports Q4 (Consolidated YoY) Loss widens to Rs 252.7 crore Vs Rs 167.6 crore Revenue jumps 17% to Rs 2,863.3 crore Vs Rs 2,446.8 crore Stocks to Watch Stocks to be added in BSE Sensex Asia Index has decided to add Trent, and Bharat Electronics in the BSE Sensex effective June 23. However, Nestle India, and IndusInd Bank will be dropped from the BSE Sensex. Further, IDFC First Bank will replace Canara Bank in the BSE Bankex, while in the BSE Sensex Next 50 index, Britannia Industries, Dixon Technologies, Coforge, Hero MotoCorp and Indus Towers will be replacing InterGlobe Aviation, Shriram Finance, Bharat Forge, Dabur India, and Siemens. Lumax Auto Technologies The company has completed the acquisition of the remaining 25% shareholding in IAC International Automotive India. As a result, IAC India has become a wholly owned material subsidiary of the company. Indus Towers The company has entered into an agreement to acquire a 26% stake in JSW Green Energy Eight, a special purpose vehicle, for the procurement of renewable energy from a solar PV plant. CG Power and Industrial Solutions Gaurav Makhija has been re-designated as Vice President – Switchgear & EPD Division, effective May 22. Bajaj Auto The company’s subsidiary, Bajaj Auto International Holdings BV (BAIH BV), has entered into a loan agreement with Standard Chartered Bank for a loan of 100 million euros (equivalent to Rs 971.20 crore). Ola Electric Mobility The Board has approved fundraising of up to Rs 1,700 crore through term loans, working capital facilities, and the issuance of non-convertible debentures or other eligible debt securities in one or more tranches on a private placement basis. TVS Motor Company The company has signed a Memorandum of Understanding (MoU) with OOR Cabs to supply 500 TVS King EV MAX electric three-wheelers during the financial year 2025–26 in Tamil Nadu. Tata Steel The company has inaugurated the expanded Tata Steel Kalinganagar (TSK) plant, increasing its crude steel capacity from 3 MTPA to 8 MTPA (million tonnes per annum). Hindustan Copper The Board will meet on May 27 to consider raising up to Rs 500 crore through the issuance of non-convertible debentures or bonds on a private placement basis. Mahindra Lifespace Developers Jitesh Donga has resigned from his position as Chief of Design, effective June 30. Adani Ports and Special Economic Zone The Board has approved the issuance of non-convertible debentures worth up to Rs 6,000 crore in one or more tranches on a private placement basis. The funds will be used for capital expenditure, refinancing of existing debt, and general corporate purposes. Veedol Corporation Promoter Andrew Yule & Company has decided to withdraw the offer-for-sale (OFS) issue of Veedol Corporation. The promoter had proposed to sell up to 3.48 lakh equity shares (a 2 percent stake) in Veedol Corporation on May 23 and May 26, through a designated window of the BSE and the National Stock Exchange of India (NSE). Hexaware Technologies Global IT services and solutions provider Hexaware Technologies has opened a new office in Chicago to accelerate delivery solutions. Bulk Deals MITCON Consultancy & Engineering Services Investor Mukul Mahavir Agrawal sold 1,31,193 equity shares of the company at an average price of Rs 80.52 per share. TD Power Systems Goldman Sachs Funds - Goldman Sachs India Equity Portfolio bought additional 10.93 lakh shares in the company at an average price of Rs 460 per share. Blend Fund 2 acquired 13.04 lakh shares at same price. However, promoters - Hitoshi Matsuo sold 21 lakh shares in the company at an average price of Rs 460.09 per share, Nikhil Kumar offloaded 45 lakh shares at an average price of Rs 460.95 per share, and Saphire Finman Services LLP sold 33 lakh shares at an average price of Rs 461.41 per share. Lavanya Sankaran also sold 16 lakh shares at an average price of Rs 463.28 per share. Stocks Trade Ex-Dividend LTIMindtreeCMS Info SystemsHavells IndiaHimadri Speciality ChemicalKeystone RealtorsSula Vineyards Stock Trades Ex-Date for Income Distribution (InvIT) Interise Trust Stock Trades Ex-Date for Buyback Dhampur Sugar Mills Stocks Trade Ex-Date for Rights Mahindra Lifespace DevelopersHimalaya Food InternationalPurple FinanceSEPC Stock Trades Ex-Date for Resolution Plan -Suspension Viksit Engineering Stocks in F&O ban Dixon TechnologiesManappuram FinanceRBL BankTitagarh Rail Systems"
22 May 2025,"Sun Pharma sees mid-to-high single-digit growth in FY26, bets big on specialty expansion",https://www.moneycontrol.com/news/business/companies/sun-pharma-sees-mid-to-high-single-digit-growth-in-fy26-bets-big-on-specialty-expansion-13041307.html,"The company also expects R&D spending to rise to 6–8% of sales, reflecting its commitment to pipeline expansion and innovation.",A bird flies past the logo of Sun Pharma installed on the facade of its corporate office in Mumbai,"Sun Pharmaceutical Industries, India's largest drugmaker projected mid-to-high single-digit revenue growth for FY26, as it doubles down on its global specialty business with a planned $100 million investment in new product commercialization. The company also expects R&D spending to rise to 6–8% of sales, reflecting its commitment to pipeline expansion and innovation. The specialty R&D accounted for 36% of our total R&D spent for the quarter. The guidance came during the company’s Q4FY25 earnings call, where management emphasized strategic investments in dermatology and oncology launches, including Leqselvi and possible rollout of Unloxcyt, a newly approved immunotherapy asset acquired via Checkpoint Therapeutics. Unloxcyt is indicated for the treatment of adults with metastatic cutaneous squamous cell carcinoma (cSCC). Sun Pharma in March this year acqruire US-based Checkpoint for up to $416 million. Sun Pharma plans to launch its specialty drug Leqselvi in Q2FY26, while the launch timeline for Unloxcyt depends on regulatory clearance; expected in H2FY26. “We don’t see this as a cost but as an investment to strengthen our specialty business,” said Dilip Shanghvi, MD of Sun Pharma, addressing concerns over the scale of the planned spend. “This is a conservative number when benchmarked against global peers.” Global specialty sales rose 17.1% YoY to $1.22 billion, led by products like Ilumya, which alone contributed $681 million. The company plans to conduct clinical trials of GL0034 as a therapeutic option for individuals for type 2 diabetes and MM-II for osteoarthritis pain, while seeking partners for commercialization. On India outlook, the management said it aims to outpace market growth, with potential MR expansion as a strategic lever. The company said the pricing pressure in US generics remains product-specific. Sun Pharma reported FY25 gross sales of ₹52,041 crore, up 9% YoY, with adjusted net profit rising 19% to ₹11,984.4 crore. EBITDA grew 17.3% to ₹15,271.7 crore, with margins improving to 29%. In Q4FY25, adjusted net profit rose 4.8% YoY to ₹2889 crore, while EBITDA jumped 22.4% to ₹3716 crore. The company declared a total dividend of ₹16 per share for FY25, up from ₹13.50 in FY24. India formulations grew 13.7% YoY in FY25 to ₹16,923 crore, with Q4 sales up 13.6%. Sun retained its No. 1 ranking in the Indian pharma market with an 8.3% share, aided by volume growth and new launches. US formulation sales grew 3.6% YoY to $1.92 billion in FY25, though Q4 saw a 2.5% decline due to generic pricing pressure. Executives noted that specialty growth offset some of the drag in sales of generics, and emphasized that Q4 softness was seasonal, not structural."
22 May 2025,"Sun Pharma Q4 net profit declines 19% to Rs 2,154 crore, firm declares Rs 5.50 dividend",https://www.moneycontrol.com/news/business/earnings/sun-pharma-q4-net-profit-declines-19-to-rs-2-154-crore-firm-declares-rs-5-50-dividend-13041142.html,"The company's board has declared a final dividend of Rs 5.50 per share for the FY25, while 7th July 2025 is fixed as the record date. ","Sun Pharma Q4 net profit declines 19% to Rs 2,154 crore.","Sun Pharmaceutical Industries Ltd on Thursday reported a 19 percent decline in its consolidated net profit to Rs 2,153.9 crore in the fourth quarter ended March 31, 2025. The company had posted a consolidated net profit of Rs 2,658.7 crore in the year-ago period, Sun Pharmaceutical Industries said in a statement. Consolidated total revenue from operations grew 8.1 percent during the quarter under review stood at Rs 12,958.8 crore as compared to Rs 11,983 crore in the corresponding period a year ago, it added. The company's board has declared a final dividend of Rs 5.50 per share for the FY25. The company in a statement said, ""the Meeting of the Board of Directors of the Company was held today, i.e. 22 May 2025. The Board has recommended final dividend of Rs. 5.50/- (Rupees Five and Paise Fifty only) per equity share of Re. l/- (Rupee One only) each is recommended to the shareholders for their approval at the ensuing Annual General Meeting of the Company."" ""Monday, 07 July 2025 is fixed as the Record Date for the purpose of determining the Members eligible to receive the final dividend, which, if approved at the Annual General Meeting, shall be paid on or before Friday, 08 August 2025,"" it added. The earnings before interest, taxes, depreciation and amortization (EBITDA) grew 22.4 percent to Rs 3,715.9 crore in Q4FY25, compared to Rs 3,035.15 crore in the same period, a year ago, while the margin stood at 28.7 percent against 25.3 percent YoY. Shares of Sun Pharmaceutical Industries Ltd settled flat in Thursday's trade at Rs 1,724.7 per share on the NSE, down 0.41 percent."
19 May 2025,"Stocks to Watch Today: Divis Labs, Premier Energies, Delhivery, Dr Reddys, Bharat Electronics, KEC International, Sun Pharma, PNC Infratech in focus on 19 May",https://www.moneycontrol.com/news/business/markets/stocks-to-watch-today-divis-labs-premier-energies-delhivery-dr-reddys-bharat-electronics-kec-international-sun-pharma-pnc-infratech-in-focus-on-19-may-13030850.html,"Stocks to Watch, 19 May: Stocks like Zen Technologies, Arvind Fashions, Galaxy Surfactants, KRBL, Kalpataru Projects International, IOL Chemicals, Repco Home Finance, CreditAccess Grameen, Dhampur Sugar Mills, Gujarat Alkalies, Kaynes Technology India, Texmaco Rail & Engineering, Sterlite Technologies, and Dr Reddy's Laboratories will be in focus on May 19.",Stocks to Watch Today,"Let's catch up on the latest news from the stock market. From significant investments to major deals, quarterly earnings, fund raising, order wins, appointments, here’s a quick look at which stocks will be in focus in today's trade: Results Today Power Grid Corporation of India, Bharat Electronics, DLF, ACME Solar Holdings, CMS Info Systems, DOMS Industries, Gujarat Gas, HEG, IRB Infrastructure Developers, JK Paper, One Mobikwik Systems, NLC India, Petronet LNG, Pfizer, PI Industries, Quess Corp, Sun Pharma Advanced Research Company, and Zydus Wellness will announce their quarterly earnings on May 19. Quarterly Earnings Divis Laboratories Q4 (Consolidated YoY) Profit soars 23% to Rs 662 crore Vs Rs 538 crore Revenue increases 12.2% to Rs 2,585 crore Vs Rs 2,303 crore Board recommends final dividend of Rs 30 per share for FY25 Premier Energies Q4 (Consolidated YoY) Profit spikes 167.2% to Rs 277.8 crore Vs Rs 104 crore Revenue surges 43.9% to Rs 1,620.8 crore Vs Rs 1,126.6 crore Company signs Joint Venture Agreement with Nuevosol Energy for business of foundry, extrusion, of aluminium frames for solar photovoltaic modules Company signs Joint Venture Agreement with Sino-American Silicon Products Inc for manufacturing and selling of solar wafer Delhivery Q4 (Consolidated YoY) Profit stands at Rs 72.6 crore Vs loss of Rs 68.5 crore Revenue rises 5.6% to Rs 2,191.6 crore Vs Rs 2,075.5 crore Company appoints Co-founder and Chief People Officer Suraj Saharan as Whole-time Director Zen Technologies Q4 (Consolidated YoY) Profit zooms 189.2% to Rs 101 crore Vs Rs 34.9 crore Revenue surges 129.8% to Rs 325 crore Vs Rs 141.4 crore Arvind Fashions Q4 (Consolidated YoY) Loss stands at Rs 93.15 crore Vs profit of Rs 24.3 crore Revenue rises 8.7% to Rs 1,189.1 crore Vs Rs 1,094 crore Galaxy Surfactants Q4 (Consolidated YoY) Profit falls 2.1% to Rs 75.9 crore Vs Rs 77.5 crore Revenue grows 23.2% to Rs 1,144.9 crore Vs Rs 929 crore Other income drops to Rs 7.75 crore Vs Rs 23.9 crore KRBL Q4 (Consolidated YoY) Profit surges 35.2% to Rs 154.2 crore Vs Rs 114.1 crore Revenue increases 9.4% to Rs 1,442.3 crore Vs Rs 1,318.3 crore Kalpataru Projects International Q4 (Consolidated YoY) Profit zooms 37.2% to Rs 225.4 crore Vs Rs 164.4 crore Revenue jumps 18.3% to Rs 7,066.8 crore Vs Rs 5,971.3 crore Board recommends final Dividend of Rs 9 per share Board approves re-appointment of Shailendra Kumar Tripathi as Deputy Managing Director of the company for 3 years IOL Chemicals and Pharmaceuticals Q4 (Consolidated YoY) Profit increases 13.8% to Rs 31.4 crore Vs Rs 27.6 crore Revenue rises 4.7% to Rs 527.8 crore Vs Rs 503.9 crore Repco Home Finance Q4 (Standalone YoY) Profit increases 6.4% to Rs 114.9 crore Vs Rs 108.1 crore Net interest income grows 4.9% to Rs 170.8 crore Vs Rs 162.8 crore CreditAccess Grameen Q4 (Standalone YoY) Profit sinks 88.1% to Rs 47.2 crore Vs Rs 397 crore Net interest income falls 0.5% to Rs 876.5 crore Vs Rs 881 crore Impairment on financial instruments spikes to Rs 582.9 crore Vs Rs 153.3 crore Dhampur Sugar Mills Q4 (Consolidated YoY) Profit drops 5.4% to Rs 49 crore Vs Rs 51.9 crore Revenue grows 10.2% to Rs 619.2 crore Vs Rs 561.8 crore Board approves the proposal of buyback of shares worth up to Rs 20 crore at a price of Rs 185 per share Gujarat Alkalies and Chemicals Q4 (Consolidated YoY) Profit stands at Rs 8.8 crore Vs loss of Rs 46.2 crore Revenue increases 7.4% to Rs 1,075.5 crore Vs Rs 1,001.6 crore Board recommends dividend of Rs 15.80 per share for FY25 Kaynes Technology India Q4 (Consolidated YoY) Profit zooms 43% to Rs 116.2 crore Vs Rs 81.3 crore Revenue surges 54.5% to Rs 984.5 crore Vs Rs 637.3 crore Texmaco Rail & Engineering Q4 (Consolidated YoY) Profit drops 12.2% to Rs 39.8 crore Vs Rs 45.3 crore Revenue jumps 17.6% to Rs 1,346.4 crore Vs Rs 1,144.6 crore Sterlite Technologies Q4 (Consolidated YoY) Loss narrows to Rs 40 crore Vs Rs 82 crore Revenue grows 24.8% to Rs 1,052 crore Vs Rs 843 crore Board appoints Ajay Jhanjhari as an Interim Chief Financial Officer of the company Anjali Byce resigns as Chief Human Resources Officer to pursue opportunities outside the company Board approves re-appointment of Pravin Agarwal as Whole-time Director of the company Stocks to Watch Dr Reddy's Laboratories The United States Food & Drug Administration (USFDA) completed a GMP inspection at the company’s API Middleburgh facility in New York and issued a Form 483 with two observations. The inspection was conducted during May 12–16. Bharat Electronics The company has received additional orders worth Rs 572 crore since April 7, including Integrated Drone Detection and Interdiction System (IDDIS), Software Defined Radio (SDR) and Data Communication Unit (DCU) for attack guns, AI-based solutions for ships, simulators, communication equipment, jammers, spares, and services. KEC International The RPG Group company has secured new orders worth Rs 1,133 crore for transmission and distribution projects in India. RPP Infra Projects The company has received a letter of acceptance for a new project worth Rs 154.43 crore. The project involves the supply of factory-finished fabricated boiler structures at Koderma in Jharkhand. Max Healthcare Institute The company’s subsidiary Crosslay Remedies has executed a sale deed for the acquisition of a 4,000 square meter land parcel, along with the building thereon, located adjacent to Max Super Speciality Hospital, Vaishali, for Rs 120 crore. This strategic acquisition paves the way for the addition of approximately 140 beds at Max Super Speciality Hospital, Vaishali, over the next 30 months. Lumax Auto Technologies The Board has approved the company’s acquisition of the remaining 25% stake in IAC International Automobile India from its existing shareholder, IACG Holdings LUX SARL, for Rs 221 crore. Post-acquisition, IAC International Automobile India will become a 100% material subsidiary of the company. Sun Pharmaceutical Industries The USFDA has granted Premarket Approval (PMA) for the next generation of the BLU-U Blue Light Photodynamic Therapy (PDT) Illuminator, which features LED (light-emitting diode) panels replacing the previous model’s fluorescent tubes. The new model (LED BLU-U), in combination with Levulan Kerastick (aminolevulinic acid HCl) topical solution, 20%, is indicated for the treatment of minimally to moderately thick actinic keratoses (AK) of the face, scalp, or upper extremities. NBCC (India) The company has sold 446 residential units at Aspire Silicon City, Phase IV, Noida, through an e-auction at a total sale value of Rs 1,467.93 crore. NBCC will earn a marketing fee of 1% of the sale value. JSW Steel The Board of Directors will meet on May 23 to consider the raising of long-term funds and to discuss the recommendation of dividend payment. Bajaj Auto The company’s subsidiary Bajaj Auto International Holdings BV (BAIH BV) has entered into loan agreements with JP Morgan Chase Bank N.A., DBS Bank, and Citigroup Global Markets Asia to avail loans of 566 million euros (Rs 5,431.08 crore). It is an unsecured loan with a term of one year. PNC Infratech The Arbitral Tribunal has announced an arbitration award worth Rs 485.28 crore, along with 12% annual interest, in favour of PNC Infratech. This pertains to an EPC project for the construction of balance work of the new four-lane Agra Bypass in Uttar Pradesh, under the National Highways Authority of India (NHAI). GlaxoSmithKline Pharmaceuticals The company has reported a fire incident at one of its contract manufacturing facilities, resulting in temporary production disruption. The company is currently assessing the impact and is working closely with the site to expedite resumption of operations. Vodafone Idea The company has acquired a 26% stake in Sangli Wind Energy for Rs 31.2 lakh. Sangli Wind Energy is a special purpose vehicle (SPV) created to own and operate a captive power plant. Post-acquisition, Sangli Wind Energy has become an associate of Vodafone Idea. Bulk Deals Bharti Airtel Promoter entity Pastel sold a 1.16% stake (7.1 crore shares) in the company at an average price of Rs 1,814.08 per share, amounting to a total value of Rs 12,880 crore. Dam Capital Advisors Gazania Advisory LLP purchased 5.5 lakh shares in the company at an average price of Rs 216.70 per share. IndusInd Bank Route One Fund I LP sold 50.38 lakh shares in the bank at an average price of Rs 765.68 per share. JSW Infrastructure Promoter entity Sajjan Jindal Family Trust sold a 2% stake in the company at an average price of Rs 288.21 per share, valued at Rs 1,210.48 crore. However, the Government of Singapore acquired a 0.87% stake at an average price of Rs 288.10 per share. SME Listing on May 19 Virtual Galaxy Infotech Stocks in F&O ban Titagarh Rail SystemsHindustan CopperManappuram Finance Stocks removed from F&O ban Central Depository Services"
13 May 2025,"Indian generics likely insulated from Trump's drug pricing order, but Sun Pharma faces pressure",https://www.moneycontrol.com/news/business/markets/indian-generics-likely-insulated-from-trump-s-drug-pricing-order-but-sun-pharma-faces-pressure-13023066.html,Analysts said that the US President Trump’s latest executive order on drug price control could indirectly discourage Indian drug makers from pursuing specialty business in America. ,"On Monday, Trump signed an executive order to implement the ‘Most Favored Nation’ policy under which US would pay the same price for certain drugs as the lowest price paid by other countries. This is expected to bring down prices of certain drugs by 30-80 percent.","India’s pharmaceutical majors could see a mixed impact of US President Trump’s executive order to lower domestic drug prices, as most Indian drug exporters are in the generic space, though Sun Pharma could be hit due to its presence in the specialty segment. Analysts also told Moneycontrol that Trump’s decision could indirectly discourage Indian drug makers from pursuing specialty business in America. Among these, Sun Pharma has the largest exposure in the branded and specialty drug segment in the US. In its latest note, Nomura pointed out that Sun Pharma’s specialty sales to the US are estimated at around $1.04 billion in FY25, potentially at risk of being impacted by Trump’s latest decision. “In our coverage universe, Sun Pharma has the largest exposure to branded sales in the US. We estimate that US specialty sales are at ~$1036 mn (FY25F)… The largest product Ilumya (FY25F US sales of ~$570mn) is largely supported through Medicare Part B, which possibly accounts for 50%+ of the sales of the company, in our assessment,” Nomura note said. “The listed price of Ilumya in the US is ~4x that in other developed countries, in our view. Therefore, the implementation of lower pricing can have a significant negative impact on revenues and earnings, in our view,” the report added. Also Read: Cautious Indian pharma awaits clarity on Trump’s prescription drug plan More importantly, Nomura believes that the move by Trump could “likely discourage other Indian pharmaceutical companies to pursue specialty business in the US.” Shares of Sun Pharma ended nearly a percent higher on May 13, with the overall pharma pack also trading stronger. The BSE Healthcare index ended more than one percent higher even as the benchmark Sensex ended more than 1,200 points lower. Trump on May 12 signed an executive order to implement the ‘Most Favored Nation’ policy under which US would pay the same price for certain drugs as the lowest price paid by other countries. This is expected to bring down prices of certain drugs by 30-80 percent. Read More HDFC Securities too echoed a similar view that generic companies are unlikely to see much impact, though Sun pharma could see a hit in terms of prices of some of its products marketed in the US and other developed markets. Read More: Trump’s drug pricing regulation: How does it impact Indian pharma? “Sun Pharma with its specialty business (15-18% of sales) in the US may see some impact of MFN price ceiling for a few of its products like Ilumya, Winlevi, Odomzo, Cequa, which are marketed in other developed markets, whereas Sun’s other products like Levulan, Absorica, Bromsite, Xelpros, Yonsa, Sezaby, Sprinkle portfolio, and the recently-approved Leqselvi (Deuruxolitinib) are marketed only in the US,” said the HDFC Securities note. Within the pharma/healthcare space, HDFC Securities has a ‘buy’ or an ‘add’ on most stocks including Alkem Labs, IPCA, Lupin, Zydus Lifesciences, Mankind Pharma, and Aurobindo Pharma, among others. “If implemented, apart from lowering drug prices in the US, this policy could have a far-reaching impact globally, forcing a second-order impact in other countries as companies try to make up for the lost sales/profitability in the US,” one note by Kotak Securities said. Interestingly, while Trump has signed an executive order, there is still a question mark on the implementation as an earlier similar attempt by Trump during his first stint in the Oval Office in 2020 was unsuccessful. “We think there is uncertainty on how successfully the executive order is eventually implemented. An earlier attempt by Trump 1 administration in 2020 to implement a similar order for lowering pricing was defeated in various courts. The order may be litigated and hence present uncertainties on its implementation,” the Nomura note said, though it added that the latest order is a “overhang, particularly for the branded or specialty pharmaceutical sales.” HDFC Securities said the executive order is likely to face legal challenges from the pharma companies once again, as the erstwhile Most Favoured Nation price model was legally blocked in 2020-21. A 2024 report by the US Department of Health and Human Services showed that while US brand drug prices are more than four times higher than international averages, generics are actually 33% cheaper than in peer countries."
07 May 2025,"Stocks to Watch Today: BSE, NLC India, GMDC, GP Petroleums, HPCL, Godrej Consumer, KEI Industries, Paytm, Mahanagar Gas in focus on 7 May",https://www.moneycontrol.com/news/business/markets/stocks-to-watch-today-bse-nlc-india-gmdc-gp-petroleums-hpcl-godrej-consumer-kei-industries-paytm-mahanagar-gas-in-focus-on-7-may-13015186.html,"Stocks to Watch, 07 May: Stocks like eMudhra, KEI Industries, Piramal Enterprises, Aarti Drugs, Aptus Value Housing Finance India, Kansai Nerolac Paints, Shriram Finance, Sun Pharmaceutical Industries, Life Insurance Corporation of India, Prestige Estates Projects, Restaurant Brands Asia, and Gujarat Mineral Development Corporation will be in focus on May 7.",Stocks to Watch Today,"Let's catch up on the latest news from the stock market. From significant investments to major deals, quarterly earnings, acquisitions, and appointments, here’s a quick look at which stocks will be in focus in today's trade: Results Today Coal India, Punjab National Bank, APL Apollo Tubes, Blue Star, CarTrade Tech, Dabur India, Housing & Urban Development Corporation, Mangalore Chemicals & Fertilizers, MRF, Niva Bupa Health Insurance Company, Sapphire Foods India, Satin Creditcare Network, Sonata Software, Symphony, Tata Chemicals, United Breweries, Voltas, and Wonderla Holidays will release their quarterly earnings on May 7. Quarterly Earnings Godrej Consumer Products Q4 (Consolidated YoY) Profit stands at Rs 412 crore Vs loss of Rs 1,893.2 crore Revenue grows 6.3% to Rs 3,598 crore Vs Rs 3,385.6 crore Exceptional loss at Rs 31.4 crore Vs loss of Rs 2,375.7 crore Board declares interim dividend of Rs 5 per share One 97 Communications Paytm Q4 (Consolidated YoY) Loss narrows to Rs 544.6 crore Vs loss of Rs 550.5 crore Revenue falls 15.7% to Rs 1,911.5 crore Vs Rs 2,267.1 crore Other income jumps to Rs 223.8 crore Vs Rs 131.7 crore Exceptional loss stands at Rs 522 crore Vs Nil Mahanagar Gas Q4 (Standalone QoQ) Profit grows 11.9% to Rs 252.2 crore Vs Rs 225.4 crore Revenue increases 6.1% to Rs 1,864.9 crore Vs Rs 1,757.6 crore Board recommends final dividend of Rs 18 per share BSE Q4 (Consolidated YoY) Profit zooms 362% to Rs 494.4 crore Vs Rs 107 crore Revenue surges 75% to Rs 846.6 crore Vs Rs 484 crore Board recommends dividend of Rs 23 per share eMudhra Q4 (Consolidated YoY) Profit grows 13.8% to Rs 23.9 crore Vs Rs 21 crore Revenue jumps 47.3% to Rs 146.9 crore Vs Rs 99.7 crore KEI Industries Q4 (Consolidated YoY) Profit soars 34.5% to Rs 226.5 crore Vs Rs 168.5 crore Revenue jumps 25.1% to Rs 2,914.8 crore Vs Rs 2,329.9 crore Piramal Enterprises Q4 (Standalone YoY) Loss stands at Rs 23.33 crore Vs profit of Rs 953.5 crore Net interest income falls 6.5% to Rs 245.1 crore Vs Rs 262 crore Board recommends final dividend of Rs 11 per share Hindustan Petroleum Corporation (HPCL) Q4 (Standalone QoQ) Profit rises 11% to Rs 3,355 crore Vs Rs 3,022.9 crore Revenue falls 0.9% to Rs 1,09,492.4 crore Vs Rs 1,10,505.4 crore Aarti Drugs Q4 (Consolidated YoY) Profit jumps 32.7% to Rs 62.9 crore Vs Rs 47.4 crore Revenue increases 9.2% to Rs 676.8 crore Vs Rs 620 crore Aptus Value Housing Finance Q4 (Standalone YoY) Profit spikes 38.8% to Rs 169.6 crore Vs Rs 122.2 crore Revenue grows 22.9% to Rs 354.4 crore Vs Rs 288.3 crore Board appoints Sanjay Mittal as Chief Financial Officer of the company Board appoints John Vijayan Rayappa as the Chief Risk Officer of the company Kansai Nerolac Paints Q4 (Consolidated YoY) Profit falls 6.5% to Rs 108.5 crore Vs Rs 116 crore Revenue rises 2.7% to Rs 1,816.7 crore Vs Rs 1,769.4 crore Board recommends dividend of Rs 3.75 per share Stocks to Watch NLC India The company has signed a Memorandum of Understanding (MoU) with IREL (India) to cooperate and collaborate on the development (mining, excavation, refining, etc.) of mutually agreed assets of critical minerals, including rare earth elements (REE), by acquiring assets or sourcing raw materials domestically or internationally. Additionally, the company’s subsidiary has signed a Power Purchase Agreement with Rajasthan Rajya Vidyut Utpadan Nigam (RVUNL) for its 810 MW Solar Power Project at Pugal Solar Park, Rajasthan. Shriram Finance The Board has approved the acquisition of 31.66 lakh equity shares of Shriram Overseas Investments for Rs 50.11 crore (at Rs 158.28 per share) from Shriram Investments Holdings (SIHPL). Sun Pharmaceutical Industries C.S. Muralidharan will superannuate as EVP – Finance & Accounts and Chief Financial Officer of the company, effective July 1, 2025. The Board has appointed Jayashree Satagopan as the Chief Financial Officer, effective the same date. Life Insurance Corporation of India Bella Paul, Chief In-Charge, Board & Secretarial, has voluntarily retired from the services of the Corporation, effective May 6. Prestige Estates Projects The Prestige City, Indirapuram, has achieved sales of over Rs 3,000 crore across 1,200 units within a week of its launch. Restaurant Brands Asia The Board has approved the appointment of Sumit Zaveri as the Interim Chief Financial Officer of the company, effective May 6. Sumit Zaveri is currently serving as the company’s Group Chief Financial Officer and Chief Business Officer. Gujarat Mineral Development Corporation (GMDC) GMDC has signed a Long-Term Supply Agreement (LSA) with City Gold Pipes (a consortium of Goldcrest Cement and Kailash Darshan Housing Development (Gujarat)) for the supply of 150 million tons of limestone over a period of 40 years from its upcoming Lakhpat Punrajpur Mine in Lakhpat, Gujarat. GP Petroleums The company has signed a Joint Venture Agreement with West Coast Oils LLP to establish a joint venture company for the manufacturing and trading of specialty bitumen products and other allied commodities. Bulk Deals Capacite Infraprojects Capri Global Holdings has sold 6.5 lakh shares in the company at an average price of Rs 338.61 per share. Grand Continent Hotels India Max Investment Fund has offloaded 1.68 lakh shares in the company at an average price of Rs 146.9 per share. Expo Gas Containers Aegis Investment Fund has acquired 1.5 lakh shares in the company at an average price of Rs 65.27 per share. SME Listing on May 7 Arunaya Organics Stock Trades Ex-Date for Rights Avantel Stock Trades Ex-Date for Split Info Edge (India) Stocks Trade Ex-Dividend CRISILSundram FastenersVarun Beverages Stocks in F&O ban Central Depository ServicesManappuram FinanceRBL Bank"
