Date,Title,URL,Article Description,Article Text,Article Content
28 Aug 2025,Tata Motors shares fall 2.02% in Thursday's trading session,https://www.moneycontrol.com/news/business/stocks/tata-motors-shares-fall-2-02-in-thursdays-trading-session-alpha-article-13494840.html,Tata Motors shares experienced a decline of 2.02% to Rs 667.85 in Thursday's session.,,"Tata Motors shares experienced a decline of 2.02% to Rs 667.85 in Thursday's session. The stock is part of the Nifty 50 index. Financial Performance: The following table presents the consolidated quarterly financial performance of Tata Motors:HeadingJun 2024Sep 2024Dec 2024Mar 2025Jun 2025RevenueRs 108,048.00 CroreRs 101,450.00 CroreRs 113,575.00 CroreRs 119,503.00 CroreRs 104,407.00 CroreNet ProfitRs 5,563.00 CroreRs 3,368.00 CroreRs 5,616.00 CroreRs 8,442.00 CroreRs 3,871.00 CroreEPS14.619.7214.8123.4010.66The revenue for Tata Motors in the quarter-ending March 2025 was Rs 119,503.00 Crore, up from Rs 108,048.00 Crore in the quarter-ending June 2024. The net profit for the quarter-ending March 2025 was Rs 8,442.00 Crore, compared to Rs 5,563.00 Crore in the quarter-ending June 2024. The EPS increased from 14.61 in June 2024 to 23.40 in March 2025. The following table presents the consolidated yearly financial performance of Tata Motors:Heading20212022202320242025RevenueRs 249,794.75 CroreRs 278,453.62 CroreRs 345,966.96 CroreRs 437,927.77 CroreRs 439,695.00 CroreNet Profit-13,016.14 Crore-11,234.70 CroreRs 2,353.49 CroreRs 31,106.95 CroreRs 22,991.00 CroreEPS-36.99-29.886.2981.9578.80BVPS148.39127.50137.33242.90315.61ROE-24.34-25.675.3236.9723.96Debt to Equity2.083.132.771.160.54Tata Motors' revenue for the year-ending March 2025 was Rs 439,695.00 Crore, a slight increase from Rs 437,927.77 Crore in the year-ending March 2024. The net profit decreased from Rs 31,106.95 Crore in 2024 to Rs 22,991.00 Crore in 2025. The EPS decreased from 81.95 in 2024 to 78.80 in 2025.ParticularsMar 2025Mar 2024Mar 2023Mar 2022Mar 2021Sales (Rs. Crore)439,695437,927345,966278,453249,794Other Income (Rs. Crore)6,2445,9494,6333,0532,643Total Income (Rs. Crore)445,939443,877350,600281,507252,437Total Expenditure (Rs. Crore)407,363406,636337,317279,198254,815EBIT (Rs. Crore)38,57637,24113,2832,308-2,377Interest (Rs. Crore)5,0839,98510,2259,3118,097Tax (Rs. Crore)10,502-3,8517044,2312,541Net Profit (Rs. Crore)22,99131,1062,353-11,234-13,016Cash Flow FromMar 2025Mar 2024Mar 2023Mar 2022Mar 2021Operating Activities (Rs. Crore)63,10267,91535,38814,28229,000Investing Activities (Rs. Crore)-47,594-22,828-16,804-4,775-26,126Financing Activities (Rs. Crore)-18,786-37,005-26,242-3,3809,904Others (Rs. Crore)-2,388461,386331453Net Cash Flow (Rs. Crore)-5,6668,127-6,2726,45813,232Equities & LiabilitiesMar 2025Mar 2024Mar 2023Mar 2022Mar 2021Share Capital (Rs. Crore)3,2003,3143,266765765Reserves & Surplus (Rs. Crore)115,40784,14944,55343,78854,480Current Liabilities (Rs. Crore)166,684173,617155,027150,682157,749Other Liabilities (Rs. Crore)93,351109,582133,234135,382130,129Total Liabilities (Rs. Crore)378,642370,663336,081330,619343,125AssetsMar 2025Mar 2024Mar 2023Mar 2022Mar 2021Fixed Assets (Rs. Crore)180,608156,123145,513148,299158,867Current Assets (Rs. Crore)160,325168,392151,528146,977146,887Other Assets (Rs. Crore)37,70946,14839,03935,34337,370Total Assets (Rs. Crore)378,642370,663336,081330,619343,125Other InfoMar 2025Mar 2024Mar 2023Mar 2022Mar 2021Contingent Liabilities (Rs. Crore)50,74043,05539,47718,47017,773RatiosMar 2025Mar 2024Mar 2023Mar 2022Mar 2021Basic EPS (Rs.)78.8081.956.29-29.88-36.99Diluted Eps (Rs.)78.7581.886.29-29.88-36.99Book Value [Excl. Reval Reserve]/Share (Rs.)315.61242.90137.33127.50148.39Dividend/Share (Rs.)6.006.002.000.000.00Face Value22222Gross Profit Margin (%)14.1814.9510.569.9713.98Operating Margin (%)8.898.723.371.054.55Net Profit Margin (%)6.337.100.68-4.03-5.21Return on Networth / Equity (%)23.9636.975.32-25.67-24.34ROCE (%)18.4519.396.451.636.14Return On Assets (%)7.348.470.71-3.46-3.92Current Ratio (X)0.960.970.980.980.93Quick Ratio (X)0.680.690.710.740.70Debt to Equity (x)0.541.162.773.132.08Interest Coverage Ratios (X)12.276.563.572.984.31Asset Turnover Ratio (%)1.171.241.040.230.16Inventory Turnover Ratio (X)5.075.635.501.590.913 Yr CAGR Sales (%)25.6632.4115.12-3.97-7.923 Yr CAGR Net Profit (%)43.0554.59-53.69-37.6938.22P/E (x)8.5612.1166.90-14.52-8.16P/B (x)2.144.483.553.732.09EV/EBITDA (x)4.476.787.109.705.30P/S (x)0.560.870.470.600.46Corporate Actions: Tata Motors announced details of a physical group meeting scheduled with Analysts / Institutional Investor(s) on September 4, 2025. The company also intimated the sanction of the Composite Scheme of Arrangement amongst Tata Motors Limited, TML Commercial Vehicles Limited and Tata Motors Passenger Vehicles Limited and their respective shareholders by the Hon'ble National Company Law Tribunal. Additionally, Tata Motors announced the filing of an offer document with CONSOB, Italy, by TML CV Holdings Pte. Ltd, in relation to the voluntary public tender offer, to be launched by TML CV Holdings Pte. Ltd, through its wholly owned subsidiary to be incorporated under the laws of the Netherlands, for all of the common shares of Iveco Group N.V. Tata Motors announced a final dividend of Rs.6.00 per share (300%) with an effective date of June 4, 2025. The company had announced a bonus issue on September 28, 1995, with an existing ratio of 5 and an offered ratio of 3. The ex-bonus date was October 4, 1995, and the bonus ratio was 3:5. Tata Motors had a rights issue announced on January 27, 2015, with an existing ratio of 109 and an offered ratio of 6. The face value was 2, and the premium was 448. The ex-rights date was April 6, 2015, and the rights ratio was 6:109. The company had a stock split announced on May 26, 2011, with the old face value of 10 and the new face value of 2. The ex-split date was September 12, 2011, and the record date was September 13, 2011. Moneycontrol analysis indicated a bullish sentiment on the stock as of August 22, 2025. Tata Motors shares experienced a decline of 2.02% to Rs 667.85 in Thursday's session."
28 Aug 2025,"Sensex settles 700 pts lower, Nifty at 24,500: Trump's steep tariffs among key factors behind market decline",https://www.moneycontrol.com/news/business/markets/sensex-drops-300-pts-nifty-below-24-650-trump-s-50-tariffs-on-india-among-key-factors-behind-market-decline-13494771.html,"Sensex, Nifty declined nearly 1 percent on Thursday on steep US tariffs, leading to m-cap loss of Rs 4.12 lakh crore. ","Sensex, Nifty declined after additional 25% U.S. tariffs on Indian imports took effect, with analysts warning of near-term pressure on markets.","The benchmark equity indices Sensex and Nifty settled lower on Thursday, tracking weak investor sentiment after the United States imposed higher tariffs on India. Sensex declined 705.97 points or 0.87 percent to settle at 80,080.57. During the day, it dropped 773.52 points or 0.95 percent to 80,013.02. The Nifty dived 211.15 points or 0.85 percent to 24,500.90. Shriram Finance, HCL Technologies, Sun Pharmaceutical Industries, Tata Motors and Tata Consultancy Services were among the major laggards, declining up to 3 percent intraday. Factors behind market decline: 1) Higher US tariffs: An additional 25 percent tariff imposed by US President Donald Trump on India over purchases of Russian oil came into effect on Wednesday, raising the overall duty to 50 percent. Domestic markets were shut on Wednesday due to Ganesh Chaturthi festival. ""The 50 percent tariff imposed on India, which has already come into effect, will weigh on market sentiments in the near term. But the market is unlikely to panic since these tariffs are seen as temporary and expected to be resolved,"" said VK Vijayakumar, Chief Investment Strategist, Geojit Financial Services. He added that high valuations and muted earnings growth remain a concern. 2) Consistent FII selling: Foreign Institutional Investors (FIIs) sold equities worth Rs 6,516.49 crore on Tuesday, as per exchange data. Domestic Institutional Investors (DIIs), however, purchased shares worth Rs 7,060.37 crore. ""The strong pillar of support to the market is the aggressive buying by DIIs flush with funds. Any selling by FIIs will be easily neutralised by this,"" Vijayakumar said. Stock Market LIVE Updates 3) Rise in Volatility index: The India VIX, regarded as a measure of market fear, rose to 12.22, signalling increased uncertainty and volatility expectations. 4) Monthly Expiry: Thursday also happens to be the NSE monthly derivatives expiry, a factor typically associated with heightened market volatility. Technical outlook Anand James, Chief Market Strategist, Geojit Financial Services, said the Nifty has entered a bearish zone. ""Having slipped into the bear territory, 24,071–23,860 objectives are now in play. However, a near 2 percent fall in just four days has left room for upswing possibilities, with resistances at 24,780 and 24,870. Alternatively, inability to float above 24,630 or clear 24,900 will indicate continued bearish control,"" James said."
26 Aug 2025,"Stocks to Watch Today: HDFC Bank, Paytm, Vikram Solar, Patel Retail, Sai Life Sciences, Protean eGOV, UCO Bank, Suraj Estate in focus on 26 August",https://www.moneycontrol.com/news/business/markets/stocks-to-watch-today-hdfc-bank-paytm-vikram-solar-patel-retail-sai-life-sciences-protean-egov-uco-bank-suraj-estate-in-focus-on-26-august-13487341.html,"Stocks to Watch, 26 August: Stocks like HDFC Bank, One 97 Communications Paytm, Vikram Solar, Patel Retail, Gem Aromatics, Shreeji Shipping Global, Sai Life Sciences, Protean eGOV Technologies, UCO Bank, and Suraj Estate will be in focus on August 26.","Stocks to Watch Today, 26 August","Let's catch up on the latest news from the stock market. From significant investments to major deals, order wins, acquisitions, and appointments, here’s a quick look at which stocks will be in focus in today's trade: Results Today Sri Lotus Developers and Realty, Punjab Communications, and KDJ Holidayscapes and Resorts will announce their quarterly earnings on August 26. Stocks to Watch Sai Life Sciences TPG Asia VII SF is likely to exit the company by selling its entire 14.72% stake (3.07 crore equity shares) via block deals, with the offer size at Rs 2,500 crore and the floor price at Rs 860 per share, reports CNBC-TV18, quoting sources. One 97 Communications Paytm The Board has approved additional investments of Rs 300 crore in its subsidiary Paytm Money, and Rs 155 crore in Paytm Services through a rights issue. Additionally, the company announced a Group-level internal restructuring to streamline its corporate structure, improve business efficiency, and ensure better alignment of operations across the Group. The Board has also approved the transfer of up to 100% equity shares of associate company Foster Payment Networks from Paytm Financial Services and other shareholders to Paytm for Rs 61 crore. Post this restructuring, Foster Payment will become a wholly owned subsidiary of Paytm. Furthermore, the Board has approved the transfer of a 55% stake in First Games Technology (a subsidiary of Paytm Cloud Technologies – PCTL) from PCTL to Paytm Services, for up to Rs 140 crore. Following this, First Games Technology will continue to remain a step-down subsidiary of the company, without any change in shareholding structure. UCO Bank, Central Bank of India, Punjab & Sind Bank, Indian Overseas Bank The Government of India has appointed Goldman Sachs as the sole banker for stake sales in four PSU banks - UCO Bank, Central Bank of India, Punjab & Sind Bank, and Indian Overseas Bank, reports CNBC-TV18. Aditya Birla Capital The Reserve Bank of India has approved the appointment of Vishakha Mulye as Managing Director & CEO for a period of five years, and Rakesh Singh as Executive Director and CEO (NBFC) for a period up to July 22, 2027. Protean eGov Technologies The company has received a work order worth Rs 1,160 crore from the Unique Identification Authority of India (UIDAI) for providing services as a service provider to establish and run district-level Aadhaar Seva Kendras (ASKs). Navin Fluorine International Rajendra Sahu, CEO – CDMO Business, has resigned to pursue opportunities outside the company. His resignation is effective September 20, 2025. Vijay Kaiwar has been appointed as CEO Designate – CDMO Business, effective August 25. He will assume full responsibilities as CEO starting September 21, 2025. 3M India The Board has approved the appointment of Aseem Joshi as President and Managing Director (Designate) of the company, effective October 13, 2025. He will be responsible for managing the company’s overall operations. Jammu & Kashmir Bank The Board has approved the appointment of Sankarasubramanian Krishnan as Non-Executive Part-Time Chairman of the bank, for a term up to March 26, 2028. This appointment is subject to approval by the Reserve Bank of India. Krishnan is currently an Independent Director on the Board. Tata Motors The National Company Law Tribunal (NCLT), Mumbai, has sanctioned the Composite Scheme of Arrangement among Tata Motors, TML Commercial Vehicles, Tata Motors Passenger Vehicles, and their respective shareholders. Great Eastern Shipping Company The company has contracted to buy a Suezmax crude carrier of about 1,64,715 dwt, built in 2010, which is expected to join the fleet by Q3FY26. Additionally, it has a secondhand Kamsarmax dry bulk carrier on order (contracted in July 2025), also expected to join the fleet by Q3FY26. Post-delivery of these two vessels, the company will operate 40 vessels, aggregating 3.29 million dwt. Lemon Tree Hotels The company has signed a License Agreement for a new property — Keys Select by Lemon Tree Hotels — located in Mhasrul, Nasik. The property will be managed by its subsidiary, Carnation Hotels. Suraj Estate Developers The real estate developer has acquired a prime 644 square meter land parcel at Lower Parel, Mumbai, for Rs 6.44 crore. This land is proposed to be merged with the adjacent Ambavat Bhavan project, resulting in a consolidated land parcel of 1,310 sq. meters, with an estimated saleable carpet area of 0.32 lakh sq. ft. and a projected Gross Development Value (GDV) of Rs 130 crore. Bulk Deals Tamil Nadu Newsprint and Papers The Life Insurance Corporation of India (LIC) has offloaded 4 lakh shares (equivalent to 0.58% of paid-up equity) at Rs 171 per share. As of June 2025, LIC held a 1.8% stake (12.46 lakh shares) in the company. Capital Infra Trust CIM Investment Fund ICAV, managed by CIM Investment Management, has purchased 29.2 lakh units (equivalent to 1.06% of total outstanding units) in Capital Infra Trust at Rs 79.45 per unit. Mainboard Listing on August 26 Vikram SolarPatel RetailGem AromaticsShreeji Shipping Global SME Listing on August 26 LGT Business Connextions Stocks Trade Ex-Dividend VedantaBajaj Steel IndustriesEmami Paper MillsGarware Technical FibresGillette IndiaJay Bharat MarutiJBM AutoMAS Financial ServicesPremco GlobalSKM Egg Products Export (India)Transpek Industry Stocks Trade Ex-Bonus HDFC BankKarur Vysya Bank Stock Trades Ex-Date for Rights Arunis Abode Stocks in F&O Ban RBL Bank,Titagarh Rail Systems Stock Out of F&O ban PG Electroplast"
22 Aug 2025,Accumulate Tata Motors; target of Rs 722: Deven Choksey,https://www.moneycontrol.com/news/business/stocks/accumulate-tata-motors-target-of-rs-722-deven-choksey-13479525.html,"Deven Choksey recommended Accumulate rating on Tata Motors with a target price of Rs 722 in its research report dated August 22, 2025.",Accumulate,"Deven Choksey's research report on Tata Motors Tata Motors’ consolidated revenue declined by 2.5% YoY (-12.6% QoQ) to INR 1,044.1bn, largely in-line with our estimates (-2.1%). The growth was majorly driven by improved product mix, partially offset weaker JLR and domestic volumes. Domestic dispatches fell sharply by 9.1% YoY (-18.2% QoQ) to 297,701 units due to muted demand, while JLR wholesale volume witnessed a decline of 10.7% YoY to 87,286 units, as it was severely impacted by US tariffs and model transitions. Outlook We have revised our FY26E/FY27E EBITDA estimates by -10.4%/-6.5% respectively, factoring weaker JLR margins and subdued domestic demand. We have roll-forwarded our valuation basis to Jun’27 estimates. We value Tata Motors on a SOTP basis, implying a target price of INR 722 per share. We maintain our “ACCUMULATE” rating on the stock. For all recommendations report, click here Tata Motors - 22082025 - deven"
19 Aug 2025,"Tata Motors Standalone June 2025 Net Sales at Rs 15,682.00 crore, down 7% Y-o-Y",https://www.moneycontrol.com/news/business/earnings/tata-motors-standalone-june-2025-net-sales-at-rs-15682-00-crore-down-7-y-o-y-13466140.html,,,"Reported Standalone quarterly numbers for Tata Motors are: Net Sales at Rs 15,682.00 crore in June 2025 down 7% from Rs. 16,862.00 crore in June 2024. Quarterly Net Profit at Rs. 5,350.00 crore in June 2025 up 144.29% from Rs. 2,190.00 crore in June 2024. EBITDA stands at Rs. 7,111.00 crore in June 2025 up 82.61% from Rs. 3,894.00 crore in June 2024. Tata Motors EPS has increased to Rs. 14.53 in June 2025 from Rs. 5.80 in June 2024. Tata Motors shares closed at 676.00 on August 14, 2025 (NSE) and has given -0.94% returns over the last 6 months and -37.85% over the last 12 months. "
19 Aug 2025,"Tata Motors shares rise 2.35% in morning trade, among top gainers on Nifty 50",https://www.moneycontrol.com/news/business/stocks/tata-motors-shares-rise-2-35-in-morning-trade-among-top-gainers-on-nifty-50-alpha-article-13465947.html,"With the stock currently trading at Rs 691.90, Tata Motors demonstrates a positive move in today's session.",,"Shares of Tata Motors gained 2.35% to trade at Rs 691.90 in Tuesday's session. The stock is performing positively today, and is among the top gainers on the benchmark Nifty 50 index. Financial Performance: Tata Motors has demonstrated the following financial performance (Consolidated): Quarterly Results:Revenue: The company’s revenue has shown fluctuations over the last five quarters. It started at Rs 108,048.00 Crore in June 2024, dipped to Rs 101,450.00 Crore in September 2024, then increased to Rs 113,575.00 Crore in December 2024 and Rs 119,503.00 Crore in March 2025, before settling at Rs 104,407.00 Crore in June 2025.Net Profit: The net profit followed a similar trend, starting at Rs 5,563.00 Crore in June 2024, decreasing to Rs 3,368.00 Crore in September 2024, rising to Rs 5,616.00 Crore in December 2024 and Rs 8,442.00 Crore in March 2025, and then decreasing to Rs 3,871.00 Crore in June 2025.EPS: The Earnings Per Share (EPS) values were 14.61 in June 2024, 9.72 in September 2024, 14.81 in December 2024, 23.40 in March 2025, and 10.66 in June 2025.Annual Results:Revenue: The company's revenue increased steadily from Rs 249,794.75 Crore in 2021 to Rs 437,927.77 Crore in 2024, and then slightly increased to Rs 439,695.00 Crore in 2025.Net Profit: Tata Motors moved from a net loss of Rs -13,016.14 Crore in 2021 to a profit of Rs 31,106.95 Crore in 2024, before decreasing to Rs 22,991.00 Crore in 2025.EPS: The Earnings Per Share (EPS) improved significantly from Rs -36.99 in 2021 to Rs 81.95 in 2024, before decreasing to Rs 78.80 in 2025.BVPS: The Book Value Per Share (BVPS) has shown a consistent increase from Rs 148.39 in 2021 to Rs 315.61 in 2025.ROE: The Return on Equity (ROE) has improved from -24.34% in 2021 to 36.97% in 2024, before decreasing to 23.96% in 2025.Debt to Equity: The Debt to Equity ratio has decreased from 2.08 in 2021 to 0.54 in 2025.The following table summarizes the consolidated annual income statement of Tata Motors:Mar 2025Mar 2024Mar 2023Mar 2022Mar 2021SalesRs 439,695 CroreRs 437,927 CroreRs 345,966 CroreRs 278,453 CroreRs 249,794 CroreOther IncomeRs 6,244 CroreRs 5,949 CroreRs 4,633 CroreRs 3,053 CroreRs 2,643 CroreTotal IncomeRs 445,939 CroreRs 443,877 CroreRs 350,600 CroreRs 281,507 CroreRs 252,437 CroreTotal ExpenditureRs 407,363 CroreRs 406,636 CroreRs 337,317 CroreRs 279,198 CroreRs 254,815 CroreEBITRs 38,576 CroreRs 37,241 CroreRs 13,283 CroreRs 2,308 CroreRs -2,377 CroreInterestRs 5,083 CroreRs 9,985 CroreRs 10,225 CroreRs 9,311 CroreRs 8,097 CroreTaxRs 10,502 CroreRs -3,851 CroreRs 704 CroreRs 4,231 CroreRs 2,541 CroreNet ProfitRs 22,991 CroreRs 31,106 CroreRs 2,353 CroreRs -11,234 CroreRs -13,016 CroreThe revenue for Tata Motors has shown an increase of 0.40 percent in 2025 compared to 2024. Tata Motors announced the following corporate actions:On August 21, 2025, a physical group meeting is scheduled with Analysts / Institutional Investor(s).The Financial Results of Tata Motors Limited for the quarter ended June 30, 2025, were published in the newspaper.The audio call recording of the earnings conference call on the Financial Results for the first quarter ended June 30, 2025, is available on the Company's website.The company announced a final dividend of Rs 6 per share (300%) on May 13, 2025, with an effective date of June 4, 2025. Tata Motors had a bonus issue on September 28, 1995, with an ex-bonus date of October 4, 1995, in the ratio of 3:5. Tata Motors had a stock split on May 26, 2011, with an ex-split date of September 12, 2011, where the face value changed from Rs 10 to Rs 2. Moneycontrol analysis on August 13, 2025, indicated a bearish sentiment for Tata Motors. With the stock currently trading at Rs 691.90, Tata Motors demonstrates a positive move in today's session."
12 Aug 2025,Neutral TATA Motors; target of Rs 631: Motilal Oswal,https://www.moneycontrol.com/news/business/earnings/neutral-tata-motors-target-of-rs-631-motilal-oswal-13443410.html,"Motilal Oswal recommended Neutral rating on TATA Motors with a target price of Rs 631 in its research report dated August 09, 2025.",Neutral,"Motilal Oswal's research report on TATA Motors Tata Motors’ consol EBITDA margin of 9.2% in 1QFY26 came in below our estimate of 10.9% due to weaker-than-expected performance at JLR and India PVs. Consol PBT was ahead of estimate due to lower depreciation and lower interest expenses. JLR is facing multiple headwinds, which include: 1) tariff-led uncertainty for exports to the US; 2) demand weakness in key regions like Europe and China; and 3) rising VME, warranty and emission costs. Given these factors, management has refrained from giving any guidance for FY26 and beyond. Given the above headwinds, we expect margin pressure to persist for JLR and have factored in 150bp margin decline over FY25-27E. Even in India, both CV and PV businesses are seeing moderation in demand. For lack of any triggers, we reiterate Neutral with June-27E SOTP-based TP of INR631. Outlook We expect margin pressure to persist for JLR and have factored in 150bp margin decline over FY25-27E. Even in India, both CV and PV businesses are seeing moderation in demand. For lack of any triggers, we reiterate Neutral with June-27E SOTP-based TP of INR631. For all recommendations report, click here TATA Motors_11082025_Motilal Oswal"
11 Aug 2025,Tata Motors share price rises 2.61% in early trade,https://www.moneycontrol.com/news/business/stocks/tata-motors-share-price-rises-2-61-in-early-trade-alpha-article-13434100.html,"Tata Motors is currently trading at Rs 650.25, up 2.61% in today's session.",,"Shares of Tata Motors gained 2.61% to trade at Rs 650.25 in early trade. At 9:58 am, the stock witnessed positive movement, driven by overall market sentiments. Here is a summary of the company's recent financial performance:HeadingJun 2024Sep 2024Dec 2024Mar 2025Jun 2025RevenueRs 108,048.00 CroreRs 101,450.00 CroreRs 113,575.00 CroreRs 119,503.00 CroreRs 104,407.00 CroreNet ProfitRs 5,563.00 CroreRs 3,368.00 CroreRs 5,616.00 CroreRs 8,442.00 CroreRs 3,871.00 CroreEPS14.619.7214.8123.4010.66The consolidated financial performance for the quarter ending June 2025 shows a revenue of Rs 104,407.00 Crore, a decrease compared to the revenue of Rs 119,503.00 Crore in the quarter ending March 2025. The net profit for the same period was Rs 3,871.00 Crore, also lower than the Rs 8,442.00 Crore reported in the previous quarter. The EPS stood at 10.66, down from 23.40 in the previous quarter.Heading20212022202320242025RevenueRs 249,794.75 CroreRs 278,453.62 CroreRs 345,966.96 CroreRs 437,927.77 CroreRs 439,695.00 CroreNet Profit-13,016.14 Crore-11,234.70 CroreRs 2,353.49 CroreRs 31,106.95 CroreRs 22,991.00 CroreEPS-36.99-29.886.2981.9578.80BVPS148.39127.50137.33242.90315.61ROE-24.34-25.675.3236.9723.96Debt to Equity2.083.132.771.160.54The company’s consolidated annual revenue for the year ending March 2025 was Rs 439,695.00 Crore, slightly higher than the Rs 437,927.77 Crore for the year ending March 2024. Net profit decreased from Rs 31,106.95 Crore in March 2024 to Rs 22,991.00 Crore in March 2025. The EPS decreased from 81.95 to 78.80, and the debt-to-equity ratio improved from 1.16 to 0.54. Tata Motors announced a final dividend of Rs 6.00 per share (300%) on May 13, 2025, with an effective date of June 4, 2025. Other corporate actions include bonus issues and stock splits. A bonus issue was announced on September 28, 1995, with an existing ratio of 5:3 and an ex-bonus date of October 4, 1995. A stock split was announced on May 26, 2011, with the old face value of Rs 10 split to a new face value of Rs 2, effective September 12, 2011. Tata Motors is currently trading at Rs 650.25, up 2.61% in today's session."
11 Aug 2025,"Tata Motors shares rise even as net profit slides 30% in Q1, should you buy, sell, or hold?",https://www.moneycontrol.com/news/business/earnings/tata-motors-net-profit-slides-30-in-q1-should-you-buy-sell-or-hold-shares-13432651.html,"For the quarter ended June, Tata Motors noted that its performance was impacted by volume decline in all businesses and a drop in profitability at Jaguar Land Rover.",Tata Motors Ltd,"Shares of automobile giant Tata Motors Ltd saw an uptick in the early session on Monday, August 11, even after the Tata group firm reported a 30 percent fall in net profit for the quarter ended June 30, 2025. Tata Motors posted a net profit of Rs 3,924 crore for the April-June quarter of the financial year 2026, down 30 percent from Rs 5,643 crore net profit reported in the same period last year. The firm's revenue from operations meanwhile dropped 2.5 percent on-year to Rs 1.04 lakh crore in Q1 FY26, from Rs 1.07 lakh crore in Q1 FY25. Tata Motors said its performance was impacted by volume decline in all businesses and a drop in profitability primarily at Jaguar Land Rover (JLR). The firm said Donald Trump’s tariff impacted the luxury automaker’s revenues, which were down over 9 percent to £6.6 billion, with EBIT margin declining 490 bps to 4 percent. At 9.25 a.m., shares of the firm were quoting Rs 637.85, higher by 0.6 percent on the NSE. Should you buy, sell, or hold shares of Tata Motors? According to international brokerage Jefferies, Tata Motors' shares are likely to 'underperform' in the near-term, leading the brokerage to cut its price target to Rs 550 per share. The brokerage flagged rising competition, China tax, warranty costs, and aging models at JLR, while noting market share losses and margin pressure in India’s passenger vehicle segment, weak commercial vehicle demand, and concerns over the Iveco acquisition. It also cut FY26–28 EPS estimates by 8–15 percent. Nuvama Institutional Equities expects muted growth for Tata Motors’ JLR, forecasting just 1 percent CAGR due to Jaguar model discontinuations, weak China and Europe sales, and US tariffs. India’s commercial vehicle business is also likely to see only 1 percent CAGR on a high base, reasonable transporter utilisation, and railway competition. Despite cost-saving efforts, muted demand and rising marketing spends are expected to limit EBITDA CAGR to 4 percent over FY25–28E. As a result, Nuvama retained its ‘reduce’ rating, cutting its target price to Rs 610, down from Rs 670 earlier. Motilal Oswal flagged multiple headwinds for JLR, including tariff-related uncertainty for US exports, weak demand in Europe and China, and rising warranty, emission, and marketing costs. Management has refrained from giving guidance beyond FY26. With margin pressure expected to persist and slowing demand in India’s CV and PV businesses, the brokerage reiterated its ‘neutral’ call, and a price target of Rs 631 per share. On the flip side, domestic brokerage Emkay Global noted that over the past five years, JLR has improved its business profile, profitability, and balance sheet, achieving resilience through enterprise initiatives aimed at saving £1.4 billion annually. The brokerage remains positive on Tata Motors, maintaining a ‘buy’ rating, with a target price of Rs 750. Follow our market blog to catch all the live updates "
11 Aug 2025,"Stocks to Watch Today: Tata Motors, IDFC First Bank, Manappuram Finance, Power Mech Projects, Entero Healthcare, Voltas, Siemens in focus on 11 August",https://www.moneycontrol.com/news/business/markets/stocks-to-watch-today-tata-motors-idfc-first-bank-manappuram-finance-power-mech-projects-entero-healthcare-voltas-siemens-in-focus-on-11-august-13431619.html,"Stocks to Watch, 11 August: Stocks like Tata Motors, IDFC First Bank, Manappuram Finance, Power Mech Projects, Entero Healthcare Solutions, Voltas, Siemens, RBL Bank, DCW, Indian Oil Corporation, Bharat Petroleum Corporation, and Hindustan Petroleum Corporation will be in focus on August 11.","Stocks to Watch Today, 11 August","Let's catch up on the latest news from the stock market. From significant investments to major deals, quarterly earnings, new listings and acquisitions, here’s a quick look at which stocks will be in focus in today's trade: Results Today Ipca Laboratories, Ashoka Buildcon, Astral, Awfis Space Solutions, Bajaj Consumer Care, Bata India, BEML, Brigade Hotel Ventures, Enviro Infra Engineers, Krsnaa Diagnostics, Praj Industries, Tilaknagar Industries, Titagarh Rail Systems, Travel Food Services, VST Tillers Tractors, and Websol Energy System will release quarterly earnings on August 11. Quarterly Earnings Tata Motors Q1 (Consolidated YoY) Profit tanks 30.5% to Rs 3,924 crore Vs Rs 5,643 crore Revenue declines 2.5% to Rs 1,04,407 crore Vs Rs 1,07,102 crore Siemens Q3SY25 (Consolidated YoY) Profit falls 3.1% to Rs 423.4 crore Vs Rs 437 crore Revenue grows 15.5% to Rs 4,346.8 crore Vs Rs 3,762.6 crore Voltas Q1 (Consolidated YoY) Profit sinks 58% to Rs 140.5 crore Vs Rs 334.2 crore Revenue declines 20% to Rs 3,938.6 crore Vs Rs 4,921 crore Puravankara Q1 (Consolidated YoY) Loss stands at Rs 68.6 crore Vs profit of Rs 14.8 crore Revenue falls 20.3% to Rs 524.4 crore Vs Rs 658.3 crore Poly Medicure Q1 (Consolidated YoY) Profit jumps 25.7% to Rs 93.1 crore Vs Rs 74 crore Revenue grows 4.8% to Rs 403.2 crore Vs Rs 384.8 crore Other income zooms to Rs 41.7 crore Vs Rs 16.9 crore DCW Q1 (YoY) Profit surges 69.3% to Rs 11.4 crore Vs Rs 6.7 crore Revenue falls 4.8% to Rs 475.5 crore Vs Rs 499.5 crore Shipping Corporation of India Q1 (Consolidated YoY) Profit grows 21.5% to Rs 354.2 crore Vs Rs 291.5 crore Revenue declines 13.1% to Rs 1,316 crore Vs Rs 1,514.3 crore Entero Healthcare Q1 (Consolidated YoY) Profit soars 38.4% to Rs 27.8 crore Vs Rs 20.1 crore Revenue jumps 28% to Rs 1,403.8 crore Vs Rs 1,097 crore DOMS Industries Q1 (Consolidated YoY) Profit increases 10.5% to Rs 57.3 crore Vs Rs 51.8 crore Revenue climbs 26.4% to Rs 562.3 crore Vs Rs 445 crore Gujarat Alkalies and Chemicals Q1 (Consolidated YoY) Loss narrows to Rs 13.8 crore Vs loss of Rs 44.5 crore Revenue grows 13.1% to Rs 1,105.1 crore Vs Rs 977.3 crore Dhampur Sugar Mills Q1 (Consolidated YoY) Profit declines 43.5% to Rs 0.91 crore Vs Rs 1.6 crore Revenue rises 9.2% to Rs 740.7 crore Vs Rs 678.2 crore Power Mech Projects Q1 (Consolidated YoY) Profit soars 30.5% to Rs 80.6 crore Vs Rs 61.7 crore Revenue jumps 28.4% to Rs 1,293.4 crore Vs Rs 1,007.4 crore Ceigall India Q1 (Consolidated YoY) Profit tanks 33% to Rs 53.2 crore Vs Rs 79.4 crore Revenue rises 1.9% to Rs 838.2 crore Vs Rs 822.4 crore Manappuram Finance Q1 (Consolidated YoY) Profit sinks 76.2% to Rs 132.5 crore Vs Rs 556.5 crore Revenue drops 14.2% to Rs 1,407.1 crore Vs Rs 1,639.9 crore Stocks to Watch ICICI Bank The private sector lender has raised the average minimum balance for savings accounts in metros and urban areas to Rs 50,000 from the current Rs 10,000. This will be applicable to new accounts being opened from August 1. It has also raised the minimum balance requirement for savings accounts in semi-urban branches to Rs 25,000, from Rs 5,000 earlier, and in rural branches to Rs 10,000, up from Rs 2,500 earlier. Additionally, the Reserve Bank of India has imposed a monetary penalty of Rs 75 lakh on ICICI Bank for not carrying out the valuation of properties by independent valuers in certain mortgage loans and for opening/maintaining certain current accounts in contravention of extant regulatory requirements. HPCL, BPCL, IOC The Union Cabinet has approved compensation amounting to Rs 30,000 crore for the three public sector oil marketing companies (Indian Oil Corporation, Bharat Petroleum Corporation, and Hindustan Petroleum Corporation) for the under-recoveries incurred on the sale of domestic LPG. The compensation will be paid in twelve tranches. IDFC First Bank Platinum Invictus B 2025 RSC has received approval from the Reserve Bank of India to invest up to 9.99% of the paid-up share capital of IDFC First Bank. Out of this, Platinum Invictus B 2025 RSC has proposed to invest Rs 2,624 crore (constituting a 5.09% stake) in the bank, as part of the preferential issue approved by the shareholders of the bank on May 17, 2025. Bulk Deals Bharti Airtel Promoter entity Indian Continent Investment offloaded 3 crore shares at Rs 1,870.4 per share and another 3 crore shares at Rs 1,871.95 per share in Bharti Airtel, totaling a 0.98 percent stake worth Rs 11,227.05 crore. Zinka Logistics Solutions Sands Capital Private Growth II has sold 10.68 lakh shares (0.6% stake) in the company at Rs 520.47 per share, valued at Rs 55.58 crore. Sands Capital was holding a 3.68 percent stake in Zinka as of June 2025. EPACK Durable Tata Mutual Fund has bought 15 lakh shares (1.56% stake) in EPACK Durable at Rs 390 per share, amounting to Rs 58.5 crore. However, Augusta Investments Zero Pte offloaded 38.5 lakh shares (4.01% stake) at Rs 391.02 per share, valued at Rs 150.5 crore. Augusta Investments was holding a 10.13% stake in EPACK as of June 2025. Centum Electronics Promoter Mallavarapu Venkata Apparao sold 6.6 lakh shares (equivalent to a 4.5% stake) in Centum Electronics at Rs 2,300.93 per share, amounting to Rs 153.2 crore. Of this, HDFC Mutual Fund and 3P India Equity Fund acquired a 3.5% stake worth Rs 118.45 crore. SME Listing on August 11 Bhadora IndustriesAaradhya Disposal IndustriesJyoti Global PlastParth Electricals & EngineeringBLT LogisticsEssex Marine Stocks Trade Ex-Dividend Jio Financial ServicesAkzo Nobel IndiaCastrol IndiaGlobus SpiritsGPT InfraprojectsIndo Count IndustriesKP EnergyKPI Green EnergyKalyani SteelsNeelamalai Agro IndustriesRashi PeripheralsShri Dinesh MillsStarteck FinanceTainwala Chemicals and Plastics (India) Stock Trades Ex-Date for Income Distribution (InvIT) Capital Infra Trust Stocks in F&O Ban PNB Housing FinanceRBL Bank"
08 Aug 2025,"Tata Motors Q1 results: Net profit falls 30% to Rs 3,924 crore, in-line with estimates",https://www.moneycontrol.com/news/business/earnings/tata-motors-q1-results-net-profit-falls-30-to-rs-3-924-crore-in-line-with-estimates-13424626.html,"Tata Motors Q1 results: Donald Trump's tariff impacted  Jaguar Land Rover revenue, which dropped 9% during the quarter.",Tata Motors Q1 results,"Tata Motors on August 8 reported a net profit of Rs 3,924 crore for the April-June quarter of the financial year 2026. This marks a 30 percent on-year drop from the Rs 5,643 crore net profit from continuing operations reported in the same period last year. The drop in net profit was in-line with Moneycontrol poll of six brokerage firms. The firm's revenue from operations meanwhile dropped 2.5 percent on-year to Rs 1.04 lakh crore in Q1 FY26, from Rs 1.07 lakh crore in Q1 FY25. Revenue however beat estimate, as brokerages polled by Moneycontrol had expected the firm's revenue to drop 8.7 percent. EBITDA plunged 36 percent on-year to Rs 9,700 crore. Trump tariff impact: Tata Motors said its performance was impacted by volume decline in all businesses and a drop in profitability primarily at Jaguar Land Rover. The firm said Donald Trump’s tariff impacted the luxury automaker’s revenues, which were down over 9 percent to £6.6 billion, with EBIT margin declining 490 bps to 4 percent. The firm's commercial vehicle revenues were down by 4.7 percent to Rs 17,000 crore, while EBITDA margins improved to 12.2 percent (+60 bps), benefiting from better realizations and cost savings despite lower volumes. Passenger vehicle revenues declined by 8.2 percent, reflecting softness in industry demand, and transition to new models. Despite the fall in revenue, Jaguar Land Rover (JLR) has kept its guidance range for FY26 unchanged at of 5-7 percent. ""Welcomed signing of UK-US trade deal to reduce tariffs on UK-produced vehicles exported to the US from 27.5% to 10%, effective from 30 June 2025. EU-US trade deal announced on 27 July 2025 will, in due course, reduce tariffs on JLR’s EU produced vehicles exported to US from 27.5% to 15%,"" it added. Update on Tata Motors demerger: Speaking about the demerger of its PV and CV business, Tata Motors said that the final hearing for the scheme of demerger has been concluded by NCLT, and order is reserved. The automaker expects the demerger to be completed by the end of the ongoing quarter. The demerger is aimed to take effect from October 1. The company noted that the quarter was subdued for both the segments, driven by softer demand. 'Demand situation likely to remain challenging' ""With the demand situation likely to remain challenging, we will continue to focus on strengthening the business fundamentals and mitigate the impact of tariffs by leveraging the brand strength to drive a better mix, and targeted actions to improve contribution margins,"" Tata Motors said in its exchange filing. Speaking about the company's performance during the quarter, Tata Motors Group Chief Financial Officer PB Balaji said, ""Despite stiff macro headwinds, the business delivered a profitable quarter, supported by strong fundamentals. As tariff clarity emerges and festive demand picks up, we are aiming to accelerate performance and rebuild momentum across the portfolio. Against the backdrop of the upcoming demerger in October 2025, our focus remains firmly on delivering a strong second-half performance."" The company released its results in the post market hours of August 8. The shares of the company closed over 2.4 percent lower during the day at Rs 630.80 apiece. The stock has declined 9 percent over the past one month, and nearly 16 percent in 2025 so far. Also read: Manappuram Finance Q1 net profit tumbles 75% to Rs 138 crore, firm announces dividend"
04 Aug 2025,"Auto stocks jump on strong July sales, positive Q1 earnings; Hero MotoCorp, TVS Motor, M&M shares rise up to 3%",https://www.moneycontrol.com/news/business/markets/auto-stocks-jump-on-strong-july-sales-positive-q1-earnings-hero-motocorp-tvs-motor-m-m-shares-rise-up-to-3-13381346.html,"Auto stocks: The sharp rally in the share prices pushed the Nifty Auto index up more than 1.5 percent, emerging as the top sectoral gainer on the market today.",Auto stocks rise,"The shares of automakers recorded significant gains on August 4, as strong July sales and Q1 earnings boosted investor sentiment. The sharp rally in the share prices pushed the Nifty Auto index up more than 1.5 percent, emerging as the top sectoral gainer on the market today. This comes after the stocks faced notable downturn after US President Donald Trump announced a 25 percent tariff and an additional tariff on India. The auto index has now snapped a three-day losing streak, during which it had tumbled nearly 2 percent. Hero MotoCorp shares were the top gainer on the index, rising more than 3.4 percent to trade at Rs 4,458 apiece. The company on August 1 said that it sold 4.5 lakh units in July 2025, marking a 21 percent rise from the same period last year. Its motorcycle sales grew nearly 18 percent on-year to 4 lakh units, while scooter sales rose more than 64 percent on-year to 49,140 units.Hero MotoCorp July SalesJuly 2025July 2024Motorcycles400,615340,390Scooters49,14029,884TOTAL449,755370,274TVS Motor Company shares rose more than 3 percent to trade at Rs 2,954 apiece. The company on July 31 reported a 35 percent on-year rise in net profit to Rs 779 crore for Q1 FY26. Its operating EBITDA rose 32% to Rs 1,263 crore. The company’s monthly sales grew 29 percent on-year to 4.56 lakh units in July 2025. Total exports grew 46 percent on-year, while EV sales rose 10 percent on-year.TVS Motor July SalesJuly 2025July 2024Two-wheeler438,790339,676Electric Vehicle23,60521,442Three-Wheeler17,56014,464TOTAL456,350354,140Tube Investments of India shares jumped 3 percent to trade at Rs 2,898 apiece. The company on August 1 reported a 12 percent on-year fall in net profit to Rs 199 crore in Q1 FY26. Its revenue from operations meanwhile rose nearly 17 percent on-year to Rs 5,171 crore. Eicher Motors and Ashok Leyland shares gained more than 2 percent each. The two firms reported a 31 percent and 4 percent on-year rise in monthly sales in July, respectively. Bosch, Bharat Forge and Samvardhana Motherson shares gained nearly 2 percent, while Mahindra & Mahindra shares were up 1.4 percent. The automaker on August 1 reported a 20 percent on-year rise in domestic passenger vehicle sales to nearly 5 lakh units in July. Exports meanwhile soared 83 percent on-year to 2,774 units.Mahindra & Mahindra July salesJuly 2025July 2024Passenger vehicles (Domestic)49,87141,623Commercial Vehicles (Domestic)21,571-Exports2,7741,515TOTAL83,691-Bajaj Auto and Exide India shares gained more than 1 percent each. Bajaj Auto’s total sales in July grew 3 percent on-year to 3.66 lakh, although domestic sales shrank 13 percent on-year to 1.83 lakh units. Bajaj Auto July SalesJuly 2025July 2024Two-wheeler2,96,2472,97,541Commercial vehicles69,75356,628TOTAL3,66,0003,54,169Tata Motors and Maruti Suzuki shares were trading in the green with marginal gains. Tata Motors’ domestic sales dropped 6 percent on-year to 65,953 units in July. Commercial vehicles sales grew 7 percent on-year to 28,956 during the month, but passenger vehicle sales dropped 11 percent to 40,175.Tata Motors July SalesJuly 2025July 2024Passenger vehicles40,17544,954Commercial vehicles28,95627,042TOTAL69,13171,996Maruti Suzuki’s total sales rose 3 percent on-year to 1.8 lakh units in July. Its domestic sales however fell 1.5 percent on-year to 1.49 lakh units, while exports rose 32 percent on-year to 31,745.Maruti Suzuki July SalesJuly 2025July 2024Domestic Sales148,781151,056Exports31,74523,985TOTAL180,526175,041Also read: Our LIVE blog on stock market updates"
01 Aug 2025,Tata Motors shares fall 2.09% in morning trade,https://www.moneycontrol.com/news/business/stocks/tata-motors-shares-fall-2-09-in-morning-trade-alpha-article-13365656.html,"Overall, Tata Motors is currently trading at Rs 652.00, marking a 2.09% decline from its previous closing price.",,"Shares of Tata Motors declined by 2.09% to Rs 652.00 in Friday's morning session. The stock's movement reflects a decrease from its previous close, with trading activity observed on the NSE at 10:10 am. Financial Overview: Tata Motors' financial performance reveals the following trends: The consolidated revenue for the year ending March 2025 stood at Rs 439,695.00 Crore, slightly up from Rs 437,927.77 Crore in the previous year. Net profit for the same period was Rs 22,991.00 Crore, compared to Rs 31,106.95 Crore in the previous year. The company’s EPS stood at Rs 78.80 in March 2025 compared to Rs 81.95 in March 2024. For the quarter ending March 2025, the company's consolidated revenue was Rs 119,503.00 Crore, while the net profit stood at Rs 8,442.00 Crore. The EPS for the quarter was Rs 23.40. Key Financial Metrics (Consolidated):ParticularsMar 2025Mar 2024Mar 2023Mar 2022Mar 2021Revenue (Rs. Crore)119,503.00119,986.31NANANANet Profit (Rs. Crore)8,442.0017,282.04NANANAEPS23.4045.42NANANAIncome Statement (Consolidated):ParticularsMar 2025 (Rs. Crore)Mar 2024 (Rs. Crore)Mar 2023 (Rs. Crore)Mar 2022 (Rs. Crore)Mar 2021 (Rs. Crore)Sales439,695437,927345,966278,453249,794Other Income6,2445,9494,6333,0532,643Total Income445,939443,877350,600281,507252,437Total Expenditure407,363406,636337,317279,198254,815EBIT38,57637,24113,2832,308-2,377Interest5,0839,98510,2259,3118,097Tax10,502-3,8517044,2312,541Net Profit22,99131,1062,353-11,234-13,016The sales increased from Rs 437,927 Crore in March 2024 to Rs 439,695 Crore in March 2025. Meanwhile, the net profit decreased from Rs 31,106 Crore in March 2024 to Rs 22,991 Crore in March 2025. Cash Flow (Consolidated):ParticularsMar 2025 (Rs. Crore)Mar 2024 (Rs. Crore)Mar 2023 (Rs. Crore)Mar 2022 (Rs. Crore)Mar 2021 (Rs. Crore)Operating Activities63,10267,91535,38814,28229,000Investing Activities-47,594-22,828-16,804-4,775-26,126Financing Activities-18,786-37,005-26,242-3,3809,904Others-2,388461,386331453Net Cash Flow-5,6668,127-6,2726,45813,232Balance Sheet (Consolidated):ParticularsMar 2025 (Rs. Crore)Mar 2024 (Rs. Crore)Mar 2023 (Rs. Crore)Mar 2022 (Rs. Crore)Mar 2021 (Rs. Crore)Share Capital3,2003,3143,266765765Reserves & Surplus115,40784,14944,55343,78854,480Current Liabilities166,684173,617155,027150,682157,749Other Liabilities93,351109,582133,234135,382130,129Total Liabilities378,642370,663336,081330,619343,125Fixed Assets180,608156,123145,513148,299158,867Current Assets160,325168,392151,528146,977146,887Other Assets37,70946,14839,03935,34337,370Total Assets378,642370,663336,081330,619343,125Contingent Liabilities50,74043,05539,47718,47017,773Key Financial Ratios:RatioMar 2025Mar 2024Mar 2023Mar 2022Mar 2021Basic EPS (Rs.)78.8081.956.29-29.88-36.99Diluted Eps (Rs.)78.7581.886.29-29.88-36.99Book Value /Share (Rs.)315.61242.90137.33127.50148.39Dividend/Share (Rs.)6.006.002.000.000.00Face Value22222Gross Profit Margin (%)14.1814.9510.569.9713.98Operating Margin (%)8.898.723.371.054.55Net Profit Margin (%)6.337.100.68-4.03-5.21Return on Equity (%)23.9636.975.32-25.67-24.34ROCE (%)18.4519.396.451.636.14Return On Assets (%)7.348.470.71-3.46-3.92Current Ratio (X)0.960.970.980.980.93Quick Ratio (X)0.680.690.710.740.70Debt to Equity (x)0.541.162.773.132.08Interest Coverage Ratios (X)12.276.563.572.984.31Asset Turnover Ratio (%)1.171.241.040.230.16Inventory Turnover Ratio (X)5.075.635.501.590.913 Yr CAGR Sales (%)25.6632.4115.12-3.97-7.923 Yr CAGR Net Profit (%)43.0554.59-53.69-37.6938.22P/E (x)8.5612.1166.90-14.52-8.16P/B (x)2.144.483.553.732.09EV/EBITDA (x)4.476.787.109.705.30P/S (x)0.560.870.470.600.46Corporate Actions: Tata Motors announced a final dividend of Rs 6.00 per share (300%) on May 13, 2025, with an effective date of June 4, 2025. The company had also announced a final dividend of Rs 3.00 per share (150%) and a special dividend of Rs 3.00 per share (150%) on May 10, 2024, with an effective date of June 11, 2024. The company issued bonus shares on multiple occasions, including a 3:5 bonus ratio announced on September 28, 1995, with an ex-bonus date of October 4, 1995. Tata Motors had a stock split, with the old face value of Rs 10 split into a new face value of Rs 2, with an ex-split date of September 12, 2011. Tata Motors also had a rights issue with rights ratio of 6:109, premium of Rs 448 and face value of Rs 2. Exrights date was April 06, 2015. Overall, Tata Motors is currently trading at Rs 652.00, marking a 2.09% decline from its previous closing price."
31 Jul 2025,"Secured bridge finance from Morgan Stanley, MUFG for Iveco buy: Tata Motors",https://www.moneycontrol.com/news/business/secured-bridge-finance-from-morgan-stanley-mufg-for-iveco-buy-tata-motors-13357718.html,"Tata Motors on Wednesday said it will acquire Italian commercial vehicle maker Iveco Group, excluding its defence business, for euro 3.8 billion (nearly Rs 38,240 crore)","Secured bridge finance from Morgan Stanley, MUFG for Iveco buy: Tata Motors","Tata Motors top management on July 31 said the auto major will fund Iveco buy through syndicated debt and that they expect to repay Iveco acquisition-related debt in four years. Secured bridge finance from Morgan Stanley, MUFG for Iveco buy, said Tata Motors. Tata Motors on Wednesday said it will acquire Italian commercial vehicle maker Iveco Group, excluding its defence business, for euro 3.8 billion (nearly Rs 38,240 crore) in a deal which is set to be the Indian automaker's biggest buyout. In the automotive space, the company's largest acquisition till date is its buyout of British brand Jaguar Land Rover for $2.3 billion in 2008. The executive committee of the company's board has approved the acquisition of 100 per cent common shares of Iveco Group NV, through all cash voluntary tender offer (excluding defence business), subject to all regulatory, statutory and all other necessary approvals, the Mumbai-based auto major said in a regulatory statement"
31 Jul 2025,"Sensex falls over 600 pts, Nifty below 24,700: Trump's tariffs on India among key factors behind market decline",https://www.moneycontrol.com/news/business/markets/sensex-down-over-500-pts-nifty-below-24-700-trump-s-tariffs-on-india-among-key-factors-behind-market-decline-13355607.html,"Sensex, Nifty declined as market participants cited multiple headwinds including foreign fund outflows, global cues and Trump's tariffs. ","Sensex, Nifty see profit-booking amid Trump tariffs.","The benchmark equity indices declined sharply on Thursday as investor sentiment weakened following the announcement of US tariffs on Indian goods and penalties linked to energy and defence imports from Russia. At around 10: 30 a.m., Sensex plunged 618.88 points or 0.76 percent to 80,862.98, while the broader Nifty dropped to 24,671.25, down 183.80 points or 0.74 percent. Reliance Industries, Tata Motors, Mahindra & Mahindra, Bharti Airtel, Titan and State Bank of India were the major laggards. Key factors behind the market slide: 1) US Tariffs on India: US President Donald Trump announced a 25 percent tariff on all Indian goods effective August 1, along with an unspecified penalty for India’s continued purchases of Russian crude oil and military equipment. The development is being viewed as a pressure tactic amidst ongoing trade discussions. ""The imposition of a 25 percent tariff, along with penalties related to Russian imports, is negative for Indian exports and could weigh on near-term GDP growth,"" said V K Vijayakumar, Chief Investment Strategist at Geojit Financial Services. 2) FII Selling: Foreign Institutional Investors (FIIs) net sold equities worth Rs 850.04 crore on Wednesday. Persistent selling by FIIs typically exerts downward pressure on stock valuations and dampens investor confidence. Stock Market LIVE Updates 3) Weak Global Cues: Asian markets traded mostly lower, with benchmarks in South Korea, China, and Hong Kong in the red. US equities also ended on a mixed note overnight, adding to the cautious sentiment. 4) Rupee Pressure: The Indian rupee rebounded by 14 paise to 87.66 against the US dollar in early trade, following potential RBI intervention. However, it remained under pressure after recording a sharp 89 paise fall in the previous session — its steepest single-day decline in over three years. A weaker rupee increases import costs and can worsen the trade deficit, affecting macroeconomic stability. Technical Outlook Anand James, Chief Market Strategist at Geojit Financial Services, said the Nifty saw rejection trades after breaching the 24,900 level, heightening chances of a retest at 24,650. “Upside attempts post a gap-down open are likely. The 24,788 mark is seen as a crucial pivot. A fall below 24,650–24,600 could open the door to 24,450. However, a sustained breakdown appears less likely for the day,” he added. “Holding above 24,788 would be viewed positively, but a move past the 24,960–25,050 zone is necessary for any upside toward 25,330.”"
31 Jul 2025,"Tata Motors' Iveco deal promises global footprint, cleaner powertrain and a new power brand",https://www.moneycontrol.com/news/business/markets/tata-motors-iveco-deal-promises-global-footprint-cleaner-powertrain-and-a-new-power-brand-13354270.html,"Together, Iveco and Tata Motors' commercial vehicle business will have combined revenue of €22 billion (Rs 2.20 lakh crore) across Europe (50%), India (35%) and the Americas (15%).","FILE PHOTO: Logo of truck-maker Iveco is pictured at the IAA Transportation fair, which will open its doors to the public on September 20, 2022, in Hanover, Germany, September 19, 2022. REUTERS/Fabian Bimmer/File Photo","The landmark deal by Tata Motors to acquire Italian MNC Iveco is expected to shape Tata Motors’ global commercial vehicle (CV) strategy, with greater presence in international markets, and access to clean energy powertrains, besides a powerful brand in the CV category. Shares of Tata Motors are off early lows, still down over 0.5 percent on July 31 as of 10:00am, following a sharp fall a day before, weighed down by investors' concern around the acquisition. Iveco's trucks have 11 percent market share in EU and Latin America, while its the second largest bus manufacturer in Europe. In powertrain and engines, Iveco is the fifth largest maker in the world. The company which is rooted in Europe has core revenues and production coming in from across the world, which will be a significant expansion of Tata Motors' footprint in the CV business. While Europe accounts for 75 percent of the industrial revenue for Iveco, the company has a manufacturing as well as R&D presence in South America, with 12 percent revenue contribution. Iveco's trucks are a market leader in the LCV category, and the company has a growing traction in HCVs, with new launches in the electric platform. This multi-energy portfolio covering all segments is being positioned by Tata Motors are a big draw. The development comes as Tata Motors is progressing towards a demerger to separate commercial and passenger vehicle businesses by March 2026. ""This is a logical next step following the demerger of the Tata Motors Commercial Vehicle business and will allow the combined group to compete on a truly global basis with two strategic home markets in India and Europe. The combined group's complementary businesses and greater reach will enhance our ability to invest boldly. I look forward to securing the necessary approvals and concluding the transaction in the coming months,"" N Chandrasekaran, Chairman of Tata Motors said. The acquisition of Iveco’s truck operations offers Tata Motors a place in Europe’s CV sector and boosts presence in a sizeable market. Olof Persson, CEO of Iveco Group said, ""By joining forces with Tata Motors, we are unlocking new potential to further enhance our industrial capabilities, accelerate innovation in zero-emission transport, and expand our reach in key global markets."" Tata Motors will also gain access to advanced electric and hydrogen powertrains, likely accelerating its clean mobility transition. Iveco is a leader in a vast range of advanced powertrain technologies in agriculture, construction, and commercial vehicles sectors. Girish Wagh, Executive Director of Tata Motors called the deal a 'strategic leap forward' in the ambition to build a 'future-ready commercial vehicle ecosystem'. The deal will see a continuation of the Iveco brand, with Tata Motors maintaining the corporate identity, as well as key brands and logos, positioning Tata Motors as a global CV powerhouse that can be comparable to Daimler Truck and Volvo. Iveco has been a strong 4 in European heavy truck sales with a 13% share, trailing Daimler (Mercedes), Volvo, and Scania. Renault Trucks, Volvo's subsidiary, reported 2024 revenue of €6.42 billion, Daimler Truck's 2024 group revenue was around €54.1 billion, while Iveco reported consolidated revenue of €15.29 billion last year. Together, Iveco and Tata Motors' commercial vehicle business will have combined revenue of €22 billion (Rs 2.20 lakh crore) across Europe (50%), India (35%) and the Americas (15%). The combined entity now boasts of a broader range of trucks, buses, and commercial vehicles, enhancing competitiveness, as well as new efficiencies in manufacturing, R&D, and supply chains. Italy's Iveco Group is breaking itself up to selling the defense unit to Leonardo, and the rest of the business to Tata Motors. The offer aims to acquire 100% of Iveco's shares with a subsequent delisting from Euronext Milan. This is the first major deal by Tata Motors nearly two decades after its purchase of Jaguar Land Rover in 2008."
30 Jul 2025,Tata Motors to buy Italian firm Iveco's commercial vehicle biz for $4.5 bn: Report,https://www.moneycontrol.com/automobile/tata-motors-to-buy-italian-firm-iveco-s-commercial-vehicle-biz-for-4-5-bn-report-article-13347936.html,"The deal, if confirmed, will make it the Tata group’s second-largest purchase ever and the biggest ever for its auto unit","The announcement for the latest deal is expected on July 30, the newspaper said.","In a major deal, Tata Motors is expected to acquire Italian truck maker Iveco from Agnelli family for $4.5 billion, a report by The Economic Times said on July 30. The deal, if confirmed, will make it the Tata group’s second-largest purchase ever and the biggest ever for its auto unit, the report said. The family is the principal shareholder of the automaker, the report said. In 2007, Tata Steel had acquired Corus Group for $12 billion, making it the group’s largest deal ever. The next year in 2008, Tata Motors acquired UK’s Jaguar Land Rover for $2.3 billion. The announcement for the latest deal is expected on July 30, the newspaper said. The board members of both the companies are set to meet on July 30 to approve the acquisition, ET said citing sources. The Turin-based firm on Tuesday had confirmed the developments as the company said it was in “advanced talks” with two “different parties”, the paper said. The India carmaker will announce its Q1 results next week. In the previous quarter, the company had reported a 51 percent fall in consolidated net profit at Rs 8,470 crore for the fourth quarter of FY25. Its consolidated total revenue from operations increased 0.4 percent to Rs 1,19,503 crore against Rs 1,19,033 crore in the year-ago period, thus missing estimates."
25 Jul 2025,"India‑UK FTA tariff cuts sparks cautious optimism, focus to shift to execution and earnings",https://www.moneycontrol.com/news/business/markets/india-uk-fta-tariff-cuts-sparks-cautious-optimism-focus-to-shift-to-execution-and-earnings-13323863.html,"Textile, leather, mid‑cap IT, pharma and premium auto sectors poised for gains—markets optimistic if corporates deliver.","India‑UK FTA tariff cuts sparks cautious optimism, focus to shift to execution and earnings ","Market reaction to the India‑UK Free Trade Agreement is likely to be optimistic yet measured, with investors closely watching execution rather than tariff headlines alone. While the FTA does open doors across textiles, leather, pharma, mid‑cap IT firms, and select auto names, analysts stress that benefits hinge on management execution, demand visibility in the UK, and regulatory alignment. Textiles & Leather: Prime beneficiaries of duty-free access Traditionally burdened by 8 to 12% UK import duties, Indian textile and leather exporters now stand to strengthen their global edge — especially if rules of origin work in their favor. Kranti Bathini of WealthMills Securities views them as the sectors most likely to benefit. Vivek Tandon of Revalyu Group anticipates India‑UK textile exports could double over five to six years at an 11% CAGR. Companies like KPR Mill, Gokaldas Exports, and Sutlej Textiles are well-positioned to ride the tailwind. Rising demand for recycled PET yarn and circular textiles could further elevate prospects. UK‑Focused IT: Opportunity in niche visibility Beyond large-cap IT firms, mid-sized Indian companies with strong UK exposure— such as Mastek and Firstsource — are likely to see improvement in offshore client access, project mobility, and regulatory flexibility. Satwik Jain of Generational Capital highlights increased demand from UK BFSI, healthcare, and public-sector clients. ""mid-sized firms with existing UK bases could gain more traction over time,” he said. Pharmaceuticals: Select wins on a defined path Sector gains will be selective, driven by pharmaceutical companies that can leverage regulatory harmonization and faster generic drug approvals in the UK marketplace. Firms like Cipla and Biocon, with established EU filings and global footprints, are best-positioned to benefit from improved licensing and market access. Auto & Luxury Vehicles: Tata’s JLR stands to gain If tariff cuts to ~10% materialize under the FTA, Indian consumers and companies such as Tata Motors (owner of Jaguar Land Rover) may benefit, especially in luxury vehicle segments. Though quota specifics are still under negotiation, analysts see the potential for smoother trade processes and cost advantages as a structural plus. Agri & Marine Exports: Gradual export gains possible While listed exporters may not see immediate off-take, eased UK sanitary barriers could open incremental opportunities in spices, processed foods, fruits, and marine exports. In segments like Avanti Feeds and LT Foods, these gains may accrue gradually over time. READ MORE News Stories & LIVE Updates: India UK trade deal updates: FTA game changer for trade, investment, services, says Piyush Goyal Broader Impact: Supply-chain realignments play in India’s favor Analysts also see strategic benefits beyond formal UK access. With global sourcing shifting away from China, India’s engineering goods, chemicals, and IT sector stand to benefit from rising “China-plus-one” export flows. The FTA adds credibility to India’s long-term export thesis. Markets are optimistic — with eyes on earnings upgrades and execution — though immediate reactions remain cautiously optimistic as markets have already discounted significant gains from the tariff move and will now wait for companies to operationalise the opportunity and see them reflecting in growth numbers, said analysts."
24 Jul 2025,"Tata Group annual report: Chairman N Chandrasekaran cites 'financial transformation journey' in FY20-FY25 profit, topline growth",https://www.moneycontrol.com/news/business/tata-group-annual-report-chairman-n-chandrasekaran-cites-financial-transformation-journey-in-fy20-fy25-profit-topline-growth-13319364.html,"In its annual report, Tata Sons, the holding company of the group, said that chairman N Chandrasekaran is expected to be paid a total compensation of Rs 155.81 crore for FY25, compared to Rs 135.32 crore in FY24","Tata Group annual report: Chairman N Chandrasekaran cites 'financial transformation journey' in FY20-FY25 profit, topline growth","Tata Group chairman N Chandrasekaran said in the group's FY25 annual report that the group has been on a ""transformational journey"" towards financial and strategic fitness over the past five years. He cited significant growth in the group's aggregate toplines and profit, and improvement in the leverage ratios. ""During the last five years, Tata Group aggregate revenues rose 1.9x, aggregate net profits rose 3.6x and leverage ratio halved to 0.7x. Return on equity now stands at 17.5 percent, up from 8.7 percent in FY20"" Chandrasekaran said in the annual report. As an example of the group's improving financial health, he cited Tata Motors, which had low levels of market share in passenger vehicles in 2017- around 5 percent- and debt of upto Rs 62,000 crore. Chandrasekaran noted that the firm was able to launch its first electric vehicle in under one year from design to production, and was also able to become a net cash positive company. Chandrasekaran cited major investments made by the Group, through the holding company Tata Sons, towards various companies in the conglomerate. Over a five year period, he said that Tata Sons has invested around Rs 1 lakh crore into various group businesses, which in turn carried out capital expenditure and investments worth around Rs 4.5 lakh crore. Chairman's compensation up In its statutory report, Tata Sons said that Chandrasekaran's total remuneration for FY25, is expected to be Rs 155.21 crore. This includes a salary and related compensation of Rs 15.12 crore, while the commission is slated to be Rs 140.69 crore. The commission will be paid to Chandrasekaran after the firm's annual general meeting. Both the salary and commission figures for Chandrasekaran were higher in FY25 than the year prior. In FY24, Chandrasekaran, as chairman of Tata Sons, was paid a total remuneration of Rs 135.32 crore. This included a salary of Rs 13.82 crore, and commission of Rs 121.50 crore. Others on the Tata Sons board with significant remuneration includes chief financial officer Saurabh Agrawal, who earned Rs 32.68 crore in total for FY25. It included a salary and related compensation of Rs 6.68 crore, and commission of Rs 26 crore. In FY24, Agrawal's total remuneration stood at Rs 30.35 crore, including a salary of Rs 6.35 crore, and commission of Rs 24 crore."
24 Jul 2025,Tata Motors share price rises 2% in trade on Thursday,https://www.moneycontrol.com/news/business/stocks/tata-motors-share-price-rises-2-in-trade-on-thursday-alpha-article-13318413.html,Tata Motors is moved by 2.01.,,"Shares of Tata Motors gained 2% to trade above Rs 700 on Thursday. This rise reflects a positive movement from the previous day's closing price, positioning the stock as the top gainer in the Nifty 50 index. Financial Snapshot Tata Motors' financial performance reveals the following trends based on consolidated figures: Quarterly Performance: The company's revenue for the quarter-ending March 2025 stood at Rs 119,503 Crore, slightly lower than the Rs 119,986.31 Crore reported for the quarter-ending March 2024. Net profit for the same period was Rs 8,442 Crore, a decrease compared to the Rs 17,282.04 Crore in the corresponding quarter of the previous year. The Earnings Per Share (EPS) stood at Rs 23.40 for March 2025, down from Rs 45.42 in March 2024.ParticularsMar 2025Dec 2024Sep 2024Jun 2024Mar 2024RevenueRs 119,503 CroreRs 113,575 CroreRs 101,450 CroreRs 108,048 CroreRs 119,986.31 CroreNet ProfitRs 8,442 CroreRs 5,616 CroreRs 3,368 CroreRs 5,563 CroreRs 17,282.04 CroreEPS23.4014.819.7214.6145.42Annual Performance: The annual revenue for the year-ending March 2025 was Rs 439,695 Crore, slightly increased from Rs 437,927.77 Crore in the year-ending March 2024. The net profit decreased to Rs 22,991.00 Crore in March 2025 from Rs 31,106.95 Crore in March 2024. The EPS also saw a decrease, from Rs 81.95 in March 2024 to Rs 78.80 in March 2025.ParticularsMar 2025Mar 2024Mar 2023Mar 2022Mar 2021RevenueRs 439,695.00 CroreRs 437,927.77 CroreRs 345,966.96 CroreRs 278,453.62 CroreRs 249,794.75 CroreNet ProfitRs 22,991.00 CroreRs 31,106.95 CroreRs 2,353.49 CroreRs -11,234.70 CroreRs -13,016.14 CroreEPS78.8081.956.29-29.88-36.99BVPS315.61242.90137.33127.50148.39ROE23.9636.975.32-25.67-24.34Debt to Equity0.541.162.773.132.08Annual Income Statement: Tata Motors' annual income statement provides additional insights into its financial health. Sales increased from Rs 437,927 Crore in March 2024 to Rs 439,695 Crore in March 2025. Total expenditure also saw an increase, rising from Rs 406,636 Crore to Rs 407,363 Crore during the same period.ParticularsMar 2025Mar 2024Mar 2023Mar 2022Mar 2021SalesRs 439,695 CroreRs 437,927 CroreRs 345,966 CroreRs 278,453 CroreRs 249,794 CroreOther IncomeRs 6,244 CroreRs 5,949 CroreRs 4,633 CroreRs 3,053 CroreRs 2,643 CroreTotal IncomeRs 445,939 CroreRs 443,877 CroreRs 350,600 CroreRs 281,507 CroreRs 252,437 CroreTotal ExpenditureRs 407,363 CroreRs 406,636 CroreRs 337,317 CroreRs 279,198 CroreRs 254,815 CroreEBITRs 38,576 CroreRs 37,241 CroreRs 13,283 CroreRs 2,308 CroreRs -2,377 CroreInterestRs 5,083 CroreRs 9,985 CroreRs 10,225 CroreRs 9,311 CroreRs 8,097 CroreTaxRs 10,502 CroreRs -3,851 CroreRs 704 CroreRs 4,231 CroreRs 2,541 CroreNet ProfitRs 22,991 CroreRs 31,106 CroreRs 2,353 CroreRs -11,234 CroreRs -13,016 CroreTata Motors announced a final dividend of Rs 6 per share on May 13, 2025, with an effective date of June 4, 2025. Other corporate actions include bonus issues and stock splits. Tata Motors is moved by 2.01."
23 Jul 2025,"Sensex settles 500 pts higher, Nifty above 25,200: US-Japan trade deal among key factors behind market rise",https://www.moneycontrol.com/news/business/markets/sensex-soars-nearly-300-pts-nifty-above-25-150-us-japan-trade-deal-among-key-factors-behind-market-rise-13312117.html,"Sensex, Nifty rose by over half a percent, tracking positive cues from Asian markets following the announcement of a trade agreement between the United States and Japan.","Sensex, Nifty rise amid strong buying by investors. ","The equity benchmark indices rallied on Wednesday, tracking positive global cues after the US and Japan announced a trade agreement. Firm trends in Asian markets and optimism over corporate earnings also lifted investor sentiment. Sensex jumped 539.83 points or 0.66 percent to settle at 82,726.64. During the day, it surged 599.62 points or 0.72 percent to 82,786.43. The Nifty gained 159 points or 0.63 percent to settle at 25,219.90. Tata Motors, Bajaj Finance, Maruti Suzuki India, Shriram Finance and Apollo Hospitals Enterprise were among the major gainers, rising up to 2 percent. Key factors behind the market rally: 1) US-Japan Trade Deal: Investor sentiment improved across Asian markets following the announcement of a trade agreement between the United States and Japan. The deal, which includes a 15 percent tariff on imports from Japan, was confirmed by US President Donald Trump. 2) Positive Global Cues: Major Asian indices including South Korea’s Kospi, Japan’s Nikkei 225, Shanghai’s SSE Composite and Hong Kong’s Hang Seng traded in the green during the session. ""Asian cues are positive due to Japan securing a trade deal with the US,"" said Akshay Chinchalkar, Head of Research, Axis Securities. US markets ended mostly higher on Tuesday. Futures on Wall Street were also trading in positive territory, pointing to a firm start for US equities. ""The 11th new record high for 2025 set by the S&P 500 yesterday is an indication of the direction and resilience of equity markets globally,"" said V K Vijayakumar, Chief Investment Strategist, Geojit Financial Services. ""Markets are climbing all walls of worries, and valuation concerns have been put on the back burner. In the near-term, this resilience is likely to continue."" Stock Market LIVE Updates 3) Corporate Earnings Support: First quarter results have indicated steady performance, especially in the banking and digital segments. ""Q1 results of Eternal and Paytm indicate steady growth potential of the digital stocks which have a long runway of growth,"" added Vijayakumar. 4) Decline in Volatility Index: India VIX, the volatility index, declined nearly 2 percent to 10.54. A lower VIX typically reflects reduced market uncertainty, which tends to support equity buying. Technical View According to Anand James, Chief Market Strategist at Geojit Financial Services, Nifty continues to show potential for limited upside. ""While the 10-day SMA prompted a turn lower yesterday, the 50-day SMA stepped in to restrict downsides,” he said. “This keeps hopes alive for a renewed attempt at upsides today, potentially aiming for 25,215 or 25,400. The prospects of extended gains depend on how the descending broadening wedge pattern evolves."" He added that the 200-day SMA is positioned around the 24,000 level, with intermediate support at 24,800 and 24,450."
14 Jul 2025,"Trade Spotlight: How should you trade Voltas, Sonata Software, Piramal Enterprises, Tata Motors, Redington, Coromandel, Eternal and others on July 15?",https://www.moneycontrol.com/news/business/markets/trade-spotlight-how-should-you-trade-voltas-sonata-software-piramal-enterprises-tata-motors-redington-coromandel-eternal-and-others-on-july-15-13277557.html,The market may see further consolidation with a negative bias if it breaks Monday’s low in the upcoming sessions. Below are some short-term trading ideas to consider.,Stocks To Bet on for July 15,"Indian equity benchmarks fell a third of a percent on July 14, continuing their downtrend for the fourth straight session, with subdued market breadth. A total of 1,406 shares declined compared to 1,269 that gained on the NSE. The market may see further consolidation with a negative bias if it breaks Monday’s low in the upcoming sessions. Below are some short-term trading ideas to consider: Jigar S Patel, Senio Manager - Equity Research at Anand Rathi NTPC | CMP: Rs 342.1  NTPC has been forming a strong base in the Rs 330–340 zone over the past two months, establishing an inside value relationship on the monthly Camarilla pivot—a structure that typically precedes a directional breakout. This consolidation indicates reduced volatility and energy build-up, which often leads to an explosive move. Additionally, the RSI remains comfortably above the 50 mark, suggesting that underlying bullish momentum is intact. Traders may consider entering long positions in the Rs 343–340 zone. Strategy: Buy Target: Rs 375 Stop-Loss: Rs 325 Voltas | CMP: Rs 1,376.8  Voltas has established a strong base in the Rs 1,330–1,340 zone over the past month. This price action has led to the formation of an overlapping higher value relationship on the monthly Camarilla pivot, which typically signals accumulation and a potential upside breakout in the coming weeks. The RSI is comfortably positioned above 60, indicating strengthening bullish momentum and favourable conditions for a continued upward move. Traders may consider entering long positions in the Rs 1,380–1,360 zone. Strategy: Buy Target: Rs 1,500 Stop-Loss: Rs 1,300 Sonata Software | CMP: Rs 432.9  Sonata Software formed back-to-back inside value relationships on the monthly Camarilla pivots, signaling consolidation and strong buildup. A breakout on July 8 confirmed the end of this phase. Since then, the stock has entered a healthy pullback, finding strong support above Rs 420—a key technical level. Holding above this mark suggests buyer strength, and if sustained, Sonata Software may resume its upward trajectory in the coming sessions with potential for further gains. Traders may consider entering long positions in the Rs 435–425 zone. Strategy: Buy Target: Rs 500 Stop-Loss: Rs 400 Jay Thakkar, Vice President & Head of Derivatives and Quant Research at ICICI Securities Piramal Pharma | CMP: 207.88  Piramal Pharma has provided a breakout from a falling trendline, accompanied by an increase in open interest in the futures segment—indicating long buildup, which is a positive sign in the near term. The stock has witnessed Call unwinding as well as Put additions at lower levels from Rs 205 to Rs 190 strikes, indicating support at the lower levels. Overall, the Nifty Pharma Index has been inching higher, so the sector outlook is also positive along with the stock. Buy Piramal Pharma Futures in the range of Rs 205–210. Strategy: Buy Target: Rs 225, Rs 235 Stop-Loss: Rs 195 Piramal Enterprises | CMP: Rs 1,293.3  Piramal Enterprises has provided a huge breakout from sideways consolidation, along with long buildup in the futures segment. The stock is trading well above its 20-day VWAP (Volume Weighted Average Price) as well as its maximum pain and modified maximum pain levels, indicating a strong uptrend in the near term. The stock has witnessed heavy Put writing and Call unwinding, with the Rs 1,300 strike now holding the highest Call open interest. Above this level, the up move is likely to extend. Buy Piramal Enterprises Futures in the range of Rs 1,285–1,300. Strategy: Buy Target: Rs 1,400, Rs 1,450 Stop-Loss: Rs 1,225 Tata Motors | CMP: Rs 674.5  Tata Motors has broken its uptrend line, and with that, open interest in futures has begun to rise, indicating that short covering is over and new shorts are being built, pointing to a downtrend in the near term. The stock has seen heavy Call writing and Put unwinding, clearly suggesting that bears have the upper hand for now. Tata Motors is also trading well below its maximum pain levels, hence the Rs 700 level will act as a critical resistance going forward. Sell Tata Motors Futures in the range of Rs 680–675. Strategy: Sell Target: Rs 645, Rs 635 Stop-Loss: Rs 692 Vidnyan S Sawant, Head of Research at GEPL Capital Redington | CMP: Rs 307.95  Redington has been demonstrating strong relative strength and is currently showing a bullish polarity shift, with the May 2025 swing high now acting as support. This support also aligns with a bullish mean reversion from the 26-day EMA, indicating a positive shift in sentiment. On the weekly scale, the MACD remains in positive territory, reflecting sustained momentum on the higher timeframe and reinforcing the strength of the ongoing trend. Strategy: Buy Target: Rs 351 Stop-Loss: Rs 287 Coromandel International | CMP: Rs 2,385  Coromandel has been exhibiting a positive price structure across multiple timeframes. On the weekly scale, the stock has attracted buying interest near its 12-week EMA, indicating strong intermediate-term support. On the daily chart, it has found robust support at the 50% Fibonacci retracement level (from Rs 1,855 to Rs 2,514), reinforcing the likelihood of a base formation. Additionally, the RSI reading around 62 signals a pickup in momentum, supporting the case for further upside. Strategy: Buy Target: Rs 2,671 Stop-Loss: Rs 2,265 Eternal | CMP: Rs 270.6  Eternal has been exhibiting strong relative strength, marked by a bullish breakout from an 11-day consolidation zone, accompanied by a strong bullish candlestick pattern. The stock is sustaining well above its 12-day and 26-day EMAs, indicating a positive near-term trend. Additionally, the weekly RSI stands at 60, suggesting a pickup in momentum and reinforcing the strength behind the breakout. Strategy: Buy Target: Rs 301 Stop-Loss: Rs 257"
11 Jul 2025,Tata Motors shares fall 2.09% in today's session,https://www.moneycontrol.com/news/business/stocks/tata-motors-shares-fall-2-09-in-today-s-session-alpha-article-13268326.html,"Tata Motors announced a final dividend of Rs 6.00 per share (300%) on May 13, 2025, with an effective date of June 4, 2025. Earlier bonus issues include 3:5 in 1995.",,"Shares of Tata Motors declined by 2.09% to Rs 681.05 in Friday's session. The stock is included as one of the stocks in the benchmark NIFTY 50 index. Financial Overview: The following tables provide a summary of Tata Motors' financial performance. Consolidated Quarterly Results:HeadingMar 2024Jun 2024Sep 2024Dec 2024Mar 2025RevenueRs 119,986.31 CroreRs 108,048.00 CroreRs 101,450.00 CroreRs 113,575.00 CroreRs 119,503.00 CroreNet ProfitRs 17,282.04 CroreRs 5,563.00 CroreRs 3,368.00 CroreRs 5,616.00 CroreRs 8,442.00 CroreEPS45.4214.619.7214.8123.40The revenue for the quarter-ending March 2025 stood at Rs 119,503.00 Crore, slightly less compared to Rs 119,986.31 Crore in March 2024. The net profit for the quarter-ending March 2025 was Rs 8,442.00 Crore, which is significantly lower than the profit of Rs 17,282.04 Crore in March 2024. The EPS also decreased from 45.42 in March 2024 to 23.40 in March 2025. Consolidated Yearly Results:Heading20212022202320242025RevenueRs 249,794.75 CroreRs 278,453.62 CroreRs 345,966.96 CroreRs 437,927.77 CroreRs 439,695.00 CroreNet ProfitRs -13,016.14 CroreRs -11,234.70 CroreRs 2,353.49 CroreRs 31,106.95 CroreRs 22,991.00 CroreEPS-36.99-29.886.2981.9578.80BVPS148.39127.50137.33242.90315.61ROE-24.34-25.675.3236.9723.96Debt to Equity2.083.132.771.160.54The annual revenue for 2025 stood at Rs 439,695.00 Crore, slightly up from Rs 437,927.77 Crore in 2024. The net profit decreased from Rs 31,106.95 Crore in 2024 to Rs 22,991.00 Crore in 2025. The EPS also decreased from 81.95 to 78.80 during the same period. The company reported a debt-to-equity ratio of 0.54 as of the year-ending March 2025.ParticularsMar 2025Mar 2024Mar 2023Mar 2022Mar 2021Sales439,695437,927345,966278,453249,794Other Income6,2445,9494,6333,0532,643Total Income445,939443,877350,600281,507252,437Total Expenditure407,363406,636337,317279,198254,815EBIT38,57637,24113,2832,308-2,377Interest5,0839,98510,2259,3118,097Tax10,502-3,8517044,2312,541Net Profit22,99131,1062,353-11,234-13,016The sales for the year ending March 2025 were Rs 439,695 Crore compared to Rs 437,927 Crore for the year ending March 2024. Cash Flow:Mar 2025Mar 2024Mar 2023Mar 2022Mar 2021Operating ActivitiesRs 63,102 CroreRs 67,915 CroreRs 35,388 CroreRs 14,282 CroreRs 29,000 CroreInvesting ActivitiesRs -47,594 CroreRs -22,828 CroreRs -16,804 CroreRs -4,775 CroreRs -26,126 CroreFinancing ActivitiesRs -18,786 CroreRs -37,005 CroreRs -26,242 CroreRs -3,380 CroreRs 9,904 CroreOthersRs -2,388 CroreRs 46 CroreRs 1,386 CroreRs 331 CroreRs 453 CroreNet Cash FlowRs -5,666 CroreRs 8,127 CroreRs -6,272 CroreRs 6,458 CroreRs 13,232 CroreBalance Sheet:Mar 2025Mar 2024Mar 2023Mar 2022Mar 2021Share CapitalRs 3,200 CroreRs 3,314 CroreRs 3,266 CroreRs 765 CroreRs 765 CroreReserves & SurplusRs 115,407 CroreRs 84,149 CroreRs 44,553 CroreRs 43,788 CroreRs 54,480 CroreCurrent LiabilitiesRs 166,684 CroreRs 173,617 CroreRs 155,027 CroreRs 150,682 CroreRs 157,749 CroreOther LiabilitiesRs 93,351 CroreRs 109,582 CroreRs 133,234 CroreRs 135,382 CroreRs 130,129 CroreTotal LiabilitiesRs 378,642 CroreRs 370,663 CroreRs 336,081 CroreRs 330,619 CroreRs 343,125 CroreFixed AssetsRs 180,608 CroreRs 156,123 CroreRs 145,513 CroreRs 148,299 CroreRs 158,867 CroreCurrent AssetsRs 160,325 CroreRs 168,392 CroreRs 151,528 CroreRs 146,977 CroreRs 146,887 CroreOther AssetsRs 37,709 CroreRs 46,148 CroreRs 39,039 CroreRs 35,343 CroreRs 37,370 CroreTotal AssetsRs 378,642 CroreRs 370,663 CroreRs 336,081 CroreRs 330,619 CroreRs 343,125 CroreContingent LiabilitiesRs 50,740 CroreRs 43,055 CroreRs 39,477 CroreRs 18,470 CroreRs 17,773 CroreKey Financial Ratios:RatioMar 2025Mar 2024Mar 2023Mar 2022Mar 2021Basic EPS (Rs.)78.8081.956.29-29.88-36.99Diluted EPS (Rs.)78.7581.886.29-29.88-36.99Book Value / Share (Rs.)315.61242.90137.33127.50148.39Dividend/Share (Rs.)6.006.002.000.000.00Face Value22222Gross Profit Margin (%)14.1814.9510.569.9713.98Operating Margin (%)8.898.723.371.054.55Net Profit Margin (%)6.337.100.68-4.03-5.21Return on Equity (%)23.9636.975.32-25.67-24.34ROCE (%)18.4519.396.451.636.14Return On Assets (%)7.348.470.71-3.46-3.92Current Ratio (X)0.960.970.980.980.93Quick Ratio (X)0.680.690.710.740.70Debt to Equity (x)0.541.162.773.132.08Interest Coverage Ratios (X)12.276.563.572.984.31Asset Turnover Ratio (%)1.171.241.040.230.16Inventory Turnover Ratio (X)5.075.635.501.590.913 Yr CAGR Sales (%)25.6632.4115.12-3.97-7.923 Yr CAGR Net Profit (%)43.0554.59-53.69-37.6938.22P/E (x)8.5612.1166.90-14.52-8.16P/B (x)2.144.483.553.732.09EV/EBITDA (x)4.476.787.109.705.30P/S (x)0.560.870.470.600.46Corporate Actions: Tata Motors announced a final dividend of Rs 6.00 per share (300%) on May 13, 2025, with an effective date of June 4, 2025. Earlier bonus issues include 3:5 in 1995. Moneycontrol analysis indicates neutral sentiment on the stock as of July 8, 2025."
09 Jul 2025,"Stocks to Watch Today: Crizac, 5paisa Capital, Tata Motors, Synergy Green, Puravankara, India Shelter Finance, CAMS in focus on 9 July",https://www.moneycontrol.com/news/business/markets/stocks-to-watch-today-crizac-5paisa-capital-tata-motors-synergy-green-puravankara-india-shelter-finance-cams-in-focus-on-9-july-13245588.html,"Stocks to Watch, 9 July: Stocks like Gujarat Pipavav Port, 5paisa Capital, Tata Steel, Tata Motors, Synergy Green Industries, Puravankara, Dixon Technologies, Zee Entertainment Enterprises, Ola Electric Mobility, Bajel Projects, Computer Age Management Services , and India Shelter Finance Corporation will be in focus on July 9.","Stocks to Watch Today, 9 July","Let's catch up on the latest news from the stock market. From significant investments to major deals, quarterly earnings, order wins, and appointments, here’s a quick look at which stocks will be in focus in today's trade: Results Today Burnpur Cement, Bodhtree Consulting, GACM Technologies, Gujarat Hotels, and Supreme Infrastructure India will release their quarterly earnings scorecard on July 9. Q1FY26 Earnings Update (Provisional) Union Bank of India Q1 (YoY) Global business grows 5% to Rs 22.14 lakh crore Vs Rs 21.08 lakh crore Global deposits increase 3.63% to Rs 12.39 lakh crore Vs Rs 11.96 lakh crore Global gross advances soar 6.8% to Rs 9.74 lakh crore Vs Rs 9.12 lakh crore Domestic RAM jumps 10.31% to Rs 5.44 lakh crore Vs Rs 4.94 lakh crore Domestic retail advances spike 25.60% to Rs 2.28 lakh crore Vs Rs 1.82 lakh crore Gujarat Pipavav Port Q1 (YoY) Containers cargo volume drops 0.6% to 1.64 lakh TEUs Vs 1.65 lakh TEUs Dry bulk cargo volume remains flat at 0.55 MMT Liquid cargo volume rises to 0.41 MMT Vs 0.40 MMT Quarterly Earnings 5paisa Capital Q1 (YoY) Profit sinks 42.5% to Rs 11.5 crore Vs Rs 20.1 crore Revenue declines 24% to Rs 77.7 crore Vs Rs 102.2 crore Quarterly Business Update Tata Steel Q1 (YoY) India production volume slips 0.2% to 5.26 million tonnes Vs 5.27 million tonnes India delivery volumes decline 3.8% to 4.75 million tonnes Vs 4.94 million tonnes Gross merchandise value from e-commerce platforms (Tata Steel Aashiyana and DigECA) grows 39% Rs 1,350 crore JSW Steel Q1 (YoY) Consolidated Crude steel production grows 14% to 7.26 million tonnes Vs 6.35 million tonnes India's crude steel production jumps 15% to 7.02 million tonnes Vs 6.12 million tonnes Capacity utilisation at Indian operations stood at 87% Tata Motors Q1 (YoY) Global wholesales (including JLR) drop 9% to 2.99 lakh units Global wholesales of commercial vehicles and Tata Daewoo range decline 6% to 87,569 units Global wholesales of passenger vehicles sink 10% to 1.24 lakh units Global wholesales for Jaguar Land Rover down 11% to 87,286 units Stocks to Watch Synergy Green Industries The company has received a development order for 3.3 MW turbine parts from Adani Wind. The development phase is expected to be completed in Q3 FY26, with serial production scheduled to begin in Q4 FY26. With this new order, the company’s order book with Adani Wind is projected to double from Rs 20 crore in FY25 to Rs 40 crore in FY26, based on forecasted volumes. Puravankara The company has been selected as the developer for the redevelopment of eight residential societies in Chembur, Mumbai. The gross development value (GDV) of the project is Rs 2,100 crore. Dixon Technologies Lightanium Technologies has been incorporated as a joint venture between Dixon Technologies (India) and Signify Innovations India. Dixon has acquired a 50% stake in Lightanium for Rs 2.5 crore. Zee Entertainment Enterprises Shareholders have approved the appointment of Divya Karani as an Independent Director and Saurav Adhikari as a Non-Executive Director. KPI Green Energy The government has approved the incorporation of a special purpose vehicle of the company — KPIN Clean Power Four LLP. Shriram Finance The Banking & Finance Committee of the company will meet on July 11 to consider the purchase/repurchase of outstanding non-convertible debentures (NCDs) issued on a private placement basis. Ola Electric Mobility The pure-play EV company has announced the mass rollout of its proprietary software, MoveOS 5. MoveOS is developed in-house for both the S1 range of scooters and the recently launched Roadster X motorcycles. Jagsonpal Pharmaceuticals Sachin Jain has ceased to be the Chief Financial Officer of the company following his release from services during the probation period. Bajel Projects The company has proposed to increase its galvanization capacity to 1.1 lakh MTPA from the current 40,500 MTPA, with an investment of Rs 170 crore at its Ranjangaon facility. The expansion is aimed at meeting captive demand and boosting sales in both domestic and international markets. Computer Age Management Services CAMSPay has launched The CAMSPay New Payment Gateway, which supports over 5,000 transactions per second. It is designed as a future-proof payment solution tailored to address the real challenges faced by businesses in India’s fast-evolving payments landscape. Bulk Deals India Shelter Finance Corporation Kotak Mahindra Mutual Fund has acquired 45.29 lakh shares (or a 4.2% stake) at Rs 850.87 per share, valued at Rs 385.3 crore. Meanwhile, Nexus Ventures III sold 36.71 lakh shares at Rs 850.88 per share, and Nexus Opportunity Fund II offloaded 13.28 lakh shares at Rs 850.85 per share. Together, Nexus sold a total 4.6% stake worth Rs 425.45 crore. Elgi Equipments SBI Mutual Fund has acquired an additional 18.12 lakh shares (or a 0.57% stake) in the company at Rs 532 per share. As of March 2025, SBI Small Cap Fund held a 3.22% stake in Elgi Equipments. Net Avenue Technologies Inventus Capital Partners (Mauritius) sold 5.2 lakh shares at a price of Rs 5.32 per share. Mainboard IPO Listing on July 9 Crizac Stocks Trade Ex-Dividend MphasisPfizerElegant Marbles & Grani IndustriesJohnson Controls-Hitachi Air Conditioning IndiaKabra ExtrusiontechnikSJS EnterprisesSML IsuzuSundaram Finance Stock in F&O ban RBL Bank"
08 Jul 2025,"Tata Motors shares in focus as JLR reports drop in wholesale, retail sales in Q1",https://www.moneycontrol.com/news/business/markets/tata-motors-shares-in-focus-as-jlr-reports-drop-in-wholesale-retail-sales-in-q1-13240766.html,Morgan Stanley said that a strong product mix is helping the company counter weak volumes and the impact of US tariffs on Jaguar Land Rover.,"Over the past year, Tata Motors shares have slipped 33 percent.","Auto giant Tata Motors Ltd shares will be in focus on Tuesday, July 8, after its luxury vehicle segment Jaguar Land Rover (JLR) reported its business update for the quarter ended June 30, 2025. JLR recorded a 10.7 percent year-on-year drop in wholesales to 87,286 units in the first quarter of FY26, down 21.7 percent compared to Q4 FY25, aligning with expectations due to the phase-out of older Jaguar models and the impact of new US tariffs. ""Compared to the prior year, wholesale volumes for the first quarter were up in MENA2 (20.5 percent), Overseas (4.6 percent) and China (1.0 percent), and down in North America (-12.2 percent), Europe (-13.6 percent) and the UK (-25.5 percent); the UK was most impacted by the planned cessation of the legacy Jaguar models,"" said the firm in an exchange filing. Retail sales declined 15.1 percent year-on-year to 94,420 units, highlighting the headwinds faced during the quarter. On a sequential basis, wholesales fell 21.7 percent and retail volumes were lower by 12.8 percent compared to the March quarter (Q4 FY25). International brokerage Morgan Stanley has maintained an 'equal-weight rating' on Tata Motors shares with a target price of Rs 715 per share. The brokerage noted that a strong product mix is helping the company counter weak volumes and the impact of US tariffs on Jaguar Land Rover. A sharp improvement in mix and recent price hikes are expected to partially offset the tariff headwinds. Average selling prices (ASPs) are projected to rise 8 percent quarter-on-quarter. Morgan Stanley estimates JLR will report an EBITDA and EBIT margin of 11.4 percent for Q1, while the consolidated business margin is expected to decline 350 basis points year-on-year to 10.9 percent. Follow our live blog to catch all the updates"
08 Jul 2025,"Stocks to Watch Today: Titan, Tata Motors, Navin Fluorine, Refex Industries, JSW Infrastructure, Lodha Developers, Kotak Mahindra Bank in focus on 8 July",https://www.moneycontrol.com/news/business/markets/stocks-to-watch-today-titan-tata-motors-navin-fluorine-refex-industries-jsw-infrastructure-lodha-developers-kotak-mahindra-bank-in-focus-on-8-july-13240185.html,"Stocks to Watch, 8 July: Stocks like Titan Company, Tata Motors, Navin Fluorine International, Refex Industries, JSW Infrastructure, Macrotech Developers, and Kotak Mahindra Bank will be in focus on July 8.","Stocks to Watch Today, 8 July","Let's catch up on the latest news from the stock market. From significant investments to major deals, quarterly earnings, order wins, and auto sales, here’s a quick look at which stocks will be in focus in today's trade: Q1FY26 Earnings Update (Provisional) Titan Company Q1 (YoY) International business grows 49% Domestic business registers 19% growth Consumer business shows 20% growth Jewellery segment reports 18% growth Watch business increases 23% EyeCare segment records 12% increase Company adds 9 new domestic stores & 1 new international store, taking total to 3,322 Kotak Mahindra Bank Q1 (YoY) Total deposit soars 12.9% to Rs 4.92 lakh crore Vs Rs 4.35 lakh crore CASA increases 4.2% to Rs 1.92 lakh crore Vs Rs 1.84 lakh crore Net advances (EOP) surges 14% to Rs 4.45 lakh crore Vs Rs 3.9 lakh crore Lodha Developers Q1 (YoY) Pre-sales grows 10% to Rs 4,450 crore Collections increase 7% to Rs 2,880 crore Company adds five new projects across Mumbai, Pune and Bengaluru, with gross development value of Rs 22,700 crore Phoenix Mills Q1 Retailer sales across all operational malls grow 12% (YoY) Occupancy in operational assets at Mumbai and Pune stands at 69% Gross leasing of 4.07 lakh square feet completed during Q1 across assets in Mumbai, Pune, Bangalore, Chennai P N Gadgil Jewellers Q1 (YoY) Total revenue grows 2.8% to Rs 1,713.7 crore Vs Rs 1,667.5 crore Retail segment revenue growth at 19.4% Company achieved highest ever single-day festive sales on Akshaya Tritiya amounting to Rs 139.5 crore Auto Sales Update Tata Motors - JLR Q1 (YoY) JLR wholesales down 10.7% to 87,286 units JLR retail sales down 15.1% to 94,420 units Range Rover, Range Rover Sport and Defender model mix at 77.2% of total wholesale volumes Vs 67.8% Mahindra and Mahindra (June month YoY) Production grows 20.2% to 83,435 units Vs 69,441 units Sales jumps 14.3% to 76,335 units Vs 66,800 units Exports increase 1.4% to 2,634 units Vs 2,597 units Stocks to Watch Navin Fluorine International The company launched its Qualified Institutional Placement (QIP) on July 7 to raise up to Rs 750 crore. The floor price has been fixed at Rs 4,798.28 per share. Refex Industries The company has secured an order worth Rs 250 crore for comprehensive ash disposal along with operation and maintenance of fly ash systems from a prominent GENCO. The contract is for a tenure of three years. SPML Infra The company has received sanction for enhanced credit facilities amounting to Rs 205 crore to boost its project execution capabilities. JSW Infrastructure The company has received a Letter of Award from the Syama Prasad Mookerjee Port Authority for the reconstruction of Berth 8 and mechanization of Berths 7 and 8 at Netaji Subhas Dock, Kolkata. The project comes with a 30-year concession period, and the estimated capital expenditure (capex) is Rs 740 crore. Bulk Deals Marathon Nxtgen Realty Nomura Singapore sold 4.37 lakh shares at Rs 670.11 per share, amounting to a total value of Rs 29.3 crore. Additionally, Necta Bloom VCC – Necta BLOOM One offloaded 3.6 lakh shares at Rs 674.10 per share, totaling Rs 24.3 crore. Listing post Scheme of Arrangement Emkay Tools Stocks Trade Ex-Dividend Titan CompanyJSW SteelAdor WeldingAditya VisionBombay Oxygen InvestmentsIngersoll-Rand (India)JK CementPlastiblends IndiaSolar Industries India Stock Trades Ex-Bonus Meghna Infracon Infrastructure Stock in F&O ban RBL Bank"
07 Jul 2025,"Auto, IT stocks in red amid tariff uncertainty; Maruti Suzuki, Tech Mahindra shares down up to 2%",https://www.moneycontrol.com/news/business/markets/auto-it-stocks-in-red-amid-tariff-uncertainty-maruti-suzuki-tech-mahindra-shares-down-1-13236545.html,Trump said he will impose an additional 10% tariff with no exceptions on any country aligning itself with what he called the 'Anti-American policies of BRICS'. India is a key member of BRICS. ,India and US are yet to announce their bilateral trade agreement,"The shares of auto and IT companies dropped on July 7 as uncertainties around higher US tariffs and no trade deal yet continued to spook investors. The sharp fall in the share prices pushed the Nifty IT and Nifty Auto indices into the red, to hover around 39,004 and 23,949 respectively in the morning. The 90-day pause to US President Donald Trump's higher tariffs is set to expire on July 9, and the elevated tariff rates will likely take effect from August 1. However, India and US are yet to announce their bilateral trade agreement. Trump's 'Take in or leave it' tariff letters Trump on July 5 announced that his government will be sending letters to 10 or 12 countries, outlining reciprocal tariff rates. Describing them as ""take it or leave it"" offers, Trump said the letters would be sent out on July 7. The rollout is expected to conclude by July 9, and the tariffs will kick in on August 1. ""The money is going to come to the United States from August 1,"" Trump said while addressing reporters at Joint Base Andrews. Indian Commerce Minister Piyush Goyal meanwhile said that India will not be rushed into any agreement based on external timelines. ""India does not enter into any trade agreement based on deadlines. We will sign a deal with the US only when it is fully finalised, properly concluded, and in the national interest,"" Goyal told reporters. Trump announces additional 10% tariff on BRICS nations: Meanwhile, Trump said during the weekend that he will impose an additional 10 percent tariff with no exceptions on any country aligning itself with what he called the ""Anti-American policies of BRICS"". This came as Prime Minister Narendra Modi addressed the summit. In a joint statement, the BRICS members voiced ""serious concerns about the rise of unilateral tariff"" and noted that tariff risks are hurting the global economy. India recently proposed retaliatory duties against the US at the World Trade Organization, saying Washington's 25 percent tariff on automobiles and some auto parts would affect $2.89 billion of India's exports. ""India reserves the right to suspend concessions or other obligations ... that are substantially equivalent to the adverse effects of the measure to India's trade,"" the statement said. The rising trade jitters and no trade deal as of yet put pressure on the export-oriented stocks, including those of auto companies. Maruti Suzuki shares dropped over 1 percent to trade at Rs 12,510 apiece, while those of Bharat Forge were down nearly 1 percent. Tata Motors shares were trading in the red with marginal losses. IT companies derive a major portion of their revenue from the US economy. The uncertainties around tariffs has weakened the US dollar, which will likely bear an impact on the export-oriented IT stocks. Tech Mahindra (TechM), Mphasis and HCL Tech shares dropped up to 2 percent. Infosys, Wipro, Persistent Systems and Tata Consultancy Services (TCS) shares were trading in the red with marginal losses. ""With the tariff deadline nearing, all eyes are on the anticipated US-India trade deal. Market participants remain optimistic about a favorable resolution, which could serve as a key catalyst for the next leg of the market’s upward trajectory,"" said Bajaj Broking. As the clock ticks toward the much-anticipated India–US mini trade deal, the mood across Dalal Street is far from celebratory, said Harshal Dasani, Business Head, INVasset PMS. ""Both Nifty Auto and Nifty IT indices slipped into the red in early trade, signalling investor caution around sectors directly exposed to Donald Trump’s latest tariff regime. With auto components facing a 25% duty under Section 232, and no fresh exemptions confirmed yet, the market seems to be bracing for a harsher reality if the deal misses the August 1 deadline,"" Dasani added. ""Unlike pharma, which remains tentatively insulated for now, the auto space has already taken the first hit. Companies like Bharat Forge, Motherson, and Tata Motors are staring at margin compression and possible demand deferrals from US OEMs. The bigger worry isn’t just the existing 25% duty but whether Trump’s “reciprocal tariff doctrine” leads to additional non-tariff barriers. For IT, fears stem from indirect exposure — delays in outsourcing decisions, potential visa restrictions, and a cloudier geopolitical landscape,"" he further said."
01 Jul 2025,Indian economy ends first quarter of FY26 on a mixed footing,https://www.moneycontrol.com/news/business/economy/indian-economy-ends-first-quarter-of-fy26-on-a-mixed-footing-13213710.html,"Consumption shows a slip in June after strong showing in two months, manufacturing picks up on back of strong export orders ",India's  economy on a mixed footing in June,"India's economy ended the first quarter of the year on a mixed footing, with Goods and Services Tax (GST) collection growth declining to a four-year low of 6.1 percent in June, even as manufacturing activity rose to a 14-month high, according to data released over the last two days. Although GST collections stood at Rs 1.85 lakh crore—slightly above the previous year’s average of Rs 1.84 lakh crore—they remained lower than the Rs 2 lakh crore mark crossed in May. ""Around 6% growth in GST collections, coupled with less than 4% growth in advance tax collection for the first quarter of FY26, does indicate softening of demand and a cautious outlook. One of the reasons could be conservative spending by consumers, which may improve in the coming months with an overall improvement in the geopolitical situation,"" said Pratik Jain, Partner, Price Waterhouse & Co LLP. Unified Payments Interface (UPI) transaction values also remained strong, staying above Rs 24 lakh crore. However, growth slowed to the lowest level in five years, slipping below 20 percent for the first time since April 2020.  Auto sales presented a mixed picture. Maruti Suzuki, the market leader, recorded a 13 percent decline in dispatches, while Tata Motors witnessed a 15 percent year-on-year drop. In contrast, Mahindra and Mahindra (M&M) reported an 18 percent increase in SUV sales, indicating uneven consumption trends across urban markets. Hyundai's domestic sales fell 12 percent from the previous year. In the two-wheeler segment, TVS Motor reported a 10 percent increase in June sales, whereas Bajaj Auto saw a 16 percent decline. Eicher Motors, which manufactures Royal Enfield motorcycles, reported a 16 percent increase in domestic dispatches during the month. Manufacturing showed contrasting trends as well. The manufacturing Purchasing Managers’ Index (PMI) rose to 58.4 in June, a 14-month high, lifting the quarterly average to 58.1. According to HSBC India’s chief economist Pranjul Bhandari, ""India’s manufacturing PMI reached a 14-month high of 58.4 in June. Robust end-demand fuelled expansions in output, new orders, and job creation.""  However, Index of Industrial Production (IIP) data released on June 30 revealed a slowdown, with growth declining to 1.8 percent during the first two months of the fiscal year, compared with 5.7 percent in the same period last year. ""Tepid industrial volume growth in the first two months of the quarter doesn't augur well for industrial GVA growth in Q1 FY2026,"" said Aditi Nayar, Chief Economist at ICRA. Amid these mixed signals, agriculture emerged as a bright spot. Monsoon coverage improved significantly after mid-June, with rainfall 9 percent above the long-term average as of June 27. Sowing activity also picked up, with total sowing 11 percent higher than the previous year. Rice sowing increased by 47 percent, and pulses saw a 37 percent rise compared with June 2024."
24 Jun 2025,Make in India for EVs gets policy push as Centre launches online portal to invite application,https://www.moneycontrol.com/news/business/companies/make-in-india-for-evs-gets-policy-push-as-centre-launches-online-portal-to-invite-application-13169333.html,The scheme aims to attract investments from global EV manufacturers and promote India as a manufacturing destination for e-vehicles.,The scheme aims to attract investments from global EV manufacturers and promote India as a manufacturing destination for e-vehicles. ,"The Heavy Industries Ministry on June 24 launched the online portal inviting applications for the scheme to encourage manufacturing of electric vehicles in India, in an effort to boost make in India. Minister HD Kumaraswamy posted on social media platform X, ""Proud to announce the launch of the online application portal for the Scheme to Promote Manufacturing of Electric Passenger Cars in India (SPMEPCI)."" The scheme will boost domestic manufacturing, create jobs, and is seen as a key step in the ambition to become a global EV hub, Kumaraswamy said. Applications for the scheme, which was notified on June 2, can be sent by interested participants on the online portal spmepci.heavyindustries.gov.in starting June 24 till October 21, 2025. The scheme aims to attract investments from global EV manufacturers and promote India as a manufacturing destination for e-vehicles. ""This scheme not only supports our national commitment to achieving Net Zero by 2070, but also reinforces our resolve to build a sustainable, innovation-driven economy. It strengthens the pillars of ‘Make in India’ and ‘Aatmanirbhar Bharat’, and positions India as a trusted global hub for next-generation automotive manufacturing and technology leadership,"" said HD Kumaraswamy. The policy offers to duty cuts of up to 15% on up to 8,000 imported electric car a year, priced from Rs 30 lakh ($35,000), if the manufacturer invests at least Rs 4,150 crore to set up a local plant within three years of India foray. ""With a minimum investment threshold of Rs 4,150 crore, it provides an enabling policy environment for leading global and domestic players to establish long-term manufacturing footprints in the country,"" Kumaraswamy had said on June 2. To be eligible to apply, a group of companies will have to have a minimum annual revenue of Rs 10,000 crore from automotive manufacturing, while the annual revenue in fixed assets will have to be at least Rs 3,000 crore. Tesla has already indicated that it is not keen on manufacturing in India, and has instead likely chosen to sell cars made at its German factory through dealerships and company-owned showrooms. China's EV major BYD too is unlikely to get India's go ahead to enter the market to make in India, and Vietnam's Vinfast Auto is already building a plant in India. Other global auto companies may show interest in setting up a plant to make EVs in India. Global car makers such as Mercedes-Benz, Kia Motors, Hyundai Motor, Skoda and Volkswagen are likely among the foreign carmakers interested to manufacture in India. Shares of Tata Motors and Mahindra & Mahindra are lower in trade on June 24 after the announcement, in-line with the weakness in broader market. In the Economic Survey 2025, Chief Economic Adviser V Anantha Nageswaran had said that indigenising the electric vehicles and sourcing raw materials for electric mobility is an urgent task for India. ""...given India’s vast size and limited land availability, public transportation is a more efficient alternative for viable energy transition. Therefore, national-level policies and local nudges must promote and facilitate its use, going beyond the focus on tail-pipe emissions of private transportation choices,"" the Survey had said. The Global Trade Research Initiative (GTRI), a trade research group, had in a note earlier this year said that India needs to watch out for its high reliance on China for critical minerals like lithium and cobalt, needed for making EV batteries. ""India should prioritise research and development in next-generation battery technologies that minimise dependence on scarce minerals, positioning itself as a global leader in EV innovation,"" GTRI had said."
23 Jun 2025,"Hero Moto, M&M, others tumble up to 2%, dragging Nifty Auto after a three-day rise",https://www.moneycontrol.com/news/business/markets/hero-moto-m-m-others-tumble-up-to-2-dragging-nifty-auto-after-a-three-day-rise-13164236.html,"Auto stocks: The sharp fall in the share prices pushed the Nifty Auto index down nearly 1 percent to hover around 23,466 in the afternoon.",Cars (Representative),"Shares of leading automakers plunged on June 23, pushing the Nifty Auto index down nearly a percent at close, snapping a three-day gaining streak, as profit booking and the compulsory ABS mandate weighed on the sector. Shares of Bosch were the top loser on the Auto index, plunging over 2.3 percent to close at Rs 31,540 apiece. Hero MotoCorp shares also fell over 2 percent to trade at Rs 4,247 apiece after the Transport Ministry ruled making anti-lock braking systems (ABS) mandatory for all new scooters and motorcycles, a move that is likely to push prices higher by around Rs 3,000 per unit, or a 3-5 percent increase in cost. Tube Investments of India shares were the top loser on the index, dropping nearly 2 percent to trade at Rs 2,872 apiece. After a remarkable return of over 540 percent in the past five years, the multibagger stock has seen some consolidation recently, falling nearly 6 percent in the past one month, and down around 20 percent in 2025 so far. Mahindra & Mahindra (M&M) shares fell over 1.5 percent to trade at Rs 3,136 apiece, snapping a three-day gaining streak, as investors likely resorted to profit booking at elevated levels. Choice Broking had recently recommended a 'Buy' call on the stock with a target price of up to Rs 3,600 apiece, implying an upside potential of nearly 15 percent from current levels. Samvardhana Motherson shares dropped over a percent, as tariff threats loomed over export-oriented auto parts maker. TVS Motor and Bajaj Auto shares fell around 1 percent each, following the ABS mandate. Tata Motors, Maruti Suzuki and Exide Industries were trading in the red with marginal losses. Dodging the trend, Bharat Forge, MRF, Ashok Leyland and Eicher Motors shares were trading in the green."
18 Jun 2025,Retail investors bet big on turnaround stories in hopes of a jackpot,https://www.moneycontrol.com/news/business/retail-investors-bet-big-on-turnaround-stories-in-hope-of-a-jackpot-13138932.html,"Tata Motors, Yes Bank, Tata Steel, Vodafone and Suzlon energy are the stocks with highest number of retail investors",Retail investors are increasing looking at potential revival stocks,"India’s retail investors seem to be undergoing a strategic pivot—turning away from legacy giants in IT and increasingly flocking to potential turnaround stories in search of windfall gains. Shareholding data analysed by Moneycontrol for the past three financial years shows a sharp rise in retail participation in companies such as IRFC, Yes Bank, Vodafone Idea, and Suzlon Energy—all of which carry a narrative of revival, momentum, or policy-driven tailwinds. Leading the pack is Tata Motors, with over 66 lakh retail shareholders. But the more telling surge has been in Yes Bank, which added nearly 24 lakh new individual shareholders during the period, taking its retail base to over 62 lakh — the second highest in the market. Vodafone Idea saw its retail count swell by 25 lakh, reaching around 60 lakh, driven by optimism around a long-awaited turnaround in the telecom sector. Suzlon Energy, the renewable energy firm that was once written off, now commands the loyalty of more than 56 lakh retail shareholders. Infrastructure laggards like GTL Infra and Jaiprakash Power Ventures — often traded at single-digit prices — have also drawn massive retail interest, each crossing 25 lakh shareholders.  “Retail investors tend to chase momentum stocks or buy low-price names that appear cheap —stocks like Suzlon or Yes Bank that have seen rallies from low levels and created a sense of easy money,” said Kranthi Bathini, Director of Equity Strategy at WealthMills Securities. “There’s often a retail euphoria around low-priced companies like Reliance Power, which hasn’t delivered real returns in 15–20 years, yet the stock sees periodic rallies that retail investors latch onto.”  Railway stocks on fast track Government-backed railway stocks have also captured investor imagination. Indian Railway Finance Corporation (IRFC) saw a 350 percent surge in retail shareholders over three years, climbing to 56 lakh and ranking seventh overall. Rail Vikas Nigam tripled its retail base to 23.45 lakh shareholders. Other stocks like IRCTC, RailTel Corporation, and private player Titagarh Rail Systems have reported similar spikes in retail interest, bolstered by India’s infrastructure push and steady order flows.  “The retail interest in railway stocks like IRFC and IRCTC is tied to the sector’s strong momentum and visibility,” Bathini noted. “There’s clarity on both earnings and order books as India modernizes its rail infrastructure.” Exiting IT stocks On the flip side, India’s large-cap IT firms are witnessing a quiet but steady retreat from retail investors. TCS, the country’s second-most valuable company, has lost nearly 3 lakh retail investors in the last three years and now stands at 20 lakh shareholders, ranking 36th. Infosys, with over 24 lakh retail shareholders, has seen a similar decline. Wipro, HCL Tech, and Tech Mahindra have also seen erosion in retail bases during the same period.  The shift may indicate a growing retail appetite for speculative returns over steady compounders. While legacy tech stocks may offer consistent dividends and margins, they lack the thrill — or the perceived upside — of a dramatic rebound. As India's equity culture deepens, the retail playbook appears to be evolving from safety to storytelling — where the next big bet could either pay off handsomely or unravel just as quickly."
18 Jun 2025,Buy Tata Motors; target of Rs 750: Emkay Global Financial,https://www.moneycontrol.com/news/business/stocks/buy-tata-motors-target-of-rs-750-emkay-global-financial-2-13138413.html,"Emkay Global Financial is bullish on Tata Motors has recommended buy rating on the stock with a target price of Rs 750 in its research report dated June 17, 2025.",Buy,"Emkay Global Financial' research report on Tata Motors We attended JLR’s Annual Investor Day meet to understand its outlook and growth strategy. KTAs: i) JLR gave guidance for £28bn revenue with 5-7% EBIT margin in FY26 (vs earlier guidance of 10%; FY25: 8.5%); it maintained its interim/long-term guidance of 10%/15%, led by sustained focus on premiumization (growing share of higher-priced models), pricing discipline, and structural cost reduction. 2) FY26 FCF to be ‘close to zero’ vs £1.5bn in FY25 on lower profitability, drag from working capital, and sustained investment spends of £3.8bn (akin to FY25; previous guidance above £3.5bn). 3) JLR has factored in a potential trade between US and both, UK and EU; any delay could see margin pressure in H1FY26. 4) Amid slower than anticipated BEV adoption and changing emission regulations, JLR is increasing investments in ICE, on extended visibility; Jaguar to be fully electric; Range Rover EV launch planned for CY26. 5) JLR’s SDVs, with next-gen EV architecture, can boost processing power by 15x and cut wiring harness content by ~60%. 6) JLR has outpaced the Chinese premium PV market, and aims to maintain the pace via multiple targeted initiatives. We cut FY26E/27E consol EPS by ~15%, to factor in the challenging demand environment at JLR and the curtailed EBIT margin guidance. We build in £27.5bn revenue (5% YoY fall) with 6.4% EBIT margin and FCF of -£528mn. Outlook Over the last 5 years, JLR has significantly strengthened its business profile (largely resilient volume, high profitability) and balance sheet (net cash), thus positioning itself well to withstand near-term challenges. We maintain BUY on TTMT while trimming out SoTP-based TP by ~6% to Rs750. For all recommendations report, click here Tata Motors - 18062025 - emkay"
17 Jun 2025,Neutral Tata Motors; target of Rs 690: Motilal Oswal,https://www.moneycontrol.com/news/business/stocks/neutral-tata-motors-target-of-rs-690-motilal-oswal-2-13130950.html,"Motilal Oswal recommended Neutral rating on Tata Motors with a target price of Rs 690 in its research report dated June 17, 2025.",Neutral,"Motilal Oswal's research report on Tata Motors We attended Tata Motors’ (TTMT) virtual analyst meet for its JLR business. JLR continues to face several headwinds, such as tariff wars and resultant USD depreciation vs. GBP, uncertainty over EV transition, challenging market conditions in China, and rising warranty costs. As a result, management has lowered its EBIT margin guidance for FY26 to 5-7% from 10% earlier. It has also reduced its FCF guidance to nil from GBP1.8b earlier. TTMT has also indicated that it is working hard to improve efficiencies across the firm, with specific enterprise missions to drive the firm’s transformation amid headwinds. These initiatives could result in cost savings of GBP1.4b p.a. during 2HFY26 to FY27-28 and help TTMT to return to its earlier EBIT margin target of 10% over time. While our estimates were already lower than the consensus, we have reduced our FY26 EBIT margin assumption for JLR to 6% (earlier 6.9%), which has led to a 10% cut in our FY26 earnings estimates. Outlook We have maintained our FY27 estimates at this stage. Given the multiple headwinds highlighted above, we reiterate Neutral with FY27E SOTP-based TP of INR690. For all recommendations report, click here Tata Motors - 17062025 - moti"
16 Jun 2025,Tata Motors shares crash nearly 5% in today's trading session,https://www.moneycontrol.com/news/business/stocks/tata-motors-shares-crash-nearly-5-in-today-s-trading-session-alpha-article-13125183.html,"With Tata Motors's last traded price at Rs 695.00, the stock reflects the current market dynamics.",," Tata Motors's stock experienced a sharp decline of 4.86% during today's trading session, with the current price at Rs 677.45 on NSE. The movement reflects notable market activity as the stock is part of key indices. The stock is included in the NIFTY 50 and NIFTY 100 indices, indicating its significance in the Indian stock market.Financial PerformanceTata Motors's financial performance provides context to its stock behavior. The following is a summary of the company's consolidated financial data.RevenueThe company's revenue has shown consistent performance over the last five quarters:Mar 2025: Rs 119,503.00 CrDec 2024: Rs 113,575.00 CrSep 2024: Rs 101,450.00 CrJun 2024: Rs 108,048.00 CrMar 2024: Rs 119,986.31 CrNet ProfitNet profit figures for the same period are:Mar 2025: Rs 8,442.00 CrDec 2024: Rs 5,616.00 CrSep 2024: Rs 3,368.00 CrJun 2024: Rs 5,563.00 CrMar 2024: Rs 17,282.04 CrEarnings Per Share (EPS)EPS values are as follows:Mar 2025: Rs 23.40Dec 2024: Rs 14.81Sep 2024: Rs 9.72Jun 2024: Rs 14.61Mar 2024: Rs 45.42Annual Financial HighlightsTata Motors has demonstrated considerable financial growth over the past five years. Key figures include:SalesMar 2025: Rs 439,695 CrMar 2024: Rs 437,927 CrMar 2023: Rs 345,966 CrMar 2022: Rs 278,453 CrMar 2021: Rs 249,794 CrNet ProfitMar 2025: Rs 27,862 CrMar 2024: Rs 31,106 CrMar 2023: Rs 2,353 CrMar 2022: Rs -11,234 CrMar 2021: Rs -13,016 CrCash FlowThe company's cash flow from operating activities has been robust:Mar 2025: Rs 63,102 CrMar 2024: Rs 67,915 CrMar 2023: Rs 35,388 CrMar 2022: Rs 14,282 CrMar 2021: Rs 29,000 CrKey Ratios (Mar 2025)Basic EPS: Rs 78.80Book Value per Share: Rs 315.61P/E Ratio: 8.56xP/B Ratio: 2.14xMoneycontrol's sentiment analysis as of 2025-06-09 suggests a bullish outlook for the stock. With Tata Motors's last traded price at Rs 677.45, the stock reflects the current market dynamics. "
12 Jun 2025,"Sensex crashes 800 pts, Nifty below 24,900: Renewed tariff threat among key factors behind market decline",https://www.moneycontrol.com/news/business/markets/sensex-drops-over-500-pts-from-day-s-high-nifty-below-25-100-renewed-tariff-threat-weak-global-cues-among-key-factors-behind-market-decline-13112316.html,"Benchmark indices pared early gains and slipped into the red on Thursday, with the Sensex falling over 500 points from the day’s high and the Nifty slipping below the 25,100 mark",Sensex and Nifty began the trade with modest gains on June 12.,"The equity benchmark indices pared early gains and slipped into the red on Thursday, with the Sensex and the Nifty falling over 1 percent, amid weak global cues and renewed tariff-related concerns. Sensex dropped 823.16 points or 1 percent to settle at 81,691.98. During the day, it plunged 991.98 points or 1.2 percent to 81,523.16. The broader Nifty tumbled 253.20 points or 1.01 percent to 24,888.20. Infosys, Eternal, Tech Mahindra and Tata Motors were among the major laggards in early deals. Key factors behind market decline: 1) Renewed tariff threat: US President Donald Trump said he planned to send letters to trading partners in the next one to two weeks outlining unilateral tariff rates, ahead of a July 9 deadline to reimpose higher duties. ""At a certain point, we’re just going to send letters out... saying this is the deal, you can take it or leave it,"" Trump said in Washington. So far, only the UK has reached a trade framework with the US, along with a temporary tariff truce with China. 2) Tensions in the Middle East: The US is on high alert over the possibility of an Israeli strike on Iran. The State Department has authorised evacuation of some personnel from Iraq, and the Pentagon has approved the departure of military family members from various Middle East locations. Israel fully ready to launch operation in Iran: Sources 3) FII Selling: Foreign Institutional Investors (FIIs) sold shares worth Rs 446.31 crore on Wednesday, adding pressure on domestic markets. 4) Weak global cues: Key Asian indices such as Shanghai’s SSE Composite, Japan’s Nikkei 225 and Hong Kong’s Hang Seng were all trading lower, down up to 1 percent. US markets closed lower on Wednesday, and Wall Street Futures were also in the red on Thursday. European markets were also down with Germany's Dax falling 1.2 percent. Dow Futures shed 0.5 percent. Stock Market LIVE Updates 5) Rising crude oil prices: Crude futures surged over 4 percent on Wednesday amid growing US-Iran tensions. Brent crude jumped $2.90 (4.3%) to close at $69.77 a barrel, while US West Texas Intermediate rose $3.17 (4.9%) to settle at $68.15. 6) Rise in India VIX: The volatility index, India VIX, rose over 3 percent to 14.14, reflecting heightened investor nervousness in the market. Technical view: Anand James, Chief Market Strategist at Geojit Financial Services, said, ""We are inclined to believe that the medium-term objectives of 25,460–26,200 continue to be in play, and upswings will unfold in the near term, as long as dips do not stretch beyond 25,056. Alternatively, a direct fall below 24,900/863 could signal weakness, though we prefer to see past 24,640 before switching sides."""
10 Jun 2025,Neutral Tata Motors; target of Rs 690: Motilal Oswal,https://www.moneycontrol.com/news/business/stocks/neutral-tata-motors-target-of-rs-690-motilal-oswal-13107243.html,"Motilal Oswal recommended Neutral rating on Tata Motors with a target price of Rs 690 in its research report dated June 10, 2025.      ",Neutral,"Motilal Oswal's research report on Tata Motors We attended Tata Motors’ (TTMT) analyst meet for India business. TTMT expects CV industry volumes to grow at a slower CAGR of 3-5% over the next five years relative to average freight demand CAGR of 5-7% due to the impact of dedicated freight corridors (DFCs). In the long run, TTMT aims to have resilient margins and healthy returns across CV cycles. For FY27, TTMT aims to achieve 40% share in CVs and deliver EBITDA margin in teens with high RoCE. In PVs, TTMT targets to outperform industry growth in FY26 on the back of its new launches. With new product launches, the company expects to achieve 16% market share by FY27 in PVs and 18-20% in the next 2-3 years. TTMT targets to deliver double-digit EBITDA margin in overall PVs by FY27. While it has set an ambitious target for both domestic CV and PV businesses, execution is the key monitorable given the weak demand environment and rising cost pressure. Outlook We refrain from changing our estimates at this stage. Further, JLR continues to face multiple headwinds due to the tariff-led uncertainty in its key markets. As a result, management has refrained from giving any guidance for FY26 and beyond. For the lack of any triggers, we reiterate Neutral with FY27E SOTPbased TP of INR690. For all recommendations report, click here Tata Motors - 10062025 - moti"
10 Jun 2025,"Tata Motors shares rise as brokerages react to strategy reset across EV, PV and CV businesses",https://www.moneycontrol.com/news/business/markets/tata-motors-shares-rise-as-brokerages-react-to-strategy-reset-across-ev-pv-and-cv-businesses-13106928.html,"Tata Motors said its CV business will be 'stepping up the pace now', setting sight on a 40% market share by 2027 with teen EBITDA margin. ",Brokerages remained mixed on their outlook for the auto player. ,"Automotive giant Tata Motors Ltd shares gained on Tuesday, June 10, as brokerages roll out reviews of the carmaker's strategy for its commercial and passenger vehicle arms during its analyst meeting. Tata Motors targets scaling up its double-digit EBITDA for the CV business into teens by FY26 and is aiming at a 10 percent EBITDA for PV and EV business by FY30, an investor presentation said on June 9. The CV business will be 'stepping up the pace now', said Tata Motors, setting sight on 40% market share by 2027, with teen EBITDA margin. Commercial vehicles at Tata Motors could see a proactive investment in decarbonisation and connectivity solutions, along with software defined vehicles (SDVs). The management reaffirmed its EV business achieved EBITDA breakeven in FY25 in a mark of improved profitability, which it said will continue going forward. The car maker is now targetting its EV business to have a penetration of 20% by FY27 and over 30% by FY30 with continued improvement in margins. The EV side of the business is well-funded for the next three years, added Tata Motors, and said it is aiming at leading the transition towards software defined vehicles (SDV) in India. Tata Motors added that it plans to 'converge' its cost structure for EVs with ICE engine and deliver positive EBITDA. On car sales, the management sees muted demand growth going forward, with the shift to SUVs continuing, amid a highly competitive environment. Tata Motors added that the uncertainty around the global trade environment may continue to induce added volatility into the business. Tata Motors said it will double-digit EBITDA margins and positive free cashflow in the passenger vehicle segment, going forward. At 9.30 am, shares of the auto giant were quoting Rs 722.75 each, higher by 70 basis points on the NSE. Follow our live blog to catch all the updates Should you buy, sell, or hold shares of Tata Motors? Brokerage: Motilal Oswal Rating: Neutral Target Price: Rs 690 Downside: -4%Rationale: While it has set an ambitious target for both domestic CV and PV businesses, execution remains the key monitorable given the weak demand environment both in CVs and PVs and rising cost pressures. Given these headwinds, its target of improving both market share and margins seems challenging. The brokerage refrained from changing its estimates at this stage. Brokerage: Nuvama Institutional EquitiesRating: ReduceTarget Price: Rs 670Downside: -6.7%Rationale: Nuvama reckons JLR sales shall moderate ahead, due to challenging demand conditions in the US and China markets. Also the brokerage sees a muted performance in the India CV division owing to reasonable utilisation levels with transporters, increasing competition from Railways and a high base. A muted demand outlook and increasing marketing/sales promotion spends would lead to a muted 3% EBITDA CAGR over FY25–27E. Brokerage: Emkay GlobalRating: BuyTarget Price: Rs 800Upside: 11.2%Rationale: Tata Motors' CV business is on a strong footing, on robust profitability-led growth amid a potential demand recovery in the CV cycle. PV business performance, though, will be muted amid a weak industry demand environment and lukewarm response to recent launches. The brokerage's estimates are unchanged."
09 Jun 2025,Tata Motors targets market share and margin growth in 2027 amid trade turmoil,https://www.moneycontrol.com/news/business/markets/tata-motors-targets-market-share-and-margin-growth-in-2027-amid-trade-turmoil-13104964.html,"Tata Motors said its CV business will be 'stepping up the pace now', setting sight on a 40% market share by 2027 with teen EBITDA margin. Commercial vehicles at Tata Motors could see a proactive investment in decarbonisation along with software defined vehicles (SDVs).",The car maker is now targetting its EV business to have a penetration of 20% By FY27 and over 30% by FY30 with continued improvement in margins. ,"Leading carmaker Tata Motors targets scaling up its double-digit EBITDA for the CV business into teens by FY26 and is aiming at a 10 percent EBITDA for PV and EV business by FY30, an investor presentation said on June 9. The CV business will be 'stepping up the pace now', said Tata Motors, setting sight on 40% market share by 2027, with teen EBITDA margin. Commercial vehicles at Tata Motors could see a proactive investment in decarbonisation and connectivity solutions, along with software defined vehicles (SDVs). The management reaffirmed its EV business achieved EBITDA breakeven in FY25 in a mark of improved profitability, which it said will continue going forward. The car maker is now targetting its EV business to have a penetration of 20% By FY27 and over 30% by FY30 with continued improvement in margins. The EV side of the business is well-funded for the next three years, added Tata Motors, and said it is aiming at leading the transition towards software defined vehicles (SDV) in India. Tata Motors added that it plans to 'converge' its cost structure for EVs with ICE engine and deliver positive EBITDA. Tata Motors - leader in the electric space - has been losing market share over the past one year on increasing competitive intensity, which knocked down the EV market share to 35% in May 2025 as against 66% a year ago. New lauches by Mahindra and Hyundai Motor have helped rivals bridge the gap, along with a JSW-MG Motors’ Windsor, which took the company's market share to 31% in May 2025 from 19% a year ago. Tata Motors is now pinning hopes of recently launched Harrier EV to regain market share. On car sales, the management sees muted demand growth going forward, with the shift to SUVs continuing, amid a highly competitive environment. Tata Motors added that the uncertainty around the global trade environment may continue to induce added volatility into the business. Tata Motors said it will double-digit EBITDA margins and positive free cashflow in the passenger vehicle segment, going forward. Tata Motors cited a moderation in demand as having impacted its profitability in FY25, along with rising competition in the SUV segment, and an inflationary trend in commodities and currencies. For this fiscal, the management continues to see muted demand growth and inventory with dealers could stay high. In order to survive the competitive intensity, Tata Motors said it will continue to rely on its SUV portfolio, with a planned launch of Tata Sierra in H2FY26. However, global trade uncertainties could results in continued volatility in FY26, it added. Read More: Tata Motors pins hope on new EVs, stronger demand to lead FY26 comeback The management added that its aftersales transformation initiatives have resulted in significant improvement, with a 21 percent improvement in same-day service metric, and a 25 percent drop in vehicles needing multiple workshop visits. The FY26 capex has been projected to be in-line with what the company spent during FY25. The management has assigned July 1, 2025 as the date for the demerger of CV business and amalgamation of TMPVL into Tata Motors. Between September and December this year, the car company is hoping for the final NCLT approval for the demerger, which will see the existing listed company to trade ex-CV business, and Tata Motors will be renamed as TMPVL, and the new CV company will be separately listed subsequently. Shareholders and analysts will next be watching for the FY26 guidance and updates at the JLR Investor Day on June 16, 2025."
06 Jun 2025,"Experts pitch 14 rate-sensitive stocks after RBI surprises with larger repo cut, CRR action",https://www.moneycontrol.com/news/business/markets/experts-pitch-14-rate-sensitive-stocks-after-rbi-surprises-with-larger-repo-cut-crr-action-13101403.html,"After the RBI's Monetary Policy Committee reduced the repo rate by 50 bps to 5.5 percent, Moneycontrol collated a list of top 14 rate-sensitive stocks from experts with a shorter term investment perspective.",Rate Sensitive Stocks to Buy post RBI Policy,"The RBI’s Monetary Policy Committee (MPC) surprised the street with a front-loaded 50 basis points repo rate cut to support economic growth, while changing the policy stance from ‘accommodative’ to ‘neutral’ on June 6, along with a cut in the cash reserve ratio (CRR). Five of the six RBI MPC members voted for the 50 bps cut, which was above analysts’ expectations. Some market experts believe the neutral stance marks the end of the official easing cycle, but keeps the door open to future rate cuts if required, depending on data. ""It is imperative to continue to stimulate domestic private consumption and investment through policy levers to step up the growth momentum. This changed growth-inflation dynamics calls for not only continuing with the policy easing but also frontloading the rate cuts to support growth,"" the RBI said in its release. Read More The central bank also slashed the cash reserve ratio by 100 bps to 3 percent to further provide durable liquidity, potentially unlocking nearly Rs 2.5 lakh crore in liquidity for the banking system. ""The cumulative 100 basis point rate cut since February underscores the RBI’s urgency to support demand, while the shift to a neutral stance signals a more cautious, data-driven approach to balancing growth and inflation risks going forward,"" Anil Rego Founder & Fund Manager at Right Horizons PMS said. Apurva Sheth, Head of Market Perspectives & Research at Samco Securities said the policy shift is more than a rate cut but a strong signal that the RBI has done its part and it is now up to corporates, consumers, and investors to seize the moment. The stock market, which already delivered strong returns from the lows of April, has reacted positively to the RBI move. The Nifty 50 index reclaimed 25,000 level with a one percent rise, forming a long bullish candle with falling resistance trendline breakout. Sectors like housing, autos, banking, and infrastructure are likely to see improved momentum as transmission picks up, Sonam Srivastava, Founder and Fund Manager at Wright Research PMS said, adding that it’s also a positive signal for rural and small business credit, where growth had been lagging. Moneycontrol has collated a list of top 14 rate sensitive stocks from experts with short term perspective. The stock price of June 5 is considered for the calculation of returns: Ashish Kyal, CMT, Founder and CEO of Waves Strategy Advisors HDFC Bank | CMP: Rs 1,949.60  For the past two months, HDFC Bank has taken a breather and has been undergoing a symmetrical triangle formation at the upper end. In the previous session, prices made a failed attempt to break out of the said pattern. For now, a decisive breakout on the upside is much-awaited for the next leg of the rally to resume. Additionally, the Bollinger Bands have been contracting, which is usually followed by a significant trending move. A break above Rs 1,970 followed by Rs 1,980 could trigger fresh buying in this stock. In summary, HDFC Bank is trading at an important juncture. A decisive break above Rs 1,980 is a must, which could open the doors for targets of Rs 2,055 followed by Rs 2,150. On the downside, Rs 1,900 is the nearest support level to watch. Strategy: Buy Target: Rs 2,055, Rs 2,150 Stop-Loss: Rs 1,900 PB Fintech | CMP: Rs 1,886.7  PB Fintech is one of the top gainers in the financial sector, which is a strong bullish sign. On the daily chart, the stock, after two weeks of consolidation, has managed to close above the narrow range of Rs 1,723 to Rs 1,810. Prices also managed to break above the previous swing high of Rs 1,854, highlighting that bulls are gearing up for a fresh rally. The current rise has retraced up to 61.8 percent of the prior fall that started in January 2025, and with follow-up buying, prices could retrace up to the 78.6 percent level, i.e., near Rs 2,050. Additionally, the MACD has recently given a bullish crossover, further reinforcing the positive outlook. In summary, the trend for PB Fintech has shifted in favour of the bulls. A break above Rs 1,895 could lead to a trending move towards Rs 1,970 followed by Rs 2,050. On the downside, Rs 1,820 is the nearest support level. Strategy: Buy Target: Rs 1,970, Rs 2,050 Stop-Loss: Rs 1,820 Prestige Estates Projects | CMP: Rs 1,626.1  The realty sector is one of the key beneficiaries of a rate cut, and within the sector, Prestige Estates is outperforming. On the daily chart, the stock is forming higher highs and higher lows, indicating bullishness. After reversing from the mid-Bollinger Band, prices are now trading near the upper Bollinger Band, with rising volumes highlighting strength in the ongoing trend. Additionally, the ADX (Average Directional Index) is showing a reading of 33, which is well above the 25 level, suggesting strong momentum. Given the steep rally, buying on dips seems a prudent strategy. In summary, the trend remains positive. Use dips as buying opportunities, with targets of Rs 1,720 followed by Rs 1,800. On the downside, Rs 1,555 is the nearest support. Strategy: Buy Target: Rs 1,720, Rs 1,800 Stop-Loss: Rs 1,555 Vinay Rajani, CMT, Senior Technical and Derivative Analyst at HDFC Securities Macrotech Developers | CMP: Rs 1,461.70  Lodha has broken out from a descending triangle pattern on the weekly chart. The stock is placed above key moving averages, indicating a bullish trend across all time frames. The realty sector index has been outperforming over the past couple of weeks. The monthly RSI has given a bullish crossover, indicating strength in the stock. Volumes have risen alongside the recent price rise. The stock has been forming higher tops and higher bottoms on both the daily and weekly charts. Strategy: Buy Target: Rs 1,680 Stop-Loss: Rs 1,300 Indian Bank | CMP: Rs 629.70  After breaking out from the bullish Flag pattern on the monthly chart, Indian Bank has experienced a running correction over the last three trading sessions. Considering the primary uptrend and the stock’s relative strength, it appears that the stock could resume its bullish trend with momentum at any time. Strategy: Buy Target: Rs 680 Stop-Loss: Rs 600 Mahindra and Mahindra | CMP: Rs 3,041.60  M&M is currently in a short-term consolidation phase, while the primary trend remains bullish. The stock is positioned above key moving averages and has been forming higher tops and higher bottoms on the weekly charts. The auto sector has seen sufficient consolidation and is on the verge of resuming its primary uptrend. Indicators and oscillators are showing strength on both the weekly and monthly charts. Strategy: Buy Target: Rs 3,200 Stop-Loss: Rs 2,950 Vidnyan Sawant, Head - Research Desk at GEPL Capital SBI Cards and Payment Services | CMP: Rs 944.35  SBI Card is demonstrating strong relative strength across all timeframes. On the monthly scale, the stock has broken out above its June 2023 swing high, signaling a structural shift. The weekly chart reflects a consistent uptrend, marked by higher highs and sustained price action above the 12-, 26-, and 50-week EMAs. Momentum remains firmly positive, with the MACD in buy mode across multiple timeframes, reinforcing the stock’s bullish undertone. Strategy: Buy Target: Rs 1,048 Stop-Loss: Rs 895 Angel One | CMP: Rs 3,271.7  Angel One has formed a double bottom pattern on the monthly timeframe, indicating a potential long-term reversal. On the weekly chart, the stock is showing signs of trend continuation, staying well above the 26-, 50-, and 100-week EMAs. Furthermore, the MACD is rising above the zero line with expanding positive histograms, signaling accelerating momentum and strengthening the bullish outlook. Strategy: Buy Target: Rs 3,730 Stop-Loss: Rs 3,070 Anshul Jain, Head of Research at Lakshmishree Investments Tata Motors | CMP: Rs 710.15  Tata Motors has rallied 38% in five weeks, forming a pole, followed by four weeks of tight closing, developing a bullish flag pattern on the weekly chart. This setup is supported by strong accumulative volumes, indicating institutional participation. Both daily and weekly moving averages are below current prices, acting as propellers for further upside. A breakout above Rs 730 will trigger the next bullish leg, targeting the weekly swing high of Rs 810 in the coming sessions. Strategy: Buy Target: Rs 810 Stop-Loss: Rs 690 Axis Bank | CMP: Rs 1,159  Axis Bank is in the seventh week of forming a weekly flag pattern, with low volumes indicating a healthy timewise correction. This consolidation is allowing the weekly moving averages to catch up, setting the stage for a strong breakout. A sustained move above Rs 1,225 will confirm bullish continuation and likely propel the stock towards Rs 1,500. The structure remains positive, with current sideways action building energy for a fresh upmove. Strategy: Buy Target: Rs 1,500 Stop-Loss: Rs 1,140 IndusInd Bank | CMP: Rs 803.2  IndusInd Bank has formed a bear trap and is currently trading above the trap level of Rs 800 while consolidating. A follow-through breakout above Rs 812 will neutralize the overhead weekly moving averages and trigger fresh bullish momentum. Volumes in the base have remained accumulative, indicating institutional interest. A breakout above Rs 812 is likely to flush out trapped traders, opening room for a swift rally towards Rs 926 in the coming weeks. Strategy: Buy Target: Rs 926 Stop-Loss: Rs 790 Mahesh M Ojha, AVP Research and Business development at Hensex Securities DLF | CMP: Rs 825.7  DLF remains in a strong bullish trajectory, supported by sustained volume and a solid breakout structure. The RSI indicates healthy strength without overbought signals, while the MACD supports ongoing upside momentum. The stock shows potential for continued outperformance in the short term. Strategy: Buy Target: Rs 860, Rs 900 Stop-Loss: Rs 794 Godrej Properties | CMP: Rs 2,312  Godrej Properties is showing strength, with the RSI trending positively and a MACD bullish crossover confirming upward momentum. The stock is breaking out of a consolidation phase with rising volumes. Technicals favour sustained upside in the coming sessions. Strategy: Buy Target: Rs 2,650, Rs 2,700 Stop-Loss: Rs 2,180 Larsen & Toubro | CMP: Rs 3,642.6  L&T remains in a strong uptrend, consolidating above key breakout zones. The RSI is stable, and the MACD remains in buy territory, indicating continued momentum. Sustained volumes support a bullish continuation in the near to medium term. Strategy: Buy Target: Rs 3,690, Rs 3,750, Rs 3,800 Stop-Loss: Rs 3,530"
04 Jun 2025,Tata Motors Shares Climb as Price Reaches Rs 708.65 in Today's Session,https://www.moneycontrol.com/news/business/stocks/tata-motors-shares-climb-as-price-reaches-rs-708-65-in-today-s-session-alpha-article-13094563.html,"In today's trading session, Tata Motors shares experienced an increase, with the price reaching Rs 708.65, marking a rise of 0.68%, or Rs 4.80.",," In today's trading session, Tata Motors shares experienced an increase, with the price reaching Rs 708.65, marking a rise of 0.68%, or Rs 4.80. The stock is currently included in the NIFTY 50 STOCKS index. Financial Performance Overview The financial data provides a glimpse into Tata Motors' consolidated financial performance over the recent years and quarters.Revenue TrendsTata Motors has demonstrated substantial revenue growth over the past five years. The annual revenue has increased from Rs 249,794.75 Cr in March 2021 to Rs 439,695.00 Cr in March 2025. Recent quarterly revenues show:Mar 2025: Rs 119,503.00 CrDec 2024: Rs 113,575.00 CrSep 2024: Rs 101,450.00 CrJun 2024: Rs 108,048.00 CrNet Profit AnalysisThe company's net profit has shown a significant turnaround. From net losses in 2021 and 2022, Tata Motors has reported substantial profits in recent years. The net profit for year ending March 2025 stood at Rs 27,862.00 Cr, compared to a loss of Rs 13,016.14 Cr in March 2021. The recent quarterly net profits include:Mar 2025: Rs 8,442.00 CrDec 2024: Rs 5,616.00 CrSep 2024: Rs 3,368.00 CrJun 2024: Rs 5,563.00 CrEarnings Per Share (EPS)Tata Motors' EPS has mirrored the trend in net profits, turning positive after previous losses. The EPS for March 2025 is Rs 78.80, a notable increase from the negative EPS of Rs -36.99 in March 2021. The quarterly EPS figures are:Mar 2025: Rs 23.40Dec 2024: Rs 14.81Sep 2024: Rs 9.72Jun 2024: Rs 14.61Key Financial RatiosHere’s an overview of Tata Motors' financial ratios:RatioMar 2021Mar 2022Mar 2023Mar 2024Mar 2025Basic EPS (Rs.)-36.99-29.886.2981.9578.80Book Value/Share (Rs.)148.39127.50137.33242.90315.61Debt to Equity (x)2.083.132.771.160.54P/E (x)-8.16-14.5266.9012.118.56P/B (x)2.093.733.554.482.14According to Moneycontrol analysis from 2025-05-28, the sentiment is bullish. "
02 Jun 2025,"Stocks to Watch Today: Tata Motors, M&M, Niva Bupa, Alembic Pharma, IRCON, Godrej Properties, Titagarh, AstraZeneca, Genus Power, Nykaa in focus on 2 June",https://www.moneycontrol.com/news/business/markets/stocks-to-watch-today-tata-motors-m-m-niva-bupa-alembic-pharma-ircon-godrej-properties-titagarh-astrazeneca-genus-power-nykaa-in-focus-on-2-june-13083367.html,"Stocks to Watch, 2 June: Stocks like TVS Motor Company, Eicher Motors, Hero MotoCorp, Maruti Suzuki India, Indian Energy Exchange,Indigo Paints, Manappuram Finance, Tata Motors, Mahindra and Mahindra, Niva Bupa Health Insurance Company, Alembic Pharmaceuticals, IRCON International, Godrej Properties, Titagarh Rail Systems, AstraZeneca Pharma India, Genus Power Infrastructures, and FSN E-Commerce Ventures Nykaa will be in focus on June 2.",Shares of Niva Bupa Health Insurance have risen by 23.4 per cent in the last six months.,"Let's catch up on the latest news from the stock market. From significant investments to major deals, quarterly earnings, order wins, and auto sales, here’s a quick look at which stocks will be in focus in today's trade: Results Today Manoj Jewellers, N2N Technologies, Panorama Studios International, Retro Green Revolution, and Vasudhagama Enterprises will release their quarterly earnings on June 2. Quarterly Earnings Titagarh Rail Systems Q4 (Consolidated YoY) Profit falls 18.4% to Rs 64.5 crore Vs Rs 79 crore Revenue declines 4.5% to Rs 1,005.6 crore Vs Rs 1,052.4 crore AstraZeneca Pharma India Q4 (YoY) Profit zooms 47.5% to Rs 58.3 crore Vs Rs 39.5 crore Revenue increases 25.4% to Rs 480.5 crore Vs Rs 383.2 crore Board recommends dividend of Rs 32 per equity share Genus Power Infrastructures Q4 (Consolidated YoY) Profit surges 406.5% to Rs 123.3 crore Vs Rs 24.3 crore Revenue grows 123% to Rs 936.8 crore Vs Rs 420.1 crore FSN E-Commerce Ventures Nykaa Q4 (Consolidated YoY) Profit spikes 192.9% to Rs 20.3 crore Vs Rs 6.93 crore Revenue grows 23.6% to Rs 2,061.8 crore Vs Rs 1668 crore Apollo Hospitals Enterprise Q4 (Consolidated YoY) Profit zooms 60.4% to Rs 414.5 crore Vs Rs 258.4 crore Revenue rises 13.1% to Rs 5,592.2 crore Vs Rs 4,943.9 crore Board recommends a final dividend of Rs 10 per share Inox Wind Q4 (Consolidated YoY) Profit spikes 379.6% to Rs 190.3 crore Vs Rs 39.7 crore Revenue jumps 141.6% to Rs 1,274.8 crore Vs Rs 527.7 crore Spandana Sphoorty Financial Q4 (Consolidated YoY) Loss stands at Rs 434.3 crore Vs profit of Rs 128.6 crore Revenue falls 38% to Rs 414.8 crore Vs Rs 669.1 crore Board approves issuance of non-convertible debentures up to Rs 4,000 crore on private placement basis, in tranches Ashiana Housing Q4 (YoY) Profit grows 13.8% to Rs 19.7 crore Vs Rs 17.4 crore Revenue falls 27% to Rs 201.5 crore Vs Rs 275.7 crore Puravankara Q4 (Consolidated YoY) Loss widens to Rs 88 crore Vs loss of Rs 6.7 crore Revenue tanks 41.1% to Rs 541.6 crore Vs Rs 920 crore Sun TV Network Q4 (Consolidated YoY) Profit drops 10.4% to Rs 371.6 crore Vs Rs 414.7 crore Revenue declines 2.2% to Rs 940.6 crore Vs Rs 961.3 crore Automobile Sales for May Bajaj Auto (YoY) Total sales grow 8% to 3.84 lakh units Vs 3.55 lakh units Domestic sales flat at 2.25 lakh units Vs 2.25 lakh units Exports zoom 22% to 1.58 lakh units Vs 1.30 lakh units Hyundai Motor India (YoY) Total sales decline to 58,701 units Vs 60,774 units Domestic sales fall to 43,861 units Vs 44,374 units Export sales drop to 14,840 units Vs 16,400 units Ashok Leyland (YoY) Total sales grow 5% to 15,484 units Vs 14,682 units M&HCV sales increase 11% to 10,282 units Vs 9,243 units LCV sales drop 4% to 5,202 units Vs 5,439 units TVS Motor Company (YoY) Total sales jump 17% to 4.31 lakh units Vs 3.69 lakh units 2-wheeler sales increase 16% to 4.16 lakh units Vs 3.59 lakh units Electric vehicle sales grow 50% to 27,976 units Vs 18,674 units Exports up 22% to 1.18 lakh units Vs 96,966 units 3-wheeler sales soar 46% to 15,109 units Vs 10,324 units Eicher Motors VECV (YoY) Total sales grow 7.3% to 7,402 units Vs 6,901 units Eicher Motors Royal Enfield (YoY) Total sales increase 26% to 89,429 units Vs 71,010 units Exports surge 82% to 13,609 units Vs 7,479 units Hero MotoCorp (YoY) Total sales grow 1.92% to 5.07 lakh units Vs 4.98 lakh units Domestic sales increase 2% to 4.88 lakh units Vs 4.79 lakh units Exports up 0.17% to 18,704 units Vs 18,673 units Maruti Suzuki India (YoY) Total sales rise 3.2% to 1.8 lakh units Vs 1.74 lakh units Domestic sales fall 5.3% to 1.48 lakh units Vs 1.57 lakh units Exports zoom 80% to 31,219 units Vs 17,367 units Tata Motors (YoY) Total sales fall 8.6% to 70,187 units Vs Rs 76,766 units Domestic sales down 10% at 67,429 units Vs 75,173 units Passenger vehicles sales drop 11% to 42,040 units Vs 47,075 units Commercial vehicle sales decline 5% to 28,147 units Vs 29,691 units Mahindra and Mahindra (Automobile YoY) Total sales grow 17% to 84,110 units Passenger vehicle sales up 21% at 52,431 units Vs 43,218 units Exports increase 37% to 3,652 units Vs 2,671 units 3-wheeler sales soar 11% to 6,635 units Vs 5,967 units Mahindra and Mahindra (Tractor YoY) Total sales jump 10% to 40,643 units Vs 37,109 units Domestic sales grow 10% to 38,914 units Vs 35,237 units Exports fall 8% to 1,729 units Vs 1,872 units Stocks to Watch Niva Bupa Health Insurance Company Reports from CNBC-TV18, quoting sources, indicate that Fettle Tone and Krishnan Ramchandra are likely to sell up to 7.2% of their stake in Niva Bupa Health Insurance Company through block deals. The expected block size for the transaction is around Rs 1,082 crore. Alembic Pharmaceuticals The United States Food and Drug Administration (US FDA) has issued a Form 483 with four observations for Alembic Pharmaceuticals' API-I & II units at Panelav. The inspection took place between May 26 and May 31, 2025, and was a routine, unannounced cGMP inspection. None of the observations were related to data integrity. IRCON International The company has received an Engineering, Procurement, and Construction (EPC) order worth Rs 1,068.34 crore from East Central Railway. The order involves the construction of a new broad gauge (BG) rail bridge, including the sub-structure for a double-line track and the superstructure for a single-line track, across the river Ganga between Bikramshila and Katareah stations on the New Railway Line Project. Godrej Properties Godrej Properties, a leading real estate developer, has acquired a 14-acre land parcel in Kharadi-Wagholi, Pune. The company plans to develop a premium group housing project with a potential developable area of 3.7 million square feet, estimated to generate a revenue potential of Rs 4,200 crore. Cipla The United States Food and Drug Administration (USFDA) conducted a current Good Manufacturing Practices (cGMP) inspection at the company’s manufacturing facility in Bommasandra, Bengaluru, during May 26–30, 2025, and issued one observation in Form 483. Meanwhile, the Board has approved the appointment of Prabhakarn Balakrishnan Nair as Senior Management Personnel and Global Chief Manufacturing Officer of the company, effective July 1. MOIL The company has reduced the prices of all chemical grades and manganese ore fines by 5–15%, effective June 2. Zydus Lifesciences The company has received tentative approval from the United States Food and Drug Administration (USFDA) for Rifaximin tablets. Rifaximin is used for the treatment of irritable bowel syndrome with diarrhea (IBS-D) in adults. As per IQVIA MAT March 2025 data, Rifaximin tablets recorded annual sales of $2,672.9 million in the United States. Adani Energy Solutions The company has won a Rs 1,660 crore inter-state transmission project in Maharashtra. With this addition, its transmission order book now stands at Rs 61,600 crore. Meanwhile, the Board has approved fund raising of up to Rs 4,300 crore via Qualified Institutional Placement (QIP) or other modes. Coal India The company has filed draft papers for the IPO of its subsidiary, Bharat Coking Coal, with SEBI, NSE, and BSE. The proposed IPO will comprise an offer for sale of up to 46.57 crore shares by Coal India. Dr Reddy's Laboratories The company has received a notice from the Assistant Commissioner of Income Tax, Hyderabad, demanding tax amounting to Rs 2,395.81 crore for the Assessment Year 2020–21. Bulk Deals Indian Energy Exchange Dalmia Cement (Bharat) has sold a 0.57% stake in Indian Energy Exchange at an average price of Rs 200.71 per share. As of March 2025, Dalmia Cement held a 4.17% stake in the company. Indigo Paints Peak XV Partners Investments V and IV have exited Indigo Paints by selling their entire 3.18% shareholding at an average price of Rs 1,046.45 per share. Kotak Mahindra Mutual Fund was the buyer for the 3.18% stake. Stocks Trade Ex-Date for Income Distribution (InvIT) Cube Highways TrustNational Highways Infra Trust Stock in F&O Ban Manappuram Finance"
26 May 2025,"M&M, Bajaj Auto, other shares surge up to 2% as Auto index emerges as the top gainer: What's driving the rally?",https://www.moneycontrol.com/news/business/markets/m-m-bajaj-auto-other-shares-surge-up-to-2-as-auto-index-emerges-as-the-top-gainer-what-s-driving-the-rally-13046591.html,"Nifty Auto index is up over a percent to emerge as the top sectoral gainer, hopeful of export relief after Trump delays EU tariff deadline, and monsoon trend suggests a robust domestic rural demand ahead.  ",Cars (representative),"Auto shares made strong gains on May 26, pushing the Nifty Auto index up over a percent to be the top sectoral gainer, extending the rise for a second session, riding on a brief respite from America's 50 percent tariffs on the European Union. US President Trump on May 25 announced that he has postponed the imposition of 50 percent tariffs on European Union imports until July 9, after a phone call with European Commission President Ursula von der Leyen. ""We had a very nice call and I agreed to move it,"" Trump told reporters. The announcement came after Trump threatened to impose a 50 percent tariff on EU products starting June 1, 2025, accusing the block of systematically exploiting the United States through unfair trade practices. Trump had announced a 25 percent tariff on automobile imports into the US in April, and later signed an executive order for some tariff relief, blending tax credits and waivers covering up to 15 percent of the value of vehicles assembled domestically. The early onset of monsoon, which has hit multiple parts of South India has also added to the sentiment. The Centre expects above normal monsoon conditions to provide a significant boost to consumption and productivity in the upcoming financial year, reinforcing confidence in India’s growth momentum, senior government sources told Moneycontrol. Mahindra & Mahindra (M&M) and Bajaj Auto shares were the top gainers on the index, rising over 2 percent to close at Rs 3,075 apiece and Rs 8,950 apiece respectively. MRF and Tata Motors shares gained over 1.5 percent each, while Samvardhana Motherson and Hero MotoCorp shares jumped over 1 percent each. Eicher Motors and Bharat Forge ended the session in the green with marginal gains. Despite the uptrend in the market, Maruti Suzuki and TVS Motor shares closed in the red with marginal losses. Balkrishna Industries shares tumbled over 6 percent after the company reported a sharp 25 percent decline in standalone net profit for the March quarter and laid out an aggressive capex plan to diversify into competitive tyre segments."
20 May 2025,"Selloff in auto stocks intensifies after a four-day rally; Hero Moto, Bajaj, Maruti top losers",https://www.moneycontrol.com/news/business/markets/selloff-in-auto-stocks-intensifies-after-a-four-day-rally-hero-moto-bajaj-maruti-top-losers-13034626.html,"Earlier this month, he said that the Indian government has ""offered us a deal where basically they are willing to literally charge us no tariff"". The possibility of a trade deal between US and India had earlier boosted the free falling auto stocks.","Auto index snaps four-day gaining streak following US trade deal hopes: Maruti, M&M among top losers","Shares of auto makers tumbled on May 20, pushing the Nifty Auto index lower by more than 2 percent to be the top sectoral loser, likely on profit booking after a four-day gaining streak. The Nifty Auto index has seen significant surge recently, rising nearly 9 percent in the past one month. Last four sessions of gains were recorded after US President Trump hinted at a trade deal with India that would effectively reduce tariffs on Indian imports into America. Earlier on May 20, Bloomberg News reported that an interim trade deal could likely cover market access for industrial goods, farm products and address non-tariff barriers such as quality control requirements. Tube Investments of India was the top loser on the index, dropping 3.5 percent after having risen nearly 17 percent in the past one month. Hero MotoCorp, Bajaj Auto and Maruti Suzuki shares followed, plunging nearly 3 percent each. Bharat Forge, TVS Motors and Eicher Motors meanwhile fell over 2 percent each. Mahindra & Mahindra (M&M), Balkrishna Industries, Exide Industries and Tata Motors shares were down over 1 percent each, while Samvardhana Motherson shares were down nearly 0.9 percent. Few stocks bucked the trend to trade with marginal gains, including MRF and Ashok Leyland. On May 19, Ashok Leyland had announced that it will also consider issuance of bonus shares during its upcoming board meeting scheduled on May 23. US President Donald Trump had introduced a slew of tariffs on foreign imports, including cars and related components. India's automakers with exposure to US exports saw a significant decline in their share prices following the tariff announcements. However, Trump has since then softened his stance on tariffs later. Earlier this month, he said that the Indian government has ""offered us a deal where basically they are willing to literally charge us no tariff"". The fall in the automotive share prices comes amid an overall downturn in the market, with benchmark Sensex down over 600 points near 81,450 and Nifty 50 continuing to trade below the 25,000 mark."
15 May 2025,"Auto stocks soar on hope of progress in US trade deal with Here Moto, Tata Motors topping the chart",https://www.moneycontrol.com/news/business/markets/auto-stocks-soar-on-hope-of-progress-in-us-trade-deal-with-here-moto-tata-motors-topping-the-chart-13027616.html,"The surge in auto stocks comes amid a broader rally, with benchmark indices Sensex over 1,200 points and Nifty 50 closing above 25,000 at seven-month highs.","Auto stocks soar as US-India trade deal hopes spark market rally; Here MotoCorp, Tata Motors shares up over 4%","The shares of auto companies revved up in top gear on May 15, even as US President Trump hinted that India has offered zero tariffs on all US goods, without offering further details on the progress of the negotiations. The sharp rise in the auto stocks pushed the Nifty Auto index up nearly 2 percent to close at 23,805. The surge in auto stocks comes amid a broader rally, with benchmark indices Sensex over 1,200 points higher at 82,531, while Nifty closing 1.6 percent higher at 25,062. Shares of Hero MotoCorp were the top gainer on the auto index, jumping over six percent to trade at a three-month high. The stock has been seen significant rally recently, extending gains for a fifth consecutive session. The rally supported by the company's fourth quarter results, shared on May 14. Tata Motors shares followed, jumping over four percent, after Jaguar Land Rover mentioned the US as its fastest-growing market. A possible trade deal and concession on US import tariffs could act as a major positive trigger for the auto sector. Bajaj Auto and TVS Motor shares followed, rising over 2 percent each. Samvardhana Motherson shares meanwhile closed nearly 2 percent higher. Ashok Leyland and Maruti Suzuki shares gained over 1.8 percent each. Bosch, Mahindra & Mahindra (M&M), Eicher Motors, Exide Industries and MRF ended the session in the green with marginal gains. US President Donald Trump on May 15 said that India had offered a ""no tariffs"" trade deal for American goods. ""It is very hard to sell in India, and they are offering us a deal where basically they are willing to literally charge us no tariffs,"" Reuters cited Trump as saying in a meeting with executives in Qatar. The US President further said that he had confronted Apple CEO Tim Cook about shifting production to India. ""Tim, we treated you very good, we put up with all the plants you built in China for years…We are not interested in you building in India, India can take care of themselves, they are doing very well, we want you to build here,"" Trump said. The US had imposed a slew of reciprocal tariffs on a number of trading partners in April, and unveiled 25 percent tariff on imported vehicles and auto parts. Later, the US President eased some of the tariffs, since then, the Trump administration has been hinting at a possible deal with India on the horizon."
15 May 2025,Jaguar Land Rover sales slow in India over lack of clarity on UK FTA: Report,https://www.moneycontrol.com/news/business/jaguar-land-rover-sales-slow-in-india-over-lack-of-clarity-on-uk-fta-report-13026764.html,"Several customers have reportedly put their purchases on hold, anticipating a drop in the prices after the FTA comes into effect",Jaguar Land Rover,"Faced with a drop in sales, senior Jaguar Land Rover (JLR) officials met at Bombay House earlier this week, the Times of India has reported. They attributed the slowdown to uncertainty surrounding the terms of the recently concluded India-UK Free Trade Agreement (FTA) , the report cited sources as saying. Several customers have put on hold their purchases, anticipating a drop in the prices after the FTA comes into effect, the report cited a JLR dealer as saying. However, several models are largely assembled in India, and won’t see a significant impact from the deal, the report added. Moneycontrol couldn't verify the report independently. Earlier this month, India and the UK concluded a Free Trade Agreement (FTA), the first major pact between the two nations after US President Donald Trump's policy on tariffs threatened to upend global commerce. The detailed text of the agreement is expected to be shared by officials after three months during which a joint “legal scrubbing” of the deal is expected to be concluded, government officials have told Moneycontrol. While announcing its results for March quarter on May 13, Tata Motors said Jaguar Land Rover (JLR) recorded a revenue of £7.7 billion , a fall of 1.7 percent from the year-ago period. The EBIT margin was 10.7 percent, up 150 basis points from the previous year. This is the best EBIT margin reported by the company in a decade. The EBITDA margin, however, dropped to 15.3 percent. Jaguar Land Rover reported wholesales at 1.11 lakh in, marking a 1 percent jump from Q4 FY24. “On 8 May 2025 we welcomed the positive announcement of a US-UK trade deal. This reduces US trade tariffs on UK auto exports to the US from 27.5% to 10 percent, within a quota of 100,000 vehicles. “This deal brings greater certainty for our sector and stakeholders. We will continue to engage with the UK Government on the detail of the trade deal. Our priority is to ensure we deliver for our global clients and protect EBIT through delivery of transformation and efficiency initiatives. “Looking ahead, we expect investment spend to remain at £18 billion over a five-year period and will be funded by operational cash flows. We continue to evaluate the impact of global challenges and will provide an update at our Investor Day on 16 June 2025,"" Tata Motors said in an exchange filing."
14 May 2025,Top gainers and losers today: Stocks that moved the most on May 14,https://www.moneycontrol.com/news/business/markets/top-gainers-and-losers-today-stocks-that-moved-the-most-on-may-14-13025107.html,"Broader markets outperformed the benchmarks, with smallcap and midcap indices jumping over 1 percent each.",Top gainers & losers,"Indian stock markets ended the trading session on May 14 by eking out minor gains. Sensex closed 182 points higher at 81,330, while Nifty rose 0.36 percent to close at 24,667. Broader markets outperformed the benchmarks, with smallcap and midcap indices jumping over 1 percent each. Garden Reach Shipbuilders & Engineers (GRSE) GRSE Garden Reach Shipbuilders & Engineers (GRSE) shares rallied over 18 percent to touch a 10-month high in today's session. This comes after a strong quarter where profit doubled and revenue from operations climbed by 61.7 percent year-on-year (YoY) to Rs 1,642 crore in Q4FY25. Bharti Airtel Bharti Airtel Bharti Airtel shares jumped 3 percent after the company reported stronger-than-expected Q4 results, posting a 77 percent surge in adjusted net profit for the March quarter. Brokerages remained largely optimistic about the telecom giant's outlook. Tata Steel Tata Steel Tata Steel shares rally 5 percent as brokerages gain confidence over Q4 results. Emkay Global brokerage retained its 'buy' call on Tata Steel, with an unchanged target price of Rs 185. Tata Steel reported a 117 percent jump in its consolidated profit at Rs 1,200.88 crore. Union Bank of India Union Bank of India Union Bank of India shares gained 3 percent intraday after confidence from brokerages. Prabhudas Lilladher is bullish on Union Bank of India, and has recommended a 'Buy' call on the PSU stock, as the bank has been reporting better quality earnings over the last few quarters. Jindal Stainless Jindal Stainless Jindal Stainless shares extend gains and climb another 4 percent today. Prabhudas Lilladher is bullish on Jindal Stainless and has recommended a 'Buy' rating on the stock. Analysts believe the firm has the potential to exceed the guided 9–10 percent volume growth, owing to strong traction in exports and robust domestic demand. Cochin Shipyard Cochin Shipyard Cochin Shipyard surged up to 11 percent on the BSE, fueled by the success of Operation Sindoor, which highlighted India's defense capabilities and the effective deployment of indigenous systems. Tata Motors Tata Motors Tata Motors shares dropped by 3 percent after the firm posted a steep decline in its Q4 profit. Brokerages gave mixed reactions to the earnings report, particularly regarding the future prospects of its luxury vehicle arm, Jaguar Land Rover (JLR). Raymond Raymond Raymond's share price dropped nearly 66 percent on Wednesday as the stock turned ex-date for the demerger of its real estate arm, Raymond Realty. Following the demerger, shareholders will now own equity in both Raymond Ltd and the newly formed Raymond Realty. Asian Paints Asian Paints Asian Paints' share price fell 2 percent following reports that Reliance is considering to sell its entire 4.9 percent stake in the company. Reliance had acquired the stake in the early 2000s for around Rs 500 crore. Cipla Cipla Cipla shares dipped up to 2 percent on margin concerns despite a strong Q4 with profit rising 30 percent. A key pressure point for Cipla is the anticipated loss of exclusivity for Revlimid by Q4 FY26, a product that currently plays a major role in driving the company's US business. Power Finance Corporation Power Finance Corporation Power Finance Corporation shares dipped almost 2 percent in todays session. Shares of various state-run power companies have been trading below the short-term moving averages, with weak signals from key momentum oscillators, raising concerns of power companies losing traction in the long term."
14 May 2025,"Tata Motors reports sharp fall in Q4 profit, stock sinks 1%; should you buy, sell, or hold?",https://www.moneycontrol.com/news/business/earnings/tata-motors-reports-51-fall-in-q4-profit-should-you-buy-sell-or-hold-shares-13023863.html,"Brokerages were mixed on their outlook for auto giant Tata Motors, following its Q4 earnings show, especially on the outlook for luxury vehicle subsidiary, JLR.","Tata Motors posted a 51 percent decline in consolidated net profit to Rs 8,470 crore in Q4. ","Automobile giant Tata Motors Ltd. shares closed 1 percent in trade on Wednesday, May 14 after reporting a 51 percent fall in net profit for the quarter ended March 2025. Tata Motors on Tuesday, May 13, reported a 51 percent decline in consolidated net profit to Rs 8,470 crore for the fourth quarter ended March 2025. The company had posted a consolidated net profit of Rs 17,407 crore in the same quarter last fiscal, Tata Motors said in a regulatory filing. Its consolidated total revenue from operations increased 0.4 percent at Rs 1,19,503 crore against Rs 1,19,033 crore in the year-ago period, thus missing estimates. Meanwhile, the sales volumes at JLR rose 1.1 percent in the quarter, helped by strong demand for its highly profitable SUVs in North America and Europe. While that growth has slowed over the last few quarters due to falling China sales, the high-margin business has been able to offset weak demand in Tata Motors' home market where it sells cars, trucks and buses. Revenue at JLR grew 2.4 percent. At close, the stock ended at Rs 700, down 1.02 percent from the last close on the NSE.Should you buy, sell, or hold shares of Tata Motors? International brokerage CLSA maintained an 'outperform' rating on Tata Motors with a target price of Rs 805 per share. The brokerage noted that while JLR remains cautious about demand in FY26 due to tariffs and varied macroeconomic conditions, it does not expect the luxury passenger vehicle market to be significantly impacted. While near-term growth challenges persist, domestic broking house Emkay Global believes profitability should largely sustain, led by focus on mix and costs; valuation is comfortable, despite strong operational/financial improvements in the past few years. The brokerage maintained its 'buy' rating, with an unchanged target price of Rs 800 per share. On the flip side, Jefferies has given an 'underperform' rating on Tata Motors, setting a target price of Rs 630 per share. The firm highlighted that Tata Motors' fourth-quarter EBITDA declined by 2 percent, mainly due to lower margins at JLR. It expects a challenging year ahead for JLR, citing pressure from US tariffs, increasing competition in China, and rising customer acquisition costs."
14 May 2025,"Stocks to Watch Today: Bharti Airtel, Tata Motors, Dalmia Bharat Sugar, Metropolis, ITD Cementation, ASK Automotive, Bharti Hexacom in focus on 14 May",https://www.moneycontrol.com/news/business/markets/stocks-to-watch-today-bharti-airtel-tata-motors-dalmia-bharat-sugar-metropolis-itd-cementation-ask-automotive-bharti-hexacom-in-focus-on-14-may-13023723.html,"Stocks to watch, 14 May: Stocks like AurionPro Solutions,VST Tillers Tractors,VIP Industries,Honeywell Automation,GlaxoSmithKline Pharmaceuticals, Metropolis Healthcare, ITD Cementation India, Max Financial Services, Garden Reach Shipbuilders & Engineers, ASK Automotive, Bharti Airtel,Tata Motors,Dalmia Bharat Sugar and Industries, and Bharti Hexacom will be in focus on May 14.",Stocks to Watch Today,"Let's catch up on the latest news from the stock market. From significant investments to major deals, quarterly earnings, and acquisitions, here’s a quick look at which stocks will be in focus in today's trade: Result Today Eicher Motors, Shree Cement, Hindustan Aeronautics, Lupin, Tata Power Company, Apollo Tyres, Berger Paints, Blue Jet Healthcare, Brigade Enterprises, DAM Capital Advisors, eClerx Services, Edelweiss Financial Services, Graphite India, Le Travenues Technology, JB Chemicals & Pharmaceuticals, Jubilant FoodWorks, Karnataka Bank, Muthoot Finance, Piramal Pharma, Shree Renuka Sugars, Keystone Realtors, Sanofi India, Baazar Style Retail, Torrent Power, V-Guard Industries, and Zuari Agro Chemicals will release their quarterly earnings on May 14. Quarterly Earnings Bharti Airtel Q4 (Consolidated YoY) Bharti Airtel reported a 432% jump in consolidated net profit to Rs 11,022 crore for the quarter ended March 31, 2025. It reported consolidated net profit of Rs 2,072 crore in the year-ago period. Airtel's consolidated revenue rose 27% to Rs 47,876 crore in Q4FY25. The firm's ARPU increased to Rs 245 in Q4FY25 versus Rs 209 in Q4FY24 Tata Motors Q4 (Consolidated YoY) Profit sinks 51.7% to Rs 8,470 crore Vs Rs 17,552 crore Revenue rises 0.4% to Rs 1,19,503 crore Vs Rs 1,19,033 crore EBITDA margin drops 60 bps to 14% Vs 14.6% Dalmia Bharat Sugar and Industries Q4 (YoY) Profit surges 125.9% to Rs 206.3 crore Vs Rs 91.3 crore Revenue grows 35.7% to Rs 1,017.9 crore Vs Rs 750 crore Metropolis Healthcare Q4 (Consolidated YoY) Profit drops 20% to Rs 29.1 crore Vs Rs 36.4 crore Revenue grows 4.3% to Rs 345.3 crore Vs Rs 331 crore ITD Cementation India Q4 (Consolidated YoY) Profit jumps 26.9% to Rs 113.6 crore Vs Rs 89.5 crore Revenue increases 9.8% to Rs 2,479.7 crore Vs Rs 2,257.7 crore Garden Reach Shipbuilders & Engineers Q4 (YoY) Profit zooms 118.9% to Rs 244.2 crore Vs Rs 111.6 crore Revenue soars 61.7% to Rs 1,642 crore Vs Rs 1,015.7 crore ASK Automotive Q4 (Consolidated YoY) Profit increases 20.6% to Rs 57.6 crore Vs Rs 47.8 crore Revenue rises 8.6% to Rs 849.7 crore Vs Rs 782.5 crore Bharti Hexacom Q4 (YoY) Profit spikes 110.4% to Rs 468.4 crore Vs Rs 222.6 crore Revenue grows 22.5% to Rs 2,289 crore Vs Rs 1,868 crore AurionPro Solutions Q4 (Consolidated YoY) Profit soars 30.8% to Rs 50.3 crore Vs Rs 38.5 crore Revenue jumps 32.4% to Rs 327 crore Vs Rs 246.9 crore VST Tillers Tractors Q4 (Consolidated YoY) Profit tanks 29.7% to Rs 24.4 crore Vs Rs 34.8 crore Revenue increases 10.2% to Rs 301.4 crore Vs Rs 273.4 crore Board recommends a final Dividend of Rs 20 per share VIP Industries Q4 (Consolidated YoY) Loss widens to Rs 27.4 crore Vs Rs 23.9 crore Revenue declines 4.3% to Rs 494.2 crore Vs Rs 516.3 crore Honeywell Automation Q4 (YoY) Profit drops 5.6% to Rs 139.9 crore Vs Rs 148.2 crore Revenue grows 17.2% to Rs 1,114.5 crore Vs Rs 950.7 crore GlaxoSmithKline Pharmaceuticals Q4 (Consolidated YoY) Profit zooms 35.2% to Rs 262.9 crore Vs Rs 194.5 crore Revenue increases 4.8% to Rs 974.4 crore Vs Rs 929.8 crore Board recommends final dividend of Rs 42 per share Max Financial Services Q4 (Consolidated YoY) Profit stands at Rs 31.3 crore Vs loss at Rs 44 crore Revenue drops 16.9% to Rs 12,375.8 crore Vs Rs 14,887.5 crore Sai Life Sciences Q4 (Consolidated YoY) Profit soars 57.3% to Rs 88.3 crore Vs Rs 56.1 crore Revenue jumps 31.9% to Rs 579.5 crore Vs Rs 439.2 crore Stocks to Watch EPL The Competition Commission of India has approved the proposed acquisition of 24.9% shareholding in EPL by Indorama Netherlands B.V. Indorama Netherlands B.V. an indirect subsidiary of Indorama Ventures Public Company. Adani Green Energy The company’s subsidiary, Adani Renewable Energy Fifty Six, has operationalised an additional 50 MW solar power project at Khavda, Gujarat. With the commissioning of this plant, the company’s total operational renewable generation capacity has increased to 14,340.9 MW. GE Vernova T&D India GE Vernova has announced plans to invest Rs 140 crore (approximately $16 million) in India to expand its electrification manufacturing and engineering footprint—specifically in advanced grid technologies. Sterling Tools Through its subsidiary, Sterling Gtake (SGEM), the company has entered the development, manufacturing, and marketing of magnet-free traction motors for electric vehicles. It has signed a Technology Licensing Agreement with Advanced Electric Machines (AEM), UK, to manufacture these motors at its plant in Faridabad. Bulk Deals Kfin Technologies Foreign promoter entity General Atlantic Singapore Fund Pte sold 86 lakh shares at an average price of Rs 1,040.31 per share, and another 86 lakh shares at an average price of Rs 1,041.56 per share, equivalent to 9.99% stake worth 1,790.4 crore. However, Societe Generale acquired 34,47,285 shares at an average price of Rs 1,040 per share, Kotak Mahindra Mutual Fund bought 19,32,367 shares at an average price of Rs 1,040 per share, and Copthall Mauritius Investment purchased 9,44,185 shares at an average price of Rs 1,040.66 per share, which in total picked 3.67% stake worth Rs 657.74 crore. One 97 Communications Paytm Alibaba affiliate Ant Group-backed Antfin Netherlands Holding BV sold 1,27,55,045 equity shares in Paytm at an average price of Rs 826.04 per share, and another 1,27,55,045 shares at an average price of Rs 823.3 per share, which in total equivalent to 4% stake worth Rs 2,103.74 crore. However, Goldman Sachs (Singapore) Pte - ODI acquired 37.35 lakh shares (0.58% stake) at an average price of Rs 823.1 per share, valued at Rs 307.42 crore. Stocks Trade Ex-Dividend R Systems InternationalFoseco India Stock Trades Ex-Date for Spin Off Raymond Stock Trades Ex-Date for Rights Mahindra & Mahindra Financial Services Stocks in F&O ban Central Depository ServicesManappuram Finance"
