Date,Title,URL,Article Description,Article Text,Article Content
28 Aug 2025,Tech Mahindra Announces Investor Interactions at Motilal Oswal and Elara India Events,https://www.moneycontrol.com/news/business/markets/tech-mahindra-announces-investor-interactions-at-motilal-oswal-and-elara-india-events-alpha-article-13496105.html,Tech Mahindra Announces Investor Interactions at Motilal Oswal and Elara India Events,,"Tech Mahindra Limited will engage with investors at the Motilal Oswal 21st Annual Global Investor Conference and the Elara India Dialogue, 2025. The schedule for the investor interactions is as follows: Investor Interaction ScheduleEventDateVenueModeMotilal Oswal 21st Annual Global Investor ConferenceSeptember 2, 2025Mumbai, IndiaPhysicalElara India Dialogue, 2025September 3, 2025Mumbai, IndiaPhysical These meetings will include group discussions and one-on-one interactions with analysts, investors, and funds. Note that the schedule is subject to change based on exigencies on the part of the Company or Analysts/Investors/Funds. Tech Mahindra has confirmed that no unpublished price-sensitive information will be shared during these interactions. Tech Mahindra offers technology consulting and digital solutions to global enterprises across industries. With over 148,000 professionals across 90+ countries, Tech Mahindra provides a full spectrum of services including consulting, information technology, enterprise applications, business process services, engineering services, network services, customer experience & design, AI & analytics, and cloud & infrastructure services. Tech Mahindra is part of the Mahindra Group, founded in 1945. For more information, visit https://www.techmahindra.com Certain statements in this release concerning the future prospects of Tech Mahindra Limited are forward-looking statements."
25 Aug 2025,"Sensex up 300 pts, Nifty above 24,950: US Fed rate cut hopes among key factors behind market rise",https://www.moneycontrol.com/news/business/markets/sensex-up-350-pts-nifty-above-24-950-us-fed-rate-cut-hopes-among-key-factors-behind-market-rise-13484636.html,"Sensex, Nifty rebounded, drawing comfort from Powell’s remarks at Jackson Hole, which raised expectations of a rate cut in September.","Sensex, Nifty rise in August 25 trading session on hopes of US Fed rate cut.","The equity benchmark indices rebounded on Monday tracking firm global cues, with hopes of a potential US Federal Reserve rate cut in September and strong buying in IT shares boosting investor sentiment. Sensex climbed 329.06 points or 0.4 percent to settle at 81,635.91. During the day, it jumped 492.21 points or 0.6 percent to 81,799.06. The Nifty went up by 97.65 points or 0.39 percent to 24,967.75. Tech stocks were the flavour in today's trading session, topping the Nifty50 chart. Infosys, TCS, HCL Tech, Wipro and Tech Mahindra were the top 5 gainers in the Nifty pack, rising up to 4 percent intraday. Key factors behind Monday’s positive market move: 1) Fed rate cut hopes: Powell acknowledged a ""shifting balance of risks"" in the US economy, including signs of labour market stress, and hinted at possible ""policy adjustments"" in the coming months. Following his speech, traders priced in an 84 percent chance of a September cut. ""Powell’s remark that the shifting risk balance may warrant policy adjustment clearly indicates a rate cut in September. The US stock market gave a thumbs up to this comment,"" said V K Vijayakumar, Chief Investment Strategist, Geojit Financial Services. 2) IT buying: IT shares surged after Powell’s comments and a bullish view by JPMorgan, which upgraded TCS to ‘Overweight’ from ‘Neutral’ and raised its price target to Rs 3,800, implying a 24 percent upside. The Nifty IT index jumped over 2 percent in early trade. Powell's September rate cut hint, JPMorgan's TCS upgrade fire up IT shares 3) Global cues: Asian markets traded higher with South Korea’s Kospi, Japan’s Nikkei, Shanghai Composite and Hong Kong’s Hang Seng in the green. On Wall Street, the Dow Jones gained 1.89 percent, Nasdaq rose 1.88 percent and the S&P 500 climbed 1.52 percent on Friday. ""Globally, the Dow scaled record highs and Powell hinted at a rate cut. Yet, caution is advised as Trump’s tariff deadline looms on August 27,"" said Prashanth Tapse, Senior VP (Research), Mehta Equities. 4) Rupee gains: The rupee appreciated 18 paise to 87.34 against the US dollar in early trade, tracking positive domestic equities. Forex dealers said the near-term direction will hinge on the August 27 tariff implementation and key US economic data before the Fed’s September 17 meeting."
25 Aug 2025,"Powell's September rate cut hint, JPMorgan's TCS upgrade fire up IT shares",https://www.moneycontrol.com/news/business/markets/powell-s-september-rate-cut-hint-jpm-s-tcs-upgrade-fire-up-it-shares-13484220.html,"A JPMorgan note has said that TCS may see growth recovery from the second half of FY26, and the stock has underperformed Nifty and Nifty IT owing to earnings downgrades.","A more stable rate environment could encourage companies to seek growth opportunities in emerging markets, leading to improved prospects for Indian IT companies.","Leading IT shares are sharply higher following US Federal Reserve chair Jerome Powell's dovish remarks at the Jackson Hole Symposium, and a bullish commentary by JPMorgan as it upgraded TCS to an Overweight from Neutral and raised price target to Rs 3,800 per share, implying a 24 percent potential upside. The list of top gainers on the Nifty 50 index include Wipro, which is higher by over 3 percent, followed by Infosys, TCS, HCLTech and Tech Mahindra on August 25. The gains have taken the Nifty IT index higher by more than 2 percent in early trade. Indian IT companies derive a substantial part of their revenue from the US economy, driving the gains on the index following Powell's comments. Fed chair Powell acknowledged a “shifting balance of risks” in the US economy, including signs of stress in the labour market, and hinted at possible “policy adjustments” in the coming months. Following Powell's speech, Wall Street Traders bet there is an 84 percent chance of a Fed rate cut in September, after Powell signaled that the central bank may ease key rates before inflation fully returns to its target, at a time when the US labour market is showing a softness in hiring trend. A more stable rate environment could encourage companies to seek growth opportunities in emerging markets, leading to improved prospects for Indian IT companies. Lower US rates are likely to be make emerging markets assets, including India's IT shares, more attractive to foreign investors. Recent upgrade by the S&P and GST reforms too have built a case for investment in Indian equities, and while foreign investors continue to remain cautious, domestic investors' continued support has lent strength to Indian IT space. ICICI Securities in a note has said that on trailing 12-month basis, DII inflows in equity markets stood at a record high of $80 billion, twice that of foreign portfolio investor (FPI) outflows ($40 billion). Meanwhile, a JPMorgan note has said that TCS may see growth recovery from the second half of FY26, and the stock has underperformed Nifty and Nifty IT owing to earnings downgrades. The Nifty IT index has been 16 percent on YTD basis but is up 1.7 percent over the last one month."
25 Aug 2025,Tech Mahindra shares rise 2.01% in early trade,https://www.moneycontrol.com/news/business/stocks/tech-mahindra-shares-rise-2-01-in-early-trade-alpha-article-13484107.html,"Tech Mahindra's shares demonstrated positive movement in early trading, driven by corporate developments and financial performance.",,"Tech Mahindra shares gained 2.01% to trade at Rs 1,535.20 in Monday's early session. The stock demonstrated positive movement, trading above its previous close, with the rise reflecting investor interest in the counter. Financial Snapshot: Here is a look at the key financial performance indicators for Tech Mahindra:ParticularsJun 2024Sep 2024Dec 2024Mar 2025Jun 2025RevenueRs 13,005.50 CroreRs 13,313.22 CroreRs 13,285.60 CroreRs 13,384.00 CroreRs 13,351.20 CroreNet ProfitRs 862.20 CroreRs 1,256.88 CroreRs 982.20 CroreRs 1,143.10 CroreRs 1,128.30 CroreEPS9.6214.1211.1013.1712.87The revenue for the quarter ending June 2025 stood at Rs 13,351.20 Crore, slightly increased compared to Rs 13,005.50 Crore in June 2024. The net profit for the same period was Rs 1,128.30 Crore, also up from Rs 862.20 Crore in the previous year. The EPS stood at 12.87 in June 2025, compared to 9.62 in June 2024.Particulars20212022202320242025RevenueRs 37,855.10 CroreRs 44,646.00 CroreRs 53,290.20 CroreRs 51,995.50 CroreRs 52,988.30 CroreNet ProfitRs 4,351.80 CroreRs 5,627.30 CroreRs 4,886.00 CroreRs 2,386.30 CroreRs 4,244.40 CroreEPS50.6463.3254.7626.6648.00BVPS288.78311.99322.65307.56309.24ROE17.8120.7017.308.8415.53Debt to Equity0.070.060.060.060.02The company's revenue for the year ending March 2025 was Rs 52,988.30 Crore, compared to Rs 37,855.10 Crore in 2021. The net profit for the year ending March 2025 stood at Rs 4,244.40 Crore. The EPS was Rs 48.00, and the debt-to-equity ratio was 0.02.ParticularsMar 2025Mar 2024Mar 2023Mar 2022Mar 2021Sales52,98851,99553,29044,64637,855Other Income8559169651,112787Total Income53,84352,91254,25545,75838,642Total Expenditure47,87749,30647,45538,14632,516EBIT5,9663,6066,8007,6116,125Interest321392325162174Tax1,4008271,5881,8221,599Net Profit4,2442,3864,8865,6274,351ParticularsMar 2025Mar 2024Mar 2023Mar 2022Mar 2021Cash Flow From Operating Activities5,7856,3765,5725,2858,093Investing Activities11-1,313-278481-5,450Financing Activities-5,834-4,767-5,078-4,666-2,986Others8-452-116Net Cash Flow-282902671,098-326ParticularsMar 2025Mar 2024Mar 2023Mar 2022Mar 2021Share Capital442441440438437Reserves & Surplus26,91926,22627,48326,44524,422Current Liabilities12,67412,61614,55112,50410,277Other Liabilities4,4594,1393,6785,4814,540Total Liabilities44,49443,42346,15344,87039,678Fixed Assets6,3026,5257,3857,5225,128Current Assets23,67923,42524,43224,45525,255Other Assets14,51213,47214,33512,8929,294Total Assets44,49443,42346,15344,87039,678Contingent Liabilities5,0426,3919,92510,9427,013ParticularsMar 2025Mar 2024Mar 2023Mar 2022Mar 2021Basic EPS (Rs.)48.0026.6654.7663.3250.64Diluted Eps (Rs.)47.9126.5854.7662.8150.19Book Value [Excl. Reval Reserve]/Share (Rs.)309.24307.56322.65311.99288.78Dividend/Share (Rs.)45.0040.0050.0045.0045.00Face Value55555Gross Profit Margin (%)14.7510.4316.8720.4520.03Operating Margin (%)11.256.9312.7617.0416.18Net Profit Margin (%)8.014.589.1612.6011.49Return on Networth / Equity (%)15.538.8417.3020.7017.81ROCE (%)18.7411.7021.5123.5120.83Return On Assets (%)9.555.4210.4612.4011.15Current Ratio (X)1.871.861.681.962.46Quick Ratio (X)1.871.851.681.952.45Debt to Equity (x)0.020.060.060.060.07Interest Coverage Ratios (X)24.3113.8327.6256.1643.58Asset Turnover Ratio (%)1.211.161.170.930.84Inventory Turnover Ratio (X)0.000.000.000.000.003 Yr CAGR Sales (%)8.9417.2020.2313.3610.913 Yr CAGR Net Profit (%)-13.15-25.9511.8913.687.21P/E (x)29.5546.8220.1223.6819.58P/B (x)4.594.143.474.893.48EV/EBITDA (x)15.5819.8510.5414.2011.32P/S (x)2.372.121.822.952.29Corporate Actions: Tech Mahindra has been actively involved in several corporate actions. The company incorporated a wholly-owned subsidiary named ""Tech Mahindra Regional Headquarters Company"" in the Kingdom of Saudi Arabia. Additionally, Tech Mahindra requested shareholders to update their KYC details and claim unpaid/unclaimed dividends as part of the ""Saksham Niveshak"" campaign, which runs from July 28, 2025, to November 6, 2025. In regards to dividends, the company announced a final dividend of Rs 30.00 per share (600%) on April 24, 2025, which was effective from July 4, 2025. On January 30, 2015, Tech Mahindra announced a bonus issue with an existing ratio of 1:1, with the ex-bonus date set for March 19, 2015. Tech Mahindra also announced a stock split on January 30, 2015, with the old face value of Rs 10 being split into a new face value of Rs 5, effective from March 19, 2015. Tech Mahindra's shares demonstrated positive movement in early trading, driven by corporate developments and financial performance."
20 Aug 2025,Tech Mahindra shares rise 2.02% on Nifty 50,https://www.moneycontrol.com/news/business/stocks/tech-mahindra-shares-rise-2-02-on-nifty-50-alpha-article-13471277.html,"Tech Mahindra shares experienced a rise in today's session, reflecting a notable shift in market dynamics.",,"Tech Mahindra shares showed a rise of 2.02%, with the stock reaching Rs 1,526.90 in Wednesday's session. Financial Performance: Tech Mahindra's financial performance reveals the following trends based on consolidated figures: Quarterly Results: For the quarter ending June 2025, Tech Mahindra reported a revenue of Rs 13,351.20 Crore and a net profit of Rs 1,128.30 Crore. In comparison, the previous quarters showed the following figures:March 2025: Revenue of Rs 13,384.00 Crore, Net Profit of Rs 1,143.10 CroreDecember 2024: Revenue of Rs 13,285.60 Crore, Net Profit of Rs 982.20 CroreSeptember 2024: Revenue of Rs 13,313.22 Crore, Net Profit of Rs 1,256.88 CroreJune 2024: Revenue of Rs 13,005.50 Crore, Net Profit of Rs 862.20 CroreAnnual Results: The annual financial performance for Tech Mahindra indicates consistent revenue with fluctuating net profits:Year Ending March 2025: Revenue of Rs 52,988.30 Crore, Net Profit of Rs 4,244.40 CroreYear Ending March 2024: Revenue of Rs 51,995.50 Crore, Net Profit of Rs 2,386.30 CroreYear Ending March 2023: Revenue of Rs 53,290.20 Crore, Net Profit of Rs 4,886.00 CroreYear Ending March 2022: Revenue of Rs 44,646.00 Crore, Net Profit of Rs 5,627.30 CroreYear Ending March 2021: Revenue of Rs 37,855.10 Crore, Net Profit of Rs 4,351.80 CroreThe following table shows the detailed annual income statement:Mar 2025Mar 2024Mar 2023Mar 2022Mar 2021SalesRs 52,988 CroreRs 51,995 CroreRs 53,290 CroreRs 44,646 CroreRs 37,855 CroreOther IncomeRs 855 CroreRs 916 CroreRs 965 CroreRs 1,112 CroreRs 787 CroreTotal IncomeRs 53,843 CroreRs 52,912 CroreRs 54,255 CroreRs 45,758 CroreRs 38,642 CroreTotal ExpenditureRs 47,877 CroreRs 49,306 CroreRs 47,455 CroreRs 38,146 CroreRs 32,516 CroreEBITRs 5,966 CroreRs 3,606 CroreRs 6,800 CroreRs 7,611 CroreRs 6,125 CroreInterestRs 321 CroreRs 392 CroreRs 325 CroreRs 162 CroreRs 174 CroreTaxRs 1,400 CroreRs 827 CroreRs 1,588 CroreRs 1,822 CroreRs 1,599 CroreNet ProfitRs 4,244 CroreRs 2,386 CroreRs 4,886 CroreRs 5,627 CroreRs 4,351 CroreThe sales for the year ending March 2025 increased to Rs 52,988 Crore from Rs 51,995 Crore in March 2024. Balance Sheet: The following table presents key figures from Tech Mahindra's balance sheet:Mar 2025Mar 2024Mar 2023Mar 2022Mar 2021Share CapitalRs 442 CroreRs 441 CroreRs 440 CroreRs 438 CroreRs 437 CroreReserves & SurplusRs 26,919 CroreRs 26,226 CroreRs 27,483 CroreRs 26,445 CroreRs 24,422 CroreCurrent LiabilitiesRs 12,674 CroreRs 12,616 CroreRs 14,551 CroreRs 12,504 CroreRs 10,277 CroreOther LiabilitiesRs 4,459 CroreRs 4,139 CroreRs 3,678 CroreRs 5,481 CroreRs 4,540 CroreTotal LiabilitiesRs 44,494 CroreRs 43,423 CroreRs 46,153 CroreRs 44,870 CroreRs 39,678 CroreFixed AssetsRs 6,302 CroreRs 6,525 CroreRs 7,385 CroreRs 7,522 CroreRs 5,128 CroreCurrent AssetsRs 23,679 CroreRs 23,425 CroreRs 24,432 CroreRs 24,455 CroreRs 25,255 CroreOther AssetsRs 14,512 CroreRs 13,472 CroreRs 14,335 CroreRs 12,892 CroreRs 9,294 CroreTotal AssetsRs 44,494 CroreRs 43,423 CroreRs 46,153 CroreRs 44,870 CroreRs 39,678 CroreContingent LiabilitiesRs 5,042 CroreRs 6,391 CroreRs 9,925 CroreRs 10,942 CroreRs 7,013 CroreCash Flow: The cash flow statement provides the following data:Mar 2025Mar 2024Mar 2023Mar 2022Mar 2021Operating ActivitiesRs 5,785 CroreRs 6,376 CroreRs 5,572 CroreRs 5,285 CroreRs 8,093 CroreInvesting ActivitiesRs 11 CroreRs -1,313 CroreRs -278 CroreRs 481 CroreRs -5,450 CroreFinancing ActivitiesRs -5,834 CroreRs -4,767 CroreRs -5,078 CroreRs -4,666 CroreRs -2,986 CroreOthersRs 8 CroreRs -4 CroreRs 52 CroreRs -1 CroreRs 16 CroreNet Cash FlowRs -28 CroreRs 290 CroreRs 267 CroreRs 1,098 CroreRs -326 CroreFinancial Ratios: Key financial ratios for Tech Mahindra are as follows:Mar 2025Mar 2024Mar 2023Mar 2022Mar 2021Basic EPS (Rs.)48.0026.6654.7663.3250.64Diluted Eps (Rs.)47.9126.5854.7662.8150.19Book Value /Share (Rs.)309.24307.56322.65311.99288.78Dividend/Share (Rs.)45.0040.0050.0045.0045.00Face Value55555Gross Profit Margin (%)14.7510.4316.8720.4520.03Operating Margin (%)11.256.9312.7617.0416.18Net Profit Margin (%)8.014.589.1612.6011.49Return on Networth / Equity (%)15.538.8417.3020.7017.81ROCE (%)18.7411.7021.5123.5120.83Return On Assets (%)9.555.4210.4612.4011.15Current Ratio (X)1.871.861.681.962.46Quick Ratio (X)1.871.851.681.952.45Debt to Equity (x)0.020.060.060.060.07Interest Coverage Ratios (X)24.3113.8327.6256.1643.58Asset Turnover Ratio (%)1.211.161.170.930.84Inventory Turnover Ratio (X)0.000.000.000.000.003 Yr CAGR Sales (%)8.9417.2020.2313.3610.913 Yr CAGR Net Profit (%)-13.15-25.9511.8913.687.21P/E (x)29.5546.8220.1223.6819.58P/B (x)4.594.143.474.893.48EV/EBITDA (x)15.5819.8510.5414.2011.32P/S (x)2.372.121.822.952.29Corporate Actions: Tech Mahindra announced a campaign named ""Saksham Niveshak"" from July 28, 2025, to November 6, 2025, encouraging shareholders to update their KYC details and claim any unpaid or unclaimed dividends. The company also made disclosures under Regulation 30 of the SEBI (Listing Obligations and Disclosure Requirements) Regulations, 2015, regarding SES ESG Ratings and announced an analyst/investor meet. Additionally, the company has announced final and interim dividends over the past years. The most recent final dividend was announced on April 24, 2025, at Rs 30 per share, effective July 4, 2025. A bonus issue was announced on January 30, 2015, with a bonus ratio of 1:1, and the ex-bonus date was March 19, 2015. The stock split was also announced on January 30, 2015, with the old face value of Rs 10 split into a new face value of Rs 5. The ex-split date was March 19, 2015. Tech Mahindra shares experienced a rise in today's session, reflecting a notable shift in market dynamics."
20 Aug 2025,"Infosys, Mphasis, other IT shares rise up to 4% ahead of Fed's Jackson Hole conference: Here's why",https://www.moneycontrol.com/news/business/markets/infosys-mphasis-other-it-shares-rise-up-to-3-ahead-of-fed-s-jackson-hole-conference-here-s-why-13470765.html,"IT stocks: Valuations have corrected and now appear reasonable, said JM Financial.",IT stocks rise,"The shares of IT companies recorded notable rise on August 20, leading gains among the sectors on market today. The Nifty IT index rose nearly 3 percent, extending gains for the second consecutive session. The sharp rise in the IT stocks comes ahead of US Federal Reserve's Jackson Hole conference. The American central bank is set to hold its annual symposium from August 21 to August 23 in Jackson Hole, Wyoming. Fed Chair Jerome Powell is scheduled to speak on the economic outlook and central bank's policy framework on Friday. US President Donald Trump has criticised Powell multiple times for not cutting rates. In a Truth Social post, Trump referred to Powell as “Jerome ‘Too Late’ Powell"" and accused him of not acting promptly to reduce interest rates. He also stated that Powell is ""hurting"" the housing industry ""very badly"" and reiterated his call for a cut in key interest rates. Most investors now expect a 25-basis-point Fed rate cut next month. A rate cut in the US could support economic growth and aid a revival in client spending, boosting the IT sector. Indian IT companies derive a major portion of their revenue from US market. Infosys shares were the top gainer on the Nifty IT index, rising nearly 4 percent to trade at Rs 1,497.5 apiece. Kotak Institutional Equities maintained a 'Buy' rating on the stock, with a target price of Rs 1,850 per share. This implies an upside potential of nearly 28.5 percent from the stock's previous closing price. It highlighted Infosys CEO Salil Parekh's key comments on AI readiness, early focus on Project Maximus and acquisitions Mphasis and Coforge shares followed, rising over 3 percent each. Tata Consultancy Services (TCS) shares gained nearly 3 percent, while Tech Mahindra and Persistent Systems shares were up around 2 percent each. LTI Mindtree, Wipro  and HCL Tech shares gained more than 1 percent each. Valuations have corrected and now appear reasonable, said JM Financial. ""While demand may not bounce back rapidly, clarity on tariff rates – now emerging – and fed rate cut – now three likely in 2025 – could trigger a mean-reversion of sorts for multiples,"" it said. ""Rising probability of Fed rate cut (likely limited effect of tariff on inflation) implies that market expects companies to absorb most of tariff increase. That could further squeeze IT Services spend, in our view. These pressures, in turn, are driving higher vendor consolidation opportunities – a positive – and margin pressures – a negative. That said, benign valuations and subdued expectations mean these concerns are likely priced in. Fed rate cut could therefore trigger a minor bounce back, in our view. Stocks with valuation buffers are better placed,"" the domestic brokerage added. JM Financial says it prefers Infosys and TCS among the large-caps, Coforge and Mphasis among the mid-caps, and Sagility among the small-caps at the current levels. Also read: Our LIVE blog on stock market updates "
12 Aug 2025,"Tech Mahindra, HCLTech, other IT shares rise for 2nd day: Here are three key reasons",https://www.moneycontrol.com/news/business/markets/tech-mahindra-hcltech-other-it-shares-rise-for-2nd-day-here-are-three-key-reasons-13442258.html,"US-China trade truce, hopes of softer US CPI among key factors boosting investor optimism on IT stocks on August 12","Tech Mahindra, HCLTech, other IT shares rise for 2nd day: Here are three key reasons","IT shares were trading in green for the second consecutive day on August 12 with Tech Mahindra and HCLTech being among top Nifty gainers. Here are the three key reasons behind the buying seen in IT shares. US-China trade truce IT companies, which receive a substantial chunk of their revenue from the US, rose 0.75%, buoyed by the US-China trade truce. The extension of the truce averts triple-digit duties that slowed down growth in the US, stoked inflation, and delayed corporate discretionary spending, including on technology. On August 12, Tech Mahindra and HCLTech shares were among top Nifty gainers by rising 1.8% and 1.1%, respectively. This, even as markets were trading in red. At 11:37 am, the Sensex was down 93.87 points or 0.12 percent at 80,510.21, and the Nifty was down 23.30 points or 0.09 percent at 24,561.75. About 1,944 shares advanced, 1,491 shares declined, and 135 shares were unchanged. Among other gainers of Nifty IT index are Oracle Financial Services Software, Coforge and Mphasis, which rose 2%, 1.1% and 1%, respectively. All eyes on US CPI All eyes will also be on US CPI data later in the day, which is likely to influence the Federal Reserve's rate-cut path. Lower US rates typically boost the appeal of emerging market equities, including India, as yields on US Treasuries fall. Lower interest rates would mean more discretionary spending, which means Indian IT companies could expect more BFSI spending in US. Economists polled by Reuters projected that core CPI likely rose 0.3% in July, pushing the annual rate higher to 3%, away from the Fed target of 2%. Traders are pricing in around an 85% chance of a Fed rate cut next month, as per the CME FedWatch Tool. Value buying Indian IT companies have been plagued by weak Q1 results by frontline companies like Tata Consultancy Services and Infosys and value buying could be seen emerging after decent correction in the counters. On August 12, analysts at BofA Securities (Bank of America’s broking unit) upgraded their call on the Indian IT sector to ‘overweight’ despite the gloomy outlook for the software services giants like Tata Consultancy Services, Infosys, and HCLTech, reported CNBC-TV18. This is the first sectoral upgrade for IT stocks since the earnings after a nearly 20% fall in the index this year so far."
12 Aug 2025,"Sensex rises 350 pts from day's low, Nifty above 24,600: Trump-Putin summit among key factors behind market rise",https://www.moneycontrol.com/news/business/markets/sensex-rises-350-pts-nifty-above-24-700-buying-in-it-stocks-among-key-factors-behind-market-rally-13441223.html,"Sensex, Nifty rose as investors pinned hopes on US President Donald Trump and Russian President Vladimir Putin meet in Alaska on Friday.","Sensex, Nifty extend rally in August 12 trade. ","The equity benchmark indices traded higher on Tuesday, supported by gains in auto and IT stocks and positive trends in Asian markets. Sensex, which dropped 206 points or 0.25 percent to the day's low of 80,398.23 in early trade, recouped losses to trade higher at 80,674.66, up 276 points from day's low at around 12:50 p.m. The Nifty also advanced to trade above 24,600 level. Maruti Suzuki India, Tech Mahindra, Hero MotoCorp, Mahindra & Mahindra and Tata Steel were among the major gainers, rising up to 3 percent intraday. The market breadth was also positive as about 2070 shares advanced, 1443 shares declined and 127 shares unchanged. Key factors behind Tuesday’s rally: 1) Geopolitical developments: Market sentiments have improved ahead of the US President Donald Trump and Russian President Vladimir Putin meet in Alaska on Friday to discuss the Russia-Ukraine conflict. Dr. V K Vijayakumar, Chief Investment Strategist at Geojit Financial Services, said any breakthrough in the talks could significantly improve market sentiment and render irrelevant the additional 25 percent penal tariffs imposed on India for buying oil from Russia. 2) Positive Asian cues: South Korea's Kospi, Japan's Nikkei 225, Shanghai's SSE Composite and Hong Kong's Hang Seng were trading higher. Wall Street futures also indicated a positive opening for US markets. Stock Market LIVE Updates 3) Rupee edges up: The rupee rose 10 paise to 87.65 against the US dollar in early trade, tracking gains in domestic equities. Traders said the currency remained in a narrow range amid uncertainty over trade tariffs between India and the US. 4) IT stocks advance: The Nifty IT index was among the top sectoral gainers, aided by value buying and expectations of a US Federal Reserve rate cut in September. Attention is now on US July inflation numbers due Tuesday. Oracle Financial Services Software, Persistent Systems, Coforge and Tech Mahindra rose up to 3 percent intraday. Technical view Anand James, Chief Market Strategist at Geojit Financial Services, said a move above 24,590 could open the way for 25,000, with resistance seen at 24,670-24,850. A fall below 24,450 could weaken momentum, but a slide to the 200-day SMA at 24,049 is unlikely unless key support is breached."
11 Aug 2025,"Trade Spotlight: How should you trade Sanghvi Movers, Kajaria Ceramics, TVS Motor, Tech Mahindra, Medanta, Pidilite Industries, and others on August 11?",https://www.moneycontrol.com/news/business/markets/trade-spotlight-how-should-you-trade-sanghvi-movers-kajaria-ceramics-tvs-motor-tech-mahindra-medanta-pidilite-industries-and-others-on-august-11-13431749.html,"The market may attempt a bounce back after six weeks of consistent losses, but sustainability will be the key to watch. Below are some short-term trading ideas to consider.",Top Buy Ideas for August 11,"The benchmark saw a nearly 1 percent correction on August 8, after a day of sharp intraday recovery. Bears maintained their dominance over the market breadth, with about 1,808 shares declining compared to 877 rising shares on the NSE. The market may attempt a bounce back after six weeks of consistent losses, but sustainability will be the key to watch. Below are some short-term trading ideas to consider: Rajesh Palviya, Senior Vice President Research (Head Technical Derivatives) at Axis Securities Sanghvi Movers | CMP: Rs 307.7  Sanghvi Movers registered 17.5% gains last week. With this strong buying momentum, the stock has experienced a trend reversal, as it has decisively broken out past a one-and-a-half-year ""down-sloping trendline resistance"" at Rs 292 on a weekly closing basis. Huge volumes on this breakout signify increased participation. The stock is well placed above its 20-, 50-, 100-, and 200-day SMAs, which reconfirms a bullish trend. These averages are also inching up along with the price rise, further reinforcing bullish sentiment. The daily, weekly, and monthly strength indicator RSI indicates rising strength. The daily ""Bollinger Bands"" buy signal signifies increased momentum. Investors should consider buying, holding, and accumulating this stock. Strategy: Buy Target: Rs 350, Rs 385 Stop-Loss: Rs 280 Kajaria Ceramics | CMP: Rs 1,308.5  Kajaria Ceramics, with the past couple of sessions' up-move, has decisively surpassed the ""multiple resistance"" zone of Rs 1,267 on a closing basis, indicating a strong comeback by bulls. Over the past couple of months, rising volumes have signified increased participation. The stock is well placed above its 20-, 50-, 100-, and 200-day SMAs, reaffirming a bullish trend. These averages are also inching up along with the price rise, reinforcing bullish sentiment. The daily, weekly, and monthly strength indicator RSI indicates rising strength. The daily ""Bollinger Bands"" buy signal signifies increased momentum. Investors should consider buying, holding, and accumulating this stock. Strategy: Buy Target: Rs 1,420, Rs 1,500 Stop-Loss: Rs 1,267 TVS Motor Company | CMP: Rs 2,968.9  TVS Motor Company, with last week's price action, has confirmed a ""Cup and Handle"" formation breakout at Rs 2,965 on a closing basis. The past couple of weeks' rising volumes show increased participation. The stock is well placed above its 20-, 50-, 100-, and 200-day SMAs, reaffirming a bullish trend. These averages are also inching up along with the price rise, reinforcing bullish sentiment. The daily ""Bollinger Bands"" buy signal signifies increased momentum. Investors should consider buying, holding, and accumulating this stock. Strategy: Buy Target: Rs 3,100, Rs 3,250 Stop-Loss: Rs 2,880 Rajesh Bhosale, Technical Analyst at Angel One Tech Mahindra | CMP: Rs 1,480.4  From the April swing low near Rs 1,180 to the June peak around Rs 1,700, Tech Mahindra saw a strong rally, followed by a month-long price correction. This week, after testing the 50% retracement level of that advance, prices staged a solid rebound, forming a bullish engulfing pattern on the weekly chart. The formation of this pattern at a key support zone signals a potential resumption of the uptrend. Notably, this support aligns with the 89-WEMA, further reinforcing the bullish outlook. On the momentum side, the RSI Smoothened has generated a fresh buy signal from the oversold territory, lending additional confirmation to the positive view. Strategy: Buy Target: Rs 1,600 Stop-Loss: Rs 1,420 Indian Bank | CMP: Rs 650.85  Despite weakness in the broader banking space over the past couple of months, Indian Bank has stood out with notable relative strength, consistently holding above its multi-month bullish breakout zone. This week, while the overall market came under pressure, the stock gained over 4%, breaking out of consolidation and confirming a Flag pattern on the weekly chart — a classic continuation signal in an uptrend. On the momentum front, monthly and weekly RSI readings remain firmly above 80, underscoring strong bullish sentiment, while a pullback in the daily RSI toward 40 offers an attractive buy-on-dips opportunity. Strategy: Buy Target: Rs 710 Stop-Loss: Rs 619 Anshul Jain, Head of Research at Lakshmishree Investments Global Health (Medanta) | CMP: Rs 1,423.2  Medanta has broken out of a 282-day-long rounding pattern with a massive volume surge — over 1,334% above the 50-day average — signaling strong institutional participation. The breakout coincides with stellar quarterly results, featuring 50% EPS growth year-on-year and sales rising over 20%. Moving averages and momentum indicators are bullishly aligned, providing additional support for further upside. This blend of powerful price action, extraordinary volumes, and strong fundamentals points to a potential sharp follow-through rally, offering an attractive setup for momentum traders aiming to capitalize on institutional buying and sustained market strength. Strategy: Buy Target: Rs 1,650 Stop-Loss: Rs 1,300 Pidilite Industries | CMP: Rs 3,081.3  Pidilite, after a failed breakdown of its box pattern with boundaries at Rs 2,900–3,110, has rebounded sharply to test the box high. It is now consolidating near this upper boundary, forming an inside bar — a sign of controlled price action before a possible breakout. The reversal from the box low created a bear trap, adding strength to the structure. A decisive move above Rs 3,120 will confirm the breakout and likely accelerate momentum toward the Rs 3,400 zone. The price setup, coupled with the failure of bears to hold breakdown levels, signals strong underlying buying interest and bullish continuation potential. Strategy: Buy Target: Rs 3,400 Stop-Loss: Rs 2,980"
07 Aug 2025,"Sensex recovers over 900 pts from day's low, Nifty near 24,600: 5 key reasons behind sharp market recovery",https://www.moneycontrol.com/news/business/markets/sensex-jumps-over-700-pts-from-day-s-low-nifty-above-24-550-key-reasons-behind-sharp-market-recovery-13414103.html,"Sensex, Nifty rebounded on hopes of softer US trade stance towards India after reports of potential meet between US President Donald Trump and his Russian counterpart Vladimir Putin. ","Sensex, Nifty see value buying in August 7 trade. ","The equity benchmark indices pared early losses and staged a smart recovery on the weekly expiry day amid fag-end buying on Thursday, as investor sentiment improved on hopes of further trade negotiations between India and the United States after reports of Trump-Putin meet. Rebounding around 926 points from the day’s low, the Sensex edged higher by 79.27 points or 0.10 percent to settle at 80,623.26. The index traded in the red for most of the session and hit a low of 79,811.29. However, last hour buying helped recover losses and touch a high of 80,737.55. The Nifty went up by 21.95 points or 0.09 percent to 24,596.15. Tech Mahindra, HCL Tech, Eternal, Axis Bank, Maruti, Tata Steel, HDFC Bank and Asian Paints were the gainers. Key factors behind the rebound: 1) Hopes of softer US trade stance: A top Kremlin aide, Yury Ushakov, said on Thursday that an agreement had been reached for US President Donald Trump to meet Russian President Vladimir Putin “in the coming days,” with preparations already underway. The meeting is expected to take place next week, Russian state media RIA Novosti reported. The renewed optimism triggered a strong rebound in the auto, pharma, metals, and energy sectors and aided the market in recalling its trajectory and concluding in the green. Vinod Nair, Head of Research, Geojit Investments Limited, noted ""Although the earlier trade was weighed down by broad-based selling following steep US tariff hikes on India, sentiment improved toward the close as reports of potential peace talks involving Trump, Putin, and Zelensky which raised hopes of a softer US stance on trade."" 2) Hopes of further trade negotiations: Investor sentiment was initially dented after US President Donald Trump announced an increase in tariffs on Indian goods to 50 percent, citing continued Indian imports of Russian oil. However, market experts noted that a window for further negotiations still remains. ""As such, there is no major fresh negative surprise. Moreover, a 20-day window remains for negotiations, with a U.S. trade delegation expected to visit India on August 24, which is trimming the losses in markets,"" said Santosh Meena, Head of Research at Swastika Investmart, speaking to Reuters. 3) Positive global cues: Major Asian indices were trading in the green, with South Korea's Kospi, Japan's Nikkei 225, Shanghai Composite and Hong Kong's Hang Seng posting gains. US markets had closed higher on Wednesday, and Wall Street Futures pointed to a positive opening, offering some support to domestic equities. Stock Market LIVE Updates 4) Rupee gains against dollar: The rupee appreciated by 5 paise to 87.67 against the US dollar in early trade at the interbank foreign exchange. It opened at 87.69 and touched an intraday high of 87.67, aided by steady foreign inflows and a softening dollar index. 5) Value buying: After the initial fall, investors looked for opportunities to accumulate quality stocks at lower levels. Heavy buying was seen in auto, pharma and IT shares, leading to a broad-based recovery across sectors."
06 Aug 2025,Tech Mahindra shares fall 2.01% in Wednesday's trading session,https://www.moneycontrol.com/news/business/stocks/tech-mahindra-shares-fall-2-01-in-wednesday-s-trading-session-alpha-article-13401162.html,"The company announced a final dividend of Rs 30 per share (600%) on April 24, 2025, with an effective date of July 4, 2025.",,"Shares of Tech Mahindra declined by 2.01% to Rs 1,455.60 in Wednesday's trading session, as of 11:28 am. This represents a notable decrease from its previous close. The stock is part of the NIFTY 50 index. Financial Snapshot: The following tables provide an overview of Tech Mahindra's recent financial performance. Income Statement - Quarterly (Consolidated):Jun 2025Mar 2025Dec 2024Sep 2024Jun 2024SalesRs 13,351 CroreRs 13,384 CroreRs 13,285 CroreRs 13,313 CroreRs 13,005 CroreOther IncomeRs 218 CroreRs 172 CroreRs 16 CroreRs 521 CroreRs 144 CroreTotal IncomeRs 13,569 CroreRs 13,556 CroreRs 13,302 CroreRs 13,834 CroreRs 13,150 CroreTotal ExpenditureRs 11,874 CroreRs 12,006 CroreRs 11,935 CroreRs 12,032 CroreRs 11,903 CroreEBITRs 1,695 CroreRs 1,550 CroreRs 1,366 CroreRs 1,801 CroreRs 1,247 CroreInterestRs 77 CroreRs 85 CroreRs 75 CroreRs 89 CroreRs 71 CroreTaxRs 489 CroreRs 322 CroreRs 308 CroreRs 456 CroreRs 313 CroreNet ProfitRs 1,128 CroreRs 1,143 CroreRs 982 CroreRs 1,256 CroreRs 862 CroreThe revenue for the quarter ending June 2025 stood at Rs 13,351.20 Crore, up from Rs 13,005.50 Crore in June 2024. The net profit for the same period was Rs 1,128.30 Crore, compared to Rs 862.20 Crore in the corresponding quarter of the previous year. Income Statement - Annual (Consolidated):Mar 2025Mar 2024Mar 2023Mar 2022Mar 2021SalesRs 52,988 CroreRs 51,995 CroreRs 53,290 CroreRs 44,646 CroreRs 37,855 CroreOther IncomeRs 855 CroreRs 916 CroreRs 965 CroreRs 1,112 CroreRs 787 CroreTotal IncomeRs 53,843 CroreRs 52,912 CroreRs 54,255 CroreRs 45,758 CroreRs 38,642 CroreTotal ExpenditureRs 47,877 CroreRs 49,306 CroreRs 47,455 CroreRs 38,146 CroreRs 32,516 CroreEBITRs 5,966 CroreRs 3,606 CroreRs 6,800 CroreRs 7,611 CroreRs 6,125 CroreInterestRs 321 CroreRs 392 CroreRs 325 CroreRs 162 CroreRs 174 CroreTaxRs 1,400 CroreRs 827 CroreRs 1,588 CroreRs 1,822 CroreRs 1,599 CroreNet ProfitRs 4,244 CroreRs 2,386 CroreRs 4,886 CroreRs 5,627 CroreRs 4,351 CroreThe annual revenue for the year ending March 2025 was Rs 52,988.30 Crore, an increase compared to Rs 51,995.50 Crore in the year ending March 2024. The net profit for the year ending March 2025 was Rs 4,244.40 Crore, up from Rs 2,386.30 Crore in the previous year. Cash Flow:Mar 2025Mar 2024Mar 2023Mar 2022Mar 2021Operating ActivitiesRs 5,785 CroreRs 6,376 CroreRs 5,572 CroreRs 5,285 CroreRs 8,093 CroreInvesting ActivitiesRs 11 CroreRs -1,313 CroreRs -278 CroreRs 481 CroreRs -5,450 CroreFinancing ActivitiesRs -5,834 CroreRs -4,767 CroreRs -5,078 CroreRs -4,666 CroreRs -2,986 CroreOthersRs 8 CroreRs -4 CroreRs 52 CroreRs -1 CroreRs 16 CroreNet Cash FlowRs -28 CroreRs 290 CroreRs 267 CroreRs 1,098 CroreRs -326 CroreBalance Sheet:Mar 2025Mar 2024Mar 2023Mar 2022Mar 2021Share CapitalRs 442 CroreRs 441 CroreRs 440 CroreRs 438 CroreRs 437 CroreReserves & SurplusRs 26,919 CroreRs 26,226 CroreRs 27,483 CroreRs 26,445 CroreRs 24,422 CroreCurrent LiabilitiesRs 12,674 CroreRs 12,616 CroreRs 14,551 CroreRs 12,504 CroreRs 10,277 CroreOther LiabilitiesRs 4,459 CroreRs 4,139 CroreRs 3,678 CroreRs 5,481 CroreRs 4,540 CroreTotal LiabilitiesRs 44,494 CroreRs 43,423 CroreRs 46,153 CroreRs 44,870 CroreRs 39,678 CroreFixed AssetsRs 6,302 CroreRs 6,525 CroreRs 7,385 CroreRs 7,522 CroreRs 5,128 CroreCurrent AssetsRs 23,679 CroreRs 23,425 CroreRs 24,432 CroreRs 24,455 CroreRs 25,255 CroreOther AssetsRs 14,512 CroreRs 13,472 CroreRs 14,335 CroreRs 12,892 CroreRs 9,294 CroreTotal AssetsRs 44,494 CroreRs 43,423 CroreRs 46,153 CroreRs 44,870 CroreRs 39,678 CroreContingent LiabilitiesRs 5,042 CroreRs 6,391 CroreRs 9,925 CroreRs 10,942 CroreRs 7,013 CroreKey Financial Ratios:Mar 2025Mar 2024Mar 2023Mar 2022Mar 2021Basic EPS (Rs.)48.0026.6654.7663.3250.64Diluted Eps (Rs.)47.9126.5854.7662.8150.19Book Value /Share (Rs.)309.24307.56322.65311.99288.78Dividend/Share (Rs.)45.0040.0050.0045.0045.00Face Value55555Gross Profit Margin (%)14.7510.4316.8720.4520.03Operating Margin (%)11.256.9312.7617.0416.18Net Profit Margin (%)8.014.589.1612.6011.49Return on Networth / Equity (%)15.538.8417.3020.7017.81ROCE (%)18.7411.7021.5123.5120.83Return On Assets (%)9.555.4210.4612.4011.15Current Ratio (X)1.871.861.681.962.46Quick Ratio (X)1.871.851.681.952.45Debt to Equity (x)0.020.060.060.060.07Interest Coverage Ratios (X)24.3113.8327.6256.1643.58Asset Turnover Ratio (%)1.211.161.170.930.84Inventory Turnover Ratio (X)0.000.000.000.000.003 Yr CAGR Sales (%)8.9417.2020.2313.3610.913 Yr CAGR Net Profit (%)-13.15-25.9511.8913.687.21P/E (x)29.5546.8220.1223.6819.58P/B (x)4.594.143.474.893.48EV/EBITDA (x)15.5819.8510.5414.2011.32P/S (x)2.372.121.822.952.29Corporate Actions: Tech Mahindra announced the opening of a special window for re-lodgement of transfer deeds for a period of 6 months, from July 7, 2025, to January 6, 2026. The company also disclosed the issuance of a guarantee to a subsidiary company, in compliance with Regulation 30 of the SEBI (Listing Obligations and Disclosure Requirements) Regulations, 2015. In addition, Tech Mahindra made a disclosure under Regulation 30 of the SEBI (Listing Obligations and Disclosure Requirements) Regulations, 2015, regarding its ESG rating. The company announced a final dividend of Rs 30 per share (600%) on April 24, 2025, with an effective date of July 4, 2025. Tech Mahindra had also announced a bonus issue on January 30, 2015, with an existing ratio of 1:1 and an ex-bonus date of March 19, 2015. Furthermore, the company had a stock split on January 30, 2015, with the old face value of Rs 10 being split into a new face value of Rs 5, with an ex-split date of March 19, 2015. The company announced a final dividend of Rs 30 per share (600%) on April 24, 2025, with an effective date of July 4, 2025."
05 Aug 2025,Tech Mahindra Announces Special Window for Physical Share Transfers,https://www.moneycontrol.com/news/business/markets/tech-mahindra-announces-special-window-for-physical-share-transfers-alpha-article-13393855.html,Tech Mahindra Announces Special Window for Physical Share Transfers,,"Tech Mahindra Limited has announced a special window for re-lodgement of transfer requests of physical shares, as per a notification dated August 5, 2025. This initiative complies with Securities and Exchange Board of India (SEBI) Circular No. SEBI/HO/MIRSD/MIRSD-PoD/P/CIR/2025/97 dated July 2, 2025. The special window will be open for six months, from July 7, 2025, to January 6, 2026. This facility is available only for re-lodgement of those transfer deeds which were lodged prior to April 1, 2019, and were rejected, returned, or not attended due to deficiency in the documents or process. Shareholders who missed the earlier deadline of March 31, 2021, are encouraged to use this opportunity by furnishing the necessary documents to the Company's Registrar and Share Transfer Agent, MUFG Intime India Private Limited, located at Block No. 202, 2nd Floor, Akshay Complex, Near Ganesh Temple, Off Dhole Patil Road, Pune – 411001. Shareholders can also write to the company at investor.relations@techmahindra.com for any further assistance. Any transfer requests submitted after January 6, 2026, will not be accepted by the Company/RTA, unless any extension is granted by SEBI. Further information can be found on the company's website. The company's Registrar and Share Transfer Agent is MUFG Intime India Private Limited (Formerly known as Link Intime India Private Limited) at pune@in.mpms.mufg.com or at Block No. 202, 2nd Floor, Akshay Complex, Near Ganesh Temple, Off Dhole Patil Road, Pune – 411001 or write to the Company at investor.relations@techmahindra.com for any further assistance. This information has also been uploaded on the Company's website at https://www.techmahindra.com."
01 Aug 2025,"Sensex settles 600 pts lower, Nifty below 24,600: Trump's tariffs among key factors behind market fall",https://www.moneycontrol.com/news/business/markets/sensex-declines-300-pts-nifty-below-24-700-trump-s-tariffs-amid-key-factors-behind-market-fall-13366454.html,"Sensex, Nifty extended decline on concerns over US tariff measures, leading to rise in India VIX amid increased uncertainty and risk aversion among traders.","Sensex, Nifty see profit-booking in August 1 trade. ","Benchmark equity indices fell to their lowest levels in about two months on Friday, dragged down by metal, IT services and telecom stocks amid renewed concerns over US tariff measures. Falling for the second straight session, the Sensex declined by 585.67 points or 0.72 percent to close at 80,599.91. During intraday trading, it fell as much as 690.01 points, or 0.84 percent reaching a low of 80,495.57. The Nifty also witnessed a decline, dropping 203 points, or 0.82 percent, to settle at 24,565.35. Intraday, it touched a low of 24,535.05—down 233.3 points or 0.94 percent—a level last seen on June 4, when it hit a low of 24,530.45. Tata Steel, Maruti, Tata Motors, Infosys, Bharti Airtel and Tech Mahindra were also among the laggards. Here are the key factors behind market decline 1) US tariffs on Indian exports: Investor sentiment was dented after US President Donald Trump issued an executive order titled ‘Further Modifying The Reciprocal Tariff Rates’, imposing a 25 percent “Reciprocal Tariff, Adjusted” on Indian exports. The list includes tariff revisions for nearly 70 countries. The order, however, did not specify additional penalties previously mentioned in relation to India’s purchases of Russian defence and energy equipment. 2) Sustained FII selling: Foreign Institutional Investors (FIIs) remained net sellers, offloading equities worth Rs 5,588.91 crore on Thursday. Continued capital outflows have added pressure on domestic markets. Stock Market LIVE Updates 3) Global market weakness: Asian markets were largely in the red, with indices in South Korea, Japan, China and Hong Kong trading lower. The negative trend followed weak closing on Wall Street, and US futures indicating a subdued start, further dampening investor confidence. 4) Volatility index rises: The India VIX, a measure of market volatility, climbed nearly 4 percent to 11.98. A higher VIX signals increased uncertainty and risk aversion among traders, often leading to cautious positioning and reduced participation. 5) Pharma stocks under pressure: The Nifty Pharma index declined over 3 percent, marking its third straight session of losses. Sun Pharma led the losses with a 4 percent fall, followed by declines in Aurobindo Pharma, Gland Pharma, Cipla, Granules India and Lupin. Concerns were triggered by Trump’s letters to 17 major global pharmaceutical firms, urging them to lower drug prices in the US to match international levels. The letters also called for Most Favored Nation (MFN) pricing to be adopted within 60 days. Pharma stocks slump as Trump shoots letters to 17 global drug majors seeking lower prices Technical view Nifty witnessed another sharp decline as it failed to reclaim the 200-DMA on the hourly chart, despite a strong recovery on Thursday. Throughout the day, the index remained below the 50-EMA on the hourly timeframe. Rupak De, Senior Technical Analyst at LKP Securities noted, ""On the daily chart, it has broken below the recent consolidation support at 24,600. Sentiment remains weak, with the potential for the correction to extend towards 24,400–24,450. A further decline is likely if it slips below 24,400; otherwise, a recovery can be expected. On the higher side, resistance is seen at 24,600–24,650 and 24,850."""
30 Jul 2025,"Buy, hold or sell? Analysts revise IT calls amid headcount woes, AI, disappointing Q1",https://www.moneycontrol.com/news/business/markets/buy-hold-or-sell-analysts-revise-it-calls-amid-headcount-woes-ai-disappointing-q1-13346278.html,"Across five major IT firms, namely TCS, Infosys, HCL Technologies, Wipro, and Tech Mahindra, analysts made major revisions to their calls on the stocks, data from Bloomberg shows.","HCL Technologies saw the most positive shift, with “Buy” calls rising from 16 to 23 and “Sell” ratings dropping from 11 to 7, the strongest improvement among its peers.","India’s top IT services companies saw a shift in brokerage sentiment following their June-quarter earnings, amid mounting concerns over growth, muted guidance, and signs of restructuring, most notably at Tata Consultancy Services (TCS), which is reportedly planning to cut 2% of its workforce, or around 12,000 jobs in FY2026. Across five major IT firms, namely TCS, Infosys, HCL Technologies, Wipro, and Tech Mahindra, analysts made major revisions to their calls on the stocks, data from Bloomberg shows. HCL Technologies saw the most positive shift, with “Buy” calls rising from 16 to 23 and “Sell” ratings dropping from 11 to 7, the strongest improvement among its peers. However, global brokerage firm J.P. Morgan downgraded HCL from Overweight to Neutral on July 15, citing concerns around AI deflation causing margin erosion. The brokerage noted that while growth visibility remains strong, the cost of delivering that growth is rising as clients expect a lower cost of doing business. Margin guidance for FY26 was cut by 100 bps, and J.P. Morgan warned of a permanently lowered margin band, driven in part by GenAI-related discounts and investments that lack immediate payoff Wipro, on the other hand, saw a shift in sentiment. “Buy” calls held steady at 9, but “Sell” recommendations rose from 19 to 21 while “Hold” calls declined to 16. Wipro now carries the highest number of “Sell” ratings among the five. TCS, though still a market leader, saw a moderation in sentiment. “Buy” ratings dropped from 36 to 32, with “Hold” calls increasing from 11 to 15. “Sell” calls increased to 4. Moneycontrol had reported on July 27 that the company plans to reduce its workforce by about 2% over the next fiscal year. The reductions will focus on mid- and senior-level employees, as well as entry-level staff who remain unallocated. CEO K Krithivasan clarified that the cuts are not driven by AI-led efficiency gains, but by structural deployment gaps. Infosys remained neutral in sentiment terms, with 34 “Buy,” 13 “Hold,” and 2 “Sell” calls before and after earnings. Meanwhile, Tech Mahindra saw a rebound in views, with “Buy” calls climbing from 21 to 25 and “Sell” ratings falling from 17 to 13.  What the market says Market participants remain cautious. Narendra Solanki, Head Fundamental Research-Investment Services, Anand Rathi Shares and Stock Brokers said that while the market had priced in flat earnings, the lack of forward visibility was disappointing. “Management commentary across the board highlighted unpredictability and weak near-term demand trends. That remains a key concern,” he said. Solanki added that while hiring trends have already normalized, no meaningful recovery is likely before the fourth quarter, and even that remains tentative. Fisdom’s Head of Research Nirav Karkera echoed the downbeat view, citing macroeconomic headwinds from the West, which is a critical market for Indian IT exports. “We expect the current challenges to persist for at least a couple more quarters,” he said in a conversation with Moneycontrol. “Job cuts, like those at TCS, aren’t just about AI, they’re part of a broader cost realignment strategy. Companies are looking at all expense lines to protect margins,"" he said. Karkera added that mid-cap IT players have generally shown stronger growth and better positioning relative to large-caps in this environment, though pressure is building across the board. “This is a phase of operational restructuring, not a growth cycle. Everyone’s bracing for volatility.” While large-cap IT stocks are trading in the 20–22x forward PE range, with TCS at 21.64x, Infosys at 21.52x, and HCL Tech at 22.29x, mid-caps like Persistent Systems (42.5x) and Coforge (36.9x) are commanding steep premiums. “There’s a clear gap between large-caps and mid-caps, but in many cases, that’s backed by stronger growth,” Sunny Agrawal, Head of Fundamental Research at SBI Securities previously told Moneycontrol. Still, Agrawal cautioned that such valuations are sustainable only if performance holds. “Valuation is a byproduct of growth. If that slows or stalls, the premium disappears. With GenAI and structural changes reshaping the industry, this is a year of transition. Until there’s more clarity, IT may continue to underperform.” On sentiment impact post the TCS news, Solanki noted that these developments (TCS) are definitely not positive. However, he doesn't expect to see a sharp further deterioration in hiring trends. Companies have already been cautious and hiring has been historically low recently, especially compared to the post-COVID period when there was aggressive expansion due to high demand, he noted. ""What we’re seeing now is more of a normalization process. I don’t think we’re looking at a disruptive downtrend beyond that. But again, the next quarter will be crucial in confirming this,"" Solanki said adding that given the weight of the IT sector in the broader index, any weakness here does have a material impact on index-level earnings and momentum. Until we see improved visibility and stronger commentary from management, the sector will likely remain under pressure."
18 Jul 2025,Buy Tech Mahindra; target of Rs 1950: Sharekhan,https://www.moneycontrol.com/news/business/stocks/buy-tech-mahindra-target-of-rs-1950-sharekhan-3-13293631.html,"Sharekhan is bullish on Tech Mahindra has recommended buy rating on the stock with a target price of Rs 1950 in its research report dated July 16, 2025.",Buy,"Sharekhan's research report on Tech Mahindra Reported revenues stood at $1,564 million, down 1.4% q-o-q in CC terms, missing our estimate of a 0.7% sequential decline in CC terms. EBIT margin expanded by ~60 bps q-o-q to 11%, beating our estimate of 10.1%. New deal win TCVs stood at $809 million, up 51% y-o-y.. Company expects to bridge historical growth gap with peers in FY26 and aims to exceed peer-average growth in FY27. Outlook We maintain Buy rating with an unchanged PT of Rs. 1,950(25x FY27E EPS). At CMP, the stock trades at 26.7/20.7x its FY26/27E EPS. For all recommendations report, click here Tech Mahindra - 18072025 - khan"
18 Jul 2025,"Tech Mahindra Standalone June 2025 Net Sales at Rs 11,594.60 crore, up 9.08% Y-o-Y",https://www.moneycontrol.com/news/business/earnings/tech-mahindra-standalone-june-2025-net-sales-at-rs-11594-60-crore-up-9-08-y-o-y-13293544.html,,,"Reported Standalone quarterly numbers for Tech Mahindra are: Net Sales at Rs 11,594.60 crore in June 2025 up 9.08% from Rs. 10,629.60 crore in June 2024. Quarterly Net Profit at Rs. 1,178.40 crore in June 2025 up 88.6% from Rs. 624.80 crore in June 2024. EBITDA stands at Rs. 1,811.00 crore in June 2025 up 68.43% from Rs. 1,075.20 crore in June 2024. Tech Mahindra EPS has increased to Rs. 12.02 in June 2025 from Rs. 6.38 in June 2024. Tech Mahindra shares closed at 1,563.70 on July 16, 2025 (NSE) and has given -5.82% returns over the last 6 months and 1.58% over the last 12 months. "
17 Jul 2025,"Tech Mahindra Consolidated June 2025 Net Sales at Rs 13,351.20 crore, up 2.66% Y-o-Y",https://www.moneycontrol.com/news/business/earnings/tech-mahindra-consolidated-june-2025-net-sales-at-rs-13351-20-crore-up-2-66-y-o-y-13289661.html,,,"Reported Consolidated quarterly numbers for Tech Mahindra are: Net Sales at Rs 13,351.20 crore in June 2025 up 2.66% from Rs. 13,005.50 crore in June 2024. Quarterly Net Profit at Rs. 1,140.60 crore in June 2025 up 33.95% from Rs. 851.50 crore in June 2024. EBITDA stands at Rs. 2,153.50 crore in June 2025 up 25.99% from Rs. 1,709.20 crore in June 2024. Tech Mahindra EPS has increased to Rs. 12.87 in June 2025 from Rs. 9.62 in June 2024. Tech Mahindra shares closed at 1,607.90 on July 15, 2025 (NSE) and has given -4.73% returns over the last 6 months and 6.05% over the last 12 months. "
17 Jul 2025,Reduce Tech Mahindra; target of Rs 1600: Emkay Global Financial,https://www.moneycontrol.com/news/business/stocks/reduce-tech-mahindra-target-of-rs-1600-emkay-global-financial-13288870.html,"Emkay Global Financial recommended reduce rating on Tech Mahindra with a target price of Rs 1600 in its research report dated July 17, 2025.",reduce,"Emkay Global Financial' research report on Tech Mahindra TechM’s 1Q operating performance was slightly below expectations. Revenue grew 1.0% QoQ to USD1.56bn (down 1.4% CC), marginally missing estimates. With EBITM expanding by 60bps QoQ to 11.1%, TechM logged the 7th quarter of margin expansion, on disciplined execution and benefits accruing from Project Fortius, albeit a tad lower than estimated. Deal intake stayed strong for a 3rd straight quarter, with TCV of USD809mn driving 44% growth in deal intake on TTM basis. Revenue conversion was hit by a challenging macro environment, right-sizing field service business, reduced spending in Auto, and certain client run-offs leading to a slower start in FY26. However, the mgmt expects growth to improve Q2 onward, and certainly from H2, backed by deal wins and pipeline. The mgmt reiterated its 15% EBITM target for FY27, albeit suggesting risk from the prolonged period of an uncertain and tough macro environment. Outlook We cut FY26E-28E EPS by 2.4%-0.1%, factoring in the Q1 performance. Given the rich valuations, we retain REDUCE on TechM with TP of Rs 1,600 at 20x Jun-27E EPS. For all recommendations report, click here Tech Mahindra - 17072025 - emkay"
17 Jul 2025,Buy Tech Mahindra; target of Rs 2000: Motilal Oswal,https://www.moneycontrol.com/news/business/stocks/buy-tech-mahindra-target-of-rs-2000-motilal-oswal-13288695.html,"Motilal Oswal is bullish on Tech Mahindra recommended buy rating on the stock with a target price of Rs 2000 in its research report dated July 16, 2025.",buy,"Motilal Oswal's research report on Tech Mahindra Tech Mahindra (TECHM) reported 1QFY26 revenue of USD1.6b, down 1.4% QoQ in constant currency (CC) vs. our estimate of 1.0% cc decline. Communications/Manufacturing grew 2.8%/4.0% QoQ. BFS/Retail were down 0.6%/1.0% QoQ. EBIT margin was up 60bp QoQ at 11.1%, beating our estimate of 10.7%. PAT stood at INR11.4b (down 2.2% QoQ/up 33% YoY), below our estimate of INR12b. In INR terms, revenue/EBIT/PAT grew 2.7%/34.0%/34.0% YoY. In 2QFY26, we expect revenue/EBIT/PAT to grow by 3.9%/31.0%/9.1% YoY. Outlook We reiterate BUY on TECHM with a TP of INR2,000 (implying 24% upside), based on 25x FY27E EPS. For all recommendations report, click here Tech Mahindra - 17072025 - moti"
17 Jul 2025,"Brokerages mixed on Tech Mahindra following Q1 show, shares fall; should you buy, sell, or hold shares?",https://www.moneycontrol.com/news/business/earnings/brokerages-mixed-on-tech-mahindra-following-q1-show-should-you-buy-sell-or-hold-shares-13288046.html,"While Tech Mahindra's earnings show for the quarter were mixed, the deal wins and pipeline are strong, according to brokerages.","Tech Mahindra reported a net profit of Rs 1,141 crore for the April-June quarter.","Information and technology player Tech Mahindra Ltd (TechM) shares fell on Thursday, July 17, after the Mahindra Group company posted its earnings show for the three months ended June 30, 2025. Brokerages remained mixed on their outlook for the firm following strong deal wins during the quarter, while the revenue came in under estimates. Tech Mahindra delivered a strong performance in Q1 FY26, with net profit rising 34 percent year-on-year to Rs 1,141 crore, up from Rs 852 crore a year earlier. The jump in profit came as revenue increased and overall expenses stayed flat. Consolidated revenue grew 3 percent year-on-year to Rs 13,351 crore, while total expenditure edged down slightly to Rs 11,952 crore, aiding margin improvement. However, revenue from the Americas, which contributes nearly half of the company’s total revenue, declined 5.9 percent year-on-year. Net new deal bookings rose to $809 million, up from $798 million in the previous quarter and $534 million in the same period last year. At 9.40 a.m., shares were quoting Rs 1,589.7, down 1.3 percent on the NSE. Should you buy, sell, or hold shares of Tech Mahindra? International brokerage CLSA has an 'outperform' rating with a Rs 2,020 target. The company reported an in-line EBIT, with strong order wins and better margins offsetting slower revenue. CLSA expects growth to pick up from the next quarter, with FY26 revenue likely to surpass FY25. TechM's Q1FY26 is in line with the FY27 strategy, and the management expects above-average growth in FY27, though delays in margin expansion remain a key risk, said HSBC. The brokerage maintained a 'buy' call with a Rs 1,900 target. While the earnings show for the quarter were mixed, the deal wins and pipeline are strong, Nomura noted, expecting better revenue growth in FY26. Nomura has a 'buy' rating on TechM's shares and a Rs 1,810 target price. Jefferies retained an 'underperform' call with a Rs 1,400 target, while Morgan Stanley has an 'underweight' rating with a Rs 1,555 target. The brokerages noted that Q1 revenue missed but profits beat due to higher other income. Order wins were strong, but rich valuations and margin expansion challenges keep its cautious view. The positives for Tech Manhindra are as robust deal wins, stable top clients, and gradual margin improvement. However, concerns remain over weak deal conversion, a challenging manufacturing outlook, and macro headwinds that may impact the balance between growth and margins. Follow our market blog to catch all the live updates"
17 Jul 2025,"Stocks to Watch Today: Tech Mahindra, Angel One, Ixigo, Maruti Suzuki, Godrej Properties, Hindustan Zinc, Zydus Life, Smartworks in focus on 17 July",https://www.moneycontrol.com/news/business/markets/stocks-to-watch-today-tech-mahindra-angel-one-ixigo-maruti-suzuki-godrej-properties-hindustan-zinc-zydus-life-smartworks-in-focus-on-17-july-13287348.html,"Stocks to watch, 17 July: Stocks like Tech Mahindra, Angel One, L&T Technology Services, Le Travenues Technology, Maruti Suzuki India, State Bank of India, Godrej Properties, Hindustan Zinc, Zydus Lifesciences, Emcure Pharmaceuticals, JSW Energy, and Smartworks Coworking Spaces will be in focus on July 17.","Stocks to Watch Today, 17 July","Let's catch up on the latest news from the stock market. From significant investments to major deals, quarterly earnings, fund raising and acquisitions, here’s a quick look at which stocks will be in focus in today's trade: Results Today Axis Bank, Wipro, Jio Financial Services, LTIMindtree, HDFC Asset Management Company, 360 ONE WAM, Alok Industries, Ceat, Clean Science and Technology, Indian Hotels Company, Nuvoco Vistas Corporation, Polycab India, Shoppers Stop, South Indian Bank, Sunteck Realty, Sterling and Wilson Renewable Energy, Tata Communications, and Waaree Renewable Technologies will release their quarterly earnings scorecard on July 17. Quarterly Earnings Tech Mahindra Q1 (Consolidated YoY) Profit zooms 34% to Rs 1,140.6 crore Vs Rs 851.5 crore Revenue grows 2.7% to Rs 13,351.2 crore Vs Rs 13,005.5 crore EBIT soars 34% to Rs 1,477.1 crore Vs Rs 1,102.3 crore Margin expands to 11.06% Vs 8.47% Other income jumps 50.9% to Rs 218.3 crore Vs Rs 144.7 crore Dollar revenue rises 0.3% to $1,564 million Vs $1,559 million New deal wins at $809 million Vs $534 million Angel One Q1 (Consolidated YoY) Profit tanks 61% to Rs 114.5 crore Vs Rs 292.7 crore Revenue declines 18.8% to Rs 1,140.5 crore Vs Rs 1,405.5 crore L&T Technology Services Q1 (Consolidated YoY) Profit rises 0.7% to Rs 315.7 crore Vs Rs 313.6 crore Revenue grows 16.4% to Rs 2,866 crore Vs Rs 2,461.9 crore EBIT falls 0.6% to Rs 381.3 crore Vs Rs 383.6 crore Margin declines to 13.3% Vs 15.6% Dollar revenue soars 13.6% to $335.3 million Vs $295.2 million Company expects to clock double-digit growth in FY26 Le Travenues Technology-Ixigo Q1 (Consolidated YoY) Profit zooms 27.5% to Rs 18.9 crore Vs Rs 14.9 crore Revenue surges 72.9% to Rs 314.5 crore Vs Rs 181.9 crore Business Update (June YoY) GMR Airports Passenger traffic grows 0.9% to 97.93 lakh Domestic passenger traffic increases 2.9% International passenger traffic jumps 4.6% Aircraft movements rise 2.6% to 61,251 Stocks to Watch Maruti Suzuki India The company has announced the standardization of six airbags in the Ertiga and Baleno. This will result in an average ex-showroom price increase of 1.4% for the Ertiga and 0.5% for the Baleno, effective July 16. State Bank of India The Board of Directors of the bank has approved the launch of a Qualified Institutional Placement (QIP) issuance on July 16, with the floor price set at Rs 811.05 per share. This floor price is lower than the closing price of Rs 831.55 per share on Wednesday. Godrej Properties The real estate developer has announced its entry into Raipur through the acquisition of 50 acres of land. Development on this land will primarily consist of premium plotted residential units, offering an estimated saleable area of 9.5 lakh square feet. Hindustan Zinc The Ministry of Mines has issued a Letter of Intent to Hindustan Zinc, naming it the preferred bidder for the grant of a composite license through the e-auction of the Jhandawali–Satipura Amalgamated Potash and Halite block in Rajasthan. The block covers an extent of 1,841.25 hectares in the Hanumangarh district. Zydus Lifesciences The US Food and Drug Administration (USFDA) conducted a Remote Regulatory Assessment (RRA) at Zydus’ formulations manufacturing facility in Matoda, Gujarat, for the Prior Approval Supplement (PAS) of Atorvastatin Calcium Tablets USP (10 mg, 20 mg, 40 mg, and 80 mg). At closure, no observations were noted, and the site was recommended for approval. Emcure Pharmaceuticals Emcure has entered into an exclusive distribution and promotion agreement with Sanofi India for Sanofi’s oral anti-diabetic (OAD) drugs, including Amaryl and Cetapin, in India. The agreement is effective immediately. JSW Hydro Energy (subsidiary of JSW Energy) The Supreme Court has upheld Himachal Pradesh’s right to receive 18% of power free of cost generated by JSW Hydro Energy, as per the agreement. A bench comprising Justices P S Narasimha and Joymalya Bagchi set aside the Himachal Pradesh High Court's earlier ruling, which had reduced the free power supply to 13%. JSW Hydro Energy operates a 1,045 MW hydroelectric project at Karcham Wangtoo, Himachal Pradesh. Mainboard IPO Listing on July 17 Smartworks Coworking Spaces Stocks Trade Ex-Dividend Coromandel InternationalDuncan EngineeringGHCLGraphite IndiaOriental HotelsPDS Stocks in F&O ban Angel OneHindustan Copper Stocks out of F&O ban Glenmark PharmaRBL Bank"
16 Jul 2025,"Tech Mahindra loses 622 employees in Q1, third consecutive quarter of decline",https://www.moneycontrol.com/news/business/information-technology/tech-mahindra-loses-622-employees-in-q1-third-consecutive-quarter-of-decline-13286446.html,"On a year-on-year basis, the company added 897 employees. Total headcount for Q1FY26 stood at 1,48,517.","Tech Mahindra reported a net profit of Rs 1,141 crore for the April-June quarter.","IT services major Tech Mahindra's headcount decreased by 622 sequentially in the first quarter ended June 30, 2025. This is the third consecutive quarter of headcount decline for the Pune-headquartered company. On a year-on-year basis, the company added 897 employees. Total headcount for Q1FY26 stood at 1,48,517. The company’s last twelve-month (LTM) attrition has inched up to 12.6 percent, from 11.8 percent in the previous quarter. As of Q1, the firm's peers Tata Consultancy Services (TCS) added 5,090 employees and HCLTech lost 269 employees. Despite the marginal decline in headcount, HCLTech onboarded 1,984 freshers in the reported quarter. On July 16, Tech Mahindra reported a robust set of earnings for Q1 FY26, with the net profit jumping 34 percent year-on-year as expenses remained flat while revenue rose. The IT major reported a net profit of Rs 1,141 crore for the April-June quarter, rising from Rs 852 crore in the same period a year ago.Consolidated revenue for the fiscal first quarter grew by 3 percent on-year to Rs 13,351 crore. Tech Mahindra's total expenditure for the quarter remained in check, marginally falling to Rs 11,952 crore, which boosted the bottomline. Revenue from the Americas market, which accounts for nearly half of its overall topline, fell 5.9 percent. compared to last year. Ebit margin expanded 260 bps YoY to 11.1 percent. Sequentially, it was up by 60 bps. Also read: Tech Mahindra Q1 Results: Net profit jumps 34% on-year, tops Rs 1,140 crore on low expenditure"
16 Jul 2025,"Tech Mahindra Q1 Results: Net profit jumps 34% on-year, tops Rs 1,140 crore on low expenditure",https://www.moneycontrol.com/news/business/earnings/tech-mahindra-q1-results-net-profit-jumps-34-on-year-tops-rs-1-140-crore-on-low-expenditure-13286071.html,"Deal wins have increased by 44% on a last twelve months basis, says TechM CEO Mohit Joshi","The company’s last twelve-month (LTM) attrition has inched up to 12.6 percent, from 11.8 percent in the previous quarter.","Tech Mahindra reported a robust set of earnings for Q1 FY26, with the net profit jumping 34% year-on-year as expenses remained flat while revenue rose. The IT major reported a net profit of Rs 1,141 crore for the April-June quarter, rising from Rs 852 crore in the same period a year ago. Consolidated revenue for the fiscal first quarter grew by 3% on-year to Rs 13,351 crore. Tech Mahindra's total expenditure for the quarter remained in check, marginally falling to Rs 11,952 crore, which boosted the bottomline. Revenue from the Americas market, which accounts for nearly half of its overall topline, fell 5.9% compared to last year. Tech Mahindra's net new bookings rose to $809 million in the quarter from $798 million in the previous quarter and $534 million in the year-ago period. Mohit Joshi, CEO and Managing Director, Tech Mahindra, said, “Our performance is steadily strengthening, reflecting disciplined execution and a focused strategy. Deal wins have increased by 44% on a last twelve months (LTM) basis, supported by broad-based momentum across verticals and geographies.” Speaking at the company's Q1 earnings conference, Joshi said, ""As we step into the second year of our transformation journey, Q1 reflects progress aligned with our stated plans. While the environment remains dynamic, our continued execution is building confidence that we are on the right path...There was spend reduction in automotive sector that impacted our YoY revenue performance."" This marks the seventh consecutive quarter of margin expansion for Tech Mahindra, he added. Rohit Anand, Chief Financial Officer, Tech Mahindra, said, ""We have delivered seven consecutive quarters of margin expansion - a clear reflection of the discipline and focus across our organization. Even in an uncertain environment, our Project Fortius program continues to generate meaningful results and drive operational improvements.” On July 16, Tech Mahindra shares on NSE closed nearly 2% higher at Rs 1,608.5 apiece. The IT headcount of the company stands at 79,987, down by 622 QoQ and down by 430 YoY. The company's attrition is at 12.6% versus 11.8% a quarter ago. The EBIT margin of the company rose 260 bps YoY to 11.1% while the PAT margin rose 190 bps YoY to 8.5%. The company's number of $50 million-plus clients stands at 26, up by 2 on an annual basis. The company's free cash flow in Q1FY26 was $86 million as against $150 million a quarter ago."
16 Jul 2025,"Sensex surges 300 pts from day's low, Nifty above 25,200: 3 key reasons behind market rise",https://www.moneycontrol.com/news/business/markets/sensex-surges-over-350-pts-nifty-above-25-200-3-key-reasons-behind-market-rise-13285410.html,"Sensex, Nifty rebounded on the back of  foreign fund inflows, easing volatility and buying in IT stocks.","Sensex, Nifty rebounded on the back of  foreign fund inflows, easing volatility and buying in IT stocks.","The equity benchmark indices Sensex and Nifty settled marginally higher on Wednesday, rebounding from early losses, supported by foreign fund inflows, easing volatility and buying in IT stocks. Rising for the second day in a row, the Sensex edged up 63.57 points or 0.08 percent to settle at 82,634.48. During the day, it hit a high of 82,784.75 and a low of 82,342.94. The Nifty ended 16.25 points or 0.06 percent higher at 25,212.05. Mahindra & Mahindra, Wipro, Nestle India, State Bank of India and Tech Mahindra were among the major gainers, rising up to 3 percent intraday. Key factors behind the market upmove: 1. FII inflows: Foreign Institutional Investors (FIIs) bought shares worth Rs 120.47 crore on Tuesday, as per exchange data. Continued FII participation reflects positive sentiment towards Indian equities. 2. Easing India VIX: The India VIX, a measure of market volatility, declined by 2 percent to 11.25. A lower VIX indicates reduced investor fear and more stable market conditions, often aiding sentiment. 3. IT sector buying: The Nifty IT index rose up to 1 percent as investors engaged in value-buying after recent declines. The IT pack had come under pressure post Tata Consultancy Services’ Q1 results, which highlighted muted demand. While analysts foresee a soft quarter ahead, selective buying emerged at lower valuations."
14 Jul 2025,Tech Mahindra share price falls 2.02% on Nifty 50,https://www.moneycontrol.com/news/business/stocks/tech-mahindra-share-price-falls-2-02-on-nifty-50-alpha-article-13274956.html,"With the stock currently trading at Rs 1,570.20, Tech Mahindra experiences price fall by 2 percentage.",,"Shares of Tech Mahindra declined by 2.02 percent to Rs 1,570.20 on Monday. At 12:16 pm, the stock was trading lower on the Nifty 50. Quarterly Financials: The consolidated quarterly revenue and net profit are shown below:ParticularsMar 2024Jun 2024Sep 2024Dec 2024Mar 2025RevenueRs 12,871.30 CroreRs 13,005.50 CroreRs 13,313.22 CroreRs 13,285.60 CroreRs 13,384.00 CroreNet ProfitRs 657.80 CroreRs 862.20 CroreRs 1,256.88 CroreRs 982.20 CroreRs 1,143.10 CroreEPS7.489.6214.1211.1013.17The revenue for Tech Mahindra increased by approximately 3.98% from Rs 12,871.30 Crore in March 2024 to Rs 13,384.00 Crore in March 2025. The net profit also saw a substantial increase, rising by 73.78% from Rs 657.80 Crore to Rs 1,143.10 Crore during the same period. Earnings per share (EPS) increased from Rs 7.48 in March 2024 to Rs 13.17 in March 2025. Annual Financials: The consolidated yearly revenue and net profit are shown below:Particulars20212022202320242025RevenueRs 37,855.10 CroreRs 44,646.00 CroreRs 53,290.20 CroreRs 51,995.50 CroreRs 52,988.30 CroreNet ProfitRs 4,351.80 CroreRs 5,627.30 CroreRs 4,886.00 CroreRs 2,386.30 CroreRs 4,244.40 CroreEPS50.6463.3254.7626.6648.00BVPS288.78311.99322.65307.56309.24ROE17.8120.7017.308.8415.53Debt to Equity0.070.060.060.060.02The revenue for Tech Mahindra increased by approximately 1.91% from Rs 51,995.50 Crore in 2024 to Rs 52,988.30 Crore in 2025. The net profit also saw a substantial increase, rising by 77.86% from Rs 2,386.30 Crore to Rs 4,244.40 Crore during the same period. Earnings per share (EPS) increased from Rs 26.66 in 2024 to Rs 48.00 in 2025. Annual Income Statement:ParticularsMar 2025Mar 2024Mar 2023Mar 2022Mar 2021SalesRs 52,988 CroreRs 51,995 CroreRs 53,290 CroreRs 44,646 CroreRs 37,855 CroreOther IncomeRs 855 CroreRs 916 CroreRs 965 CroreRs 1,112 CroreRs 787 CroreTotal IncomeRs 53,843 CroreRs 52,912 CroreRs 54,255 CroreRs 45,758 CroreRs 38,642 CroreTotal ExpenditureRs 47,877 CroreRs 49,306 CroreRs 47,455 CroreRs 38,146 CroreRs 32,516 CroreEBITRs 5,966 CroreRs 3,606 CroreRs 6,800 CroreRs 7,611 CroreRs 6,125 CroreInterestRs 321 CroreRs 392 CroreRs 325 CroreRs 162 CroreRs 174 CroreTaxRs 1,400 CroreRs 827 CroreRs 1,588 CroreRs 1,822 CroreRs 1,599 CroreNet ProfitRs 4,244 CroreRs 2,386 CroreRs 4,886 CroreRs 5,627 CroreRs 4,351 CroreThe sales for Tech Mahindra increased from Rs 51,995 Crore in March 2024 to Rs 52,988 Crore in March 2025. The net profit for Tech Mahindra increased from Rs 2,386 Crore in March 2024 to Rs 4,244 Crore in March 2025. Quarterly Income Statement:ParticularsMar 2025Dec 2024Sep 2024Jun 2024Mar 2024SalesRs 13,384 CroreRs 13,285 CroreRs 13,313 CroreRs 13,005 CroreRs 12,871 CroreOther IncomeRs 172 CroreRs 16 CroreRs 521 CroreRs 144 CroreRs 373 CroreTotal IncomeRs 13,556 CroreRs 13,302 CroreRs 13,834 CroreRs 13,150 CroreRs 13,244 CroreTotal ExpenditureRs 12,006 CroreRs 11,935 CroreRs 12,032 CroreRs 11,903 CroreRs 12,233 CroreEBITRs 1,550 CroreRs 1,366 CroreRs 1,801 CroreRs 1,247 CroreRs 1,011 CroreInterestRs 85 CroreRs 75 CroreRs 89 CroreRs 71 CroreRs 58 CroreTaxRs 322 CroreRs 308 CroreRs 456 CroreRs 313 CroreRs 294 CroreNet ProfitRs 1,143 CroreRs 982 CroreRs 1,256 CroreRs 862 CroreRs 657 CroreThe sales for Tech Mahindra increased from Rs 12,871 Crore in March 2024 to Rs 13,384 Crore in March 2025. The net profit for Tech Mahindra increased from Rs 657 Crore in March 2024 to Rs 1,143 Crore in March 2025. Cash Flow:ParticularsMar 2025Mar 2024Mar 2023Mar 2022Mar 2021Operating ActivitiesRs 5,785 CroreRs 6,376 CroreRs 5,572 CroreRs 5,285 CroreRs 8,093 CroreInvesting ActivitiesRs 11 CroreRs -1,313 CroreRs -278 CroreRs 481 CroreRs -5,450 CroreFinancing ActivitiesRs -5,834 CroreRs -4,767 CroreRs -5,078 CroreRs -4,666 CroreRs -2,986 CroreOthersRs 8 CroreRs -4 CroreRs 52 CroreRs -1 CroreRs 16 CroreNet Cash FlowRs -28 CroreRs 290 CroreRs 267 CroreRs 1,098 CroreRs -326 CroreCash flow from operating activities decreased from Rs 6,376 Crore in March 2024 to Rs 5,785 Crore in March 2025. Cash flow from investing activities increased from Rs -1,313 Crore in March 2024 to Rs 11 Crore in March 2025. Cash flow from financing activities decreased from Rs -4,767 Crore in March 2024 to Rs -5,834 Crore in March 2025. Balance Sheet:ParticularsMar 2025Mar 2024Mar 2023Mar 2022Mar 2021Share CapitalRs 442 CroreRs 441 CroreRs 440 CroreRs 438 CroreRs 437 CroreReserves & SurplusRs 26,919 CroreRs 26,226 CroreRs 27,483 CroreRs 26,445 CroreRs 24,422 CroreCurrent LiabilitiesRs 12,674 CroreRs 12,616 CroreRs 14,551 CroreRs 12,504 CroreRs 10,277 CroreOther LiabilitiesRs 4,459 CroreRs 4,139 CroreRs 3,678 CroreRs 5,481 CroreRs 4,540 CroreTotal LiabilitiesRs 44,494 CroreRs 43,423 CroreRs 46,153 CroreRs 44,870 CroreRs 39,678 CroreFixed AssetsRs 6,302 CroreRs 6,525 CroreRs 7,385 CroreRs 7,522 CroreRs 5,128 CroreCurrent AssetsRs 23,679 CroreRs 23,425 CroreRs 24,432 CroreRs 24,455 CroreRs 25,255 CroreOther AssetsRs 14,512 CroreRs 13,472 CroreRs 14,335 CroreRs 12,892 CroreRs 9,294 CroreTotal AssetsRs 44,494 CroreRs 43,423 CroreRs 46,153 CroreRs 44,870 CroreRs 39,678 CroreContingent LiabilitiesRs 5,042 CroreRs 6,391 CroreRs 9,925 CroreRs 10,942 CroreRs 7,013 CroreShare capital increased marginally from Rs 441 Crore in March 2024 to Rs 442 Crore in March 2025. Reserves & Surplus increased from Rs 26,226 Crore in March 2024 to Rs 26,919 Crore in March 2025. Current liabilities increased from Rs 12,616 Crore in March 2024 to Rs 12,674 Crore in March 2025. Ratios:ParticularsMar 2025Mar 2024Mar 2023Mar 2022Mar 2021Basic EPS (Rs.)48.0026.6654.7663.3250.64Diluted Eps (Rs.)47.9126.5854.7662.8150.19Book Value [Excl. Reval Reserve]/Share (Rs.)309.24307.56322.65311.99288.78Dividend/Share (Rs.)45.0040.0050.0045.0045.00Face Value55555Gross Profit Margin (%)14.7510.4316.8720.4520.03Operating Margin (%)11.256.9312.7617.0416.18Net Profit Margin (%)8.014.589.1612.6011.49Return on Networth / Equity (%)15.538.8417.3020.7017.81ROCE (%)18.7411.7021.5123.5120.83Return On Assets (%)9.555.4210.4612.4011.15Current Ratio (X)1.871.861.681.962.46Quick Ratio (X)1.871.851.681.952.45Debt to Equity (x)0.020.060.060.060.07Interest Coverage Ratios (X)24.3113.8327.6256.1643.58Asset Turnover Ratio (%)1.211.161.170.930.84Inventory Turnover Ratio (X)0.000.000.000.000.003 Yr CAGR Sales (%)8.9417.2020.2313.3610.913 Yr CAGR Net Profit (%)-13.15-25.9511.8913.687.21P/E (x)29.5546.8220.1223.6819.58P/B (x)4.594.143.474.893.48EV/EBITDA (x)15.5819.8510.5414.2011.32P/S (x)2.372.121.822.952.29Corporate Actions: Tech Mahindra announced a final dividend of Rs 30 per share (600%) on April 24, 2025, with an effective date of July 04, 2025. Earlier dividends include an interim dividend of Rs 15 per share (300%) announced on October 21, 2024, and a final dividend of Rs 28 per share (560%) announced on April 25, 2024. The company had also announced a bonus issue on January 30, 2015, with a ratio of 1:1 and an ex-bonus date of March 19, 2015. Additionally, a stock split was announced on January 30, 2015, with the old face value of Rs 10 being split into a new face value of Rs 5, with an ex-split date of March 19, 2015. A Moneycontrol analysis from July 7, 2025, indicated bearish sentiment on the stock. With the stock currently trading at Rs 1,570.20, Tech Mahindra experiences price fall by 2 percentage."
09 Jul 2025,IT stocks drop up to 1.5% ahead of TCS Q1 results tomorrow,https://www.moneycontrol.com/news/business/markets/it-stocks-drop-up-to-1-5-ahead-of-tcs-q1-results-tomorrow-13247342.html,"IT stocks: Analysts have suggested that the IT sector may see a soft earnings season, amid global uncertainties.",TCS will release Q1 FY26 results on July 10,"The shares of IT companies declined in trade on July 9 as investors actively awaited the release of the first set to Q1 FY26 results from the pack. The fall in the share prices pushed the Nifty IT index down nearly half a percent to hover around 38,801 in the morning. Tata Consultancy Services (TCS) is scheduled to release its results for the first quarter of the ongoing financial year 2025-2026 tomorrow (July 10), effectively opening the earnings season for the IT pack. What to expect from TCS Q1 results? Analysts have suggested that the IT sector may see a soft earnings season, amid global uncertainties. Equirius Capital expects TCS' US$ revenue to dip sequentially by 0.4 percent in CC terms. It noted that tepid growth will largely be driven by expected  ramp down in BSNL deal and some softness in sales growth in international markets. The firm expects EBIT margins to improve marginally as soft demand will likely result into lower operating. ""Equirus expects material dip in TCV QoQ given seasonal softness,"" it added. Axis Securities expects TCS revenue to fall 0.3 percent sequentially in Q1, driven by the impact from BSNL deal. ""EBIT margin to remain flattish by 60 bps during the quarter,"" it said. Ashika Institutional Equity Research expects TCS to report a sequential decline of 0.5 percent in USD revenue, amid the likely revenue impact of the BSNL deal ramp down. What to watch out for in TCS Q1 results? The key things to watch out for in TCS quarterly show include demand outlook in BFSI, retail, communication, hi-tech and other key segments, as well as any impact of volatile macro environment and tariff issues on demand. The firm's deal pipeline, outlook on CY25E/FY26E IT budgets, any further update on growth strategies as well as possible wage hike and new deal with BSNL will be in focus. IT stocks in red HCL Tech shares were the top loser on the index, dropping over 1 percent to trade at Rs 1,688 apiece. LTI Mindtree, Wipro and Persistent Systems shares fell around 0.7 percent each. Heavyweights Infosys, Tech Mahindra and TCS shares were trading in the red with marginal losses. Also read: Our LIVE blog on stock market updates"
08 Jul 2025,"Trade Spotlight: How should you trade Chennai Petroleum, NHPC, Valor Estate, KPR Mill, Motherson Sumi Wiring, Tech Mahindra and others on July 9?",https://www.moneycontrol.com/news/business/markets/trade-spotlight-how-should-you-trade-chennai-petroleum-nhpc-valor-estate-kpr-mill-motherson-sumi-wiring-tech-mahindra-and-others-on-july-9-13244917.html,The consolidation and rangebound trading may continue until the frontline indices decisively surpass the recent swing high. Below are some short-term trading ideas to consider.,Top Buy Ideas for July 9,"Equity benchmarks gained strength in late trade after consolidation and closed 0.24 percent higher on the Nifty 50 on July 8, but the market breadth was negative. A total of 1,452 shares declined, compared to 1,192 shares that advanced on the NSE. The consolidation and rangebound trading may continue until the frontline indices decisively surpass the recent swing high. Below are some short-term trading ideas to consider: Amol Athawale, VP- Technical Research at Kotak Securities Tech Mahindra | CMP: Rs 1,635.4  After the remarkable up move, Tech Mahindra is taking a breather and has been in consolidation over the last few sessions. The rangebound structure suggests a bullish continuation chart formation. Moreover, the stock has comfortably closed above its breakout levels. Therefore, the stock is likely to resume its uptrend from current levels in the near term. For the next few trading sessions, Rs 1,575 could be the trend-deciding level for the bulls. If it sustains above this level, we can expect a further uptrend toward Rs 1,750. Strategy: Buy Target: Rs 1,750 Stop-Loss: Rs 1,575 PFC | CMP: Rs 419.8  After declining from higher levels, Power Finance Corporation rebounded from its retracement zone and witnessed a sharp recovery from the lower levels. Additionally, on the intraday scale, the counter has given a breakout from its sloping channel formation. The reversal move in the counter suggests a new leg of the bullish trend from current levels. As long as the stock trades above Rs 405, the bullish texture is likely to continue. Above this, the counter could move up to Rs 450 levels. Strategy: Buy Target: Rs 450 Stop-Loss: Rs 405 Federal Bank | CMP: Rs 213.5  On the weekly scale, Federal Bank is in a rising channel chart formation, with a higher high and higher low series pattern. The counter witnessed a steady recovery from the lower levels. Additionally, the technical indicator ADX is also indicating a further uptrend from current levels, which could boost bullish momentum in the near future. For positional traders, Rs 206 would be the decisive level. Trading above this level, the uptrend formation will likely continue till Rs 229. However, if it closes below Rs 206, traders may prefer to exit long positions. Strategy: Buy Target: Rs 229 Stop-Loss: Rs 206 Subash Gangadharan, Senior Technical Derivative Analyst at HDFC Securities Chennai Petroleum Corporation | CMP: Rs 734  Chennai Petroleum Corporation is in a healthy intermediate uptrend after touching a low of Rs 433 in early March 2025. Last week, the stock broke out of a range on the back of huge volumes, after recently bouncing from the 20-week SMA. The stock also trades above the 50-week SMA, and momentum readings like the 14-week RSI are in rising mode and not overbought, which augurs well for the uptrend to continue. Strategy: Buy Target: Rs 900 Stop-Loss: Rs 660 Honeywell Automation | CMP: Rs 40,870  Honeywell Automation has rallied smartly in recent weeks after forming a double bottom around Rs 37,000. This week, the stock took out its recent highs on the back of above-average volumes. It also closed above key moving averages, and momentum readings like the 14-day RSI are rising and not overbought, supporting the bullish trend. Patterns also look strong on larger weekly and monthly timeframes. Strategy: Buy Target: Rs 44,000 Stop-Loss: Rs 38,400 NHPC | CMP: Rs 88  NHPC has reversed its recent downtrend after forming a double bottom around Rs 80. This week, the stock broke out of a narrow range on the back of healthy volumes, and also closed above the 20- and 50-day SMAs. Momentum indicators like the 14-day RSI are rising and not overbought, which bodes well for the continuation of the uptrend. Strategy: Buy Target: Rs 95 Stop-Loss: Rs 84 Ashish Kyal, CMT, Founder and CEO of Waves Strategy Advisors Valor Estate | CMP: Rs 246.65  In the previous session, Valor Estate rallied 4.8 percent, closing above its previous swing high of Rs 245, which is a strong bullish sign. The stock has been consistently outperforming its peers. Additionally, prices have retraced nearly 78.6% of the fall that began in February 2024, and with follow-up buying, it could fully retrace its prior fall, deriving a long-term target of Rs 286 on the upside. As the current rise was steep, all indicators are in overbought territory, suggesting that buying on dips may be a prudent strategy to ride the trend. The current trend for Valor Estate is bullish. Use dips as a buying opportunity for potential upside towards Rs 255, followed by Rs 270. On the downside, Rs 233 is the nearest support level to watch. Strategy: Buy Target: Rs 255, Rs 270 Stop-Loss: Rs 233 KPR Mill | CMP: Rs 1,209.6  On the daily chart, KPR Mill has consistently managed to hold above its previous day’s low on a closing basis since July 2, suggesting bullish control. Recently, prices dipped toward an upward-sloping trendline, which acted as classic support, after which the stock rallied more than 13%, reinforcing a positive outlook. Furthermore, the stock has just broken out above the Ichimoku cloud indicator, and with follow-up buying, a fresh rally can be expected. The MACD has also recently witnessed a bullish crossover, providing double confirmation. The current trend for KPR Mill favors the bulls. A break above Rs 1,230 is crucial for a trending move toward Rs 1,280, followed by Rs 1,330. On the downside, Rs 1,180 is the nearest support. Strategy: Buy Target: Rs 1,280, Rs 1,330 Stop-Loss: Rs 1,180 Motherson Sumi Wiring | CMP: Rs 64.6  In the previous session, Motherson Sumi Wiring surged more than 4%, with a significant rise in volumes—the highest in the past six months. On the daily chart, the stock had been forming a small rounding bottom pattern since June 2025, and in the previous session, it broke out of the pattern, closing above the neckline at Rs 62.84. The daily chart also shows a higher high–higher low structure since April 2025. For the past six trading sessions, prices have protected the previous candle’s low on a closing basis, indicating a strong bullish bias. The current trend for the stock favours bulls. Use dips towards Rs 63 as a buying opportunity for targets of Rs 66, followed by Rs 68. Strategy: Buy Target: Rs 66, Rs 68 Stop-Loss: Rs 61.8"
07 Jul 2025,"Auto, IT stocks in red amid tariff uncertainty; Maruti Suzuki, Tech Mahindra shares down up to 2%",https://www.moneycontrol.com/news/business/markets/auto-it-stocks-in-red-amid-tariff-uncertainty-maruti-suzuki-tech-mahindra-shares-down-1-13236545.html,Trump said he will impose an additional 10% tariff with no exceptions on any country aligning itself with what he called the 'Anti-American policies of BRICS'. India is a key member of BRICS. ,India and US are yet to announce their bilateral trade agreement,"The shares of auto and IT companies dropped on July 7 as uncertainties around higher US tariffs and no trade deal yet continued to spook investors. The sharp fall in the share prices pushed the Nifty IT and Nifty Auto indices into the red, to hover around 39,004 and 23,949 respectively in the morning. The 90-day pause to US President Donald Trump's higher tariffs is set to expire on July 9, and the elevated tariff rates will likely take effect from August 1. However, India and US are yet to announce their bilateral trade agreement. Trump's 'Take in or leave it' tariff letters Trump on July 5 announced that his government will be sending letters to 10 or 12 countries, outlining reciprocal tariff rates. Describing them as ""take it or leave it"" offers, Trump said the letters would be sent out on July 7. The rollout is expected to conclude by July 9, and the tariffs will kick in on August 1. ""The money is going to come to the United States from August 1,"" Trump said while addressing reporters at Joint Base Andrews. Indian Commerce Minister Piyush Goyal meanwhile said that India will not be rushed into any agreement based on external timelines. ""India does not enter into any trade agreement based on deadlines. We will sign a deal with the US only when it is fully finalised, properly concluded, and in the national interest,"" Goyal told reporters. Trump announces additional 10% tariff on BRICS nations: Meanwhile, Trump said during the weekend that he will impose an additional 10 percent tariff with no exceptions on any country aligning itself with what he called the ""Anti-American policies of BRICS"". This came as Prime Minister Narendra Modi addressed the summit. In a joint statement, the BRICS members voiced ""serious concerns about the rise of unilateral tariff"" and noted that tariff risks are hurting the global economy. India recently proposed retaliatory duties against the US at the World Trade Organization, saying Washington's 25 percent tariff on automobiles and some auto parts would affect $2.89 billion of India's exports. ""India reserves the right to suspend concessions or other obligations ... that are substantially equivalent to the adverse effects of the measure to India's trade,"" the statement said. The rising trade jitters and no trade deal as of yet put pressure on the export-oriented stocks, including those of auto companies. Maruti Suzuki shares dropped over 1 percent to trade at Rs 12,510 apiece, while those of Bharat Forge were down nearly 1 percent. Tata Motors shares were trading in the red with marginal losses. IT companies derive a major portion of their revenue from the US economy. The uncertainties around tariffs has weakened the US dollar, which will likely bear an impact on the export-oriented IT stocks. Tech Mahindra (TechM), Mphasis and HCL Tech shares dropped up to 2 percent. Infosys, Wipro, Persistent Systems and Tata Consultancy Services (TCS) shares were trading in the red with marginal losses. ""With the tariff deadline nearing, all eyes are on the anticipated US-India trade deal. Market participants remain optimistic about a favorable resolution, which could serve as a key catalyst for the next leg of the market’s upward trajectory,"" said Bajaj Broking. As the clock ticks toward the much-anticipated India–US mini trade deal, the mood across Dalal Street is far from celebratory, said Harshal Dasani, Business Head, INVasset PMS. ""Both Nifty Auto and Nifty IT indices slipped into the red in early trade, signalling investor caution around sectors directly exposed to Donald Trump’s latest tariff regime. With auto components facing a 25% duty under Section 232, and no fresh exemptions confirmed yet, the market seems to be bracing for a harsher reality if the deal misses the August 1 deadline,"" Dasani added. ""Unlike pharma, which remains tentatively insulated for now, the auto space has already taken the first hit. Companies like Bharat Forge, Motherson, and Tata Motors are staring at margin compression and possible demand deferrals from US OEMs. The bigger worry isn’t just the existing 25% duty but whether Trump’s “reciprocal tariff doctrine” leads to additional non-tariff barriers. For IT, fears stem from indirect exposure — delays in outsourcing decisions, potential visa restrictions, and a cloudier geopolitical landscape,"" he further said."
27 Jun 2025,"Coforge, HCL Tech, other IT names rise up to 3% on hopes of early Fed rate cut, Nasdaq rally",https://www.moneycontrol.com/news/business/markets/coforge-hcl-tech-other-it-names-rise-up-to-3-on-hopes-of-early-fed-rate-cut-nasdaq-rally-13189486.html,"US stock markets nearing record highs, with the Nasdaq 100 Index higher by 30% since its April lows, outperforming the S&P 500 Index.",US President Trump aims to replace Fed chief Jerome Powell,"The Nifty IT index is higher on June 27, tracking Wall Street peers on rising hopes of a US Fed rate cut sooner than previously anticipated, and Nasdaq 100's first record close since February earlier this week, with easing geopolitical tensions supporting bets on US tech and AI-driven themes. US stocks are nearing record highs after the ceasefire between Iran and Israel was seen as easing political risks, along with reports suggesting the possibility of US President considering an early replacement for the Federal Reserve chief Jerome Powell with somebody more inclined towards a rate cut. President Trump said he has candidates in mind to replace Powell as the Chair of the central bank. Trump has attacked Powell multiple times after the latter highlighted the possibility of rise in inflation after Trump's tariffs take effect. ""We should be at least two to three points lower. Would save the USA 800 Billion Dollars Per Year, plus. What a difference this would make. If things later change to the negative, increase the Rate,"" Trump had said. A rate cut by the US Fed would likely increase the discretionary spending limit of Americans, and Indian IT companies that derive revenue from the US economy may be positively impacted by that. ""IT stocks are witnessing strong buying interest, supported by easing geopolitical tensions and continued strength in global technology indices, particularly in the U.S. markets,"" said Ajit Mishra, SVP of Research at Religare Broking. Coforge shares were the top gainer on the index, jumping over 3 percent to trade at Rs 1,948 apiece, followed by Mphasis whose shares gained 2.5 percent to trade at Rs 2,872 apiece. Persistent Systems and HCL Tech shares gained nearly 1 percent, while Infosys, Tata Consultancy Services (TCS), Tech Mahindra (TechM), LTI Mindtree and Wipro shares were trading in the green with marginal gains. Also Read: Our LIVE blog on stock market updates. The Nasdaq 100 Index has gained 30% since its April lows, outperforming the S&P 500 Index. Notably, the rise in the IT stocks comes after a period of severe volatility amid global uncertainties and tariff flipflops. ""In the IT space, the recovery seems more technical and valuation-led. After a steep correction of over 30% between December 2024 and March 2025, the Nifty IT index has retraced approximately 27% from its lows, reflecting some degree of bottom-fishing by investors. Many IT stocks remain well below their all-time highs, and with global rate-cut expectations supporting sentiment, there is renewed interest in large-cap names offering consistent cash flows and global exposure,"" said Bhavika Joshi, Business Head, INVasset PMS. (With inputs from Reuters)"
25 Jun 2025,"Infosys, TechM, others up 2% as US Fed chief Powell's testimony spurs rate cut bets",https://www.moneycontrol.com/news/business/markets/infosys-techm-others-up-2-as-us-fed-chief-powell-s-testimony-spurs-rate-cut-bets-13175491.html,IT stocks: Tech-heavy Nasdaq index closed at a record high level following the US Fed chief's testimony.,US Fed Chair Jerome Powell ,"Shares of IT companies were higher on June 25 as market participants saw US Federal Reserve Chair Jerome Powell's testimony before Congressional committee as dovish, supportive of a rate cut in 2025. The sharp rise in the share prices pushed Nifty IT index up nearly 1.7 percent to hover around 39,065 in the afternoon trade. The sectoral index has now extended gains for a second consecutive session and is currently one of the top gaining sectors. After Powell's testimony, several analysts increased expectations of a rate cut as soon as July, or in September. They also estimated another rate cut to follow during the course of the year. This increase in hopes for further rate cuts boosted the shares of IT companies, who derive a major portion of their revenues from the US economy. While testifying before the Committee on Financial Services, Powell said the US economy is in a solid position, despite heightened uncertainty. ""The unemployment rate remains low, and the labor market is at or near maximum employment. Inflation has come down a great deal but has been running somewhat above our 2 percent longer-run objective. We are attentive to the risks to both sides of our dual mandate,"" he said. Powell, however, reiterated that higher tariffs could hike inflation. ""I think if it turns out that inflation pressures remain contained we will get to a place where we cut rates sooner than later,"" he said. Mphasis shares were the top gainer on the index, jumping nearly 3 percent to trade at Rs2,753 apiece. Heavyweight Infosys shares jumped over 2 percent to trade at Rs 1,618 apiece. LTIMindtree and Tech Mahindra (TechM) shares gained around 2 percent each, while Coforge, HCL Tech and Tata Consultancy Services (TCS) shares rose over 1 percent each. Persistent Systems shares were trading in the green with marginal gains. Wall Street too cheered the increased hopes of two rate cuts later this year, with the Tech-heavy Nasdaq at record high following the testimony. Powell's testimony comes after severe backlash from US President Donald Trump, who called him a ""very dumb, hardheaded person"" for not cutting rates. In a post on Truth Social, Trump said that Europe has had 10 rate cuts, while America had none, despite there being ""no inflation"" in the ""great economy"". ""We should be at least two to three points lower. Would save the USA 800 Billion Dollars Per Year, plus. What a difference this would make. If things later change to the negative, increase the Rate,"" he said. Trump further wrote, ""I hope Congress really works this very dumb, hardheaded person, over. We will be paying for his incompetence for many years to come. THE BOARD SHOULD ACTIVATE. MAKE AMERICA GREAT AGAIN!"" (With inputs from Reuters)"
19 Jun 2025,"Nifty IT sharply down on selloff after Fed's inflation, tariff view; Wipro sole gainer on upgrade",https://www.moneycontrol.com/news/business/markets/nifty-it-sharply-down-on-selloff-after-fed-s-inflation-tariff-view-wipro-sole-gainer-on-upgrade-13144009.html,"IT stocks: US Fed Chair Jerome Powell said that he expects 'meaningful' inflation ahead. This will likely reduce the discretionary demand for US consumers, which may affect these IT firms.",US Fed chair Jerome Powell,"Shares of IT companies were sharply lower on June 19, after the US Federal Reserve kept key interest rates unchanged while raising fears over US inflation, and Indian tech companies tracked Wall Street's fall from highs on rising worries of America's possible direct conflict with Iran. The sharp fall in the IT stocks pushed Nifty IT index down nearly a percent to end the session at 38,664.95. Also weighing on the sentiment for IT shares were CLSA and Morgan Stanley's cautious notes, stating that US discretionary spending still remains weak. Morgan Stanley downgraded shares of Tech Mahindra to 'underweight' and set a target price of Rs 1,575 per share, but upgraded Wipro to 'equal-weight' with a target price to Rs 265 per share. Morgan Stanley said its assessment of a muted revenue CAGR for IT companies still holds, as deal pipeline is indicating at a weak discretionary spending outlook in US. CLSA too sees demand across most verticals to stay muted. While announcing the American central bank's decision, Federal Reserve Chair Jerome Powell said that he expects 'meaningful inflation' ahead, as consumers pay more for goods due to the massive tariffs by the Trump administration on imports. ""Everyone that I know is forecasting a meaningful increase in inflation in coming months from tariffs, because someone has to pay for the tariffs ... between the manufacturer, the exporter, the importer, the retailer…People will be trying not to be the ones who can pick up the cost. Ultimately, the cost of the tariff has to be paid, and some of it will fall on the end consumer,"" he said during a press conference after the policy decision. This rising inflation will likely reduce discretionary demand for US consumers, potentially impacting Indian IT companies which derive a major portion of their revenue from US market. No rate cut, followed by lowering of US discretionary demand, may affect these IT firms. Oracle Financial Services Software (OFFS) shares dropped over 3 percent, while Coforge and Persistent Systems shares fell over 2 percent each. Tech Mahindra and LTI Mindtree shares fell nearly 1.9 percent each, while Mphasis shares dropped over 1 percent. Infosys and Tata Consultancy Services (TCS) shares were down nearly 1 percent each, while HCL Tech shares closed 0.5 percent lower. Wipro shares however bucked the trend to trade in the green with marginal gains. Notably, the IT stocks had recorded significant gains earlier on expectations of a rate cut. The Nifty IT index added Rs 1.16 lakh crore in market capitalization by recording gains in eight out of last nine sessions till June 16. Also Read: Our LIVE blog on stock market updates Although the US Fed kept rates unchanged, it expects to cut rates by half percentage point by the end of this year. However, more policymakers are now expecting to make no rate cuts at all in the near future than before, given the dismal inflation projection."
18 Jun 2025,Retail investors bet big on turnaround stories in hopes of a jackpot,https://www.moneycontrol.com/news/business/retail-investors-bet-big-on-turnaround-stories-in-hope-of-a-jackpot-13138932.html,"Tata Motors, Yes Bank, Tata Steel, Vodafone and Suzlon energy are the stocks with highest number of retail investors",Retail investors are increasing looking at potential revival stocks,"India’s retail investors seem to be undergoing a strategic pivot—turning away from legacy giants in IT and increasingly flocking to potential turnaround stories in search of windfall gains. Shareholding data analysed by Moneycontrol for the past three financial years shows a sharp rise in retail participation in companies such as IRFC, Yes Bank, Vodafone Idea, and Suzlon Energy—all of which carry a narrative of revival, momentum, or policy-driven tailwinds. Leading the pack is Tata Motors, with over 66 lakh retail shareholders. But the more telling surge has been in Yes Bank, which added nearly 24 lakh new individual shareholders during the period, taking its retail base to over 62 lakh — the second highest in the market. Vodafone Idea saw its retail count swell by 25 lakh, reaching around 60 lakh, driven by optimism around a long-awaited turnaround in the telecom sector. Suzlon Energy, the renewable energy firm that was once written off, now commands the loyalty of more than 56 lakh retail shareholders. Infrastructure laggards like GTL Infra and Jaiprakash Power Ventures — often traded at single-digit prices — have also drawn massive retail interest, each crossing 25 lakh shareholders.  “Retail investors tend to chase momentum stocks or buy low-price names that appear cheap —stocks like Suzlon or Yes Bank that have seen rallies from low levels and created a sense of easy money,” said Kranthi Bathini, Director of Equity Strategy at WealthMills Securities. “There’s often a retail euphoria around low-priced companies like Reliance Power, which hasn’t delivered real returns in 15–20 years, yet the stock sees periodic rallies that retail investors latch onto.”  Railway stocks on fast track Government-backed railway stocks have also captured investor imagination. Indian Railway Finance Corporation (IRFC) saw a 350 percent surge in retail shareholders over three years, climbing to 56 lakh and ranking seventh overall. Rail Vikas Nigam tripled its retail base to 23.45 lakh shareholders. Other stocks like IRCTC, RailTel Corporation, and private player Titagarh Rail Systems have reported similar spikes in retail interest, bolstered by India’s infrastructure push and steady order flows.  “The retail interest in railway stocks like IRFC and IRCTC is tied to the sector’s strong momentum and visibility,” Bathini noted. “There’s clarity on both earnings and order books as India modernizes its rail infrastructure.” Exiting IT stocks On the flip side, India’s large-cap IT firms are witnessing a quiet but steady retreat from retail investors. TCS, the country’s second-most valuable company, has lost nearly 3 lakh retail investors in the last three years and now stands at 20 lakh shareholders, ranking 36th. Infosys, with over 24 lakh retail shareholders, has seen a similar decline. Wipro, HCL Tech, and Tech Mahindra have also seen erosion in retail bases during the same period.  The shift may indicate a growing retail appetite for speculative returns over steady compounders. While legacy tech stocks may offer consistent dividends and margins, they lack the thrill — or the perceived upside — of a dramatic rebound. As India's equity culture deepens, the retail playbook appears to be evolving from safety to storytelling — where the next big bet could either pay off handsomely or unravel just as quickly."
18 Jun 2025,"IT shares snap three-day gaining streak ahead of US Fed meet; Coforge, TCS, others fall up to 1.5%",https://www.moneycontrol.com/news/business/markets/it-shares-snap-three-day-gaining-streak-ahead-of-us-fed-meet-coforge-tcs-others-fall-up-to-1-5-13137066.html,"IT stocks: The Nifty IT index closed in the green in nine out of the last 10 sessions, dodging the overall volatility in the market.",IT stocks,"The shares of several IT companies dropped on June 18, pushing the Nifty IT index down over half a percent to hover in the red and snap a three-day gaining streak. This comes as investors may have resorted to profit booking at elevated levels, while awaiting a possible rate cut by the US Federal Reserve. The Nifty IT index stood at around 39,138 in the morning, bucking the overall market trend with benchmark indices Sensex and Nifty being in the green. Notably, IT stocks had recorded significant gains recently. The Nifty IT index closed in the green in nine out of the last 10 sessions, dodging the overall volatility in the market. This came on the back of expectations of US Federal Reserve announcing a rate cut today after its meeting. Softer inflation and weakening jobs data have boosted the rate cut hopes. Indian IT companies derive a major portion of their revenues from US market. A rate cut by the American central bank will likely boost US discretionary demand, which in turn may benefit the IT firms. Coforge shares dropped over 1.5 percent to trade at Rs 1,812 apiece, Tata Consultancy Services (TCS) and Persistent Systems shares dropped around 1 percent each. Infosys and Mphasis shares meanwhile fell over around 0.5 percent each. HCL Tech, Wipro, Tech Mahindra and LTI Mindtree shares were trading in the red with marginal losses. ""Going forward, in the absence of any major domestic triggers, it will be crucial to stay vigilant for global developments, as Fed policy is around the corner, and key developments could act as a catalyst in setting an intermediate tone for equity markets. Furthermore, it is advisable to exercise vigilance and implement effective risk management strategies given the current market landscape,"" said by Sameet Chavan, Head Research, Technical and Derivative at Angel One, about the overall market. Also read: Our LIVE blog on stock market updates"
16 Jun 2025,Nifty IT index tops the chart after gaining Rs 1.16 lakh crore in value in nine sessions with eight up days,https://www.moneycontrol.com/news/business/markets/nifty-it-index-tops-the-chart-after-gaining-rs-1-16-lakh-crore-in-value-in-nine-sessions-with-eight-up-days-13125662.html,IT stocks: Nifty IT index rose over a percent to emerge as the top sectoral gainer on June 16. The IT index has now recorded gains in eight out of the past nine sessions.,IT stocks record gains in 8 out of 9 sessions,"The shares of TCS and Infosys were among the leading contributor on Sensex, as IT companies nudged higher on June 16 to push the Nifty IT index up over 1.3 percent as the top sectoral gainer, clocking gains in eight out of last nine sessions that have added over Rs 1.16 lakh crore in market capitalization. The sharp rise in IT stocks has come at a time of simmering geopolitical tensions, with the war between Israel and Iran entering its fourth day with no signs of a resolution. On the charts, the index seems to be extending gains from April lows in a sign of reviving investor confidence. The dollar index weakened to dropping to 98.09, while gold prices soared to record highs. Analysts have, however, adviced caution on IT stocks given its sensitivity to the global business environment. “While we maintain our positive bias, the sector remains sensitive to global developments, and hence a buy-on-dips approach is preferred,” said Sameet Chavan, Head Research of Technical and Derivative at Angel One. Sundar Kewat, Technical and Derivatives Analyst at Ashika Institutional Equity Globally said, “Market mood turned cautious as rising tensions in the Middle East rattled investors. The geopolitical situation escalated following Israeli military strikes on Iran, raising concerns about potential disruptions to oil supply and regional stability."" Coforge shares gained nearly 1.6 percent to trade at Rs 1,821 apiece, while those of Tata Consultancy Services (TCS) were up over 1.5 percent to hover around Rs 3,500 apiece. HCL Tech shares rose over 1.5 percent, while Persistent Systems and Mphasis shares gained over 1 percent. Infosys and Tech Mahindra shares also gained over 1 percent to trade at Rs 1,620.50 apiece and Rs 1,677 apiece respectively. LTI Mindtree and Wipro shares were meanwhile trading in the green with marginal gains."
15 Jun 2025,"Chartist Talks: Sudeep Shah of SBI Securities urges caution, reveals top stock ideas for the coming week",https://www.moneycontrol.com/news/business/markets/chartist-talks-sudeep-shah-of-sbi-securities-urges-caution-reveals-top-stock-ideas-for-the-coming-week-13122699.html,"Traders are advised to adopt a wait-and-watch approach in the next couple of sessions until a clear breakout or breakdown confirms the next leg of the move, said Sudeep Shah.",Sudeep Shah is the Deputy Vice President and Head of Technical and Derivative Research at SBI Securities,"According to Sudeep Shah of SBI Securities, the overall chart structure suggests that the market is currently positioned in “no-man’s land” — stuck between key support and resistance levels, making directional conviction difficult. Given the heightened geopolitical uncertainty and muted technical indicators, caution is key, he said in an interview with Moneycontrol. He is bullish on Max Healthcare Institute, and Tech Mahindra, but believes Manappuram Finance is at overbought levels. ""Max Healthcare, as well as Tech Mahindra, has given a horizontal trendline breakout on a daily scale,"" the Deputy Vice President and Head of Technical and Derivative Research at SBI Securities said. Do you expect the Nifty 50 to remain in the 24,500–25,200 range in the coming weeks? What is the likelihood of further weakness? In the first three trading sessions of the week, the benchmark index Nifty hovered near its 8-month high, yet remained confined within a narrow range of just 167 points. This tight consolidation reflected a clear state of indecision and a lack of strong conviction among market participants, as neither bulls nor bears were willing to take aggressive positions. However, the calm broke on the weekly expiry day, when the index slipped below the consolidation zone, triggering a sharp intraday correction. The downside momentum intensified further on Friday after news reports confirmed that Israel had conducted airstrikes on Iran. This unexpected geopolitical escalation spooked investors and led to a broad-based sell-off across global markets, including a steep gap-down opening in our market. Amid the global selloff, Nifty once again found support in the 24,500–24,450 zone — a crucial level that has acted as a reliable cushion multiple times over the past 23 trading sessions. Staying true to recent patterns, the index staged a strong rebound from this zone, recovering more than 240 points intraday and managing to close above the 24,700 mark. This recovery, though impressive, was not strong enough to decisively shift the trend, especially with external risks still looming. Despite the bounce, the index continues to trade below its 20-day EMA, and the daily RSI remains directionless in a sideways range, indicating a lack of strong momentum on either side. The overall chart structure suggests that the market is currently positioned in “no-man’s land” — stuck between key support and resistance levels, making directional conviction difficult. Given the heightened geopolitical uncertainty and muted technical indicators, caution is key. Traders are advised to adopt a wait-and-watch approach in the next couple of sessions until a clear breakout or breakdown confirms the next leg of the move. Talking about crucial levels, 24,500-24,450 will act as crucial support for the index. If the index slips below the level of 24,450, then the next important support is placed at the 24,200 level. While on the upside, the zone of 24,850-24,900 will act as an immediate hurdle for the index. If the index sustains above 24,900, then it is likely to resume its northward journey. In that case, it is likely to test the level of 25,200, followed by 25,500 in the short term. Do you anticipate a further correction in the Bank Nifty, or is it entering a consolidation phase before the next leg of an upmove toward 58,000? At this juncture, Bank Nifty appears to be in a corrective phase rather than a consolidation before a move toward 58,000. After hitting an all-time high of 57,049, it has started forming lower highs and lower lows on the daily chart clearly, indicating short-term weakness. The appearance of a Bearish Engulfing pattern on the weekly chart further confirms the possibility of a near-term reversal. Additionally, the index has slipped below its 20-day EMA for the first time since May 9, 2025, and the daily RSI has turned bearish signaling limited upside potential for now. Immediate support lies in the 55,100–55,000 zone, and a breakdown below this may drag the index toward 54,400. Until Bank Nifty reclaims its 20-day EMA zone of 55,700–55,800 and forms a higher low, a sustained upmove toward 58,000 looks unlikely. For now, further correction can't be ruled out. Do you expect Brent crude oil futures to surpass $80 per barrel in the coming weeks? Yes, Brent Crude has witnessed a sharp upside rally over the past week, driven by escalating tensions between Israel and Iran. It has surged by over 11%, which has had highest weekly gain since April 2024. The geopolitical unrest has heightened supply concerns in the oil market, leading to a surge in prices. Technically, it has surged above its 200-day EMA level for the first time after January 2025. Further, the daily RSI is in bullish territory, and it is in rising mode. Going ahead, the zone of $76.50-76.80 will act as an immediate hurdle for the Brent Oil. If it sustains above $76.80, then it is likely to test the $80 level in the short term. What are your top two stock picks for the upcoming week? Max Healthcare Institute The stock has given a horizontal trendline breakout on a daily scale. This breakout is confirmed by robust volume. As the stock is trading at an all-time high level, all the moving averages and momentum-based indicators suggest strong bullish momentum in the stock. The weekly RSI is surged above 60 mark for the first time after March 2025, and it is in rising trajectory. Hence, we recommend accumulating the stock in the zone of Rs 1,240-1,230 level with the stop-loss of Rs 1,190 level. On the upside, it is likely to test the level of Rs 1,320 in the short term. Tech Mahindra The Nifty IT has been strongly outperforming the frontline indices since the last couple of trading sessions. The stock of Tech Mahindra has given a horizontal trendline breakout on a daily scale and started moving higher along with the higher volume. Currently, it is trading above its short and long-term moving averages. These averages are in rising trajectory. Further, the daily RSI is in bullish territory, and it is edging higher, which is a bullish sign. Hence, we recommend accumulating the stock in the zone of Rs 1,660-1,650 level with a stop-loss of Rs 1,600 level. On the upside, it is likely to test the level of Rs 1,760 in the short term. Do the charts support a bullish view on Cochin Shipyard and Jubilant Ingrevia? Cochin Shipyard The stock has taken support near its 20-day EMA level and witnessed a minor pullback. Interestingly, the daily RSI has taken a support near 60 mark and thereafter witnessed a smart rebound, which is a bullish sign as per RSI range shift rules. However, for further upside, the stock needs to be sustained above the crucial hurdle of Rs 2,280-2,300 zone. Jubilant Ingrevia The stock has given a horizontal trendline breakout on a daily scale. This breakout is confirmed by robust volume. In addition, it has formed a sizeable bullish candle on a breakout day, which adds strength to the breakout. Currently, all the momentum-based indicators and oscillators are showing strong bullish momentum in the stock. Hence, we believe it is likely to continue its northward journey in the next couple of trading sessions. Is Manappuram Finance currently looking overbought based on technical indicators? Yes, Manappuram Finance has seen a strong rally over the last six trading sessions. The daily RSI is currently at 86.05, indicating that the stock is in an extremely overbought zone. While the momentum remains strong, such elevated RSI levels often warrant caution."
12 Jun 2025,"Persistent Systems, Infosys, other IT shares drop up to 2% as trade, geopolitical tensions weigh",https://www.moneycontrol.com/news/business/markets/persistent-systems-infosys-other-it-shares-drop-up-to-2-as-trade-geopolitical-tensions-weigh-13112156.html,"IT stocks: The Nifty IT index dropped over 1.3%, snapping a six-day gaining streak. It is currently the top loser among all the sectoral indices on NSE.",IT stocks tumble,"The shares of major IT players dropped on June 12 after uncertain US tariff rules and geopolitical tensions spooked investors. The Nifty IT index dropped over 1.3 percent to hover around 38,354, snapping a six-day gaining streak. The IT index is currently the top loser among all the sectoral indices on NSE. Persistent Systems and Infosys shares dropped nearly 2 percent each to trade at Rs 5,865 apiece and Rs 1,604 apiece respectively. Coforge and HCL Tech shares were meanwhile trading over 1.4 percent lower each. Mphasis, Tech Mahindra and Wipro shares were nearly 1 percent down, while those of Tata Consultancy Services (TCS) and LTI Mindtree were trading with marginal losses. Here are the key factors that are affect the IT stocks today: Donald Trump says unilateral tariff rates to be set in two weeks US President Donald Trump on June 11 said he will set unilateral tariff rates within two weeks. ""At a certain point, we're just going to send letters out. And I think you understand that, saying this is the deal, you can take it or leave it,"" Trump told reporters on June 11. This may have spooked investors on concerns of rising inflationary pressures on the American economy as the countries may retaliate with counter tariffs. Iran threatened to target US military bases: Iran threatened to target US military bases in the region if conflict breaks out, while President Donald Trump said he was ""less confident"" about reaching a nuclear deal. ""All its bases are within our reach, we have access to them, and without hesitation we will target all of them in the host countries,"" Iran's Defence Minister Aziz Nasirzadeh said in response to US threats of military action if the talks fail. Notably, Indian IT companies derive a major portion of their revenue from American economy. The rising inflationary concerns and geopolitical tensions are likely to negatively impact their stocks. IT stocks had seen a sharp rise immediately after markets opened over multiple factors. US President Donald Trump announced that the trade deal between US and China is ""done"". Further, softer than expected May inflation data further boosted investor sentiment. US CPI inflation data: US consumer prices increased less than what was expected in May, according to the latest report released by the country’s Labor Department on June 11. The Consumer Price Index (CPI) increased 0.1 percent in May, lower than the 0.2 percent increase in April. Notably, May’s data is lower than the 0.2 percent CPI estimated by Economists polled by Reuters. This comes after Trump’s severe tariffs had increased fears of severe inflation, and a possible recession as a result. While the CPI cooled down in May, analysts estimate that the tariffs may hike inflation gradually over the months. Trump says US-China trade deal is done: US President Donald Trump took to social media on June 11 to announce that US has finalized a new deal with China. ""We are getting a total of 55% tariffs, China is getting 10%."" The details of the tariff arrangement are yet to be explained and understood,” he wrote in a post on Truth Social.  However, when reports asked Trump on June 11 if he would extend the deadline for nations to set deals with US, he said he will be open to it. ""But I don’t think we’re gonna have that necessity,"" he added. ""The tariff crisis is not over yet. With Trump's credibility being what it is, it would be too early to discount the development as a positive for markets,"" said VK Vijayakumar, chief investment strategist at Geojit Investments. (With inputs from agencies)"
11 Jun 2025,Tech Mahindra shares rise by 2.1% in today's session,https://www.moneycontrol.com/news/business/stocks/tech-mahindra-shares-rise-by-2-1-in-today-s-session-alpha-article-13110145.html,"The rise in Tech Mahindra's stock price reflects positive market sentiment, supported by consistent financial performance and strong fundamentals.",,"Tech Mahindra's stock experienced a rise of 2.1% to reach Rs 1644.80 in today's session, driven by positive investor sentiment. This increase marks a notable movement for the stock, which is part of both the NIFTY 50 and NIFTY 100 indices. Financial Performance Overview Tech Mahindra's financial performance shows consistent growth over the recent quarters and years. Here’s a summary of the company’s consolidated financial data: Quarterly Performance:PeriodRevenue (Cr)Net Profit (Cr)EPSMar 202412,871.30657.807.48Jun 202413,005.50862.209.62Sep 202413,313.221256.8814.12Dec 202413,285.60982.2011.10Mar 202513,384.001143.1013.17Annual Performance:YearRevenue (Cr)Net Profit (Cr)EPSBVPSROEDebt to Equity202137,855.104,351.8050.64288.7817.810.07202244,646.005,627.3063.32311.9920.700.06202353,290.204,886.0054.76322.6517.300.06202451,995.502,386.3026.66307.568.840.06202552,988.304,244.4048.00309.2415.530.02Income Statement: The annual income statement data highlights consistent performance. Key figures include:Sales: Increased from Rs 37,855 Cr in March 2021 to Rs 52,988 Cr in March 2025.Net Profit: Showed fluctuation, with a recent figure of Rs 4,244 Cr in March 2025.Cash Flow: The cash flow statement provides the following insights:Cash Flow from Operating Activities: Rs 5,785 Cr in March 2025.Balance Sheet: Key balance sheet metrics include:Share Capital: Rs 442 Cr in March 2025.Reserves & Surplus: Rs 26,919 Cr in March 2025.Total Assets: Rs 44,494 Cr in March 2025.Financial Ratios: The financial ratios for Tech Mahindra provide a deeper understanding of its financial health and performance:Basic EPS (Rs.): Increased from 50.64 in Mar 2021 to 48.00 in Mar 2025.Book Value/Share (Rs.): Increased from 288.78 in Mar 2021 to 309.24 in Mar 2025.Debt to Equity: Maintained at a low level of 0.02 in Mar 2025.P/E Ratio: Currently at 29.55.P/B Ratio: Currently at 4.59.The rise in Tech Mahindra's stock price reflects positive market sentiment, supported by consistent financial performance and strong fundamentals."
10 Jun 2025,"Trade Spotlight: How should you trade Ramco Cements, Mphasis, CRISIL, Prism Johnson, NIIT, Jindal Steel, BHEL and others on June 11?",https://www.moneycontrol.com/news/business/markets/trade-spotlight-how-should-you-trade-ramco-cements-mphasis-crisil-prism-johnson-niit-jindal-steel-bhel-and-others-on-june-11-13109049.html,The market may attempt to continue its upward journey amid rangebound trading in the upcoming sessions. Below are some short-term trading ideas to consider.,Top Buy Ideas,"The benchmark indices closed flat amid rangebound trading on June 10, with the Nifty 50 continuing its upward trend for the fifth straight session. Market breadth remained positive, with about 1,463 shares advancing compared to 1,137 declining shares on the NSE. The market may attempt to continue its upward journey amid rangebound trading in the upcoming sessions. Below are some short-term trading ideas to consider: Ashish Kyal, CMT, Founder and CEO of Waves Strategy Advisors Ramco Cements | CMP: Rs 1,067.75  On the daily timeframe, Ramco Cements has been forming a classic rounding bottom pattern since December 2024. In the previous session, the stock finally gave a breakout of the pattern, closing above the neckline at Rs 1,060. Over the past eight trading sessions, the stock has not closed below its previous day’s low, indicating strength in the ongoing rally. Additionally, the price took support near the Ichimoku cloud at the start of June and bounced upward. In summary, the current trend is bullish. Use dips as buying opportunities for targets of Rs 1,100 followed by Rs 1,150. On the downside, Rs 1,025 is the nearest support. Strategy: Buy Target: Rs 1,100, Rs 1,150 Stop-Loss: Rs 1,025 Mphasis | CMP: Rs 2,671.4  The IT sector has shown a strong recovery over the past two sessions, with Mphasis emerging as one of the major gainers—a strong bullish signal. Based on the 3-candlestick rule, the daily trend for Mphasis has turned bullish. In the previous session, the stock broke above its prior swing high of Rs 2,643 and closed above it, which is a positive development. Bollinger Bands have also started expanding, suggesting increased volatility and a potential trending move. The RSI is currently at 66, leaving room for further upside. In summary, the trend has turned positive. A break above Rs 2,685 can boost momentum toward Rs 2,795, followed by Rs 2,900. On the downside, Rs 2,575 is the nearest support level. Strategy: Buy Target: Rs 2,795, Rs 2,900 Stop-Loss: Rs 2,575 CRISIL | CMP: Rs 5,510.5 CRISIL recently broke out above its downward-sloping channel in May and has since rallied over 18%, indicating strong bullish sentiment. Over the past five sessions, it has consistently protected its previous day’s low on a closing basis, keeping the daily undertone positive. The stock has retraced 50% of its prior fall (which started in December 2024) and now looks poised to reach the 61.8% Fibonacci retracement level at Rs 5,810. Additionally, the MACD has given a bullish crossover, reinforcing the positive outlook. In summary, the trend remains bullish. A break above Rs 5,540 can extend the move toward Rs 5,810, followed by Rs 6,095. On the downside, Rs 5,260 is the key support level. Strategy: Buy Target: Rs 5,810, Rs 6,095 Stop-Loss: Rs 5,260 Subash Gangadharan, Senior Technical Derivative Analyst at HDFC Securities Prism Johnson | CMP: Rs 151.07  Prism Johnson recently bounced from a low of Rs 105 and has been forming higher tops and higher bottoms. This week, the stock broke out of its recent trading range and closed above the 200-day EMA with strong volume. It is now trading above the 20-day and 50-day SMAs, and momentum indicators like the 14-week RSI are rising and not yet overbought. In summary, the uptrend is expected to continue. Strategy: Buy Target: Rs 170 Stop-Loss: Rs 138 NELCO | CMP: Rs 978.45  NELCO has rallied significantly in recent weeks after forming a double bottom around Rs 750. This week, the stock surpassed recent highs on strong volume. It has closed above key moving averages, and momentum indicators like the 14-day RSI are rising but not overbought, which supports the continuation of the uptrend. Positive patterns on weekly and monthly charts further support a bullish outlook. Strategy: Buy Target: Rs 1,100 Stop-Loss: Rs 890 NIIT | CMP: Rs 142.48  NIIT has reversed its recent downtrend after forming a double bottom around Rs 104. A positive moving average crossover occurred recently, with the 20-day SMA crossing above the 50-day SMA. This week, the stock broke out of a narrow trading range on strong volume, suggesting further upside potential in the coming weeks. Strategy: Buy Target: Rs 160 Stop-Loss: Rs 134 Amol Athawale, VP- Technical Research at Kotak Securities Tech Mahindra | CMP: Rs 1,610.9  Tech Mahindra has given a breakout from a symmetrical triangle pattern on the back of bullish candlestick formations and increasing volumes. On both daily and weekly charts, it is forming a higher-bottom series, indicating further bullish momentum. As long as the stock trades above Rs 1,555, positional traders can maintain a bullish stance with a target of Rs 1,720. Strategy: Buy Target: Rs 1,720 Stop-Loss: Rs 1,555 BHEL | CMP: Rs 260.55  On the daily chart, Bharat Heavy Electricals (BHEL) is in a rising channel pattern with a higher-high and higher-low structure. The stock has been recovering steadily from support levels. The RSI also suggests further upside potential. For positional traders, Rs 250 is the key level. Sustaining above it can lead to an uptrend toward Rs 280. However, a close below Rs 250 may warrant exiting long positions. Strategy: Buy Target: Rs 280 Stop-Loss: Rs 250 Jindal Steel & Power | CMP: Rs 973.7  After a recent up move, Jindal Steel & Power saw a gradual decline but has now broken out from a Flag pattern with decent volumes. This breakout indicates a potential continuation of the uptrend. Rs 940 is the key trend-decider level. Sustaining above it can lead to an upside toward Rs 1,040. Strategy: Buy Target: Rs 1,040 Stop-Loss: Rs 940"
10 Jun 2025,"Coforge, Mphasis, other IT shares rise up to 4% on optimism over US-China trade talks",https://www.moneycontrol.com/news/business/markets/coforge-mphasis-other-it-shares-rise-up-to-4-on-optimism-over-us-china-trade-talks-13107069.html,"IT stocks: Coforge shares jumped nearly 4% after JP Morgan maintained an 'overweight' rating on the stock, with a target price of Rs 2,080 per share. ","US President Donald Trump, China President Xi Jinping in Japan in 2019","The shares of IT companies are higher on June 10, pushing the Nifty IT index up over 1.5 percent to emerge as the top sectoral gainer in an otherwise cautious market, tracking positive cues from the trade negotiations between US and China, with both largecap and midcap IT names seeing significant investor interest. The Nifty IT index has extended gains for a fifth consecutive session on rising optimism over ongoing US-China trade talks, hoping for trade tensions ease. Top officials from both the nations are set to meet in London for a second day to iron out differences and pull back from the trade war deadlock. US President Trump too has hinted that trade talks are going well, while admitting of challenges. ""We're doing well with China. China's not easy,"" he told reporters at the White House, adding that he was 'only getting good reports' from his team in London. When asked if he will be lifting some export controls, Trump said, ""We are going to see."" The possibility of easing trade tensions between US and China will likely relax concerns over economic strain on two countries after Trump's tariffs in April. India's IT companies derive a major portion of their revenue from the US businesses. Coforge shares were the top gainer on the index, jumping nearly 4 percent to trade at Rs 1,860 apiece. The sharp rise in the share price was fueled by a positive brokerage note. JP Morgan maintained an 'overweight' rating on the stock, with a target price of Rs 2,080 per share. This implies an upside potential of nearly 16 percent from the stock's previous closing price. Persistent Systems shares followed, jumping over 3 percent. Mphasis and Tech Mahindra shares gained over 2 percent, while LTI Mindtree, HCL Tech and Tata Consultancy Services (TCS) shares were up over 1 percent each. Wipro and Infosys shares were meanwhile trading over 0.9 percent higher each. (With inputs from Reuters)"
04 Jun 2025,"Sensex rises over 250 points, Nifty above 24,600: Positive global cues among key factors behind market rise",https://www.moneycontrol.com/news/business/markets/sensex-rises-350-points-from-day-s-low-nifty-above-24-600-positive-global-cues-among-key-factors-behind-market-rise-13095432.html,Anticipation of another 25 basis points rate cut in the RBI’s Monetary Policy Committee (MPC) meeting outcome on June 6 also supported the rally.,"Sensex, Nifty rebound in Wednesday's trading session. ","The benchmark equity indices rebounded on Wednesday, recovering from a three-day losing streak, supported by firm global cues and investor optimism around possible policy easing by the Reserve Bank of India (RBI) this Friday. The Sensex climbed 260.74 points, or 0.32 percent, to settle at 80,998.25. During the day, jumped 349.78 points, or 0.43 per cent, to 81,087.29. The NSE Nifty went up 77.70 points, or 0.32 per cent, to 24,620.20. Shares of ETERNAL, Jio Financial Services, Bharti Airtel, Tata Motors and Tech Mahindra were among the notable gainers, advancing up to 3 percent during the session. Key Factors Behind Market Rebound 1. Positive Global Sentiment: In Asian equity markets, South Korea’s Kospi, Japan’s Nikkei 225, China’s Shanghai Composite and Hong Kong’s Hang Seng index trading in the green. Overnight, US markets closed higher and Futures pointed to a strong opening on Wall Street, further bolstering sentiment on Dalal Street. Stock Market LIVE Updates 2. Hopes of De-escalation in US-China Trade Tensions: Markets took note of a likely phone conversation between US President Donald Trump and Chinese President Xi Jinping this week. The development comes after Trump accused China of breaching a previous trade agreement. Investors are hopeful that fresh dialogue could ease tensions between the two major economies, aiding global trade sentiment. I like President Xi but he's extremely hard to make a deal with, says Donald Trump 3. Expectations of Another Rate Cut by RBI: Anticipation of another 25 basis points rate cut in the RBI’s Monetary Policy Committee (MPC) meeting outcome on June 6 also supported the rally. According to a Moneycontrol poll, economists and treasury heads expect a third straight repo rate cut after similar actions in February and April. ""With consumer inflation remaining moderate, there is still room for two more rate cuts in 2025,"" said VK Vijayakumar, Chief Investment Strategist at Geojit Financial Services. He added that while bank margins may come under pressure, leading private lenders are well positioned to deliver 12–15 per cent returns over the next year. MPC Poll | RBI likely to cut repo rate by 25 bps in June policy Broader markets also participated in the rally with positive breadth seen across sectors, particularly in financials, telecom, IT and auto stocks."
04 Jun 2025,"Tech Mahindra Shares Rise by 1.22%, Experience Increased Trading Volume Today",https://www.moneycontrol.com/news/business/stocks/tech-mahindra-shares-rise-by-1-22-experience-increased-trading-volume-today-alpha-article-13094624.html,"The increase in trading volume, coupled with a price rise of 1.22% to Rs 1,562.70, underscores the stock's current market activity.",,"During today's trading session, Tech Mahindra shares saw a notable increase in trading volume, accompanied by a rise of 1.22%, reaching a price of Rs 1,562.70. The increased volume suggests heightened investor interest and activity in the stock. The increased trading volume in Tech Mahindra shares reflects its position within the NIFTY 50 STOCKS index. This index inclusion highlights the stock's significance in the broader market.Financial Performance SnapshotA review of Tech Mahindra's financial performance offers insights into the company's recent trends. The following data points are based on consolidated figures:RevenueMar 2024: Rs 12,871.30 CrJun 2024: Rs 13,005.50 CrSep 2024: Rs 13,313.22 CrDec 2024: Rs 13,285.60 CrMar 2025: Rs 13,384.00 CrNet ProfitMar 2024: Rs 657.80 CrJun 2024: Rs 862.20 CrSep 2024: Rs 1,256.88 CrDec 2024: Rs 982.20 CrMar 2025: Rs 1,143.10 CrEPS (Earnings Per Share)Mar 2024: Rs 7.48Jun 2024: Rs 9.62Sep 2024: Rs 14.12Dec 2024: Rs 11.10Mar 2025: Rs 13.17Annual PerformanceThe annual consolidated financial data provides an overview of Tech Mahindra's performance over the past five years. Key metrics include:SalesMar 2021: Rs 37,855 CrMar 2022: Rs 44,646 CrMar 2023: Rs 53,290 CrMar 2024: Rs 51,995 CrMar 2025: Rs 52,988 CrNet ProfitMar 2021: Rs 4,351 CrMar 2022: Rs 5,627 CrMar 2023: Rs 4,886 CrMar 2024: Rs 2,386 CrMar 2025: Rs 4,244 CrEPSMar 2021: Rs 50.64Mar 2022: Rs 63.32Mar 2023: Rs 54.76Mar 2024: Rs 26.66Mar 2025: Rs 48.00BVPS (Book Value per Share)Mar 2021: Rs 288.78Mar 2022: Rs 311.99Mar 2023: Rs 322.65Mar 2024: Rs 307.56Mar 2025: Rs 309.24ROE (Return on Equity)Mar 2021: 17.81%Mar 2022: 20.70%Mar 2023: 17.30%Mar 2024: 8.84%Mar 2025: 15.53%Debt to EquityMar 2021: 0.07Mar 2022: 0.06Mar 2023: 0.06Mar 2024: 0.06Mar 2025: 0.02The increase in trading volume, coupled with a price rise of 1.22% to Rs 1,562.70, underscores the stock's current market activity."
03 Jun 2025,Tech Mahindra Shares Trade Lower Today Amid High Volume,https://www.moneycontrol.com/news/business/stocks/tech-mahindra-shares-trade-lower-today-amid-high-volume-alpha-article-13089442.html,"With the current price at Rs 1,536.10, Tech Mahindra's shares reflect a mix of investor activity amidst recent financial performance data.",,"During today's session, Tech Mahindra shares experienced a decline of 0.84 percent, with the current price at Rs 1,536.10. This movement occurred amidst a traded volume of 304,781 shares. The stock is part of the NIFTY 50 STOCKS index, indicating its significance in the Indian stock market.Financial PerformanceRecent financial data provides insights into Tech Mahindra's performance.RevenueQuarterly revenue shows a fluctuating trend:Mar 2024: Rs 12,871.30 CrJun 2024: Rs 13,005.50 CrSep 2024: Rs 13,313.22 CrDec 2024: Rs 13,285.60 CrMar 2025: Rs 13,384.00 CrAnnual revenue also reflects growth:2021: Rs 37,855.10 Cr2022: Rs 44,646.00 Cr2023: Rs 53,290.20 Cr2024: Rs 51,995.50 Cr2025: Rs 52,988.30 CrNet ProfitQuarterly net profit figures are as follows:Mar 2024: Rs 657.80 CrJun 2024: Rs 862.20 CrSep 2024: Rs 1,256.88 CrDec 2024: Rs 982.20 CrMar 2025: Rs 1,143.10 CrAnnual net profit has varied over the years:2021: Rs 4,351.80 Cr2022: Rs 5,627.30 Cr2023: Rs 4,886.00 Cr2024: Rs 2,386.30 Cr2025: Rs 4,244.40 CrEarnings Per Share (EPS)Quarterly EPS values:Mar 2024: Rs 7.48Jun 2024: Rs 9.62Sep 2024: Rs 14.12Dec 2024: Rs 11.10Mar 2025: Rs 13.17Annual EPS figures:2021: Rs 50.642022: Rs 63.322023: Rs 54.762024: Rs 26.662025: Rs 48.00Additional Financial RatiosKey financial ratios for Tech Mahindra include:Book Value Per Share (BVPS): Increased from Rs 288.78 in 2021 to Rs 309.24 in 2025.Return on Equity (ROE): Fluctuated, with a recent value of 15.53% in 2025.Debt to Equity: Remained relatively stable and low, at 0.02 in 2025.Sentiment AnalysisAccording to Moneycontrol analysis, the sentiment for Tech Mahindra was bullish as of 2025-05-28. With the current price at Rs 1,536.10, Tech Mahindra's shares reflect a mix of investor activity amidst recent financial performance data."
02 Jun 2025,"Persistent, TechM, other IT stocks drop up to 4% amid escalating US-China trade tensions",https://www.moneycontrol.com/news/business/markets/persistent-techm-other-it-stocks-drop-up-to-4-amid-escalating-us-china-trade-tensions-13084704.html,"The sharp fall in the share prices pushed the Nifty IT index down over 1 percent to hover around 36,948 in the morning, extending losses for the second consecutive session.",IT stocks tumble amid rising US-China tensions,"The shares of IT companies tumbled on June 2 amid escalating trade tensions between US and China. The sharp fall in the share prices pushed the Nifty IT index down over 1 percent to hover at around 36,948 in the morning, extending losses for the second consecutive session. Earlier last week, US President Donald Trump took to social media to say that China has ""totally violated"" a trade agreement which was concluded weeks ago by the two countries. ""Two weeks ago China was in grave economic danger! The very high Tariffs I set made it virtually impossible for China to TRADE into the United States marketplace which is, by far, number one in the World. We went, in effect, COLD TURKEY with China, and it was devastating for them. Many factories closed and there was, to put it mildly, “civil unrest.” I saw what was happening and didn’t like it, for them, not for us. I made a FAST DEAL with China in order to save them from what I thought was going to be a very bad situation, and I didn’t want to see that happen,"" Trump said in a post on his social media platform Truth Social. ""Because of this deal, everything quickly stabilized and China got back to business as usual. Everybody was happy! That is the good news!!! The bad news is that China, perhaps not surprisingly to some, HAS TOTALLY VIOLATED ITS AGREEMENT WITH US. So much for being Mr. NICE GUY!"" he added. IT stocks derive a major portion of the revenue from the US economy. When US and China had earlier engaged in strong tariff war, the stocks had tumbled over concerns of a possible US recession as a result of the higher inflation following the tariffs. The stocks later jumped amid cooling trade tensions. The latest developments however have triggered the downward spiral in the sector again. Mphasis was the top loser, falling nearly 4 percent to trade at Rs 2,466 apiece. The fall in the share price was fueled after a report said that the company has lost one of its oldest clients, which accounted for 8 percent of the revenue of India’s seventh-largest information technology services firm, after FedEx Corp. selected Accenture Plc to do much of its IT work. Persistent Systems shares followed, tumbling over 2 percent to trade at Rs 5,515 apiece. Tech Mahindra and Wipro shares were down over 1 percent, while HCL Tech, TCS, Infosys, LTI Mindtree and Coforge shares were trading in the red with marginal losses. China retaliated by accusing US of violating their trade deal and vowing to take strong measures to defend its interests. The Chinese Ministry of Commerce issued a statement on June 2, rebuking the US president’s claims. ""If the US insists on its own way and continues to damage China’s interests, China will continue to take resolute and forceful measures to safeguard its legitimate rights and interests,"" the ministry said in its statement. Notably, this comes after the tariff war has slightly cooled between two of the world's largest economies, after severe tit-for-tat tariff measures that triggered recession fears. "
29 May 2025,"Nifty IT rallies one percent, snapping a two-day fall on strong Nvidia Q1, ruling against Trump tariffs",https://www.moneycontrol.com/news/business/markets/nifty-it-rallies-one-percent-snapping-a-two-day-fall-on-strong-nvidia-q1-ruling-against-trump-tariffs-13058893.html,The sharp rise in share prices pushed the Nifty IT index up nearly a percent to emerge as the top sectoral gainer on May 29.,Nifty IT,"The shares of IT companies surged on May 29 after US chipmaker Nvidia posted strong Q1 results and a US trade court blocked President Trump's reciprocal tariff from taking effect, sending the Nifty IT index up nearly a percent as the top sectoral gainer in the early trade, snapping a two-day losing streak. The Manhattan-based Court of International Trade ruled that Trump overstepped his authority by imposing sweeping duties on imports from nations which sell more to the US than they buy from it. The court said the America's constitution gives The Congress exclusive authority to regulated commerce with other nations. ""The court does not pass upon the wisdom or likely effectiveness of the President’s use of tariffs as leverage. That use is impermissible not because it is unwise or ineffective, but because [federal law] does not allow it,” a three-judge panel said. The Trump administration, however, has filed a notice of appeal against the order. IT stocks derive a major portion of their revenue from US market. Earlier when the tariffs had sparked recession fears, the IT stocks had strongly tumbled. Now, a possible blockage of the tariffs has likely boosted the stocks. Additionally, Jensen Huang-led Nvidia posted better than expected Q1 results dodging tariff turbulences and posted a 69 percent on-year jump in revenue at $44.1 billion. The net income surged 26 percent on-year to $18,775 million. The chipmaker's revenue growth was despite restrictions to sell advanced semiconductors to China. ""On April 9, 2025, NVIDIA was informed by the US government that a license is required for exports of its H20 products into the China market. As a result of these new requirements, NVIDIA incurred a $4.5 billion charge in the first quarter of fiscal 2026 associated with H20 excess inventory and purchase obligations as the demand for H20 diminished,"" Nvidia said. The total income reported by the company takes this charge into consideration. Wall Street futures strongly rallied following the court ruling and Nvidia's results, with S&P 500 Futures up over 1.5 percent, and Nasdaq futures higher by nearly 2 percent a short while ago. LTI Mindtree was the top gainer on the index, jumping nearly 3 percent to trade at Rs 5,229 apiece. Persistent Systems and Coforge were up nearly 2 percent, while heavyweight Infosys gained nearly 1.5 percent. Mphasis and Tech Mahindra shares trading nearly 1 percent higher, while Wipro and TCS were trading with marginal gains."
27 May 2025,"Infosys, TCS, other IT heavyweights drop 1%, IT index snaps 2-day gaining streak amid weak market",https://www.moneycontrol.com/news/business/markets/infosys-tcs-other-it-heavyweights-drop-1-it-index-snaps-2-day-gaining-streak-amid-weak-market-13049680.html,"Notably, the IT stocks have seen significant volatility in the recent days amid US President Donald Trump’s tariff flip-flops.",IT stocks,"Several IT stocks declined on May 27, pushing the Nifty IT index down into the red to snap its two-day gaining streak and emerge as one of the top sectoral losers. This comes amid an overall downturn in the stock market, with benchmark indices Sensex and Nifty being down over 0.7 percent each in the afternoon. The Nifty IT index dropped 0.75 percent to close at 37,501.45. The index was only second among the top losing sectors, after FMCG. Tata Consultancy Services (TCS) and HCL Tech were each down 1 percent each, while Persistent Systems, Wipro and Infosys were each down over 0.5 percent each. LTI Mindtree, Tech Mahindra and Mphasis shares ended the session in the red with marginal losses. Notably, the IT stocks have seen significant volatility in the recent days amid US President Donald Trump’s tariff flip flops. Trump had announced a slew of reciprocal tariffs in April, which was followed by counter measures by several nations. Analysts remained concerned over the possibility of a US recession as inflation was likely to rise after the tariffs. IT companies, who derive a major portion of their revenue from US, saw a significant decline in the share prices amid the recession fears. However, Trump soon announced a 90-day tariff pause, which reduced recession worries and boosted the IT stocks. However, the temporary pause is set to expire in July, leaving investors in a limbo as what to expect for the IT stocks. Additionally, the firms’ poor guidance for FY26 has further dampened investor sentiment. HSBC analysts have noted that while revenue growth has held steady for most large-cap players, a growing concern is the weakening trend in cash conversion, particularly in the mid-tier space in FY25. Cash conversion refers to a company’s ability to translate its net profit into actual cash flow from operations. It is a key marker of financial health, revealing how efficiently a business collects receivables, manages costs, and generates liquidity from its earnings."
22 May 2025,"Tech Mahindra, Infosys, other IT stocks tumble on concerns over US' fiscal deficit",https://www.moneycontrol.com/news/business/markets/tech-mahindra-infosys-other-it-stocks-tumble-on-concerns-over-us-fiscal-deficit-13039748.html,Republican lawmakers are currently finalizing a new budget proposal. Investors worry that the package may swell the country's federal deficit.,IT stocks tumble,"The shares of IT companies tumbled on May 22, tracking Wall Street peers over concerns of possible widening of US' federal deficit, pushing the Nifty IT index down nearly 1.3 percent. US Republican lawmakers are currently finalizing a new budget proposal which includes tax cuts, however, investors worry that the package - facing significant disagreements over tax deductions - may enlarge the country's federal deficit. Concerns in the US bond market weighed on sentiment, coming close to the heels of last week’s downgrade of US debt by Moody's. The uncertainties have pushed the yields on US' long-term government bonds lower, leading to a widespread selloff on the Wall Street. The US market slump spilled over to Asia as well, with Japan's Nikkei 225, South Korea's Kospi and Kosdaq, along with Hong Kong's Hang Seng index tumbling over one percent each in morning trade. Benchmark indices Sensex and Nifty too closed in the red on Thursday, with IT being one of the worst performing sectors. Domestic IT companies derive a major portion of their revenue from the US, and concerns over US fiscal and economic health could impact business prospects of IT majors too. Wipro shares were the top loser on the index, dropping nearly 2 percent to close at Rs 246.05 apiece. Tech Mahindra shares also tumbled nearly 2 percent to end the session at Rs 1,572 apiece. Persistent Sysytems, TCS and Infosys fell over 1 percent each, while HCL Tech, Mphasis and LTI Mindtree shares closed in the red with marginal losses. The IT stocks have seen significant volatility recently. After a strong rise, the stocks significantly fell after rating agency Moody's cut US government's credit rating from AAA to AA1. It cited the ballooning fiscal deficits and the strain of refinancing existing debt amid elevated interest rates as the reasons for its downgrade. The IT stocks will be kept under active watch, as they attract strong investor interest. ""For India, IT sector is important. It is what oil has been to Saudi Arabia,"" market expert Manish Chokhani said while speaking at the Mirae Asset Capital Markets Invest India Conference 2025."
18 May 2025,"Trade Spotlight: How should you trade TVS Motor, CDSL, Angel One, Tech Mahindra, Container Corporation, Adani Green Energy and others on May 19?",https://www.moneycontrol.com/news/business/markets/trade-spotlight-how-should-you-trade-tvs-motor-cdsl-angel-one-tech-mahindra-container-corporation-adani-green-energy-and-others-on-may-19-13030733.html,The market is expected to remain in positive terrain despite intermittent consolidation. Below are some short-term trading ideas to consider.,Stocks To Buy For Short Term,"The benchmark indices took a breather after a 1.6 percent rally on the Nifty 50 in the previous session, closing 0.2 percent lower on May 16. However, the overall sentiment remains favourable for bulls, with healthy market breadth. About 1,790 shares saw buying interest compared to 827 shares that were under pressure on the NSE. The market is expected to remain in positive terrain despite intermittent consolidation. Below are some short-term trading ideas to consider: Rajesh Palviya, Senior Vice President Research (Head Technical Derivatives) at Axis Securities NHPC | CMP: Rs 89.71  Since October 2024, NHPC has been consolidating within the Rs 88–70 range, accompanied by significant volumes. This represents strong accumulation with increased participation. With the last weekly close, the stock has decisively surpassed the multiple resistance zone at Rs 88 on a closing basis. It is well-positioned above its 20-day, 50-day, 100-day, and 200-day Simple Moving Averages (SMAs), and these averages are also inching up along with rising prices, which reconfirms bullish sentiments. The daily, weekly, and monthly strength indicator RSI suggests that buying may occur at current levels. The weekly Bollinger Bands buy signal indicates increased momentum. Investors should consider buying, holding, and accumulating this stock. Strategy: Buy Target: Rs 97, Rs 105 Stop-Loss: Rs 85 TVS Motor Company | CMP: Rs 2,841.5  On the daily chart, TVS Motor has confirmed a ""Flag"" continuation pattern breakout at Rs 2,810 on a closing basis, supported by huge volumes. The stock is well-positioned above its 20-day, 50-day, 100-day, and 200-day SMAs, and these averages are also rising along with prices, reaffirming bullish sentiments. The weekly Bollinger Bands buy signal suggests increasing momentum. The daily and weekly RSI strength indicators indicate that buying may occur at current levels. Investors should consider buying, holding, and accumulating this stock. Strategy: Buy Target: Rs 2,955, Rs 3,085 Stop-Loss: Rs 2,790 Central Depository Services | CMP: Rs 1,408.8  On the daily chart, CDSL has confirmed a breakout of the ""Inverse Head & Shoulder"" pattern at Rs 1,375 on a closing basis. This breakout is accompanied by high volumes, indicating increased participation. The stock is well-positioned above its 20-day, 50-day, and 100-day SMAs, and these moving averages are rising along with prices, reaffirming bullish sentiments. The daily and weekly RSI strength indicators suggest that buying may occur at current levels. Investors should consider buying, holding, and accumulating this stock. Strategy: Buy Target: Rs 1,530, Rs 1,650 Stop-Loss: Rs 1,375 Riyank Arora, Technical Analyst at Mehta Equities Angel One | CMP: Rs 2,800.6 Angel One is showing strong upward momentum, trading well above all major moving averages, indicating continued strength in the trend. The RSI (14) is at 72, reflecting solid buying interest. The stock has maintained higher highs and higher lows on the daily chart, confirming bullish sentiment. The current levels offer a favourable risk-to-reward entry point. A stop-loss should be placed at Rs 2,700 to limit downside risk, while the stock is expected to move towards Rs 2,950 in the near term. Strategy: Buy Target: Rs 2,950 Stop-Loss: Rs 2,700 PB Fintech | CMP: Rs 1,756.2  PB Fintech has broken above a key resistance zone and is currently retesting its 200-day EMA and DMA, both of which are acting as reliable support levels. The RSI (14) at 60 signals stable bullish momentum. The stock is also sustaining above all major moving averages, indicating strong trend confirmation. Volume activity has picked up on the breakout, further supporting the bullish outlook. This retest offers a favourable entry with a stop-loss at Rs 1,700 and potential upside towards Rs 1,850 and beyond. Strategy: Buy Target: Rs 1,850 Stop-Loss: Rs 1,700 Tech Mahindra | CMP: Rs 1,617 Tech Mahindra has successfully moved above its 200-day moving average and is now undergoing a healthy retest near the breakout zone. The RSI (14) at 73 suggests strong momentum and investor confidence. The stock is also holding above key short- and medium-term moving averages, which adds further strength to the setup. With the broader trend turning positive and price action confirming support, the current level presents a good risk-managed buying opportunity. Strategy: Buy Target: Rs 1,700 Stop-Loss: Rs 1,560 Osho Krishan, Chief Manager - Technical & Derivative Research at Angel One Container Corporation of India | CMP: Rs 730.5  Container Corporation has shown impressive growth, surging over 12 percent in the past trading week. This surge has been accompanied by an increase in average trading volumes, suggesting growing market interest and the possibility of a trend reversal. The stock has surpassed its 100-day Exponential Moving Average (DEMA) after a long period. Additionally, the MACD (Moving Average Convergence Divergence) line shows a positive crossover near its zero line, further indicating bullish momentum. Overall, these technical indicators suggest that Container Corporation may be entering a period of sustained growth, making it an intriguing investment option. Hence, we recommend buying the stock around Rs 720. Strategy: Buy Target: Rs 800, Rs 820 Stop-Loss: Rs 668 Adani Green Energy | CMP: Rs 1,020.10  Adani Green Energy has experienced a significant resurgence in the last trading session, leading to a strong weekly close. The stock is firmly positioned above its 50-day DEMA on the daily timeframe after a prolonged period, indicating inherent strength and the potential for continued upward momentum. Additionally, it has broken out from its consolidation phase and is supported by a positive crossover on the 14-day RSI, reinforcing its bullish stance. Hence, we recommend buying Adani Green Energy around Rs 1,000–Rs 1,010. Strategy: Buy Target: Rs 1,120, Rs 1,140 Stop-Loss: Rs 920"
13 May 2025,Tech Mahindra initiates key leadership changes to drive growth,https://www.moneycontrol.com/news/business/information-technology/tech-mahindra-initiates-key-leadership-changes-to-drive-growth-13023317.html,"Commenting on the changes, Mohit Joshi, Tech Mahindra’s CEO and Managing Director said the new roles reflect the company’s commitment to strengthening market-specific strategies. ",Representative Image,"IT services major Tech Mahindra on May 13 announced several leadership changes to drive strategic growth in critical markets. Manish Mangal was appointed as the head – Americas Communications Business, and Sahil Dhawan was elevated to head – India, Middle East, and Africa (IMEA) Business, in yet another leadership overhaul under new management led by CEO Mohit Joshi. Ram Ramachandran, Senior Vice President - India, Middle East, and Africa (IMEA) business will be moving into a new role as Head of Specialist Sales, while Abid Mirza will be moving into a new sales role in IMEA region. Consequently, both the executives will cease to be designated as Senior Management Personnel (SMP) of the company, according to Tech Mahindra’s BSE filing. Mangal, in his expanded role, will lead Tech Mahindra's Communications business across the Americas, the company’s largest market. With over 27 years of global experience in the telecom industry, Mangal had played a pivotal role in advancing 5G, AI, and cloud-native network technologies. He previously served as Chief Technology Officer – Telecom Business & Global Business Head – Network Services for Tech Mahindra. Sahil Dhawan will responsible for driving the company’s growth strategy and customer engagement across the IMEA region, a market of strategic importance to the company's long-term vision. Previously, he had served as Senior Vice President & Global Head - Enterprise Applications. He led the global P&L across sales, delivery, solutions, and alliances for Tech Mahindra's expansive Enterprise Applications portfolio. Commenting on the changes, Mohit Joshi, CEO and Managing Director, Tech Mahindra, said, “Manish and Sahil have been integral to our growth journey, consistently delivering impact through leadership and innovation. Their new roles reflect our commitment to strengthening market-specific strategies. I congratulate them and look forward to their continued success in shaping the next phase of Tech Mahindra’s growth.” After Joshi took over the top role in December 2024, he had started restructuring the management teams across business units. In the first phase of the reshuffle, former chief human resource officer (CHRO) and head of marketing Harshvendra Soin had shifted his base to Australia to lead the consolidated Asia Pacific and Japan business. Tech Mahindra had also made new leadership hires. Apart from onboarding Atul Soneja as the new COO, the company hired Peeyush Dubey as the chief marketing officer, Richard Lobo as the chief people officer and Rajashree R as its chief growth officer for America strategic verticals."
07 May 2025,"Trade Spotlight: How should you trade Maruti Suzuki, APL Apollo Tubes, Devyani International, Aditya Birla Capital, Motherson, and others on May 8?",https://www.moneycontrol.com/news/business/markets/trade-spotlight-how-should-you-trade-maruti-suzuki-apl-apollo-tubes-devyani-international-aditya-birla-capital-motherson-and-others-on-may-8-13016475.html,The market is expected to remain rangebound in the upcoming sessions. Below are some short-term trading ideas to consider.,Stocks to Bet for short term,"The benchmark indices recovered smartly from the day's low and remained rangebound, closing moderately higher after the commencement of Operation Sindoor by the Indian armed forces in Pakistan and PoK. The market breadth was positive, with 1,570 shares advancing compared to 974 declining shares on the NSE. The market is expected to remain rangebound in the upcoming sessions. Below are some short-term trading ideas to consider: Rupak De, Senior Technical Analyst at LKP Securities Tech Mahindra | CMP: Rs 1,495.2  Tech Mahindra has been in a short-term uptrend, recovering sharply from its recent low around Rs 1,220. Currently, the price is consolidating just above its 50-day EMA (Rs 1,467), confirming a positive short-term trend. The RSI (14) is above 60, remaining in bullish territory with a bullish crossover. In the short term, we expect the stock to continue moving higher, with the potential to reach Rs 1,575. A breakout above Rs 1,560 could open the door for further upside, while support lies at Rs 1,440. A decisive fall below this level might trigger weakness in the stock. Strategy: Buy Target: Rs 1,560, Rs 1,600 Stop-Loss: Rs 1,439 Kotak Mahindra Bank | CMP: Rs 2,094.9  Kotak Mahindra Bank slipped sharply but found support at the crucial 50-day exponential moving average. Despite the recent decline, the stock remains in a long-term breakout and is forming an ascending pattern on the medium-term chart. Additionally, a bullish engulfing pattern is visible on the daily chart, indicating a potential bullish reversal. In the short term, the stock may move towards Rs 2,200, while support is placed at Rs 2,050. A fall below this level could signal a potential bearish scenario. Strategy: Buy Target: Rs 2,200 Stop-Loss: Rs 2,050 Asian Paints | CMP: Rs 2,334.1 Asian Paints formed a rounding top around the Rs 2,450–2,500 zone before the recent decline. It has slipped below its recent consolidation range on the daily chart, indicating increased bearish sentiment among traders. Renewed participation from sellers could trigger further downside, especially as the weakening RSI (Relative Strength Index) suggests continued deterioration in price. On the lower end, the correction may extend towards Rs 2,200, while on the higher end, resistance is likely around Rs 2,371. Strategy: Sell Target: Rs 2,200 Stop-Loss: Rs 2,371 Jatin Gedia, Technical Research Analyst at Mirae Asset Sharekhan Devyani International | CMP: Rs 183 Devyani International has broken out of a sideways consolidation on the upside. A rise in volume in the direction of the trend suggests renewed buying interest. We expect the stock to continue with the momentum and target levels of Rs 194, which coincides with the daily upper Bollinger Band. Strategy: Buy Target: Rs 194 Stop-Loss: Rs 178 APL Apollo Tubes | CMP: Rs 1,663 APL Apollo Tubes has broken out of a Bullish Flag pattern on the daily charts. The breakout has been accompanied by above-average volume, which is a bullish sign and suggests that the positive momentum is likely to continue. Strategy: Buy Target: Rs 1,697, Rs 1,725 Stop-Loss: Rs 1,620 Sudeep Shah, Deputy Vice President and Head of Technical and Derivative Research at SBI Securities Aditya Birla Capital | CMP: Rs 200.75 On Wednesday, Aditya Birla Capital took support near the 200-day EMA level, which coincides with the 50% Fibonacci retracement level of its prior upward rally (Rs 169.43–Rs 208.80). Thereafter, it witnessed a strong rebound along with robust volume. Most notably, the stock formed a Bullish Engulfing candlestick pattern on a daily scale, which is a bullish sign. The daily RSI (Relative Strength Index) is about to cross the 60 mark and is in rising mode. Hence, we recommend accumulating the stock in the zone of Rs 201–199. Strategy: Buy Target: Rs 218 Stop-Loss: Rs 193 Samvardhana Motherson International | CMP: Rs 142.46  On Wednesday, Samvardhana Motherson International surged above the 100-day EMA level for the first time since November 2024. Notably, the stock witnessed volume above the 50-day average, indicating strong buying interest. The daily RSI is in bullish territory and rising. Further, the daily MACD (Moving Average Convergence Divergence) remains bullish, quoting above the zero line and the signal line. Hence, we recommend accumulating the stock in the zone of Rs 143–141. Strategy: Buy Target: Rs 155 Stop-Loss: Rs 136 Maruti Suzuki India | CMP: Rs 12,633  Nifty Auto has strongly outperformed the frontline indices in the last couple of trading sessions. The ratio chart of the index compared to the Nifty index has given a horizontal trendline breakout. The stock of Maruti Suzuki India recently gave a downward-sloping trendline breakout on a daily scale, marking a swing high at Rs 12,727. It has since entered a consolidation period. Currently, the stock is trading above its short and long-term moving averages. The daily RSI is in bullish territory and rising. Hence, we recommend accumulating the stock in the zone of Rs 12,650–12,600. Strategy: Buy Target: Rs 13,400 Stop-Loss: Rs 12,200"
29 Apr 2025,"LTI Mindtree, TechM surge 2% as IT index rallies on a rangebound day: What's pushing IT higher",https://www.moneycontrol.com/news/business/markets/lti-mindtree-techm-surge-2-as-it-index-rallies-on-a-rangebound-day-what-s-pushing-it-higher-13008121.html,IT companies derive major portions of their revenue from the American market. The easing trade tensions between US and China are expected to boost the share prices.,IT stocks,"Shares of IT companies sharply ended higher on April 29, sharply off lows on hopes of easing trade tensions between US and China, and broadly upbeat earnings commentary by leading companies. The rise in the stock prices pushed the Nifty IT up over 1.2 percent in an overall flat market. Motilal Oswal Financial Services in its latest note said that IT stocks have been recording gains despite seven out of the 11 companies that have reported their quarterly results so far missing out on revenue estimates. The brokerage cited two possible reasons for the gains: 1) earnings downgrades have been milder than feared, and 2) management commentary has remained broadly positive, particularly around near-term demand stability – especially in 1QFY26. ""We, however, believe that tariff risks have not fully been absorbed, and even if the tariff problem goes away, the sector is back to the base problem of a slower growth pick-up,"" Motilal Oswal said. The brokerage added that the market is also pricing in a trade war de-escalation and easing concerns over a possible US recession. ""We prioritize correct positioning over predictability, favouring bottom-up transformation and margin-driven stories over top-down discretionary names,"" it further said. LTI Mindtree was the top gainer on the index, rising over 2 percent to close at Rs 4,590 apiece. The stock has seen some volatility after an initial boost following its Q4 results which were released on April 23. The firm reported a 2.6 percent year-on-year rise in consolidated net profit for the fourth quarter of FY25 at Rs 1,128.5 crore. Tech Mahindra and Persistent Systems shares followed, rising nearly 2 percent each. Heavyweights Coforge, HCL Tech and Infosys shares meanwhile gained over 1 percent each. These stocks too have seen significant volatility in recent days after releasing their respective January-March quarter results. TCS, Mphasis and Wipro shares closed in the green with marginal gains, US President Trump had announced a slew of reciprocal tariffs on a number of countries on April 2, which were later paused on April 9, except for China. Some analysts are still concerned about the rising possibilities of a US recession as prices in America would increase due to the tariffs. The US-China trade tussle escalated to its peak when Trump hiked tariffs on Chinese imports to a whopping 145 percent. Both the nations have expressed the need to engage in talks and settle differences. The Indian IT companies derive major portions of their revenue from the American market, and any easing of trade tensions between US and China is expected to boost the share prices. Speaking about its stock picks, Motilal said, ""Among Tier-I players, we prefer TechM, driven by early signs of transformation under new leadership and improving execution in BFSI. Margin expectations are now more reasonable, and niche offerings are resonating well. We believe TechM’s transformation remains relatively decoupled from discretionary spending. With further scope for telecom recovery and operational efficiency, we see room for sustained margin improvement going forward."" ""We continue to like HCLT for its all-weather portfolio and believe TCS offers a decent risk-reward balance. The previous downcycle showed that mid-tier firms can thrive in cost-focused environments. Coforge’s recent deal with Sabre is a strong indicator that mid-tiers now have both the scale and the solution maturity to win cost-saving deals. Our bet is on mid-tier companies with strength in BPO, data, RPA, and GenAI acceleration—with Coforge and Persistent emerging as early winners,"" it added."
