Date,Title,URL,Article Description,Article Text,Article Content
25 Aug 2025,Titan Company Redeems ₹225 Crore Commercial Papers,https://www.moneycontrol.com/news/business/markets/titan-company-redeems-225-crore-commercial-papers-alpha-article-13486069.html,Titan Company Redeems ₹225 Crore Commercial Papers,,"Titan Company announced the full redemption of its commercial papers (CPs) worth ₹225 crore. The CPs, identified by ISIN- INE280A14450, were issued on June 16, 2025, and the maturity proceeds have been paid to all holders on August 25, 2025. The disclosure was made in compliance with SEBI Operational Circular No. SEBI/HO/DDHS/P/CIR/2021/613, dated August 10, 2021, which pertains to the issuance and listing of Non-convertible Securities, Securitised Debt Instruments, Security Receipts, Municipal Debt Securities, and Commercial Paper. The company has also made this information available on its website, www.titancompany.in. Dinesh Shetty, General Counsel & Company Secretary of Titan Company Limited, confirmed the information for record and dissemination to stakeholders."
22 Aug 2025,"Titan Company Standalone June 2025 Net Sales at Rs 14,564.00 crore, up 20.83% Y-o-Y",https://www.moneycontrol.com/news/business/earnings/titan-company-standalone-june-2025-net-sales-at-rs-14564-00-crore-up-20-83-y-o-y-13479280.html,,,"Reported Standalone quarterly numbers for Titan Company are: Net Sales at Rs 14,564.00 crore in June 2025 up 20.83% from Rs. 12,053.00 crore in June 2024. Quarterly Net Profit at Rs. 1,030.00 crore in June 2025 up 33.77% from Rs. 770.00 crore in June 2024. EBITDA stands at Rs. 1,739.00 crore in June 2025 up 30.85% from Rs. 1,329.00 crore in June 2024. Titan Company EPS has increased to Rs. 11.61 in June 2025 from Rs. 8.68 in June 2024. Titan Company shares closed at 3,616.30 on August 20, 2025 (NSE) and has given 13.72% returns over the last 6 months and 1.57% over the last 12 months. "
21 Aug 2025,"Stocks to Watch Today: Clean Science, Shanti Gold, India Cements, RailTel, Jupiter Wagons, V-Guard, Fortis, Innova Captab, Poly Medicure in focus on 21 August",https://www.moneycontrol.com/news/business/markets/stocks-to-watch-today-clean-science-shanti-gold-india-cements-railtel-jupiter-wagons-v-guard-fortis-innova-captab-poly-medicure-in-focus-on-21-august-13473555.html,"Stocks to Watch, 21 August: Stocks like Clean Science and Technology, Shanti Gold International, India Cements, RailTel Corporation of India, Jupiter Wagons, V-Guard Industries, Fortis Healthcare, Innova Captab, Poly Medicure, Enviro Infra Engineers, and Prostarm info Systems will be in focus on August 21.","Stocks to Watch Today, 21 August","Let's catch up on the latest news from the stock market. From significant investments to major deals, order wins, acquisitions, appointments, and fund raising here’s a quick look at which stocks will be in focus in today's trade: Quarterly Earnings Shanti Gold International Q1 (YoY) Profit zooms 174% to Rs 24.6 crore Vs Rs 9 crore Revenue increases 22.1% to Rs 292.8 crore Vs Rs 239.8 crore Stocks to Watch Clean Science and Technology Promoters Ashok Boob and Krishna Boob are likely to sell up to 24% stake in the company via block deals, with the offer size at Rs 2,626 crore and a floor price of Rs 1,030 per share, reports CNBC Awaaz quoting sources. India Cements UltraTech Cement is set to sell 2.01 crore shares (6.49% stake) in India Cements via an Offer-for-Sale (OFS) on August 21–22. The floor price has been fixed at Rs 368 per share. The OFS will open for non-retail investors on August 21, and for retail investors on August 22. RailTel Corporation of India The company has received a work order worth Rs 35 crore from Kerala State Information Technology Mission for the O&M of SDC project, and another order worth Rs 15.4 crore from the Higher Education Department, Government of Odisha. Jupiter Wagons Unlisted subsidiary Jupiter Tatravagonka Railwheel Factory has received a Letter of Intent (LOI) to supply 5,376 wheelsets for Vande Bharat Train, in an order worth Rs 215 crore. Exide Industries The company has invested Rs 100 crore in subsidiary Exide Energy Solutions via a rights issue. This takes the total investment in the subsidiary to Rs 3,802.23 crore. There is no change in the company's shareholding percentage in the subsidiary post-investment. Titan Company P B Balaji has resigned as Non-Executive Non-Independent Director, effective August 20. Godrej Properties The Mumbai-based real estate developer has entered into an agreement to acquire 7% equity stake in Godrej Skyline Developers from an existing shareholder. Syngene International The pharma company has made several senior management appointments including Ajay Tandon as Head of Strategy and Corporate Development, Gaurav Kushwaha as Chief Technology Officer, Mrinal Kammili as Head of Translational and Clinical Research, Subhendu Kumar as Head of Chemistry, and Priyaranjan Pattanaik as Head of Biology. All appointees are part of the Executive Committee (Senior Management Personnel). Fortis Healthcare Fortis has signed a collaboration agreement with Ekana Group, Lucknow, for operations and management of a 550-bed greenfield super specialty hospital near Gomti Nagar, to be constructed by Ekana Group. Hitachi Energy India The Board has appointed Ismo Antero Haka as the new Chairman, replacing Achim Michael Braun. Ismo Antero Haka was serving as a Non-Executive, Non-Independent Director. Jan Niklas Persson has been appointed as an Additional Director (Non-Executive, Non-Independent). Achim Michael Braun has resigned as Non-Executive, Non-Independent Director and Chairman. Innova Captab The company has completed UK-MHRA inspection for its Cephalosporin plant in Baddi, Himachal Pradesh, with no critical or major observations. The inspection was conducted from August 18–20. Nucleus Software Exports The company has designated Vishnu R Dusad as Interim Chief Financial Officer, effective August 20, 2025. He is currently the Managing Director of the company. SMC Global Securities The company is investing Rs 15 crore in equity shares of the National Commodity & Derivatives Exchange (NCDEX). Suryoday Small Finance Bank Meenaa Sharma has resigned from her roles as EVP – Special Projects, Chief People Officer, and Head – CSR, due to personal priorities and to pursue other career opportunities. Popular Vehicles and Services Step-down subsidiary Prabal Motors has executed a Business Transfer Agreement (BTA) to acquire BharatBenz dealership operations from Globe CV in Punjab. Paradeep Parivahan The company has acquired 100% shareholding in four companies - Pharmachem Traders, Nirkon Industries, MRTC (India), and ASK Logistiek Solutio. Crisil Subsidiary Crisil Irevna UK has approved the incorporation of a wholly owned subsidiary named Crisil Canada Inc in Canada. Thermax The company has completed acquisition of 23.03% stake in Thermax Bioenergy Solutions (TBSPL) from Everenviro Resource Management. TBSPL is now a wholly owned subsidiary. Fedbank Financial Services The Board will meet on August 25 to consider issuing non-convertible debentures (NCDs) worth up to Rs 2,500 crore. Signpost India The company has appointed Ernst & Young LLP as its strategic advisory and growth partner for a three-year transformation program, focusing on governance, digital infrastructure, and business scalability. Arvind Fashions The company has appointed Saikot Das as Chief Brand & Strategy Officer, effective August 19. Computer Age Management Services CAMS has received a no-objection letter from the Reserve Bank of India (RBI) to transfer its online payment aggregator activities to its subsidiary CAMS Payment Services (CAMSPAY). Following the transfer, CAMS will voluntarily surrender its Certificate of Authorisation to the RBI. Enviro Infra Engineers PTC India Financial Services has executed definitive agreements with Enviro Infra’s subsidiary EIE Renewables for the transfer of management of Vento Power Infra. The Letter of Intent was issued in June 2025 for resolution of Rs 115.6 crore debt via a change in management process. Poly Medicure The National Company Law Tribunal (NCLT), Allahabad, has approved the resolution plan submitted by the company for Himalayan Mineral Waters, under the Insolvency and Bankruptcy Code (IBC) process. Super Iron Foundry Subsidiary SIF Saudi Arabia Company has entered a 10-year land lease agreement with the Saudi Industrial Authority for setting up a foundry and manufacturing unit in the Kingdom of Saudi Arabia. Prostarm info Systems The company has been declared L-1 bidder by Karnataka Power Transmission Corporation (KPTCL) for setting up a 150 MW / 300 MWh standalone battery energy storage system at the 400kV Doni Substation (220kV Voltage level) in Gadag, Karnataka. RACL Geartech The company has received a long-term supply order for transmission gears for premium motorcycles from a globally renowned Indian manufacturer. Bulk Deals Shaily Engineering Plastics The Growth Fund of America and American Funds Fundamental Investors, managed by Capital Group, acquired 5 lakh shares in Shaily at Rs 1,925 per share, and 2,68,179 shares at Rs 1,924.78 per share, respectively, totaling Rs 147.9 crore. Meanwhile, Lighthouse India Fund III, managed by Lighthouse Funds, sold 5 lakh shares at Rs 1,925 per share, valued at Rs 96.25 crore. HealthCare Global Enterprises Axis Mutual Fund acquired 13.92 lakh shares (0.998% stake) at Rs 660 per share from promoter Basavalinga Sadasivaiah Ajaikumar, for Rs 91.87 crore. Pearl Green Clubs and Resorts Motilal Oswal Finvest, part of Motilal Oswal Financial Services, sold 15,000 shares (0.56% stake) at Rs 161.45 per share. As of June 2025, it held 1.86% stake in the company. Sampann Utpadan India Isquare Global PE Fund acquired 7,29,449 shares (1.8% stake) in Sampann at Rs 32.4 per share from Davos International Fund, which thereby exited its investment. V-Guard Industries ICICI Prudential Mutual Fund acquired 41,51,351 shares (0.95% stake) at Rs 370 per share from promoter Chittilappilly Thomas Kochuouseph, in a deal worth Rs 153.6 crore. Stocks Trade Ex-Dividend Coal IndiaHindustan AeronauticsRail Vikas NigamAMJ Land HoldingsBhandari Hosiery ExportsBSLHonda India Power ProductsKakatiya Cement Sugar & IndustriesManorama IndustriesPudumjee Paper ProductsRelaxo FootwearsStyrenix Performance MaterialsThomas Cook (India)United Van Der Horst Stock Trades Ex-Date for Split Dev Information Technology Stocks in F&O Ban PG Electroplast,RBL Bank,Titagarh Rail Systems"
20 Aug 2025,Titan to conduct Analyst/Institutional Investor Meeting in August 2025,https://www.moneycontrol.com/news/business/markets/titan-to-conduct-analyst-institutional-investor-meeting-in-august-2025-alpha-article-13471174.html,Titan to conduct Analyst/Institutional Investor Meeting in August 2025,,"Titan Company Limited has announced that it will be conducting an Analyst/Institutional Investor Meeting in August 2025. In a regulatory filing, the company said that pursuant to Regulation 30 of the SEBI (Listing Obligations and Disclosure Requirements) Regulations, 2015, the schedule of Analyst / Institutional Investor Meeting of the Company planned in the month of August 2025 is as follows: Investor meetingsSI.NO.DateFirmTypeVenueTime126-Aug-25First Seniter Investor Group (FSSA)One-on-One MeetingPhysical11:30 a.m. to 12:30 p.m229-Aug-25Koda Capital ASK InvestmentsGroup MeetingPhysical4:00 p.m to 5:00 p.m. The above investor-meeting schedule is in addition to the meetings disclosed earlier. During the aforesaid investor meet, no price sensitive information or forward looking statement will be disclosed or discussed. The Schedule may undergo change due to exigencies on the part of Investors / Company which you may please note."
18 Aug 2025,Titan Company shares rise 2.06% on Nifty 50,https://www.moneycontrol.com/news/business/stocks/titan-company-shares-rise-2-06-on-nifty-50-alpha-article-13462582.html,"Shares of Titan Company were buoyed by very bullish investor sentiment, according to a Moneycontrol analysis on August 12, 2025.",,"Shares of Titan Company gained 2.06% to trade at Rs 3,561.40 in Monday's session. The stock is among the top gainers on Nifty 50. At 12:47 pm, the stock showed significant positive movement. Financial Overview: Titan Company's financial performance reveals the following trends based on consolidated results: Consolidated Quarterly Performance: The company's quarterly revenue and net profit figures are as follows:HeadingJun 2024Sep 2024Dec 2024Mar 2025Jun 2025RevenueRs 13,266.00 CroreRs 14,534.00 CroreRs 17,740.00 CroreRs 14,916.00 CroreRs 16,523.00 CroreNet ProfitRs 715.00 CroreRs 703.00 CroreRs 1,047.00 CroreRs 871.00 CroreRs 1,091.00 CroreEPS8.067.9411.809.8212.30The revenue for the quarter ending June 2025 stood at Rs 16,523.00 Crore, marking an increase from Rs 14,916.00 Crore in March 2025. The net profit for the same period was Rs 1,091.00 Crore, up from Rs 871.00 Crore in the previous quarter. Consolidated Yearly Performance: The company's yearly revenue, net profit, and EPS are detailed below:Heading20212022202320242025RevenueRs 21,644.00 CroreRs 28,799.00 CroreRs 40,575.00 CroreRs 51,084.00 CroreRs 60,456.00 CroreNet ProfitRs 979.00 CroreRs 2,198.00 CroreRs 3,273.00 CroreRs 3,495.00 CroreRs 3,336.00 CroreEPS10.9624.4936.6139.4037.62BVPS84.29104.87133.75105.54130.61ROE12.9723.3527.4237.2128.70Debt to Equity0.580.060.631.401.56The annual revenue for the year ending March 2025 was Rs 60,456.00 Crore, which is a significant increase compared to Rs 51,084.00 Crore in the previous year. The net profit stood at Rs 3,336.00 Crore, slightly lower than the Rs 3,495.00 Crore reported in the previous year. The debt to equity ratio for the year ending March 2025 was 1.56. Income Statement Yearly:Mar 2025Mar 2024Mar 2023Mar 2022Mar 2021Sales60,45651,08440,57528,79921,644Other Income486533308234186Total Income60,94251,61740,88329,03321,830Total Expenditure55,45546,37636,13725,91120,295EBIT5,4875,2414,7463,1221,535Interest953619300218203Tax1,1981,1271,173706353Net Profit3,3363,4953,2732,198979Income Statement Quarterly:Jun 2025Mar 2025Dec 2024Sep 2024Jun 2024Sales16,52314,91617,74014,53413,266Other Income105116128122120Total Income16,62815,03217,86814,65613,386Total Expenditure14,87713,56216,24113,46912,183EBIT1,7511,4701,6271,1871,203Interest271252231240230Tax389347349244258Net Profit1,0918711,047703715Cash Flow:Mar 2025Mar 2024Mar 2023Mar 2022Mar 2021Operating Activities-5411,6951,370-7244,139Investing Activities546-189-1,8111,164-2,801Financing Activities-7-1,329457-403-1,234Others00-312Net Cash Flow-21771338106Balance Sheet:Mar 2025Mar 2024Mar 2023Mar 2022Mar 2021Share Capital8989898989Reserves & Surplus11,5359,25611,7559,2087,404Current Liabilities25,79316,52913,26410,5127,714Other Liabilities3,2305,6761,9151,3851,245Total Liabilities40,64731,55027,02321,19416,452Fixed Assets4,0443,6833,0192,5062,432Current Assets34,43425,60822,40717,45413,197Other Assets2,1692,2591,5971,234823Total Assets40,64731,55027,02321,19416,452Contingent Liabilities478568724569436Ratios:Mar 2025Mar 2024Mar 2023Mar 2022Mar 2021Basic EPS (Rs.)37.6239.4036.6124.4910.96Diluted Eps (Rs.)37.6139.3836.6124.4910.96Book Value /Share (Rs.)130.61105.54133.75104.8784.29Dividend/Share (Rs.)11.0011.0010.007.504.00Face Value11111Gross Profit Margin (%)10.2211.4012.7812.418.82Operating Margin (%)9.0710.2511.6911.027.09Net Profit Margin (%)5.516.848.067.634.52Return on Networth / Equity (%)28.7037.2127.4223.3512.97ROCE (%)36.9334.8934.4929.7317.56Return On Assets (%)8.2011.0812.0210.255.91Current Ratio (X)1.341.551.691.661.71Quick Ratio (X)0.240.400.440.370.62Debt to Equity (x)1.561.400.630.060.58Interest Coverage Ratios (X)6.489.4117.2916.407.56Asset Turnover Ratio (%)1.671.741.681.49131.55Inventory Turnover Ratio (X)2.022.031.781.982.573 Yr CAGR Sales (%)44.8953.6338.8320.6715.873 Yr CAGR Net Profit (%)23.2088.9447.8825.71-5.86P/E (x)81.4396.4968.69103.56142.16P/B (x)23.4636.0518.8924.2618.49EV/EBITDA (x)46.7960.1344.3562.8574.57P/S (x)4.516.635.527.846.40Corporate Actions: Titan Company has announced and executed several corporate actions over the years. The company announced Earnings Call Transcripts on August 11, 2025. The company published newspaper publication for unaudited financial results for the first quarter ended 30th June 2025 on August 8, 2025. Dividends: Titan Company has consistently distributed dividends to its shareholders. Recent dividend declarations include:Final Dividend: Rs 11.00 per share (1100%) announced on May 8, 2025, with an effective date of July 8, 2025.Final Dividend: Rs 11.00 per share (1100%) announced on May 3, 2024, with an effective date of June 27, 2024.Final Dividend: Rs 10.00 per share (1000%) announced on May 3, 2023, with an effective date of July 13, 2023.Bonus and Splits: The company had a bonus issue on April 29, 2011, with an existing ratio of 1:1. A stock split was also executed on April 29, 2011, where the old face value of Rs 10 was split into a new face value of Rs 1. Shares of Titan Company were buoyed by very bullish investor sentiment, according to a Moneycontrol analysis on August 12, 2025."
18 Aug 2025,"Trade Spotlight: How should you trade Eicher Motors, HDFC Life, Manappuram Finance, UNO Minda, Tube Investments, PB Fintech, and others on August 18?",https://www.moneycontrol.com/news/business/markets/trade-spotlight-how-should-you-trade-eicher-motors-hdfc-life-manappuram-finance-uno-minda-tube-investments-pb-fintech-and-others-on-august-18-13460767.html,The market is expected to remain in consolidation mode until it reclaims all key moving averages. Below are some short-term trading ideas to consider.,Top Buy Ideas for August 18,"The benchmark indices closed flat with a positive bias on August 14, extending their upward journey for the second straight session, but the market breadth was in favour of bears. A total of 1,752 shares saw selling pressure compared to 1,128 shares that advanced on the NSE. The market is expected to remain in consolidation mode until it reclaims all key moving averages. Below are some short-term trading ideas to consider: Osho Krishan, Chief Manager - Technical & Derivative Research at Angel One Manappuram Finance | CMP: Rs 266  Manappuram Finance has demonstrated a robust recovery over the last couple of trading weeks and has now surpassed all major EMAs on the daily chart. The stock has retraced to the neckline of the breakout and has gained traction again, suggesting potential for increased momentum in the short term. The alignment of momentum indicators with the positive crossover among EMAs and a robust increase in trading volumes during the recent period indicates the likelihood of sustained momentum in the foreseeable future. We recommend buying the stock around Rs 264–260. Strategy: Buy Target: Rs 294, Rs 300 Stop-Loss: Rs 245 Titan Company | CMP: Rs 3,489.4  Titan Company has seen a decent surge in recent times, followed by consolidation resembling a ‘Double Bottom’ pattern on the daily chart structure. The stock has been hovering slightly above its 20 DEMA, with bullish bias. Additionally, the counter has witnessed a higher low formation on the daily chart and has showcased a positive crossover on technical indicators, adding to the bullish sentiment. The SuperTrend has also turned bullish after the recent surge. From a risk-reward point of view, the counter is firmly aligned with a favourable setup for the short to medium term. Hence, we recommend buying Titan around Rs 3,480–3,460. Strategy: Buy Target: Rs 3,630, Rs 3,680 Stop-Loss: Rs 3,350 UNO Minda | CMP: Rs 1,149.8  UNO Minda has recently experienced a notable spurt in price and volume, characterized by a multi-week breakout. Additionally, the stock has been trading at new highs in the current calendar year, with favourable technical parameters suggesting a bullish bias. From a technical perspective, the MACD indicator has demonstrated a positive crossover around the zero line, contributing to an optimistic outlook for the stock. Hence, we recommend buying UNO Minda around Rs 1,120–1,100. Strategy: Buy Target: Rs 1,250, Rs 1,260 Stop-Loss: Rs 1,040 Jay Mehta, Technical Research at JM Financial Services Tube Investments of India | CMP: Rs 3,063.6  Tube Investments of India, after breaking out from a double bottom pattern, was trading within a wedge formation. Recently, it broke above the wedge and is currently trading above its 20-day and 50-day EMAs, approaching its 200-day EMA. A breakout above the 200-day EMA could further strengthen its bullish momentum. Rising volumes indicate strong buying interest, supporting the bullish outlook. The stock has shown good relative strength and has outperformed the Nifty over the last 6 months. On the daily chart, the RSI stands at 63 with a positive crossover, trending upward, while the rising MACD histogram signals robust momentum. A bullish Marubozu candle on the weekly chart reinforces the strong continuation pattern. Strategy: Buy Target: Rs 3,400, Rs 3,550 Stop-Loss: Rs 2,844 TBO Tek | CMP: Rs 1,444  TBO Tek was trading in a descending triangle pattern since June 30 but recently broke out above it. It has reclaimed its position above the 200-day EMA and is trading above all key short- and long-term moving averages. Volume is gradually increasing on the positive side, indicating growing buying interest. The daily RSI is at 63 and is maintaining its position above 50 levels, showing strong stock strength and suggesting that every small fall is countered with good buying interest. The rising MACD histogram supports continued bullish momentum. The stock exhibits relative strength and has outperformed the Nifty in the past 3 months. The immediate resistance is at Rs 1,508, and a breakout above this level could trigger a significant upward move. Strategy: Buy Target: Rs 1,582, Rs 1,600 Stop-Loss: Rs 1,363 PB Fintech | CMP: Rs 1,834.2  PB Fintech was in a long consolidation phase after a bearish gap-down on January 13. On June 4, it broke above the consolidation pattern, filling the bearish gap between Rs 1,800–1,840. Subsequently, it marked a high of Rs 1,978, then entered a tight wedge consolidation. On August 11, the stock broke out above the wedge with strong volume, signaling robust buying interest. It is trading above all key moving averages, with the daily RSI above 50 and a rising MACD histogram, indicating sustained bullish momentum. The stock has shown good relative strength and has outperformed the Nifty over the last 6 months. The price can test the recent swing high of Rs 1,978, and sustaining above this level could open the path to higher levels. Strategy: Buy Target: Rs 1978, Rs 2,100, Rs 2,170 Stop-Loss: Rs 1,709 Hardik Matalia, Derivative Analyst at Choice Broking Eicher Motors | CMP: Rs 5,764  Eicher Motors has recently given a breakout from a Symmetric Triangle formation on the daily chart. Prior to this breakout, the stock had undergone a consolidation phase at higher levels, indicating healthy profit booking and base building. The breakout has been supported by consistent trading volumes, reflecting strong participation and growing investor confidence. If the stock manages to sustain above the Rs 5,800 level, it could pave the way for further upside, potentially leading to new lifetime highs. Such price action would confirm the continuation of the prevailing bullish trend. The Relative Strength Index (RSI) stands at 66.14, trending strongly upwards, highlighting strengthening momentum and buying interest. Additionally, the stock is comfortably holding above all its key moving averages — short-term, medium-term, and long-term EMAs — underlining its strong underlying trend. Strategy: Buy Target: Rs 6,350 Stop-Loss: Rs 5,475 HDFC Life Insurance Company | CMP: Rs 788.75  HDFC Life Insurance remains in a long-term uptrend, consistently forming higher highs and higher lows over the past few months. Recently, after hitting a record high, the stock witnessed a healthy retracement toward its demand zone. From this support area, it has staged a reversal, also forming a Double Bottom pattern on the daily timeframe — a classic bullish reversal formation. If the stock manages to sustain above the Rs 800 mark, it could further extend its bullish trajectory and head higher toward the Rs 875 level. Such a move would reinforce the prevailing trend and signal renewed buying momentum. The RSI stands at 65.46 and is trending upwards, highlighting strong positive momentum. Furthermore, the stock has reversed from its demand zone and has reclaimed both its short-term and medium-term EMAs, signaling a revival of buying interest. From a price action standpoint, the formation of a Double Bottom coupled with a rebound from key support levels suggests that buyers are firmly regaining control. Strategy: Buy Target: Rs 875 Stop-Loss: Rs 745 State Bank of India | CMP: Rs 826.55  SBI has witnessed a bounce from lower levels after a period of range-bound movement. Recently, the stock has been trading within a parallel channel, indicating a phase of consolidation with defined support and resistance levels. Taking support from the lower boundary of this channel, the stock is now showing early signs of a potential reversal. A sustainable move above the Rs 840 mark could act as confirmation of this reversal, paving the way for further upside in the near term. Such a breakout would signal renewed bullish momentum and open the door for a move toward higher targets. The RSI is at 62.71, trending upwards, indicating improving strength in the underlying trend. Additionally, SBI has taken support from its long-term EMA and has successfully moved above both its short-term and medium-term EMAs, highlighting a strengthening technical structure. From a price action perspective, the channel support and EMA alignment suggest that buyers are gradually regaining control, with the current zone offering a favourable risk-reward setup. Strategy: Buy Target: Rs 910 Stop-Loss: Rs 785 Om Mehra, Technical Research Analyst, SAMCO Securities Aditya Birla Capital | CMP: Rs 273  Aditya Birla Capital has rebounded from the 50-day SMA, while the 20-day SMA and the 9-DEMA are providing layered support beneath the current price. The recent candles reflect a higher high formation after the early August low, signalling a steady recovery. The RSI has improved to 55 from the neutral zone, indicating strengthening momentum. The MACD has crossed above the zero line, with the histogram turning positive, supporting the emerging bullish tone. There has been a decent rise in delivery-based participation, highlighting that the trend continuation is likely to remain intact. The price is now positioned above multiple moving averages, creating a strong base for a short-term pullback. Strategy: Buy Target: Rs 286 Stop-Loss: Rs 266 Endurance Technologies | CMP: Rs 2,602.20  Endurance Technologies has moved above the mid-Bollinger band, signalling the early stages of a recovery phase after consolidation. The stock displays a higher lows formation, with multiple moving average supports clustering near the Rs 2,550–2,570 zone. The RSI has improved to 52 from the mid-40 levels, indicating a pickup in momentum. The MACD is turning higher toward a potential bullish crossover, and the histogram is printing green bars. The weekly candle has a follow-up green close, hinting at the potential for expansion on the higher side. A notable rise in volumes on up-days further validates accumulation at current levels. The overall setup suggests a continuation if the stock sustains above immediate supports. Strategy: Buy Target: Rs 2,740 Stop-Loss: Rs 2,530 GMR Airports | CMP: Rs 90.77  GMR Airports has registered a strong bounce from the lower boundary of a falling channel. The recovery has pushed the price back above the 9-day and 20-day SMAs, with the daily SuperTrend also providing underlying support. The stock displays a cup-and-handle pattern, providing additional confirmation of a bullish setup. The RSI has improved to 53 from the neutral zone, suggesting strengthening momentum. The MACD is edging toward a potential bullish crossover. The stock’s recent rebound also aligns with the neckline zone of a prior cup formation, adding strength. The volume trend shows steady participation alongside the price rise, strengthening the setup. Any short-term pullback toward the Rs 89.50 zone would offer a better range entry. Strategy: Buy Target: Rs 94.50 Stop-Loss: Rs 88.30"
12 Aug 2025,"Trade Spotlight: How should you trade Paytm, Indian Bank, InterGlobe Aviation, Larsen & Toubro, Transrail Lighting, Fortis Healthcare, and others on August 12?",https://www.moneycontrol.com/news/business/markets/trade-spotlight-how-should-you-trade-paytm-indian-bank-interglobe-aviation-larsen-toubro-transrail-lighting-fortis-healthcare-and-others-on-august-12-13439742.html,The market may remain consolidative and rangebound until it gives a strong close above all key moving averages. Below are some short-term trading ideas to consider.,Top Buy Ideas for August 12,"Equity benchmark indices bounced back with nearly one percent gains on August 11, but the market breadth was not very strong. About 1,479 shares advanced compared to 1,255 declining shares on the NSE. The market may remain consolidative and rangebound until it gives a strong close above all key moving averages. Below are some short-term trading ideas to consider: Mehul Kothari, Senior Technical Analyst at Anand Rathi HCL Technologies | CMP: Rs 1,488  HCL Technologies has witnessed a sharp correction of around 17 percent from its recent peak near Rs 1,752. Over the past 7–8 sessions, the stock has consistently held near the 0.618 retracement level, which also coincides with the gap formed on April 22–23, 2025. Notably, prices are trading well below the 100- and 200-day exponential moving averages, indicating the potential for a mean reversion. On the daily charts, the RSI is forming a complex “W” pattern below the oversold threshold of 30, while bullish divergence is visible on the hourly chart. These technical cues suggest a possible rebound. Traders may consider entering long positions in the Rs 1,490–1,450 zone. Strategy: Buy Target: Rs 1,600 Stop-Loss: Rs 1,400 Bharat Petroleum Corporation | CMP: Rs 321  BPCL has recently found strong support, aligning with multiple technical indicators. The price has rebounded from a key trendline, the 0.382 Fibonacci retracement level, and the 100-day exponential moving average (DEMA), all converging to reinforce this support zone. Additionally, the Relative Strength Index (RSI) has formed a hidden bullish divergence, indicating that underlying momentum is improving despite recent price weakness. This setup suggests a favourable risk-reward scenario for short-term traders. Traders may consider entering long positions in the Rs 322–318 zone. Strategy: Buy Target: Rs 350 Stop-Loss: Rs 300 Titan Company | CMP: Rs 3,467.9  Titan has found support at a confluence of crucial technical levels, raising the likelihood of a short-term recovery. The stock has rebounded from a falling trendline, the 0.50 Fibonacci retracement, and the combined backing of the 100-day and 200-day exponential moving averages (DEMA). This convergence of supports reflects strong buying interest in the current range. Additionally, the Relative Strength Index (RSI) has displayed a hidden bullish divergence, signalling underlying strength despite recent price weakness. Traders may consider entering long positions in the Rs 3,475–3,425 zone. Strategy: Buy Target: Rs 3,750 Stop-Loss: Rs 3,300 Jay Thakkar, Vice President & Head of Derivatives and Quant Research at ICICI Securities Indian Bank | CMP: Rs 674  Indian Bank has provided a breakout from a Rs 50 range and has managed to close above it as well. There has been long buildup in this stock, and with this breakout, long positions are likely to be added, which will provide support at lower levels. There has been significant Put addition from the Rs 630 to Rs 660 strikes, which is a good support range. Meanwhile, the Rs 670 and Rs 680 strikes have a huge Call base, so above those levels, further upward momentum is expected. The stock is trading well above its 20-day VWAP (volume-weighted average price) as well as its maximum pain level, thus confirming an upward breakout. Buy Indian Bank Futures in the range of Rs 680–675. Strategy: Buy Target: Rs 700, Rs 725 Stop-Loss: Rs 659 InterGlobe Aviation | CMP: Rs 5,878.5  IndiGo has been consolidating in the range of Rs 5,900 to Rs 5,700 levels, and the stock has been witnessing long buildup, so the breakout is likely to be on the upside. There has been Call unwinding on the lower side, while Put additions have been observed from Rs 5,500 to Rs 5,900 levels. Hence, these levels will act as crucial support. However, Rs 5,900 and Rs 6,000 levels have a significant Call base as well, so a clear breakout will only occur above those levels. Since the stock is trading with a positive bias, the breakout is likely to be on the upside. Buy IndiGo Futures in the range of Rs 5,855 to Rs 5,870. Strategy: Buy Target: Rs 6,050, Rs 6,150 Stop-Loss: Rs 5,750 Larsen & Toubro | CMP: Rs 3,668.4  Larsen & Toubro has reversed in the upward direction with a gap post its results. Overall, there has been long buildup in the stock; hence, the medium-term trend is positive. There was some correction due to long unwinding; however, post-results and following some fresh order confirmations, the stock has reversed and turned momentum upward. The stock was consolidating in a narrow range; however, a breakout has occurred, and further long buildup is expected. As per the options data, the Rs 3,700 strike has a huge Call base, so above those levels, further momentum is expected. The stock is trading well above its 20-day VWAP and maximum pain level, hence there is good support on the lower side, making the risk-to-reward ratio favourable for long positions. Buy Larsen & Toubro in the range of Rs 3,665 to Rs 3,675. Strategy: Buy Target: Rs 3,770, Rs 3,820 Stop-Loss: Rs 3,690 Vidnyan S Sawant, Head of Research at GEPL Capital Transrail Lighting | CMP: Rs 798.9  Transrail Lighting is displaying a constructive price structure, consistently forming higher highs and higher lows, reflecting sustained buying interest and positive market sentiment. On the weekly chart, the stock has witnessed a bullish polarity shift, where previous resistance levels have turned into support — a sign of strengthening trend conviction. Additionally, it continues to trade well above its 12- and 26-week EMA levels — a technical setup that typically signals strong medium-term momentum. Strategy: Buy Target: Rs 918 Stop-Loss: Rs 750 Fortis Healthcare | CMP: Rs 920.65  Fortis has shown remarkable resilience and strength, outperforming the broader market even during phases of overall weakness. The stock is trading well above its 12-, 26-, and 50-week EMAs, a technical configuration that underscores the stability and strength of its prevailing uptrend. Currently at lifetime highs, it sustains a robust higher-high, higher-low formation — a classic hallmark of a bullish price structure. The MACD indicator remains in positive territory with an upward slope, further validating the presence of strong bullish momentum. Strategy: Buy Target: Rs 1,031 Stop-Loss: Rs 874 One 97 Communications | CMP: Rs 1,122  Paytm is exhibiting a robust positive price structure on the weekly chart, maintaining a pattern of higher highs and higher lows. On the daily timeframe, the stock has staged a bullish mean reversion from the 12-day EMA, supported by a notable rise in volumes above the 20-day average. It continues to hold firmly above the 5-, 12-, and 26-week EMAs, underscoring the strength of its underlying trend. The MACD remains in buy mode, indicating sustained bullish momentum and the potential for further upside. Strategy: Buy Target: Rs 1,232 Stop-Loss: Rs 1,075 GMDC | CMP: Rs 418.3  Gujarat Mineral Development Corporation is exhibiting a bullish polarity shift, with the previous resistance levels of November and December 2024 now serving as strong support in July and August 2025. The weekly chart shows a steady pattern of higher highs and higher lows, reflecting a firmly established uptrend backed by consistent institutional participation. The stock trades comfortably above its 5-, 12-, 25-, and 50-week EMAs, underscoring the strength of the prevailing trend and limiting downside risk. Additionally, the MACD’s sustained position in positive territory reinforces the bullish outlook, suggesting that any pullbacks are likely to invite fresh buying interest. Strategy: Buy Target: Rs 472 Stop-Loss: Rs 397"
08 Aug 2025,Buy Titan Company; target of Rs 4150: Motilal Oswal,https://www.moneycontrol.com/news/business/earnings/buy-titan-company-target-of-rs-4150-motilal-oswal-13423068.html,"Motilal Oswal is bullish on Titan Company has recommended buy rating on the stock with a target price of Rs 4150 in its research report dated August 08, 2025.",BUY,"Motilal Oswal's research report on Titan Company Titan Company (TTAN) posted consolidated sales growth of 25% YoY in 1QFY26. Standalone jewelry sales (excl. bullion) rose 17% YoY, driven by an increase in ticket size (16% YoY) due to rising gold prices. Studded jewelry grew 11% YoY, and the mix declined 100bp YoY to 29%. Net jewelry store additions stood at 19 in 1Q, bringing the total count to 1,110. Standalone jewelry LFL growth was 11%, and CaratLane posted a robust 39% YoY growth. The company is expected to face a high base effect in 2QFY26 due to the impact of last year’s customs duty reduction and the benefits from deferred purchases. As a result, despite healthy demand, the strong base may weigh on reported growth. Outlook We model a CAGR of 16%/19%/23% in revenue/EBITDA/PAT during FY25-27E. TTAN’s valuation is rich, but it offers a long runway for growth with a superior execution track record. Reiterate BUY with a TP of INR4,150 (60x Jun’27 P/E). For all recommendations report, click here Titan Company_08082025_Motilal Oswal"
08 Aug 2025,Buy Titan Company; target of Rs 3901: Prabhudas Lilladher,https://www.moneycontrol.com/news/business/stocks/buy-titan-company-target-of-rs-3901-prabhudas-lilladher-13422067.html,"Prabhudas Lilladher is bullish on Titan Company has recommended buy rating on the stock with a target price of Rs 3901 in its research report dated August 07, 2025.",Buy,"Prabhudas Lilladher's research report on Titan Company TTAN reported a robust 1Q led by 400bps positive impact of revaluation in watch business EBIT margin and 50bps positive impact of MTM gain from hedging in jewellery business. However, we remain cautious in near term given 1) rising inventory costs due to higher gold prices (Rs75bn increase in FY25) will result in higher interest burden in coming quarters as store openings accelerate in an environment of rising gold prices. 2) Demand outlook remains hazy as gold prices remain at all time high levels and 3) recent tariff led geopolitical uncertainty can add to demand pressures. TTAN’s long term outlook remains positive given 1) sustained focus on improving product mix to enable maintain current margin levels and strong new buyer growth 2) change in focus on light weight jewellery (9k and 14k) to cater to sub Rs50,000 consumer which is likely to drive value growth and 3) Watch business to continue see strong momentum in medium to long term led by unique designs and innovations. Outlook We estimate 27.5% PAT CAGR over FY25-27. We assign an SOTP based target price of Rs3901 (Rs3830 earlier). Retain Buy. For all recommendations report, click here Titan Company - 08082025 - prabhu"
08 Aug 2025,"Bear run on D-Street: Sensex falls 550 pts, Nifty slips below 24,450 on tariff worries; 11 out of 13 sectors in red",https://www.moneycontrol.com/news/business/markets/bear-run-on-d-street-sensex-falls-500-pts-nifty-slips-below-24-450-on-tariff-worries-11-out-of-13-sectors-in-red-13421762.html,"Eleven of the 13 major sectoral indices were in the red. The Nifty Metal index was the biggest laggard, down 1.64 percent","Sensex, Nifty see profit-booking in August 8 trading session. ","The equity benchmarks Sensex and Nifty fell nearly 1 percent in afternoon trade on Friday, tracking heavy selling in metal, realty, pharma and IT stocks amid concerns over trade tensions between India and the US. Selling pressure intensified after US President Donald Trump said there would be no trade talks with India until a tariff dispute was resolved, reported ANI. His administration has imposed an additional 25 percent tariff on Indian imports, taking the total to 50 percent, citing New Delhi’s continued oil imports from Russia. At 12:10 pm, the Sensex was down 585.52 points or 0.73 percent at 80,037.74. The broader Nifty fell 180.50 points or 0.73 percent to 24,415.65. Titan Company, NTPC and Trent were among the major gainers, rising up to 2 percent, while Adani Enterprises and Bharti Airtel declined more than 3 percent. Stock Market LIVE Updates Market breadth was negative with 1,834 stocks declining, 1,582 advancing and 120 remaining unchanged. Eleven of the 13 major sectoral indices were in the red. The Nifty Metal index was the biggest laggard, down 1.64 percent, followed by the realty index which slipped over 1 percent. The pharma index dropped up to 0.8 percent, while IT stocks with significant US exposure fell 0.64 percent. Auto shares also traded lower. The Nifty Midcap100 index slipped 1 percent, while the Nifty Smallcap100 was down 0.6 percent. ""Yesterday’s sharp 250-point recovery from the low level in Nifty was caused by short covering triggered by strong buying by domestic institutional investors (DIIs) of Rs 10,864 crore. In the present context of negative sentiments in the market caused by the tariff skirmishes between India and the US, foreign institutional investors (FIIs) are likely to continue selling in the cash market. The only saving grace is the sustained DII buying, which remains strong,"" said V K Vijayakumar, Chief Investment Strategist, Geojit Financial Services. Meanwhile, the volatility index rose over 1 percent to 11.84, indicating heightened investor caution."
08 Aug 2025,"Titan shares surge 2%, top Nifty gainer as brokerages remain bullish on strong Q1 results",https://www.moneycontrol.com/news/business/markets/titan-shares-surge-2-top-nifty-gainer-as-brokerages-remain-bullish-on-strong-q1-results-13421545.html,"Titan share price: The company posted a stellar Q1FY26 performance, with profit up 52.5 percent year-on-year and revenue surging 24.6 percent. Strong jewellery and watches sales, coupled with margin expansion, prompted several brokerages to raise their target prices.",Titan’s Q1 results sparkle; brokerages stay bullish on growth outlook,"Titan shares climbed 2 percent to Rs 3,478 apiece on August 8 after the company delivered a strong set of April–June quarter (Q1FY26) numbers, beating analyst estimates across all parameters. Brokerages were quick to turn optimistic. CLSA maintained an “outperform” rating with a target price of Rs 4,394 per share, noting its confidence in management’s jewellery EBIT margin guidance of 11 to 11.5 percent for FY26. Jefferies retained a “buy” rating and lifted its target price to Rs 3,800 per share, citing robust growth in both jewellery and watches, along with healthy margin expansion in the June quarter. Catch all the market action on our LIVE blog Prabhudas Lilladher also maintained its “buy” call, setting a target price of Rs 3,901 per share. The brokerage remains upbeat on the company’s long-term outlook, pointing to its efforts to enhance product mix, the strategic shift towards lightweight jewellery, and a strong medium-term growth runway led by innovative designs. Citi, however, struck a more cautious tone, assigning a “neutral” rating with a target price of Rs 3,900 per share. While acknowledging Titan’s near-term growth potential relative to other discretionary categories, the brokerage flagged medium-term margin risks from intense competition, high gold prices, and an unfavourable product mix. In Q1FY26, Titan’s consolidated net profit surged 52.5 percent year-on-year to Rs 1,091 crore, while revenue jumped 24.6 percent to Rs 16,523 crore. Operating profit (EBITDA) rose 46.7 percent to Rs 1,830 crore from Rs 1,247 crore a year earlier. EBITDA margin improved to 11.1 percent from 9.4 percent, surpassing expectations of 10.6 percent. The jewellery division, Titan’s biggest revenue generator, posted a 19 percent year-on-year growth (excluding bullion and digi-gold sales) despite persistently high gold prices. The watches and wearables segment logged one of its best quarters ever, with revenue up 24 percent to Rs 1,273 crore. The EyeCare business grew 13 percent year-on-year to Rs 238 crore, delivering an EBIT of Rs 20 crore with an 8.4 percent margin. Meanwhile, Titan Engineering & Automation reported a 56 percent jump in income to Rs 307 crore. Within this, Automation Solutions grew 82 percent, while Manufacturing Services expanded 16 percent, buoyed by strong demand from the aerospace sector."
08 Aug 2025,"Sensex declines nearly 500 pts, Nifty below 24,450 on tariff worries; IT, pharma among top sectoral losers",https://www.moneycontrol.com/news/business/markets/sensex-nifty-decline-in-early-trade-on-tariff-worries-it-auto-among-top-sectoral-losers-13421032.html,"IT stocks, with significant exposure to the US markets, declined 0.6 percent, while the pharma index was down 0.7 percent. Metal, realty and auto shares are also trading lower","Sensex, Nifty decline in August 8 trade. ","The equity benchmark indices Sensex and Nifty declined 0.6 percent each in morning trade on August 8 amid selling pressure in IT and pharma counters after US President Donald Trump announced an additional 25% tariff on Indian goods. At 10:11 am, the Sensex was down 459.14 points or 0.57 percent at 80,164.12, and the Nifty was down 139.80 points or 0.57 percent at 24,456.35. About 1,450 shares advanced, 1,707 shares declined, and 135 shares were unchanged. Out of 16 major sectoral indices, half traded in the red. The Nifty Smallcap100 and Nifty Midcap100 indices slipped up to 0.7 percent. IT stocks, with significant exposure to the US markets, declined 0.6 percent, while the pharma index was down 0.7 percent. Metal, realty and auto shares also traded lower. Stock Market LIVE Updates From the Sensex firms, Bharti Airtel, Infosys, Bharat Electronics, Eternal, Axis Bank and HDFC Bank were among the laggards. However, Titan, Bajaj Finance, NTPC and Bajaj Finserv were among the gainers. Market breadth was flat, with 1,520 stocks advancing, 1,483 declining and 140 remaining unchanged. On Thursday, Sensex and Nifty had dropped nearly 1 percent each during the session after US President Donald Trump announced an additional 25 percent tariff on Indian goods, taking the total to 50 percent, citing New Delhi’s oil trade with Moscow. The indices later recovered after a Kremlin aide confirmed an upcoming meeting between Trump and Russian President Vladimir Putin, which analysts said could potentially ease geopolitical tensions and trade-related pressure on countries importing Russian oil. ""Yesterday’s sharp 250 point recovery from the low level in Nifty was caused by short covering triggered by the strong buying by DIIs of Rs 10,864 crore. In the present context of negative sentiments in the market caused by the tariff skirmishes between India and the US, FIIs are likely to continue selling in the cash market. The only saving grace is the sustained DII buying, which remains strong,"" VK Vijayakumar, Chief Investment Strategist, Geojit Investments Limited, said. Anand James, Chief Market Strategist at Geojit Investments added, ""With 88% of Nifty 500 stocks bouncing atleast 1% off the day's lows, a broad based recovery is in sight. That Nifty paused not far the key pivot of 24590 is a sign of a measured upside move, which has the potential to evolve into a stronger push. But, we will begin with a limited upside view of 24670-717, with an intention to play larger upside aiming 24850-25000. Downside marker may be placed near 24548."""
08 Aug 2025,"Stocks to Watch Today: Titan, Bharti Airtel, Biocon, Cummins, BSE, LIC, KRBL, Metropolis, Kalpataru Projects, Godrej Consumer, Kalyan Jewellers, AU SFB in focus on 8 August",https://www.moneycontrol.com/news/business/markets/stocks-to-watch-today-titan-bharti-airtel-biocon-cummins-bse-lic-krbl-metropolis-kalpataru-projects-godrej-consumer-kalyan-jewellers-au-sfb-in-focus-on-8-august-13419699.html,"Stocks to Watch, 8 August: Stocks like Titan Company, Bharti Airtel, Biocon, Cummins India, BSE, Life Insurance Corporation, KRBL, Metropolis Healthcare, Kalpataru Projects International, Godrej Consumer Products, Kalyan Jewellers, and CE Info Systems will be in focus on August 8.","Stocks to Watch Today, 8 August","Let's catch up on the latest news from the stock market. From significant investments to major deals, quarterly earnings, new listings and stake sale, here’s a quick look at which stocks will be in focus in today's trade: Results Today State Bank of India, Tata Motors, Grasim Industries, Siemens, Afcons Infrastructure, Bombay Dyeing & Manufacturing Company, DOMS Industries, Equitas Small Finance Bank, ESAF Small Finance Bank, Gandhar Oil Refinery, Lemon Tree Hotels, Manappuram Finance, Info Edge (India), Apeejay Surrendra Park Hotels, PG Electroplast, TVS Supply Chain Solutions, Voltas, and Wockhardt will announce their quarterly earnings on August 8 Quarterly Earnings Titan Company Q1 (Consolidated YoY) Profit zooms 52.6% to Rs 1,091 crore Vs Rs 715 crore Revenue grows 24.6% to Rs 16,523 crore Vs Rs 13,266 crore Life Insurance Corporation of India Q1 (Consolidated YoY) Profit rises 3.9% to Rs 10,957 crore Vs Rs 10,544.3 crore Net premium income increases 4.7% to Rs 1,19,618.4 crore Vs Rs 1,14,230.2 crore Net commission falls 2.8% to Rs 4,975 crore Vs Rs 5,117.3 crore Total annual premium equivalent (APE) jumps 9.45% to Rs 12,652 crore Vs Rs 11,560 crore Retail APE grows 4.65% to Rs 7,061 crore Vs Rs 6,747 crore Value of new business (VNB) soars 20.75% to Rs 1,944 crore Vs Rs 1,610 crore VNB margin expands to 15.4% Vs 13.9% Biocon Q1 (Consolidated YoY) Profit plunges 95.2% to Rs 31.4 crore Vs Rs 659.7 crore Revenue grows 14.8% to Rs 3,941.9 crore Vs Rs 3,432.9 crore Other income falls sharply to Rs 79.7 crore Vs Rs 1,134.5 crore Company to acquire 26% stake in Pro-zeal Green Power Sixteen for purchase of solar power from captive off-site solar energy power plant General Insurance Corporation of India Q1 (Consolidated (YoY) Profit zooms 80.7% to Rs 2,530.6 crore Vs Rs 1,400.7 crore Net premium income jumps 11.6% to Rs 11,274 crore Vs Rs 10,097.6 crore Net commission falls 14.6% to Rs 1,879.5 crore Vs Rs 2,201.6 crore Cummins India Q1 (Standalone YoY) Profit soars 40.4% to Rs 589.3 crore Vs Rs 419.8 crore Revenue grows 26.2% to Rs 2,906.8 crore Vs Rs 2,304.2 crore BSE Q1 (Consolidated YoY) Profit surges 103.5% to Rs 539.4 crore Vs Rs 265 crore Revenue spikes 59.2% to Rs 958.4 crore Vs Rs 601.9 crore Hindustan Petroleum Corporation (Consolidated YoY) Profit zooms 548.5% to Rs 4,110.9 crore Vs Rs 633.9 crore Revenue falls 2.7% to Rs 1.1 lakh crore Vs Rs 1.14 lakh crore KRBL Q1 (Consolidated YoY) Profit jumps 74% to Rs 150.6 crore Vs Rs 86.6 crore Revenue grows 32.1% to Rs 1,584.4 crore Vs Rs 1,199.2 crore Schneider Electric Infrastructure Q1 (YoY) Profit drops 14.9% to Rs 41.2 crore Vs Rs 48.5 crore Revenue rises 4.8% to Rs 621.6 crore Vs Rs 592.9 crore Linde India Q1 (Consolidated YoY) Profit falls 5.7% to Rs 107.2 crore Vs Rs 113.7 crore Revenue declines 12.6% to Rs 571.1 crore Vs Rs 653.2 crore Metropolis Healthcare Q1 (Consolidated YoY) Profit jumps 18.7% to Rs 45.1 crore Vs Rs 37.9 crore Revenue grows 23.2% to Rs 386.1 crore Vs Rs 313.4 crore Gujarat State Fertilizers & Chemicals Q1 (Consolidated YoY) Profit soars 58.7% to Rs 138.6 crore Vs Rs 87.3 crore Revenue rises 1% to Rs 2,184.4 crore Vs Rs 2,162.5 crore Sun TV Network Q1 (Consolidated YoY) Profit falls 5.4% to Rs 529.1 crore Vs Rs 559.3 crore Revenue declines 1.8% to Rs 1,290.3 crore Vs Rs 1,313.6 crore Global Health Q1 (Consolidated YoY) Profit zooms 49.6% to Rs 159 crore Vs Rs 106.3 crore Revenue increases 19.7% to Rs 1,030.8 crore Vs Rs 861.1 crore Medi Assist Healthcare Services Q1 (Consolidated YoY) Profit grows 19% to Rs 22.4 crore Vs Rs 18.8 crore Revenue jumps 13.6% to Rs 190.6 crore Vs Rs 167.7 crore GMM Pfaudler Q1 (Consolidated YoY) Profit tanks 52% to Rs 11.2 crore Vs Rs 23.2 crore Revenue rises 1.2% to Rs 794.6 crore Vs Rs 785.2 crore Kalpataru Projects International Q1 (Consolidated YoY) Profit spikes 154.4% to Rs 213.6 crore Vs Rs 84 crore Revenue zooms 34.5% to Rs 6,171.2 crore Vs Rs 4,586.6 crore Crompton Greaves Consumer Electricals Q1 (Consolidated YoY) Profit declines 19.4% to Rs 122.3 crore Vs Rs 151.7 crore Revenue drops 6.5% to Rs 1,998.3 crore Vs Rs 2,137.7 crore Godrej Consumer Products Q1 (Consolidated YoY) Profit increases 0.4% to Rs 452.5 crore Vs Rs 450.7 crore Revenue jumps 9.9% to Rs 3,661.9 crore Vs Rs 3,331.6 crore Kalyan Jewellers Q1 (Consolidated YoY) Profit zooms 48.7% to Rs 264.1 crore Vs Rs 177.6 crore Revenue grows 31.5% to Rs 7,268.5 crore Vs Rs 5,527.8 crore CE Info Systems Q1 (Consolidated YoY) Profit jumps 28.7% to Rs 46.1 crore Vs Rs 35.8 crore Revenue increases 19.8% to Rs 121.6 crore Vs Rs 101.5 crore PTC India Q1 (Consolidated YoY) Profit grows 44.2% to Rs 195 crore Vs Rs 135.2 crore Revenue falls 12% to Rs 4,009.2 crore Vs Rs 4,554.7 crore Data Patterns Q1 (YoY) Profit drops 22.2% to Rs 25.5 crore Vs Rs 32.8 crore Revenue declines 4.6% to Rs 99.3 crore Vs Rs 104.1 crore Indigo Paints Q1 (Consolidated YoY) Profit dips 2.2% to Rs 26 crore Vs Rs 26.6 crore Revenue drops 0.7% to Rs 308.9 crore Vs Rs 311 crore Ramco Cements Q1 (Consolidated YoY) Profit jumps 131.2% to Rs 84.6 crore Vs Rs 36.6 crore Revenue slips 0.9% to Rs 2,074 crore Vs Rs 2,093.6 crore Apollo Tyres Q1 (Consolidated YoY) Profit tanks 95.7% to Rs 12.9 crore Vs Rs 302 crore Revenue rises 3.6% to Rs 6,560.8 crore Vs Rs 6,334.9 crore Exceptional loss at Rs 370.2 crore Vs loss at Rs 40.4 crore NLC India Q1 (Consolidated YoY) Profit zooms 42.6% to Rs 797.6 crore Vs Rs 559.4 crore Revenue grows 13.2% to Rs 3,825.6 crore Vs Rs 3,378.2 crore Stocks to Watch Bharti Airtel Promoter entity Indian Continent Investment is likely to sell a 0.8% equity stake in the company via a block deal, reports CNBC-TV18, quoting sources. The block size is expected to be around Rs 9,310 crore, and the floor price for the deal is likely set at Rs 1,862 per share. AU Small Finance Bank AU Small Finance Bank has received in-principle approval from the Reserve Bank of India (RBI) for its transition from a small finance bank to a universal bank. Zydus Lifesciences The company has received a Notice of Compliance (NOC) from Health Canada for its ZDS-Varenicline tablets (0.5 mg and 1 mg). This marks the group’s first NOC approval in Canada. Varenicline is used as an aid for smoking cessation. Piramal Pharma The company has informed exchanges about a fire incident at a third-party warehouse in Telangana, which also housed certain inventory belonging to the company, on August 6. The fire is largely under control, and the cause of the fire is under investigation. The value of inventory affected by the incident is currently estimated at Rs 45 crore. Bulk Deals Eternal Alibaba-backed Antfin Singapore Holding Pte has sold 14.13 crore shares (1.46% stake) in Eternal, the parent firm of Zomato, at Rs 289.91 per share, amounting to a total transaction value of Rs 4,096.7 crore. Antfin had held a 1.95% stake in Eternal as of June 2025. Kotak Mahindra Bank Oppenheimer Funds Inc, through its Oppenheimer Developing Markets Fund, has sold 1.03 crore shares (0.52% stake) in Kotak Mahindra Bank at a price of Rs 1,965.2 per share, totaling approximately Rs 2,035.4 crore. Zinka Logistics Solutions Ithan Creek Master Investors (Cayman) LPF has sold 9.9 lakh shares (0.55% stake) in Zinka Logistics Solutions at Rs 540.54 per share, valued at Rs 53.67 crore. As of June 2025, Ithan Creek held a 1.3% stake in Zinka. SME Listing on August 8 Flysbs Aviation Stocks Trade Ex-Dividend Hindalco IndustriesABB IndiaAlkem LaboratoriesAurobindo PharmaComputer Age Management ServicesCeatDelta CorpIndian Oil CorporationJtekt IndiaKronox Lab SciencesMankind PharmaMatrimony.comMulti Commodity Exchange of IndiaFlair Writing IndustriesAlldigi TechGujarat ContainersGujarat HotelsIndo Thai SecuritiesOriental AromaticsParas Defence and Space TechnologiesPremco GlobalQuess CorpShilchar TechnologiesShradha AI TechnologiesSonata SoftwareSteelcastVarroc EngineeringVishnu ChemicalsVoith Paper Fabrics IndiaWonderla HolidaysZF Commercial Vehicle Control Systems India Stock Trades Ex-Date for Bonus Nestle India Stock Trades Ex-Date for Income Distribution (InvIT) POWERGRID Infrastructure Investment TrustAnzen India Energy Yield Plus Trust Stock in F&O Ban PNB Housing Finance"
07 Aug 2025,"Titan Q1 results: Net profit rises 34% to Rs 1,030 crore, beats estimates",https://www.moneycontrol.com/news/business/earnings/titan-q1-results-net-profit-rises-34-to-rs-1-030-crore-beats-estimates-13416496.html,"Titan Q1 results: Revenue rises 21% to Rs 14,564 crore","Titan Q1 results: Net profit rises 34% to Rs 1,030 crore, beats estimates","Jeweller and watchmaker Titan Company Ltd on August 7 reported 34% increase in standalone net profit at Rs 1,030 crore for the quarter ended June 30, 2025. The firm reported standalone net profit of Rs 770 crore in the year-ago period. The firm's bottom line exceeded estimates as a Moneycontrol poll of five brokerages pegged it at Rs 893 crore. The firm's standalone revenue rose 21% to Rs 14,564 crore in Q1FY26 as against Rs 12,053 crore a year ago. On August 7, Titan Company Ltd's shares on BSE closed 0.5% lower at Rs 3,402 apiece. Titan is home to Tanishq and CaratLane brands. CK Venkataraman, Managing Director, said: ""QlFY26 has been an encouraging start to the fiscal year with 21% consolidated revenue growth, demonstrating the strength of our diversified business model. Our Jewellery business continues to show remarkable resilience despite headwinds from elevated gold prices. Consumer confidence in gold as both adornment and store of value remains intact, supporting our market leadership position. Watches delivered one of its best-ever quarters, achieving exceptional performance in both revenue growth and margins. This validates our premiumization strategy and the strong consumer connect our brands have established. ""EyeCare has been clocking three quarters of double-digit growth, and we are confident of accelerating this momentum in the coming quarters as we expand our reach and enhance our product offerings. Our Emerging brands of SKINN, IRTH and Taneira have made substantial progress in optimizing their business mix and are well-positioned to capture greater market share. Our international operations continue to deliver strong growth, opening new avenues for expansion. We remain optimistic about our growth trajectory and our ability to create long-term value across all business segments."" Business Performance: Jewellery: Total Income for the quarter grew 19% over Q1FY25 to Rs 12,797 crore. The lndia business of Tanishq, Mia and Zoya (together) grew 18% to Rs 11,217 crores and CaratLane clocked a strong 39% growth to Rs 1,026 crore in the same period. The International jewellery business grew 49% over Q1FY25 to Rs 554 crore demonstrating strong growth momentum. The Jewellery portfolio (together) recorded an EBIT at Rs 1,408 crore for the quarter at a margin of 11%. ""High gold prices and challenging market conditions saw customers gravitate toward gold purchases driving better growths in gold jewellery and coins, vis-a-vis studded. Ticket size improvement largely offset the impact of elevated gold prices on customer traffic in the quarter. CaratLane's targeted gold coin promotion saw excellent consumer response driving healthy customer acquisition. The International Jewellery business clocked healthy double-digit growths in both UAE and North America regions achieving its first ever profitability,"" said the company in a stock exchange filing. Watches: The Tata group company said the watches business had an 'exceptional' quarter recording a growth of 24% over Q1FY25 achieving a Total Income of Rs 1,273 crore, EBIT came in at Rs 287 crore clocking 22.6% margin for Q1FY26. Eye Care: The Total Income of Rs 238 crore in Q1FY26 grew 13% over Q1FY25. Business recorded an EBIT of Rs 20 crore clocking a margin of 8.4% for the quarter. Driven by seasonal trends during the quarter, sunglasses growth significantly outpaced prescription products (lenses and frames). The Division added a new store in Sharjah, UAE during the quarter. In India, network optimisation continued with 20 store closures (net)."
06 Aug 2025,"Titan Q1 Preview: Soaring gold prices likely to impact demand, dent margins",https://www.moneycontrol.com/news/business/earnings/titan-q1-preview-soaring-gold-prices-likely-to-impact-demand-dent-margins-13402577.html,"According to a Moneycontrol poll, Titan Company is likely to report a 16 percent revenue growth at Rs 16,366 crore.",Titan Company Ltd,"Rakesh Jhunjhunwala’s biggest bet Titan Company is set to report its earnings for the first quarter of the fiscal year 2026 on August 7, 2025. The firm is likely to see healthy double-digit growth in watches, eyewear, and other businesses. According to a Moneycontrol poll of five brokerages, the CaratLane parent is likely to report a 16 percent revenue growth at Rs 15,366 crore. Net profit is likely to come in at Rs 893 crore, jumping 25 percent from Rs 715 crore in the corresponding quarter last year.  There is a serious divergence in the earnings estimates of different analysts polled by Moneycontrol as some analysts. The most optimistic estimate sees net profit rising 36.3 percent, while the most pessimistic estimate, rolled out by InCred Equities, sees profit rising 18.1 percent. What factors are impacting the earnings? Margins Kotak Institutional Equities estimated like-for-like recurring standalone jewelry EBIT margin to decline 40 bps YoY to 10.8 percent largely due to gold price increase and decline in studded share. The recent surge in gold metal loan interest rates is expected to have some impact at PAT-level. Segment Performance Titan Company will see an 18 percent growth in the jewellery segment and 23 percent growth in the watches segment. Eyecare and emerging business is expected to grow 12 percent/36 percent YoY respectively, noted InCred Equities. JM Financial said the overall standalone sales is expected to grow ~12 percent YoY (~21 percent ex-bullion) led by jewelry business growth at ~22 percent YoY, Watches at 16 percent and Eyewear at 15 percent. Low Demand In 1QFY26, gold prices surged ~30-35 percent YoY and ~15 percent  QoQ, breaching the Rs 1,00,000 mark (per 10gm) in the retail market, driven by ongoing geopolitical tensions. Motilal Oswal said, ""This sharp and rapid increase has led to consumer budget constraints, with many customers choosing to delay purchases in anticipation of a price correction or stabilization, leading to demand softness in 1QFY26."" Emkay Global noted its checks suggest that the growth trends in Q1 will see a moderation versus prevailing trends of 15-20 percent SSG across listed players. ""Our checks suggest a dip in customer growth/grammage per bill, led by significant gold price inflation and entry of new players in select pockets. With low footfalls at stores, the high-margin studded sales are also under pressure which otherwise see better traction in periods of rise in gold price,"" the brokerage added. What to look out for in the quarterly show? Analysts will closely monitor purchase trends in Q2 of the current year, with more wedding dates and festivals to boost demand. Additionally, they will also pay attention to gold prices since gold prices have been recording fresh highs."
29 Jul 2025,Buy Titan Company; target of Rs 3830: Prabhudas Lilladher,https://www.moneycontrol.com/news/business/stocks/buy-titan-company-target-of-rs-3830-prabhudas-lilladher-13337622.html,"Prabhudas Lilladher is bullish on Titan Company has recommended buy rating on the stock with a target price of Rs 3830 in its research report dated July 27, 2025.",buy,"Prabhudas Lilladher's research report on Titan Company The acquisition of Damas will enable TTAN to consolidate its presence in USD15bn GCC jewellery market with brands like Damas, Tanishq and Gaia. TTAN will be paying an EV of AED 1038mn, which will be funded through a debt of Rs12bn and small funding from reserves. Damas has debt of ~700mn AED and working capital is funded by gold metal loan. TTAN plans to close stores catering to Se Asian population with gold jewellery and convert many of these into Tanishq stores. 3 Graff stores (20% of sales) are not a part of this transaction while 110 signature stores will be scaled up. 2025 will be the year of re-structuring and the transaction will be EPS dilutive in CY26. It will be EPS neutral in CY27 and will be EPS accretive only in CY28. This acquisition provides Titan plans to leverage its expertise in sourcing, inventory management, and customer acquisition to drive backend and technological efficiencies which along with superior gross margin, and improved product mix will drive margins higher. Outlook At current sales of Rs26.3bn (ex of Graff), DAMAS EV/Sales multiple stands at 0.95x, which is in-line with most global retailers. We believe, Damas acquisition will add value over next 3-4 years and does not add any upside in the near to medium term. TTAN will continue to drive strong growth in domestic market given benign base and benefits of strong brand and distribution. We reiterate Buy on Titan with TP of Rs3830. For all recommendations report, click here Titan Company - 28072025 - prabhu"
28 Jul 2025,"Sensex settles nearly 600 pts lower, Nifty below 24,700: FII selling, rising India VIX among key factors behind market fall",https://www.moneycontrol.com/news/business/markets/sensex-down-300-pts-from-day-s-high-nifty-below-24-800-fii-selling-among-key-factors-behind-market-fall-13336580.html,"Sensex, Nifty declined as heavy selling in Kotak Mahindra Bank and weak trends in Asian markets weighed on the investor sentiments. ","Sensex, Nifty declined as heavy selling in Kotak Mahindra Bank and weak trends in Asian markets weighed on the investor sentiments. ","The equity benchmark indices Sensex and Nifty declined for the third day on Monday to drop nearly 1 percent amid heavy selling in Kotak Mahindra Bank, continued foreign fund outflows and weak trends in Asian markets. Sensex tanked 572.07 points or 0.70 percent to settle at 80,891.02. During the day, it slumped 686.65 points or 0.84 percent to 80,776.44. The Nifty declined 156.10 points or 0.63 percent to 24,680.90. Kotak Mahindra Bank, Bharat Electronics, Bharti Airtel, Titan and Apollo Hospitals Enterprise were among the major laggards, declining up to 7 percent intraday. Key factors behind Monday’s market fall: 1. Kotak Mahindra Bank drags: Shares of Kotak Mahindra Bank declined nearly 7 percent after the lender reported a consolidated net profit of Rs 4,472 crore for the June quarter. The bank flagged stress in its retail commercial vehicle portfolio due to unfavourable macroeconomic conditions. The profit in the same quarter last year was Rs 7,448 crore, which had included a one-time gain of over Rs 3,000 crore from a stake sale in its general insurance arm. The bank was the top loser in the Nifty Bank index, which was down up to 0.4 percent with eight of its constituents trading in the red. 2. FII selling pressure: Foreign Institutional Investors (FIIs) offloaded equities worth Rs 1,979.96 crore on Friday. The sustained FII selling adds pressure on domestic equities. Stock Market LIVE Updates According to VK Vijayakumar, Chief Investment Strategist at Geojit Financial Services, FII selling of Rs 13,552 crore in the cash market last week has added to the weakness in the market. 3. Weak Asian market cues: Asian markets were largely negative with South Korea’s Kospi, Japan’s Nikkei 225 and China’s Shanghai Composite Index trading in the red, weighing on investor sentiment back home. 4. Brent crude gains: Global oil benchmark Brent crude rose 0.29 percent to USD 68.64 per barrel. Higher crude prices raise input costs and inflationary pressures for oil-importing countries like India. 5. Selling in IT stocks: The Nifty IT index also witnessed pressure, with notable losses in Wipro, TCS, HCL Tech and Tech Mahindra. Vijayakumar added that the continued weakness in IT stocks is weighing on the broader market. TCS’s announcement of a 2 percent reduction in global workforce has also added to concerns. 6) Rising India Vix:  The volatility index, India VIX, rose nearly 7 percent to 12.07, indicating rising nervousness among traders. A spike in the VIX typically reflects heightened fear in the market and can lead to increased selling pressure. Technical View Anand James, Chief Market Strategist at Geojit Financial Services, said Nifty may find support around 24,450 and 24,000. He noted that the index could see some downside in the near term, with a potential rebound expected if it crosses above 24,922, which may trigger short-covering. In such a scenario, the index could test 25,324, although resistance near the 25,000 mark remains."
22 Jul 2025,Titan shares gain as firm announces acquisition of majority 67% stake in UAE-based Damas Jewellery,https://www.moneycontrol.com/news/business/markets/titan-shares-gain-as-firm-announces-acquisition-of-a-majority-67pc-stake-in-uae-based-damas-jewellery-13306755.html,The move will help the Tata group-managed firm to expand business in GCC countries.,tan shares gain on acquisition of a majority 67% stake in UAE-based Damas Jewellery. ,"Titan shares gained in July 22 trading session as the country's leading branded jewellery maker company announced to acquire a majority 67 percent stake in UAE-based Damas Jewellery in an all-cash deal. The move will help the Tata group-managed firm to expand business in GCC countries. Shares of Titan Company Ltd. surged nearly 1 percent higher at Rs 3,454.4 per share on the NSE, up 0.62 percent. Titan's wholly-owned subsidiary Titan Holdings International FZCO on Monday signed a definitive agreement with Mannai Corporation for the purchase of its 67 percent shareholding in Damas LLC (UAE), the current holding company for Damas jewellery business in GCC countries. ""The consideration for the proposed transaction is arrived on the basis of the enterprise value of AED 1,038 million (nearly Rs 2,438.56 crore),"" said a joint statement. Damas jewellery's rich brand legacy and strong presence in the GCC region align perfectly with Titan's vision. Damas, headquartered in Dubai, became a subsidiary of Mannai in 2012, and the time has come for investment in the next phase of its expansion in the region, said Grewal. Titan Company is a joint venture between the Tata Group and the Tamil Nadu Industrial Development Corporation (TIDCO). It had commenced its operations in 1987 under the name Titan Watches and later in 1994, Titan diversified into Jewellery (Tanishq) and subsequently into EyeCare. In FY'25, Titan's revenue from operations was at Rs 57,339 crore, in which its jewellery division contributed Rs 46,571 crore, which is over 81 percent. (PTI Inputs)"
22 Jul 2025,"Stocks to Watch Today: Titan, Bajaj Finance, PNB Housing, Oberoi Realty, Havells, 360 One WAM, Arisinfra, BL Kashyap, Afcons Infra in focus on 22 July",https://www.moneycontrol.com/news/business/markets/stocks-to-watch-today-titan-bajaj-finance-pnb-housing-oberoi-realty-havells-360-one-wam-arisinfra-bl-kashyap-afcons-infra-in-focus-on-22-july-13305515.html,"Stocks to Watch, 22 July: Stocks like Titan Company, Bajaj Finance, PNB Housing Finance, Oberoi Realty, Havells India, 360 One WAM, Arisinfra Solutions, BL Kashyap and Sons, Afcons Infrastructure, and Lemon Tree Hotels will be in focus on July 22.","Stocks to Watch Today, 22 July","Let's catch up on the latest news from the stock market. From significant investments to major deals, quarterly earnings, order wins, appointments and acquisitions, here’s a quick look at which stocks will be in focus in today's trade: Results Today One 97 Communications Paytm, Mahindra & Mahindra Financial Services, Colgate Palmolive, Dixon Technologies, JSW Infrastructure, CreditAccess Grameen, Blue Jet Healthcare, Cyient DLM, Dalmia Bharat, Kajaria Ceramics, KEI Industries, Mahanagar Gas, Schloss Bangalore (Leela Hotels), United Breweries, VST Industries, Welspun Specialty Solutions, and Zee Entertainment Enterprises will announce their quarterly earnings on July 22. Quarterly Earnings PNB Housing Finance Q1 (Consolidated YoY) Profit grows 23.3% to Rs 533.5 crore Vs Rs 432.8 crore Revenue increases 13.9% to Rs 2,076.1 crore Vs Rs 1,823 crore Net interest income jumps 16.7% to Rs 760 crore Vs Rs 651 crore Dhanlaxmi Bank Q1 (YoY) Profit stands at Rs 12.18 crore Vs loss of Rs 8 crore Net interest income jumps 39.3% to Rs 139.1 crore Vs Rs 99.9 crore Gross NPA rises to 3.22% Vs 2.98% (QoQ) Net NPA increases to 1.13% Vs 0.99% (QoQ) CIE Automotive India Q1 (Consolidated YoY) Profit falls 6.1% to Rs 203.5 crore Vs Rs 216.8 crore Revenue grows 3.3% to Rs 2,369 crore Vs Rs 2,292.7 crore Oberoi Realty Q1 (Consolidated YoY) Profit declines 28% to Rs 421.3 crore Vs Rs 584.5 crore Revenue drops 29.7% to Rs 987.6 crore Vs Rs 1,405.2 crore DCM Shriram Q1 (Consolidated YoY) Profit grows 13% to Rs 113.4 crore Vs Rs 100.3 crore Revenue increases 12.4% to Rs 3,455.2 crore Vs Rs 3,073 crore Havells India Q1 (Consolidated YoY) Profit falls 14.8% to Rs 347.7 crore Vs Rs 407.9 crore Revenue declines 6% to Rs 5,455.4 crore Vs Rs 5,806.2 crore Parag Milk Foods Q1 (Consolidated YoY) Profit rises 1% to Rs 27.6 crore Vs Rs 27.3 crore Revenue grows 12.3% to Rs 851.5 crore Vs Rs 757.9 crore Stocks to Watch Titan Company The company, through its wholly owned subsidiary Titan Holdings International FZCO, has entered into an agreement to acquire a 67% stake in Damas LLC (UAE), the current holding company for the Damas jewellery business in the GCC countries, from Mannai Corporation. The proposed transaction values Damas at an enterprise value of AED 1,038 million. Damas has a network presence of 146 stores across the six GCC countries. 360 ONE WAM BC Asia Investments X is likely to sell 1.5 crore shares, or 3.7% stake in 360 ONE WAM, according to CNBC-TV18 sources. The offer size may be valued at Rs 1,740 crore. As of June 2025, BC Asia Investments X held a 21.92% stake in the company. State Bank of India SBI has raised Rs 25,000 crore via the allotment of 30.6 crore shares to several qualified institutional buyers (including LIC, Societe Generale, HDFC Life Insurance, HDFC Mutual Fund, and Quant MF) at Rs 817 per share. Life Insurance Corporation (LIC) has increased its stake in State Bank of India from 9.21% to 9.49%. Arisinfra Solutions The company has received an order worth Rs 340 crore for the supply of ready-mix concrete (RMC), steel, cement, chemicals, plumbing, electrical, and finishing products for Transcon Group’s ongoing projects in Mumbai. Afcons Infrastructure Afcons Infrastructure has been declared the lowest bidder by HZ Infrastructure for the rehabilitation and construction of a railway line in Croatia. The contract is valued at Rs 6,800 crore. BL Kashyap and Sons The company has secured an order worth Rs 910 crore from BPTP for the construction of civil structures for residential towers, including associated non-tower areas and community buildings. Rajoo Engineers The Board has approved the allotment of 1.47 crore equity shares to several qualified institutional buyers (including Morgan Stanley, Rajasthan Global Securities, Moneywise Financial Services, and Dovetail India Fund) at Rs 109 per share, totaling Rs 160 crore. The QIP issue was opened on July 15 and closed on July 21. Bajaj Finance Anup Kumar Saha has resigned as the Managing Director of the company due to personal reasons. The board has re-designated Rajeev Jain as Vice Chairman and Managing Director of the company until March 31, 2028. Mahindra Logistics Shareholders have approved the appointment of Hemant Sikka as the Managing Director of the company, designated as Managing Director & Chief Executive Officer, for a period of five years, effective May 5, 2025. Lemon Tree Hotels The company has announced the opening of Keys Lite by Lemon Tree Hotels in Banswara, marking the 11th property of the group in Rajasthan. Stocks Trade Ex-Dividend Happy ForgingsStrides Pharma ScienceVoltamp TransformersHind RectifiersMenon PistonsSIL InvestmentsSiyaram Silk MillsWires & Fabriks SA Stock in F&O ban Bandhan BankRBL Bank Stocks out of F&O ban Angel OneHindustan Copper"
21 Jul 2025,Titan to buy 67% stake in Dubai-based jewellery firm Damas for $283 million,https://www.moneycontrol.com/news/business/markets/titan-to-buy-67-stake-in-dubai-based-jewellery-firm-damas-for-283-million-13304133.html,The move will boost the Tata group firm’s expansion plans in six Middle East nations,"Moreover, the company will have the right to acquire the remaining 33 percent shares after December 31, 2029, the firm said","Titan Company has entered into an agreement to acquire 67 percent stake in Dubai-based jewellery firm Damas for $283.2 million from Mannai Corporation, which is a Qatar-based company, a stock exchange filing said on July 21. The move will boost the Tata group firm’s expansion plans in six GCC countries- UAE, Saudi Arabia, Qatar, Oman, Kuwait and Bahrain, the stock filing said. As of today, Damas has 146 stores across the six GCC nations and houses in-house as well as international labels, the company statement said. ""With the Damas acquisition, Titan Company is stepping out from its diaspora focus into other nationalities and ethnicities. Damas is a prestigious brand revered in the GCC markets for its product innovation, quality and customer experience,"" said CK Venkataraman, managing director of Titan. ""The acquisition not only creates a significant new global opportunity for Titan, but also enhances Titan's overall position in the jewellery market in the GCC countries and brings in multiple synergy benefits in talent, retail networks and supply chain,"" he added. The stock of the company ended 0.74 percent higher at Rs 3,428 on NSE. The announcement of the deal came after the market hours. Moreover, the company will have the right to acquire the remaining 33 percent shares of Damas after December 31, 2029, the statement said. “The region is exhibiting robust economic growth creating a demand for differentiated, high quality offerings rooted in Arabian aesthetic and appealing to sophisticated clientele seeking unique, culturally resonant designs,” Titan said in a statement. Titan derives nearly 90 percent of its revenue from jewellery sales. The company has had a presence in the United Arab Emirates since October 2020 through its Tanishq jewellery stores, according to the company website. ""Mannai will continue to own a minority stake in Damas for the next 4 years as the growth plans forDamas are taken fonvard. It is intended that the proceeds of the sale transaction will be deployed by Mannai to strengthen its resources in support of further expansion of its core trade and IT servicesbusinesses in addition to reducing the group debt,"" said Alekh Grewal, group chief executive officer of Mannai Corporation. With Reuters inputs"
21 Jul 2025,Titan to Acquire 67% Stake in Damas Jewellery for GCC Expansion,https://www.moneycontrol.com/news/business/markets/titan-to-acquire-67-stake-in-damas-jewellery-for-gcc-expansion-alpha-article-13304066.html,Titan to Acquire 67% Stake in Damas Jewellery for GCC Expansion,,"Titan Company, through its wholly-owned subsidiary Titan Holdings International FZCO, has signed an agreement to acquire a 67% stake in Damas LLC (UAE), the holding company for Damas jewellery business in GCC countries, from Mannai Corporation QPSC. The acquisition is based on an enterprise value of AED 1,038 million and is aimed at expanding Titan's presence in the GCC region.Acquisition DetailsParticularsDetailsTarget EntityDamas LLC (UAE) (to be restructured to Signature Jewellery Holding Limited, UAE)Share CapitalAED 500,000Turnover (as of December 31, 2024)AED 1,461 millionStake Acquired67%Enterprise ValueAED 1,038 millionCompletion DateOn or before January 31, 2026Strategic RationaleThe acquisition is strategically significant for Titan's jewellery business, facilitating expansion across the 6 GCC countries: UAE, Saudi Arabia, Qatar, Oman, Kuwait, and Bahrain. These regions exhibit robust economic growth, creating demand for differentiated, high-quality offerings rooted in Arabian aesthetics.Target Company ProfileDamas Jewellery, founded in 1907 and headquartered in Dubai, is a premier jewellery retailer in the Middle East with a network of 146 stores across the GCC countries. It offers a portfolio of in-house collections and international labels, blending regional heritage-inspired designs with contemporary trends. Damas LLC has operations in all GCC countries, and the consolidated turnover of Damas LLC (Revenue as per audited financials) for the last three years is as follows:FY 2024: AED 1,461 millionFY 2023: AED 1,332 millionFY 2022: AED 1,140 millionTransaction DetailsTitan Holdings will acquire 67% shareholding in Damas LLC, subject to conditions precedent and regulatory approvals. After December 31, 2029, Mannai will have the right to sell, and Titan Holdings will have the right to acquire, the remaining 33% shareholding, subject to agreed conditions. The acquisition is expected to be financed through a combination of debt, cash balances, and internal accruals. The net consideration is subject to customary adjustments for debt, cash, and other factors.Management CommentaryC.K. Venkataraman, Managing Director of Titan, stated that the acquisition marks Titan's expansion beyond its diaspora focus into other nationalities and ethnicities. He emphasized Damas' prestigious brand and strong presence in the GCC region, aligning with Titan's vision to deliver exceptional value to customers. Alekh Grewal, Group Chief Executive Officer of Mannai Corporation, expressed confidence that the combination of Damas and Titan will drive Damas' growth in the GCC, with Mannai retaining a minority stake for the next four years. "
21 Jul 2025,Buy Titan Company; target of Rs 4250: Motilal Oswal,https://www.moneycontrol.com/news/business/stocks/buy-titan-company-target-of-rs-4250-motilal-oswal-13303354.html,"Motilal Oswal is bullish on Titan Company recommended buy rating on the stock with a target price of Rs 4250 in its research report dated July 21, 2025.",Neutral,"Motilal Oswal's research report on Titan Company In FY25, Titan Company (TTAN) continued to post strong double-digit growth (18% YoY) despite high gold inflation and intensified competition. The company continued to invest in supply chains, digital data, omnichannel capabilities, retail networks, and international markets. However, it witnessed margin pressure across its verticals. Jewelry business margin (standalone, ex-bullion) contracted 90bp to 11.4% (down 230bp from FY23). Volatile and elevated gold rates amid growing competition affected TTAN’s jewelry margin as well as demand sentiments. The company invested more in consumer promotions to drive growth and acquire customers. Jewelry revenue/EBIT (standalone, ex-bullion) grew 21%/12% YoY. The Watches & Wearables division clocked 17%/39% revenue/EBIT growth backed by robust double-digit growth across brands. The EyeCare division witnessed 10%/flat YoY revenue/EBIT growth, with EBIT margin contracting 100bp to 10% due to high overhead expenses and operating deleverage. Other businesses saw healthy revenue growth. TTAN clocked an impressive CAGR of 20%/18% in sales/PAT over FY19-25. Outlook We model a 16%/18%/22% revenue/EBITDA/PAT CAGR during FY25-27E. TTAN’s valuation is rich, but it offers a long runway for growth with a superior execution track record. Reiterate BUY with a TP of INR4,250 (based on 65x FY27E EPS). For all recommendations report, click here Titan Company - 21072025 - Motilal"
08 Jul 2025,Reduce Titan Company; target of Rs 3350: Emkay Global Financial,https://www.moneycontrol.com/news/business/stocks/reduce-titan-company-target-of-rs-3350-emkay-global-financial-13241368.html,"Emkay Global Financial recommended reduce rating on Titan Company with a target price of Rs 3350 in its research report dated July 07, 2025.",Reduce,"Emkay Global Financial' research report on Titan Company TTAN saw growth moderation in Q1 with 17% growth in the jewelry business vs recent trends of ~25% growth. Also, LTL growth for TTAN in the early double digits is weaker vs 18-19% for peers. In our view, Street’s expectation of a high-teen jewelry growth for FY26 at stable margin is at risk, as the 17% growth in Q1 comes on a weak base (9% growth); the rest of FY26 has a strong base of ~25% growth, enabled by a 900bps duty-cut last year. Further, the revenue mix is seemingly weak currently, with higher growth in the low-margin coin sales and lower growth in the high-margin studded/plain gold segments. TTAN’s 1YF valuations at ~65x are demanding and leave limited room for disappointment. Outlook Given the risk to estimates, the increasing competition, mushrooming LGD players and deteriorating RoIC profile, we maintain REDUCE on TTAN with TP of Rs3,350 (50x Jun-27E EPS). For all recommendations report, click here Titan Company - 08072025 - emkay"
08 Jul 2025,"Titan shares sink 5% jewellery growth a 'big miss' in Q1, brokerages disappointed",https://www.moneycontrol.com/news/business/markets/titan-shares-in-focus-as-jewellery-growth-a-big-miss-in-q1-brokerages-disappointed-13240571.html,"Experts noted that Titan saw moderating growth in Q1 with 17 percent growth in the jewellery business versus recent trends of ~25 percent growth,","Over the past year, shares of Titan have gained over 16 percent.","Tata Group player Titan Company shares tumbled five percent on Tuesday, July 8, after recording a 20 percent growth in the consumer business for the quarter ended June 30, 2025. During the quarter, Titan saw a net addition of 10 stores, taking the total retail network to 3,322 stores. Domestic business grew 19 percent YoY, led by Watches at 23 percent and CaratLane at 38 percent. The jewellery segment, including Tanishq, Mia, and Zoya, saw an 18 percent growth, with TMZ brands alone rising 17 percent. Overall, the domestic store count stood at 3,291. International business delivered a robust 49 percent growth YoY, with one store addition, bringing the total international presence to 31 stores. At 9.20 a.m., shares of the firm were quoting Rs 3,494.2, lower by 4.7 percent on the NSE. Volatility in gold prices led to the softening consumer sentiment between May and June. In the high gold prices scenario, buyers preferred light weightage and lower karatage, noted the firm. International brokerage Morgan Stanley maintained its 'overweight' call on the consumption player, with a price target of Rs 3,876 per share. The brokerage said the quarterly update was a 'big miss' on jewellery growth, while buyer growth was flat. ""Titan saw growth moderation in Q1 with 17 percent growth in the jewellery business versus recent trends of ~25 percent growth,"" said Emkay Global, domestic broking firm. ""In our view, Street’s expectation of a high-teen jewelry growth for FY26 at stable margin is at risk, as the 17 percent growth in Q1 comes on a weak base."" With low footfalls at stores, the high-margin studded sales (low double-digits) are also under pressure which otherwise see better traction in periods of rise in gold price. While there have been periods of strong rebound in the past, expectations of a recovery now need to be weighed against a strong base, which had a big customs duty-cut related pick-up in Q2/Q3FY25. Emkay Global reiterated its 'reduce' call, with a price target of Rs 3,350 apiece. Follow our live blog to catch all the updates"
08 Jul 2025,"Stocks to Watch Today: Titan, Tata Motors, Navin Fluorine, Refex Industries, JSW Infrastructure, Lodha Developers, Kotak Mahindra Bank in focus on 8 July",https://www.moneycontrol.com/news/business/markets/stocks-to-watch-today-titan-tata-motors-navin-fluorine-refex-industries-jsw-infrastructure-lodha-developers-kotak-mahindra-bank-in-focus-on-8-july-13240185.html,"Stocks to Watch, 8 July: Stocks like Titan Company, Tata Motors, Navin Fluorine International, Refex Industries, JSW Infrastructure, Macrotech Developers, and Kotak Mahindra Bank will be in focus on July 8.","Stocks to Watch Today, 8 July","Let's catch up on the latest news from the stock market. From significant investments to major deals, quarterly earnings, order wins, and auto sales, here’s a quick look at which stocks will be in focus in today's trade: Q1FY26 Earnings Update (Provisional) Titan Company Q1 (YoY) International business grows 49% Domestic business registers 19% growth Consumer business shows 20% growth Jewellery segment reports 18% growth Watch business increases 23% EyeCare segment records 12% increase Company adds 9 new domestic stores & 1 new international store, taking total to 3,322 Kotak Mahindra Bank Q1 (YoY) Total deposit soars 12.9% to Rs 4.92 lakh crore Vs Rs 4.35 lakh crore CASA increases 4.2% to Rs 1.92 lakh crore Vs Rs 1.84 lakh crore Net advances (EOP) surges 14% to Rs 4.45 lakh crore Vs Rs 3.9 lakh crore Lodha Developers Q1 (YoY) Pre-sales grows 10% to Rs 4,450 crore Collections increase 7% to Rs 2,880 crore Company adds five new projects across Mumbai, Pune and Bengaluru, with gross development value of Rs 22,700 crore Phoenix Mills Q1 Retailer sales across all operational malls grow 12% (YoY) Occupancy in operational assets at Mumbai and Pune stands at 69% Gross leasing of 4.07 lakh square feet completed during Q1 across assets in Mumbai, Pune, Bangalore, Chennai P N Gadgil Jewellers Q1 (YoY) Total revenue grows 2.8% to Rs 1,713.7 crore Vs Rs 1,667.5 crore Retail segment revenue growth at 19.4% Company achieved highest ever single-day festive sales on Akshaya Tritiya amounting to Rs 139.5 crore Auto Sales Update Tata Motors - JLR Q1 (YoY) JLR wholesales down 10.7% to 87,286 units JLR retail sales down 15.1% to 94,420 units Range Rover, Range Rover Sport and Defender model mix at 77.2% of total wholesale volumes Vs 67.8% Mahindra and Mahindra (June month YoY) Production grows 20.2% to 83,435 units Vs 69,441 units Sales jumps 14.3% to 76,335 units Vs 66,800 units Exports increase 1.4% to 2,634 units Vs 2,597 units Stocks to Watch Navin Fluorine International The company launched its Qualified Institutional Placement (QIP) on July 7 to raise up to Rs 750 crore. The floor price has been fixed at Rs 4,798.28 per share. Refex Industries The company has secured an order worth Rs 250 crore for comprehensive ash disposal along with operation and maintenance of fly ash systems from a prominent GENCO. The contract is for a tenure of three years. SPML Infra The company has received sanction for enhanced credit facilities amounting to Rs 205 crore to boost its project execution capabilities. JSW Infrastructure The company has received a Letter of Award from the Syama Prasad Mookerjee Port Authority for the reconstruction of Berth 8 and mechanization of Berths 7 and 8 at Netaji Subhas Dock, Kolkata. The project comes with a 30-year concession period, and the estimated capital expenditure (capex) is Rs 740 crore. Bulk Deals Marathon Nxtgen Realty Nomura Singapore sold 4.37 lakh shares at Rs 670.11 per share, amounting to a total value of Rs 29.3 crore. Additionally, Necta Bloom VCC – Necta BLOOM One offloaded 3.6 lakh shares at Rs 674.10 per share, totaling Rs 24.3 crore. Listing post Scheme of Arrangement Emkay Tools Stocks Trade Ex-Dividend Titan CompanyJSW SteelAdor WeldingAditya VisionBombay Oxygen InvestmentsIngersoll-Rand (India)JK CementPlastiblends IndiaSolar Industries India Stock Trades Ex-Bonus Meghna Infracon Infrastructure Stock in F&O ban RBL Bank"
07 Jul 2025,"Trade Spotlight: How should you trade Relaxo Footwears, Chennai Petroleum, Transrail Lighting, CCL Products, Marksans Pharma, Titan, and others on July 7?",https://www.moneycontrol.com/news/business/markets/trade-spotlight-how-should-you-trade-relaxo-footwears-chennai-petroleum-transrail-lighting-ccl-products-marksans-pharma-titan-and-others-on-july-7-13235426.html,"Consolidation is expected to continue in the upcoming sessions, with resistance and support at last week's high-low. Below are some short-term trading ideas to consider.",Top Buy Ideas For July 7,"The benchmark indices bounced back after a two-day correction, ending with 0.2 percent gains on July 4, supported by improving market breadth. A total of 1,424 shares saw buying interest compared to 1,213 declining shares on the NSE. Consolidation is expected to continue in the upcoming sessions, with resistance and support at last week's high-low. Below are some short-term trading ideas to consider: Rajesh Palviya, Senior Vice President Research (Head Technical Derivatives) at Axis Securities Relaxo Footwears | CMP: Rs 464.75  For the past four months, Relaxo Footwears has been consolidating within the Rs 393–458 range. However, Friday's strong momentum helped the stock decisively surpass Rs 458 on a closing basis, signaling a strong comeback by the bulls. This breakout was supported by huge volumes, indicating increased participation. Additionally, the stock has witnessed a short-term trend reversal, forming a series of higher tops and bottoms. It is well-placed above its 20-, 50-, and 100-day SMAs, reaffirming a bullish trend. The daily and weekly Bollinger Bands have given a buy signal, indicating rising momentum. The RSI across daily, weekly, and monthly charts shows increasing strength. Strategy: Buy Target: Rs 505, Rs 530 Stop-Loss: Rs 455 Chennai Petroleum Corporation | CMP: Rs 771.15  On both daily and weekly charts, Chennai Petroleum Corporation has undergone a short-term trend reversal, forming a series of higher highs and higher lows. On the daily chart, the stock has confirmed a multiple resistance breakout at Rs 735 on a closing basis. This move was supported by significant volumes, highlighting strong market interest. The stock remains comfortably above its 20-, 50-, 100-, and 200-day SMAs, confirming the bullish bias. The daily and weekly RSI indicates rising strength, while the Bollinger Bands on the daily chart also signal increased momentum. Strategy: Buy Target: Rs 855, Rs 930 Stop-Loss: Rs 730 Transrail Lighting | CMP: Rs 742.65  With the recent weekly close, Transrail Lighting has decisively broken above the multiple resistance zone of Rs 700 on a closing basis, reflecting a positive bias. It also registered a new all-time high at Rs 747, indicating strong bullish sentiment. This breakout was accompanied by heavy volumes, suggesting robust participation. The stock is trading above its 20-, 50-, and 100-day SMAs, reaffirming its bullish trend. A daily Bollinger Bands buy signal and rising daily and weekly RSI support further upside potential. Strategy: Buy Target: Rs 813, Rs 920 Stop-Loss: Rs 710 Osho Krishan, Chief Manager - Technical & Derivative Research at Angel One CCL Products | CMP: Rs 884.4  CCL Products has shown renewed momentum over the past few weeks, maintaining a higher highs–higher lows structure. The uptrend began with a reversal from the breakout neckline on the weekly chart, followed by a V-shaped recovery, indicating growing market interest and potential trend continuation. The ADX indicator shows strength on both daily and weekly charts, reinforcing the bullish outlook. Hence, buying is recommended on dips around Rs 880–870. Strategy: Buy Target: Rs 1,000, Rs 1,020 Stop-Loss: Rs 810 Bharat Forge | CMP: Rs 1,314.5  Bharat Forge has experienced a decent move and is now consolidating above all significant EMAs and the 200-day SMA. The stock's strength is supported by rising trading volumes and positive momentum. Additionally, it has formed a higher low pattern on the daily chart, along with a positive EMA crossover, enhancing its bullish profile. Technical indicators align with the ongoing momentum. Therefore, buying on dips around Rs 1,300 is recommended. Strategy: Buy Target: Rs 1,400, Rs 1,420 Stop-Loss: Rs 1,240 | Marksans Pharma | CMP: Rs 263  Marksans Pharma has witnessed a gradual resurgence over the last few sessions, culminating in a strong weekly close. The counter is now firmly above all its short-term EMAs on the daily timeframe for the first time in a while, suggesting inherent strength. Notably, it has experienced an Inverted Head and Shoulders breakout, backed by a positive MACD crossover from its signal line, indicating momentum is building. Thus, buying around Rs 260 is advised. Strategy: Buy Target: Rs 290, Rs 300 Stop-Loss: Rs 240 Anshul Jain, Head of Research at Lakshmishree Investments Vinati Organics | CMP: Rs 1,944.9  Vinati Organics is on the verge of breaking out of a 166-day-long rounding bottom pattern, signaling a potential trend reversal. The base structure includes multiple accumulation candles with volumes exceeding 5x the 50-day average, pointing to strong institutional buying. A pre-breakout candle formed on Thursday, often seen before a breakout. A decisive close above Rs 1,980 could trigger fresh momentum, potentially taking the stock towards Rs 2,200 levels. Strategy: Buy Target: Rs 2,200 Stop-Loss: Rs 1,900 Titan Company | CMP: Rs 3,686.9  Titan broke out of a 94-day Cup and Handle pattern at Rs 3,650 in mid-June and has since been consolidating for seven sessions. Friday’s candle signals the start of fresh momentum and hints at a possible next leg up. The Rs 3,600–3,650 zone will act as strong support, and any dips into this zone can be used to add. A sustained move above Rs 3,720 may accelerate momentum, opening the path toward its all-time high and a potential move to Rs 3,925. Strategy: Buy Target: Rs 3,925 Stop-Loss: Rs 3,600 UltraTech Cement | CMP: Rs 12,506  UltraTech Cement has broken out of an inverse Head and Shoulders pattern at Rs 12,200 on the daily charts and closed above this level on a weekly basis, offering strong technical confirmation. Any dip toward Rs 12,200 should be seen as an opportunity to add longs. The stock’s daily and weekly moving averages and momentum indicators are aligned to support a sustained uptrend. While breakout volumes were muted (common in large-cap stocks), base volumes indicate steady institutional accumulation, reinforcing the bullish view. Strategy: Buy Target: Rs 15,500 Stop-Loss: Rs 11,500"
26 Jun 2025,"Trade Spotlight: How should you trade Titan, Crompton Greaves Consumer, EID Parry, TVS Motor, Birlasoft, Newgen Software, and others on June 26?",https://www.moneycontrol.com/news/business/markets/trade-spotlight-how-should-you-trade-titan-crompton-greaves-consumer-eid-parry-tvs-motor-birlasoft-newgen-software-and-others-on-june-26-13179067.html,"Given the favourable technical indicators, the uptrend is likely to continue in the upcoming sessions. Below are some short-term trading ideas to consider.",Top Buy Ideas for June 26,"The benchmark indices extended their northward journey for the second straight session, climbing decisively above 25,200 with a 0.8 percent gain on June 25. The market breadth remained positive, with approximately 1,957 shares advancing compared to 654 declining shares on the NSE. Given the favourable technical indicators, the uptrend is likely to continue in the upcoming sessions. Below are some short-term trading ideas to consider: Jatin Gedia, Technical Research Analyst at Mirae Asset Sharekhan Crompton Greaves Consumer Electricals | CMP: Rs 354.85  Crompton Greaves Consumer Electricals has broken out of a Bullish Flag pattern on the upside. The stock is currently trading above key daily moving averages, indicating strength. Additionally, the daily momentum indicator has triggered a positive crossover, which is a buy signal. Strategy: Buy Target: Rs 375, Rs 389 Stop-Loss: Rs 348 Sudeep Shah, the Deputy Vice President and Head of Technical and Derivative Research at SBI Securities Titan Company | CMP: 3,652.2  Titan Company has formed a strong base near the 100-day EMA level and has resumed its upward journey. The stock is now on the verge of a horizontal trendline breakout on a daily scale. On Wednesday, the volumes recorded were above the 50-day average, signaling accumulation before the actual breakout. Titan is currently trading above both its short-term and long-term moving averages, and these averages are in a rising mode, which suggests the trend is strong. The daily RSI is also in bullish territory and rising, which is a positive sign. Hence, we recommend accumulating the stock in the range of Rs 3,660–3,630 levels. Strategy: Buy Target: Rs 3,900 Stop-Loss: Rs 3,530 EID Parry India | CMP: Rs 1,055  EID Parry gave a falling channel breakout on the daily scale on Wednesday. This breakout was supported by robust volume, which was more than six times the 50-day average volume, indicating strong buying interest by market participants. The 50-day average volume was 2.90 lakh, while on Wednesday, the stock recorded a total volume of 18.66 lakh. As the stock is now trading at an all-time high, all moving averages and momentum-based indicators are signaling strong bullish momentum. Therefore, we recommend accumulating the stock in the range of Rs 1,060–1,050 levels. Strategy: Buy Target: Rs 1,150 Stop-Loss: Rs 1,020 TVS Motor Company | CMP: Rs 2,916.8  The Nifty Auto index is on the verge of giving a downward-sloping trendline breakout on the daily scale. TVS Motor, in particular, has already given a consolidation breakout on the daily chart. This breakout is confirmed by relatively higher volumes. The daily RSI has also broken out of a horizontal trendline, indicating strong bullish momentum. Additionally, the daily MACD stays bullish as it is quoting above both the zero line and the signal line. The MACD histogram also suggests an increase in upside momentum. Hence, we recommend accumulating the stock in the range of Rs 2,920–2,900 levels. Strategy: Buy Target: Rs 3,110 Stop-Loss: Rs 2,820 Rupak De, Senior Technical Analyst at LKP Securities Birlasoft | CMP: Rs 443.65  After a period of sideways movement, Birlasoft has moved up sharply, signaling increasing buying interest. The strong volume on the breakout day further supports this view. Moreover, the stock has moved above both the 21EMA and the 50EMA. The momentum indicator RSI is also trending upwards, signaling potential for a short-term rally. Strategy: Buy Target: Rs 478 Stop-Loss: Rs 427 Newgen Software Technologies | CMP: Rs 1,151.6  Newgen Software has formed a bullish Harami pattern on the daily chart, indicating a potential bullish reversal in the short term. On the hourly chart, the stock has given a consolidation breakout, further pointing to rising optimism. The hourly RSI is also in a bullish crossover. The trend in the short term looks positive, with potential to rise towards Rs 1,230. Strategy: Buy Target: Rs 1,230 Stop-Loss: Rs 1,129 Aster DM Healthcare | CMP: Rs 591.65  Aster DM Healthcare has given a consolidation breakout on the daily chart, indicating rising optimism. The stock has stayed above the important short-term moving average, the 21EMA, for some time. The RSI is also turning upward, showing positive momentum. All these factors suggest a potential short-term rally, with an upside target of Rs 650. Strategy: Buy Target: Rs 650 Stop-Loss: Rs 569"
25 Jun 2025,"Titan shares jump 2% as Macquarie maintains 'outperform', sees demand recovery",https://www.moneycontrol.com/news/business/markets/titan-shares-jump-2-as-macquarie-maintains-outperform-sees-demand-recovery-13174354.html,"Titan currently holds about 7 percent market share in India’s jewellery industry, said Macquarie, which has grown at a 13 percent CAGR over the past 15 years.",Titan shares have gained around six percent over the past year. ,"Global broking firm Macquarie reaffirmed its positive outlook on Tata group's Titan Ltd, believing that a healthy recovery in demand shall aid growth in jewellery sales in the current quarter of FY2026. The brokerage maintained its 'outperform' rating, with a price target of Rs 4,150 per share, implying an 18 percent from current levels. The brokerage expects healthy demand to drive over 20 percent year-on-year growth in both jewellery sales and EBIT in the first quarter of FY26. Macquarie also added that jewellery EBIT margins have likely bottomed out in FY25 and should improve going forward. Macquarie remained confident in Titan’s ability to achieve its FY26 EBIT margin guidance of 11–11.5 percent. At 10.55 a.m., shares of Titan were quoting Rs 3,601.7, higher by 2.2 percent on the NSE compared to the previous session's closing price. Follow our market blog to catch all the updates While the adoption of lab-grown diamonds may face headwinds if the recent GIA certification changes are implemented, the firm notes a recovery in demand for mined diamonds. Macquarie is also optimistic about continued improvement in Titan’s product mix. Titan currently holds about 7 percent market share in India’s jewellery industry, which has grown at a 13 percent CAGR over the past 15 years. Macquarie sees this as a strong foundation for long-term growth. Titan Company reported net profit of Rs 870 crore for the quarter ended March 31, 2025, an increase of 11 percent from Rs 786 crore in the year-ago period. The Tata-group company's consolidated revenue rose 20 per cent to Rs 13,477 crore in the March quarter as against Rs 11,257 crore in Q4FY24, boosted by strong sales in the jewellery and watches segments."
13 Jun 2025,Titan Co. Details June 2025 Investor Meeting Schedule,https://www.moneycontrol.com/news/business/stocks/titan-co-details-june-2025-investor-meeting-schedule-alpha-article-13116575.html,Titan Co. Details June 2025 Investor Meeting Schedule,," Titan Company Limited, a prominent Tata Group entity and a leader in India's lifestyle segment, has formally announced its schedule for analyst and institutional investor meetings planned for the month of June 2025. The disclosure, dated June 13, 2025, was made to the BSE Limited and the National Stock Exchange of India Limited, adhering to the SEBI (Listing Obligations and Disclosure Requirements) Regulations, 2015.Titan Company Investor Meeting Schedule - June 2025Sl. No.DateFirm(s)Type of MeetingVenueTime (IST)118-Jun-25ABRDN InvestmentsOne-on-One MeetingPhysical8:00 a.m. to 9:00 a.m.218-Jun-25Wellington Management Company, Balyasny Asset Management, Millennium Capital Management, North Rock Capital Man LLC, DSP Investment ManagersGroup MeetingPhysical11:30 a.m. to 12:30 p.m.324-Jun-25Citadel Asset ManagementOne-on-One MeetingPhysical12:00 p.m. to 1:00 p.m.Detailed Meeting Itinerary and Engagement StrategyTitan Company has outlined a series of interactions with key players in the investment community. The schedule commences on June 18, 2025, with a one-on-one physical meeting with representatives from ABRDN Investments. This session is slated to take place from 8:00 a.m. to 9:00 a.m. IST. Later the same day, June 18, 2025, Titan will host a group meeting. This engagement, scheduled from 11:30 a.m. to 12:30 p.m. IST, will see participation from a consortium of distinguished investment firms. These include Wellington Management Company, Balyasny Asset Management, Millennium Capital Management, North Rock Capital Man LLC, and DSP Investment Managers. Group meetings typically allow for a broader dissemination of information and a diverse range of questions from multiple investor perspectives. The company's investor outreach for the month will conclude with another one-on-one physical meeting on June 24, 2025. This session will be with Citadel Asset Management and is scheduled from 12:00 p.m. to 1:00 p.m. IST. The choice of physical meetings for all these interactions suggests a preference for direct, in-person dialogue, which can foster more nuanced discussions and stronger relationships.Regulatory Compliance and Disclosure StandardsThis announcement is made in accordance with Regulation 30 of the SEBI (Listing Obligations and Disclosure Requirements) Regulations, 2015, which mandates timely disclosure of such events to ensure market transparency. Titan Company has clarified that the ""above investor-meeting schedule is in addition to the meetings disclosed earlier,"" indicating an ongoing process of investor engagement. A critical aspect of the announcement is the company's assurance regarding the nature of information to be shared. Titan has explicitly stated, ""During the aforesaid investor meet, no price sensitive information or forward looking statement will be disclosed or discussed."" This commitment is vital for maintaining a level playing field for all investors and preventing the dissemination of unpublished price-sensitive information (UPSI). Furthermore, the company has included a customary disclaimer: ""The Schedule may undergo change due to exigencies on the part of Investors / Company which you may please note."" This provides necessary flexibility to accommodate any unforeseen circumstances that might necessitate adjustments to the planned meetings.Significance of Investor MeetingsInvestor meetings are a cornerstone of corporate governance and play a crucial role in a publicly listed company's investor relations strategy. For Titan Company, these meetings offer a platform to communicate its business strategy, operational performance, market outlook, and responses to industry trends directly to analysts and institutional investors. Such interactions allow the management to articulate its vision and address specific queries from the investment community. For the participating investment firms, these meetings are invaluable opportunities to gain deeper insights into Titan's business model, competitive positioning, growth drivers, and risk management practices. The information gathered helps them refine their investment theses and make well-informed decisions. Consistent and transparent communication through such forums can contribute to a more accurate market valuation of the company's stock and build enduring trust with stakeholders.About Titan Company LimitedTitan Company Limited, a significant entity within the Tata Group, has carved a niche for itself as India's leading lifestyle company. Originating as a watch manufacturer, Titan has successfully diversified its portfolio over the years. Its renowned brands span across various segments, including jewellery (Tanishq, Mia by Tanishq, Zoya, and CaratLane), watches and wearables (Titan, Fastrack, Sonata, Helios), eyewear (Titan EyePlus), fragrances (Skinn), and Indian dress wear (Taneira). The company is also expanding into women's bags (IRTH) and has a presence in precision engineering. As ""A TATA Enterprise,"" Titan upholds the Tata Group's legacy of trust, quality, and ethical business practices. The company has an extensive retail network across India and is gradually increasing its international presence. Its commitment to innovation, customer-centricity, and design excellence has been pivotal to its sustained growth and market leadership.Stock Exchange Information and Market ContextTitan Company Limited's equity shares are actively traded on both major Indian stock exchanges. The company's Scrip Code on BSE Limited is 500114, and its trading Symbol on the National Stock Exchange of India Limited (NSE) is TITAN. This announcement, referenced by the company as SEC 30 / 2025-26, is part of its ongoing obligations to keep the exchanges and the investing public informed. The scheduling of these meetings with prominent domestic and international institutional investors like ABRDN Investments, Wellington Management Company, Balyasny Asset Management, Millennium Capital Management, North Rock Capital Man LLC, DSP Investment Managers, and Citadel Asset Management highlights the significant interest these entities have in Titan's performance and future strategy. While the announcement of meeting schedules is a routine disclosure and generally does not cause significant stock price volatility, it underscores the company's proactive approach to investor relations. The market typically views such transparency and engagement positively, as it reflects good corporate governance practices. The focus for investors remains on the company's long-term performance and strategic execution, insights into which are often sought during such interactions. "
06 Jun 2025,"RBI delivers 100 bps cut in CRR: 'This infusion of liquidity is a timely move,' say market experts",https://www.moneycontrol.com/news/business/markets/rbi-delivers-100-bps-cut-in-crr-this-infusion-of-liquidity-is-a-timely-move-say-market-experts-13101715.html,"RBI has reduced its policy repo rate by 50 basis points to 5.5 percent, and has changed its stance to 'neutral' from 'accommodative'.",Stock markets cheer RBI’s 50 bps rate cut,"RBI Governor Sanjay Malhotra on June 6 announced the outcome of the central bank's Monetary Policy Committee's (MPC) meeting. RBI has reduced its policy repo rate by 50 basis points to 5.5 percent, and has changed its stance to 'neutral' from 'accommodative'. RBI also cut the cash reserve ratio (CRR), which banks are required to hold, by 100 basis points to 3% with an aim to accelerate policy transmission and boost lending. Benchmark indices surged over 1% after the announcement, as the rate cut was higher than the estimated 25 bps cut expected by market analysts. Rate-sensitive sectors like realty, banks and more saw a significant jump in the morning trading hours. Here’s what analysts say after RBI’s MPC meet outcome: ""Even rain gods can't stop smiling and neither can the markets,"" said Pallav Bagaria, Director at Sapient Finserv. VK Vijayakumar, Chief Investment Strategist at Geojit Investments, however called the higher-than-expected 50 bps rate cut decision slightly negative from the market perspective for the near-term. ""This big rate cut will impact the margins of the banks and, therefore, bank stocks will be under pressure in the near-term. However, the credit growth that this rate cut will hopefully stimulate will compensate for the dip in margins,"" Vijayakumar said. Divam Sharma, Founder & Fund Manager at Green Portfolio PMS, noted that the 50 bps rate cut came as a surprise. ""The ongoing momentum in domestic consumption, corporate activity, and GDP growth will help sustain the economic trajectory and is a positive signal for the markets. We particularly like niche domestic manufacturing companies that are building in India and gearing up to compete on a global scale. The additional 100 bps cut in CRR is also a positive step, as it encourages banks to lend more freely. With FPI inflows slowing down, this infusion of liquidity is a timely and welcome move."" Sharma said. Marzban Irani, CIO of Fixed Income at LIC Mutual Fund, said that the CRR cut of 100 bps to 3 percent has surprised the markets and is expected to release liquidity of Rs. 2.5 lakh crore. ""Recommended to invest in tenure ranging 3 month to 3 year schemes to take advantage of CRR cut,"" Irani said. Which stocks to watch out for? Bajaj Broking noted that Banking and Financial Services, Real Estate and Capital Goods & Manufacturing (especially domestic focus) are the key beneficiaries of MPC's recent decisions. Commenting on bank stocks, Bajaj Broking said Public Sector Banks (PSBs) could see a rally as they tend to benefit from lower repo rates. Private banks along with NBFC with strong retail focus and good asset quality are also good bets. ""Developers with strong execution capabilities and a presence in the affordable and mid-income housing segments are likely to outperform,"" the brokerage said. ""Niche domestic manufacturing companies that are focused on ""Make in India"" initiatives and require heavy capital expenditure are worth considering. This could include companies in 5G infrastructure, defense,"" it further said. Amit Bivalkar, Founder Director, Sapient Finserv Private Limited, said, ""The 50 bps repo rate cut is a strong push from the RBI, especially with the shift to a neutral stance. Sectors like banking, real estate, and consumer will likely benefit. Lower EMIs mean better affordability for borrowers — from home loans to personal loans. The CRR cut, though only for banks, enhances liquidity and helps PSU and private banks gain momentum. Combined with tax relief up to ₹12 lakh, this policy improves disposable income, fuelling consumption. While NBFCs miss out on direct CRR benefits, the overall softening of rates creates room for broader demand recovery."" Narinder Wadhwa, Managing Director & CEO of SKI Capital Services, said the rate cut is expected to have a broad-based positive impact on the markets, especially on rate sensitive sectors. The banking and NBFC sectors will likely benefit directly from lower funding costs and potentially improved credit demand, with stocks like HDFC Bank, ICICI Bank, Bajaj Finance, and State Bank of India (SBI) likely to gain, he said. Wadhwa added that the real estate and housing finance space is another key beneficiary, as lower interest rates make home loans more affordable, potentially boosting demand for developers like DLF and housing financiers like HDFC Ltd and LIC Housing Finance. The auto sector should also see improved sentiment, with cheaper vehicle loans supporting sales for companies like Maruti Suzuki, Mahindra & Mahindra (M&M), and Hero MotoCorp, he said. ""Consumer discretionary and retail stocks are expected to do well as lower EMIs and better liquidity support consumption, benefiting names like Titan, Trent, and Jubilant FoodWorks. The capital goods and infrastructure sectors may also get a lift if the rate cut translates into an uptick in capex activity, with companies like L&T and Siemens in focus. Meanwhile, export-oriented sectors like IT and pharma may see limited upside as a weaker rupee supports margins, but global trade disruptions could weigh on demand,"" Wadhwa said. He however noted that sectors heavily reliant on imports, such as oil & gas and metals, could face margin pressures if the rupee continues to weaken. ""FMCG stocks, which typically act as defensives, may underperform in the near term as investors rotate into more cyclical and growth-oriented sectors. Overall, the RBI’s bold action and shift in stance are likely to improve market sentiment and may trigger a broader recovery, particularly in mid- and small-cap stocks. With the door now open for further easing, the focus will shift to how effectively the rate cut is transmitted through the financial system and whether global trade tensions ease in the coming months,"" he said. Sonam Srivastava, Founder and Fund Manager at Wright Research PMS, said that RBI's surprise 50 basis point rate cut underscores its strong pivot toward supporting growth, at a time when inflation is under control and global central banks are entering easing cycles. “With real rates still elevated and domestic demand uneven, this move is aimed at unlocking credit growth, reviving private investment, and easing the burden on borrowers. Sectors like housing, autos, banking, and infrastructure are likely to see improved momentum as transmission picks up. It’s also a positive signal for rural and small business credit, where growth has been lagging,"" Srivastava said. ""Bond markets are expected to rally, especially in the long-duration segment, and we believe this cut sets the stage for a more accommodative environment heading into the second half of the year,” Srivastava further said. Ramani Sastri, Chairman & MD of Sterling Developers, painted a positive picture for the real estate sector. “As affordable financing remains a key driver of demand in real estate, we welcome the RBI's decision to cut the repo rate by 50 bps, thereby encouraging end-users to make purchase decisions. However, it is important is that the benefits are passed on to borrowers immediately. While homebuyers will be able to secure home loans at lower rates, developers will benefit from low borrowing costs, thereby easing financing pressures. Overall, a rate cut would strengthen market confidence, infuse much-needed liquidity, and also act as a strong signal of policy support for the real estate sector and the broader economy, thereby encouraging investments,” Sastri said."
19 May 2025,Buy Titan Company; target of Rs 4155: Sharekhan,https://www.moneycontrol.com/news/business/stocks/buy-titan-company-target-of-rs-4155-sharekhan-2-13031737.html,"Sharekhan is bullish on Titan Company has recommended buy rating on the stock with a target price of Rs 4155 in its research report dated May 15, 2025.",Buy,"Sharekhan's research report on Titan Company Titan Company’s (Titan’s) Q4FY25 performance was good with consolidated revenues (ex-bullion sales) growing by 21% y-o-y led by double-digit growth across key businesses. EBITDA margin rose by 77 bps y-o-y to 10.3% and PAT grew by 13% y-o-y. The company eyes healthy double-digit revenue growth driven by a good wedding season in Q1, higher government spending, tax cuts, and liquidity injection. Jewellery business’ EBIT margin stood almost flat y-o-y at 11.9% in Q4 despite a surge in gold prices. The management has maintained EBIT margin guidance at 11-11.5%. Outlook Stock trades at 67x/56x its FY26E/FY27E earnings, respectively. We maintain a Buy with a revised PT of Rs. 4,155. For all recommendations report, click here Titan Company - 19052025 -khan"
16 May 2025,Buy Titan Company; target of Rs 4155: Sharekhan,https://www.moneycontrol.com/news/business/stocks/buy-titan-company-target-of-rs-4155-sharekhan-13029044.html,"Sharekhan is bullish on Titan Company has recommended buy rating on the stock with a target price of Rs 4155 in its research report dated May 15, 2025.",Buy,"Sharekhan's research report on Titan Company Titan Company’s (Titan’s) Q4FY25 performance was good with consolidated revenues (ex-bullion sales) growing by 21% y-o-y led by double-digit growth across key businesses. EBITDA margin rose by 77 bps y-o-y to 10.3% and PAT grew by 13% y-o-y. The company eyes healthy double-digit revenue growth driven by a good wedding season in Q1, higher government spending, tax cuts, and liquidity injection. Jewellery business’ EBIT margin stood almost flat y-o-y at 11.9% in Q4 despite a surge in gold prices. The management has maintained EBIT margin guidance at 11-11.5%.. Outlook Stock trades at 67x/56x its FY26E/FY27E earnings, respectively. We maintain a Buy with a revised PT of Rs. 4,155. For all recommendations report, click here Titan Company - 16052025 - khan"
11 May 2025,"Chartist Talks: SBI Securities' Sudeep Shah advises caution, picks these 2 bluechips",https://www.moneycontrol.com/news/business/markets/chartist-talks-sbi-securities-sudeep-shah-advises-caution-picks-these-2-bluechips-13020066.html,"Talking about crucial levels, the zone of 23,850-23,800 will act as a crucial support for the Nifty 50 next week. However, on the upside, the zone of 24,250-24,300 will act as a crucial hurdle for the index, said Sudeep Shah of SBI Securities.",Sudeep Shah is the Deputy Vice President and Head of Technical and Derivative Research at SBI Securities,"Amid ongoing geopolitical tension between India and Pakistan, according to Sudeep Shah of SBI Securities, the historical pattern suggests that while initial volatility is common during such geopolitical events, the index has, in most cases, regained upside momentum once the dust settles. He believes the current major trend of the Nifty 50 is still sideways to bullish but recommends adopting a cautious stance for the next couple of days. The Deputy Vice President and Head of Technical and Derivative Research at SBI Securities is bullish on Larsen & Toubro, and Titan Company. ""Larsen & Toubro has surged above its short and long-term moving averages, and its daily RSI has surged above the 60 mark for the first time after March 2025, while Titan has given a breakout of the falling channel on Friday, accompanied by robust volume,"" he reasoned. Historically, the impact of India-Pakistan tensions has been short-lived, given India's strong positioning, with markets often gaining healthy momentum once uncertainty clears. What is your view, and do you believe the April lows and the 50% Fibonacci retracement level (from the April low to the May high) are unlikely to be broken? Despite ongoing geopolitical tensions between India and Pakistan, the benchmark Nifty index managed to limit its losses, ending the week lower by just over 1%. However, it is important to note that the index continues to trade comfortably above its medium and long-term moving averages, indicating that the broader trend remains intact for now. However, the momentum indicators and oscillators portray a sideways picture. Now, the million-dollar question is, what’s next in this uncertain time? To offer some perspective, we have analysed data from the last three major geopolitical incidents between India and Pakistan — the Kargil War, the LOC strike after the Uri attack, and the Balakot strike following the Pulwama attack. • During the Kargil War, Nifty initially experienced high volatility but then staged a sharp rally, surging nearly 36% during the conflict.• Post the Balakot strike, the index delivered a strong return of over 10% in the 90 days that followed.• The Uri strike was an exception, as Nifty declined by more than 8% in the subsequent 90 days. It’s worth noting that this period also coincided with the announcement of demonetization, which weighed heavily on market sentiment. The historical pattern suggests that while initial volatility is common during such geopolitical events, the index has, in most cases, regained upside momentum once the dust settles. Also, we would like to highlight that the current major trend of the index is still sideways to bullish. However, we recommend adopting a cautious stance for the next couple of days. Talking about crucial levels, the zone of 23,850-23,800 will act as a crucial support for the index. If the index slips below the level of 23,800, then the 100-day EMA zone of 23,560-23,500 will act as the next crucial support for the index. On the upside, the zone of 24,250-24,300 will act as a crucial hurdle for the index. How are FIIs and DIIs positioning themselves in the current war-like environment? In the past few trading sessions, FIIs turned net buyers in the cash market, signaling renewed interest. However, it’s worth noting that following Thursday night's escalation between India and Pakistan, FIIs turned sellers on Friday, offloading equities worth Rs 3,798.71 crore. In the derivatives segment, their positioning also saw a shift. The FII long-short ratio in index futures had climbed to 52% on Thursday, which was the highest level since the first week of October 2024, hinting at growing bullish bets. But by Friday, this ratio slipped back to 47.71%, reflecting a more cautious stance. Clearly, while FIIs have shown buying interest, the sudden geopolitical flare-up has made them tread carefully, indicating that sustained flows will depend on how the situation unfolds. Do you expect the Bank Nifty to strongly defend the 50% Fibonacci retracement level from the April low to the recent high? What are the key levels to watch next week? After two weeks of consolidation, the banking benchmark index, Bank Nifty, has witnessed a consolidation breakdown and ended the week with a loss of over 2.50%. It has strongly underperformed frontline indices. The ratio chart of the index as compared to Nifty is marking the sequence of lower tops and lower bottoms. Also, the index has slipped below its 20-day EMA level for the first time since April 11. The daily RSI is in the sideways zone, and it is in falling mode. This chart structure indicates consolidation along with a bearish bias in the short term. Talking about crucial levels, the zone of 53,400-53,300 will act as immediate support for the index as the 38.2% Fibonacci retracement level of its prior upward rally (49,157-56,099) is placed in that region. If the index slips below the level of 53,300, then the next crucial support is placed at 52,600 level. On the upside, the zone of 54,100-54,200 will act as an immediate hurdle for the index. What are your top two stock picks for next week? Larsen & Toubro After the better-than-expected numbers, the stock of Larsen & Toubro has witnessed a consolidation breakout on a daily scale, and it is on the verge of giving a downward sloping trendline breakout. The trendline is formed by connecting swing highs from February 2025. Along with this, the stock has surged above its short and long-term moving averages. The daily RSI is surged above the 60 mark for the first time since March 2025. Hence, we recommend accumulating the stock in the zone of Rs 3,450-3,430 level with a stop-loss of Rs 3,350. On the upside, it is likely to test the level of Rs 3,650 in the short term. Titan Company The stock has given a breakout of the falling channel on Friday. This breakout is confirmed by robust volume. In addition, it has formed a sizeable bullish candle, which adds strength to the breakout. Also, it has strongly outperformed frontline indices. Further, all the moving averages and momentum-based indicators suggest strong bullish momentum in the stock. Hence, we recommend accumulating the stock in the zone of Rs 3,520-3,500 level with a stop-loss of Rs 3,400. On the upside, it is likely to test the level of Rs 3,750 in the short term. Do you expect a pickup in momentum in Tata Motors, and Ideaforge Technology? Both Tata Motors and Ideaforge Technology are exhibiting strong bullish momentum. On Friday, both stocks surged above their 100-day EMA levels, a positive technical signal. Additionally, their 20 and 50-day EMAs have started to slope upwards, indicating strengthening trend dynamics. Momentum indicators and oscillators are also pointing towards continued bullishness. Hence, we believe these stocks are well-positioned to extend their outperformance in the short term."
09 May 2025,Buy Titan Company; target of Rs 3752: Prabhudas Lilladher,https://www.moneycontrol.com/news/business/stocks/buy-titan-company-target-of-rs-3752-prabhudas-lilladher-13018686.html,"Prabhudas Lilladher is bullish on Titan Company has recommended buy rating on the stock with a target price of Rs 3752 in its research report dated May 08, 2025.",Buy,"Prabhudas Lilladher's research report on Titan Company TTAN reported a robust 4Q led by 1) value growth leg by 30-40% higher gold prices 2) 330bps margin gain in watches and 3) 20bps higher margins in jewellery enabled by operating leverage and hedging gains. 1H26 outlook remains positive given low vase due to elections and no marriage days. Higher gold prices are impacting demand however consumers are shifting to lighter jewellery and value growth remains strong. Gold on lease charges are stabilizing and the gap in only 70bps now, TTAN will gain from higher gold prices and margin requirements given strong balance sheet than competitors. Outlook We raise FY26/27 EPS by 0.4/4.2% respectively and 22.7% PAT CAGR over FY25-27. We assign SOTP based target price of Rs3752 (Rs3695 earlier). Retan BUY. For all recommendations report, click here Titan Company - 09052025 - prabhu"
09 May 2025,"Titan shares rally 4% on Q4 beat; should you buy, sell, or hold?",https://www.moneycontrol.com/news/business/earnings/titan-shares-rally-4-on-q4-beat-should-you-buy-sell-or-hold-13018638.html,"Brokerages were mixed on their outlook for Titan shares, as some remained bullish, while the others were bearish on volatile gold prices, rising competition. ",Titan decided to retain its margin guidance and expects strong double-digit growth for the next year despite global uncertainties.,"Jeweller and watchmaker Titan Company Ltd.'s shares rallied in trade on Friday, May 9, despite a muted market sentiment, as the Rekha Jhunjhunwala portfolio company posted a strong beat in its earnings show for the quarter ended March 2025. At 10.55 am, Titan Company's stock was quoting Rs 3,483.3 apiece on the NSE, higher by 3.4 percent compared to the previous session's close. Titan Company reported net profit of Rs 870 crore for the quarter ended March 31, 2025, an increase of 11 percent from Rs 786 crore in the year-ago period. The Tata-group company's consolidated revenue rose 20 per cent to Rs 13,477 crore in the March quarter as against Rs 11,257 crore in Q4FY24, boosted by strong sales in the jewellery and watches segments. Operational leverage, a revived solitaire segment and small hedging gains powered Titan’s jewellery to a significant EBIT margin beat (11.9 percent) in Q4FY25, despite gross margin pressure and a 3 percentage point YoY contraction in the studded ratio. Follow our live blog to catch all the updates Should you buy, sell, or hold Titan shares? The performance across segments has been satisfying, despite pressures from rising gold rates and discretionary consumption, said Kotak Institutional Equities. However, the brokerage maintained its 'reduce' rating, saying, ""Our cautious view is based on potential disruption of the studded jewelry business by LGDs, competitive pressure in the organized market and the unabated surge in gold prices, which is not good for margins."" Antique Stock Broking remains optimistic about Titna's medium to long term performance driven by market share gain in the jewelry business on account of strong brand name and execution, scaling up, and improving profitability of other brands. The brokerage reiterated its buy rating, with a marginally lower target price of Rs 4,195 per share. ""Consistently high/rising gold prices may dampen volume-led gains in FY26 especially amid heightened competitive intensity,"" said HDFC Securities, with a reinforced rating of 'reduce' and a price target of Rs 3,200 per share. Nuvama Institutional Equities said, ""Titan has proved its mettle time and again by emerging strong and successful against various regulatory hurdles that have emerged over the past one year. With robust balance sheet, strong brand equity and professional management team in place we remain bullish on Titan."" The broking house maintained its 'buy' rating, with a price target of Rs 4,541, up from Rs 4,115 per share."
09 May 2025,"Stocks to Watch Today: Larsen and Toubro, Britannia, Titan, Venus Pipes, Paytm, Suzlon, Lupin, Union Bank, Kalyan Jewellers in focus on 9 May",https://www.moneycontrol.com/news/business/markets/stocks-to-watch-today-larsen-and-toubro-britannia-titan-venus-pipes-paytm-suzlon-lupin-union-bank-kalyan-jewellers-in-focus-on-9-may-13018429.html,"Stocks to Watch, 09 May: Stocks like Dilip Buildcon, Multi Commodity Exchange of India, Biocon, IIFL Finance, Pidilite Industries, Chambal Fertilisers and Chemicals, Zee Entertainment Enterprises, Jindal Stainless, REC, Kalyan Jewellers India, Venus Pipes and Tubes, Lupin, and Bharat Petroleum Corporation will be in focus on May 9.",Stocks to Watch Today,"Let's catch up on the latest news from the stock market. From significant investments to major deals, quarterly earnings, order wins, and appointments, here’s a quick look at which stocks will be in focus in today's trade: Results Today Dr Reddy's Laboratories, ABB India, Swiggy, Bank of India, Manappuram Finance, Birla Corporation, Cera Sanitaryware, Cholamandalam Financial Holdings, Great Eastern Shipping Company, India Shelter Finance Corporation, Jupiter Life Line Hospitals, CE Info Systems, Motherson Sumi Wiring India, Navin Fluorine International, Novartis India, PTC India Financial Services, and Thermax will release their quarterly earnings on May 9. Results on May 10 Apollo Pipes, Atul Auto, Borosil Renewables, Mangalam Cement, Meghmani Organics, Seshasayee Paper and Boards, and Triveni Turbine will announce their quarterly earnings on May 10. Quarterly Earnings Larsen & Toubro Q4 (Consolidated YoY) Profit jumps 25% to Rs 5,497 crore Vs Rs 4,396 crore Revenue increases 11% to Rs 74,392 crore Vs Rs 67,078 crore EBITDA grows 13% to Rs 8,203 crore Vs Rs 7,234 crore Margin expands to 11% Vs 10.8% Board recommends final dividend of Rs 34 per share L&T FY26 Guidance Revenue growth seen at 15% Core margins guidance seen at 8.5% Vs 8.3% in FY25 Order inflow growth seen at 10% Venus Pipes & Tubes Q4 (Consolidated YoY) Profit rises 4.2% to Rs 559.1 crore Vs Rs 536.6 crore Revenue grows 8.9% to Rs 4,432.2 crore Vs Rs 4,069.4 Board recommends final dividend of Rs 75 per share Titan Company Q4 (Standalone YoY) Profit soars 10.7% to Rs 870 crore Vs Rs 786 crore Revenue increases 19.7% to Rs 13,477 crore Vs Rs 11,257 crore EBITDA spikes 29.7% to Rs 1,438 crore Vs Rs 1,109 crore Margin expands to 10.7% Vs 9.9% Board recommends dividend of Rs 11 per share Union Bank of India Q4 (Standalone YoY) Profit zooms 50.6% to Rs 4,984.9 crore Vs Rs 3,310.6 crore Net interest income rises 0.8% to Rs 9,514 crore Vs Rs 9,436.6 crore Provisions and contingencies jump to Rs 1,543.9 crore Vs Rs 1,259.6 crore Gross NPA drops to 3.60% Vs 3.85% (QoQ) Net NPA declines to 0.63% Vs 0.82% (QoQ) Dilip Buildcon Q4 (Consolidated YoY) Profit spikes 32-fold to Rs 170.8 crore Vs Rs 5.3 crore Revenue drops 8% to Rs 3,096.1 crore Vs Rs 3,365.6 crore Exceptional gain of Rs 36 crore Vs Rs 98.6 crore MCX India Q4 (Consolidated YoY) Profit soars 54.2% to Rs 135.5 crore Vs Rs 87.9 crore Revenue jumps 60.8% to Rs 291.3 crore Vs Rs 181.1 crore Board recommends final dividend of Rs 30 per share Biocon Q4 (Consolidated YoY) Profit grows 154.2% to Rs 344.5 crore Vs Rs 135.5 crore Revenue increases 12.8% to Rs 4,417 crore Vs Rs 3,917.1 crore IIFL Finance Q4 (Standalone YoY) Profit tanks 76.7% to Rs 38.4 crore Vs Rs 165 crore Net interest income falls 40.1% to Rs 546.7 crore Vs Rs 913 crore Pidilite Industries Q4 (Consolidated YoY) Profit jumps 40.5% to Rs 427.5 crore Vs Rs 304.3 crore Revenue grows 8.2% to Rs 3,141.1 crore Vs Rs 2,901.9 crore Board recommends dividend of Rs 20 per share Chambal Fertilisers and Chemicals Q4 (Consolidated YoY) Profit zooms 34.7% to Rs 130.4 crore Vs Rs 96.8 crore Revenue falls 7.4% to Rs 2,448.7 crore Vs Rs 2,643 crore Board recommends final dividend of Rs 5 per share Zee Entertainment Enterprises Q4 (Consolidated YoY) Profit zooms more than 15-fold to Rs 188.6 crore Vs Rs 12.2 crore Revenue rises 0.65% to Rs 2,184.1 crore Vs Rs 2,170 crore Jindal Stainless Q4 (Consolidated YoY) Profit soars 17.8% to Rs 590 crore Vs Rs 500.7 crore Revenue increases 7.9% to Rs 10,198.3 crore Vs Rs 9,454 crore REC Q4 (Standalone YoY) Profit rises 5.5% to Rs 4,236.2 crore Vs Rs 4,016.3 crore Total income grows 20% to Rs 15,174.2 crore Vs Rs 12,643.3 crore Kalyan Jewellers Q4 (Consolidated YoY) Profit jumps 36.3% to Rs 187.6 crore Vs Rs 137.6 crore Revenue grows 36.6% to Rs 61,815.3 crore Vs Rs 45,250.1 crore Stocks to Watch Venus Pipes & Tubes The company has received a letter of intent from one of India’s leading integrated power plant equipment manufacturers for stainless steel seamless boiler tubes used in a series of Supercritical and Subcritical Thermal Power Projects worth Rs 190 crore. Lupin The global pharma major has received approval from the United States Food and Drug Administration (US FDA) for its Abbreviated New Drug Application for Raltegravir tablets USP, 600 mg. Raltegravir tablets are bioequivalent to Isentress HD tablets from Merck Sharp & Dohme LLC. Lupin is the exclusive first-to-file for this product and is eligible for 180 days of generic drug exclusivity. Raltegravir tablets are indicated, in combination with other antiretroviral agents, for the treatment of human immunodeficiency virus (HIV-1) infection. Bharat Petroleum Corporation The company has awarded contracts for the development of 100 MW windfarm projects—50 MW each in Madhya Pradesh and Maharashtra. The Letter of Award (LOA) has been issued to Suzlon Energy for the 50 MW wind project in Madhya Pradesh and to Integrum Energy Infrastructure for the 50 MW project in Maharashtra. These projects are expected to be completed and commissioned within two years. Mahindra and Mahindra Financial Services The Board has approved a rights issue of 15.44 crore shares worth Rs 2,996.16 crore and fixed the issue price at Rs 194 per share. Eligible shareholders are entitled to one rights equity share for every eight shares held. Brigade Enterprises Brigade Group has acquired an 11-acre land parcel in Whitefield, Bengaluru. The land will be developed into a premium commercial project with a gross leasable area of approximately 1.5 million square feet and a gross development value of over Rs 2,000 crore. One97 Communications (Paytm) One97 Communications, the owner of the Paytm brand, its CEO Vijay Shekhar Sharma, and his brother Ajay Shekhar Sharma, have settled with the markets regulator Sebi over a case pertaining to the company's Employee Stock Options (ESOPs) by paying a total amount of Rs 2.8 crore. As part of the settlement, Vijay will not accept any fresh ESOPs from any listed company for a period of 3 years. In addition, Sebi has directed One97 Communications (OCL) to cancel the ESOPs granted to the two brothers. Accordingly, the ESOPs of 2.1 crore and 2.23 lakh granted to Vijay and Ajay, respectively, were cancelled. SME Listing on May 9 Kenrik Industries Stock Trades Ex-Date for Rights Sattva Sukun Lifecare Stocks Trade Ex-Date for Split Navkar UrbanstructureShantai Industries Stocks Trade Ex-Dividend Bajaj FinanceAnand Rathi WealthCoforgeLaurus LabsBank of MaharashtraTransformers and Rectifiers (India)UCO Bank Stock Trades Ex-Date for Income Distribution (InvIT) Indus Infra Trust Stocks Trade Ex-Date for Spin Off Chembond ChemicalsCP Capital Stocks in F&O ban Central Depository ServicesManappuram FinanceRBL Bank"
08 May 2025,"Titan Company Standalone March 2025 Net Sales at Rs 13,477.00 crore, up 19.72% Y-o-Y",https://www.moneycontrol.com/news/business/earnings/titan-company-standalone-march-2025-net-sales-at-rs-13477-00-crore-up-19-72-y-o-y-13018164.html,,,"Reported Standalone quarterly numbers for Titan Company are: Net Sales at Rs 13,477.00 crore in March 2025 up 19.72% from Rs. 11,257.00 crore in March 2024. Quarterly Net Profit at Rs. 870.00 crore in March 2025 up 10.69% from Rs. 786.00 crore in March 2024. EBITDA stands at Rs. 1,555.00 crore in March 2025 up 23.51% from Rs. 1,259.00 crore in March 2024. Titan Company EPS has increased to Rs. 9.81 in March 2025 from Rs. 8.87 in March 2024. Titan Company shares closed at 3,338.90 on May 06, 2025 (NSE) and has given 6.99% returns over the last 6 months and 2.08% over the last 12 months. "
08 May 2025,"Titan Company Consolidated March 2025 Net Sales at Rs 14,916.00 crore, up 19.39% Y-o-Y",https://www.moneycontrol.com/news/business/earnings/titan-company-consolidated-march-2025-net-sales-at-rs-14916-00-crore-up-19-39-y-o-y-13018111.html,,,"Reported Consolidated quarterly numbers for Titan Company are: Net Sales at Rs 14,916.00 crore in March 2025 up 19.39% from Rs. 12,494.00 crore in March 2024. Quarterly Net Profit at Rs. 871.00 crore in March 2025 up 12.97% from Rs. 771.00 crore in March 2024. EBITDA stands at Rs. 1,653.00 crore in March 2025 up 22.44% from Rs. 1,350.00 crore in March 2024. Titan Company EPS has increased to Rs. 9.82 in March 2025 from Rs. 8.70 in March 2024. Titan Company shares closed at 3,338.90 on May 06, 2025 (NSE) and has given 6.99% returns over the last 6 months and 2.08% over the last 12 months. "
08 May 2025,"Titan Q4 results: Net profit rises 11% to Rs 870 crore, beats estimates",https://www.moneycontrol.com/news/business/earnings/titan-q4-results-net-profit-rises-11-to-rs-870-crore-beats-estimates-13018004.html,Titan Q4 results: Firm declares Rs 11 dividend; revenue rises 20%,"Titan Q4 results: Net profit rises 11% to Rs 870 crore, beats estimates","Jeweller and watchmaker Titan Ltd on May 8 reported net profit of Rs 870 crore for the quarter ended March 31, 2025, an increase of 11% from Rs 786 crore in the year-ago period, thus beating estimates. The Tata-group company's consolidated  revenue rose 20 per cent  to Rs 13,477 crore in the March quarter as against Rs 11,257 crore in Q4FY24, boosted by strong sales in the jewellery and watches segments.  The company declared dividend of Rs 11 per share. According to a Moneycontrol poll of six brokerages, the Caratlane parent was expected to report a 14.6 percent revenue growth at Rs 12,904 crore and net profit was pegged at Rs 824 crore. ""While FY25 was marked by multiple external events that had varying impacts on the businesses in general, Titan’s businesses clocked yet another year of strong 22% revenue growth resulting in the Company crossing the impressive milestone of R 50,000+ crores of revenues for the full year,"" said C K Venkataraman, managing director. Also read: Titan says MD Venkataraman to retire by year-end, Ajoy Chawla announced as his successor On May 8, Titan's shares on BSE closed 0.2% higher at Rs 3,345 apiece. ""As we look forward to FY26, all businesses of Titan Company are focusing on market share expansion in their respective categories and catering to the changing needs of our consumers,"" Venkataraman added. In Q4, EBIT grew by 23 per cent  YoY to R 1,470 crores, while PBT growth was 23 per cent YoY to R 1,218 crores, the company said in a press statement. Segment results The jewellery business which houses brands including Tanishq, Mia & Zoya, saw total income grow 25 per cent to Rs 11,232 crores in the March quarter. The domestic India business grew 23 per cent to Rs 10,845 crore during the same period driven by a  30 per cent   growth in gold jewellery and coins (together)and 12 per cent growth in studded jewellery, Titan said. ""Despite a steep increase in gold prices, the studded and gold coin segments saw buyer growths. Solitaires likewise witnessed a good rebound on the back of good buyer growth, albeit on the lower carat weights,"" the company said adding that  high gold prices, however, are continuing to weigh on consumer sentimentin the near term. Watches & wearables business saw total income jump 20 per cent to Rs 1,126 crores in the quarter, with premium brands like Titan, Xylys, Raga and international brands (via Helios channel), l growing in double-digits. ""Affordable fashion segments are seeing a resurgence on the back of recent product offerings,"" the company said. Meanwhile, eyecare segment posted a 16 per cent total income to Rs 193 crore in the quarter, with  sunglasses sales outpacing  others growing by 52 per cent in the same period The emerging businesses comprising of Indian dress wear ('Taneira’), fragrances, fashion accessories ('F&FA’) recorded a total Income of Rs 102 crores for Q4FY25 growing 5% over Q4FY24"
08 May 2025,"Titan says MD Venkataraman to retire by year-end, Ajoy Chawla announced as his successor",https://www.moneycontrol.com/news/business/titan-ceo-ajoy-chawla-to-take-over-as-managing-director-from-jan-1-2026-13017955.html,"Titan's current MD C K Venkataraman will retire from the services on December 31. He had joined the company in 1990, and took charge as the MD in October, 2019.","Titan MD C K Venkataraman (left), Ajoy Chawla (right)","Titan Company on May 8 announced that Ajoy Chawla, the CEO of its jewellery division, will take over as the Managing Director of the company after current MD C K Venkataraman's retirement in December this year. Chawla will succeed Venkataraman effectively from January 1, 2026. In an exchange filing, Titan Company announced that Venkataraman will retire from the services at the company on December 31 when he attains the age of superannuation, as per the Tata Group's retirement policy. He had joined the company in 1990, and took charge as the MD in October, 2019. ""On behalf of the entire Titan team, I welcome Ajoy to lead Titan in its next phase of innovation and growth. With his strong customer obsession, people orientation, partnering impulse and focus on creating value, Ajoy is well qualified to shepherd Titan towards even greater glory and scale,” Venkataraman said. Titan has seen its jewellery sales and profit grow 2.5x times since Ajoy Chawla took over as the CEO of the company’s jewellery division, Titan said in its exchange filing. ""The formal process to induct Ajoy on the Board of the Company and his appointment as Managing Director of Titan will be completed in due course and the same is subject to the shareholders' approval. The decision relating to Ajoy's successor in the Jewellery Division will be taken subsequently,"" the firm added. Notably, Titan Company is set to release its results for the January-March quarter of financial year 2025 today. Soaring gold prices and rising competition are expected to impact the jewellery player’s bottom line. According to a Moneycontrol poll of six brokerages, the Caratlane-parent is expected to report a 14.6 percent revenue growth at Rs 12,904 crore. Net profit is likely to come in at Rs 824 crore, jumping 7.1 percent from Rs 786 crore in the corresponding quarter last year. Also read: LIVE updates about Q4 results"
07 May 2025,"Titan Company Q4 Preview: Rising gold prices impact demand, single-digit profit growth seen",https://www.moneycontrol.com/news/business/earnings/titan-company-q4-preview-rising-gold-prices-impact-demand-single-digit-profit-growth-seen-13016281.html,"According to a Moneycontrol poll, Titan Company is likely to report a 14.6 percent revenue growth at Rs 12,904 crore.","Titan Company will report its results for the fourth quarter of 2025 on May 8, 2025.","Rakesh Jhunjhunwala’s biggest bet Titan Company is set to report its earnings for the fourth quarter of the fiscal year 2025 on May 8. Soaring gold prices and rising competition are expected to impact the jewellery player's bottom line. According to a Moneycontrol poll of six brokerages, the Caratlane parent is likely to report a 14.6 percent revenue growth at Rs 12,904 crore. Net profit is likely to come in at Rs 824 crore, jumping 7.1 percent from Rs 786 crore in the corresponding quarter last year.  There is a serious divergence in the earnings estimates of different analysts polled by Moneycontrol as some analysts. The most optimistic estimate sees net profit rising 16.7 percent, while the most pessimistic estimate sees profit falling 2.2 percent. What factors are impacting the earnings? On a sequential basis, both net profit and revenue are likely to take a sharp hit as demand slips amid soaring jewellery prices. Rising gold prices: Kotak Institutional Equities modeled ~14 percent YoY growth in standalone jewelry sales (excluding sale of gold bullion; versus 25.5 percent YoY growth in Q2/Q3FY25), weaker than management’s expectation in the beginning of quarter (growth delivery in line with 9M performance), largely due to sharp surge in gold prices (up 15-20 percent since December-end). Margins: The sharp increase in gold prices is expected to impact gross margins. EBIT margins are likely to remain under pressure due to multiple factors, including a lower studded jewelry mix, negative operating leverage, rationalization of gold rate mark-ups, aggressive exchange offers to attract customers, and rising competitive intensity. Segment performance: Motilal Oswal expects healthy double-digit growth in watches,eyewear, and other business. Kotak Institutional Equities expects 14 p growth in watches division and ~17.5 percent growth in eyewear. What to look out for in the quarterly show? Analysts will closely monitor purchase trends as gold prices have been recording fresh highs."
08 Apr 2025,"Sensex soars 1,000 pts, Nifty reclaims 22,500; positive global cues among key factors to fuel market rally",https://www.moneycontrol.com/news/business/markets/sensex-soars-1-100-pts-nifty-reclaims-22-500-positive-global-cues-among-key-factors-to-fuel-market-rally-12988093.html,"Almost all of the 13 major sectoral indices were trading in the green, following a recovery in Asian peers and across the board buying.","Sensex soars 1,200 pts, Nifty reclaims 22,550 to recoup losses; recovery in Asian markets, among other factors fuel relief rally","Benchmark stock indices rebounded sharply on Tuesday, with the BSE Sensex surging over 1,100 points and NSE Nifty reclaiming the 22,500 mark, as investors took comfort from positive global cues. Sensex settled 1,089.18 points or 1.49 percent higher at 74,227.08, while the broader Nifty rallied 374.25 points or 1.69 percent to 22,535.85. The gains helped the indices recover some of the Monday’s sharp losses, when they had logged their worst single-day fall in 10 months. Almost all of the 13 major sectoral indices were trading in the green, following a recovery in Asian peers and across the board buying. Titan, Adani Ports, Bajaj Finserv, State Bank of India, Axis Bank, UltraTech Cement, Larsen & Toubro and Tata Steel were the biggest gainers. Key factors behind market rise today 1) Global recovery supports sentiment: Markets in Asia bounced back strongly, with Japan’s Nikkei 225 rising over 5.5 percent and China’s Shanghai Composite up nearly 1 percent. Investors hoped that the United States may soften its stance on tariffs after initial reactions caused a global sell-off. US markets closed mixed overnight. While the Nasdaq Composite inched up 0.10 percent, the S&P 500 and Dow Jones declined modestly. 2) US-China trade tensions seen as isolated: President Donald Trump threatened an additional 50 percent tariff on Chinese imports if Beijing does not withdraw its retaliatory duties. However, other major economies, including the European Union and Japan, have opened channels for negotiation. ""There are some significant takeaways from the ongoing chaos. One, the trade war is like to be confined to US and China. Others including EU and Japan have opted for negotiations. India has already started negotiations on a BTA with US. Two, the risk of a recession in the US has increased. Three, China is likely to be the worst-hit economy. Trump’s threat of another 50% tariff on China will, if carried out, almost freeze Chinese exports to US,"" said V K Vijayakumar, Chief Investment Strategist at Geojit Financial Services. 3) Robust Indian macros lend support: Experts pointed to India's stable macroeconomic fundamentals as a key support for equities. The Economic Survey for 2024-25 has projected growth in the range of 6.3-6.8 per cent for the current fiscal, with downside risks from global headwinds. ""India’s macros are solid. Growth prospects are healthy, and valuations, especially for largecap stocks, remain fair. These factors make Indian equities relatively attractive,"" added Vijayakumar. Despite Trump tariffs, India’s FY26 GDP growth may touch 6.5% on benign oil prices: Govt official Technical outlook remains cautious ""After reclaiming 22,165, we are now eyeing 22,522 as the next target. However, a spike of nearly 70 percent in India VIX suggests that volatility may remain high,"" said Anand James, Chief Market Strategist at Geojit Investments. James added that the Nifty may see some selling pressure near 22,660 and could consolidate between 22,320 and 22,660 levels in the coming sessions."
08 Apr 2025,"Stocks to Watch Today: Titan Company, Bharat Electronics, KPI Green Energy, M&M, Brigade Enterprises, Lemon Tree Hotels in focus on 8 April",https://www.moneycontrol.com/news/business/markets/stocks-to-watch-today-titan-company-bharat-electronics-kpi-green-energy-m-m-brigade-enterprises-lemon-tree-hotels-in-focus-on-8-april-12987970.html,"Stocks to Watch, 8 Apr: Stocks like IL&FS Engineering and Construction Company, Titagarh Rail Systems, Cyient, Genesys International Corporation, Manappuram Finance, Infonative Solutions, and Spinaroo Commercial will be in focus on April 8.",Stocks to Watch Today,"Let's catch up on the latest news from the stock market. From significant investments to major deals, quarterly earnings, order wins and acquisitions, here’s a quick look at which stocks will be in focus in today's trade: Results Today Transformers and Rectifiers (India) will release its quarterly earnings scorecard on April 8. Quarterly Earnings (Provisional Updates) Titan Company Q4 (YoY) Standalone business recorded a 25% growth Jewellery business (domestic operations) increases 24% on back of significant increase in gold prices Watches & wearables segment (domestic operations) registers 20% growth EyeCare division (domestic operations) clocks 18% growth In emerging businesses, fragrances grows 26%, fashion accessories clocks 12% growth, Taneira's sales down 4% CaratLane reports 22% increase driven by healthy growth in studded portfolio Consolidated retail network grows 72 stores (net) to reach 3,312 stores Auto Sales Mahindra and Mahindra (March YoY) Total production grows 23.5% to 88,701 units Vs 71,814 units Sales increase 19.3% to 79,751 units Vs 66,840 units Exports surge 163.4% to 4,143 units Vs 1,573 units Stocks to Watch Bharat Electronics The company has signed a contract with the Ministry of Defence valued at Rs 2,210 crore for the supply of an electronic warfare (EW) suite for Mi-17 V5 helicopters of the Indian Air Force. With this, BEL has now accumulated orders totalling Rs 2,803 crore in the current financial year. Mahindra and Mahindra The company has incorporated a wholly owned subsidiary named Mahindra Advanced Technologies in Mumbai, Maharashtra. KPI Green Energy The company has terminated the order from Sai Bandhan Infinium for the 66.20 MW hybrid power project under the captive power producer (CPP) segment due to changes in project technical requirements post-receipt of the order. This termination will not have any material financial impact on the company. IL&FS Engineering and Construction Company The company has defaulted on the payment of a Rs 2,628.15 crore loan from banks/financial institutions as of March 2025. Its total financial indebtedness, including short-term and long-term debt, amounts to Rs 3,097.71 crore. Lemon Tree Hotels The company has signed a license agreement for a new hotel property (Keys Prima by Lemon Tree Hotels) in Darjeeling, West Bengal. The property will be managed by its subsidiary, Carnation Hotels, and is expected to open in FY26. Titagarh Rail Systems The Board has approved the re-appointment of Umesh Chowdhary as Vice Chairman, Managing Director, and CEO of the company for five years, effective October 1, 2025. Furthermore, the Board approved the appointment of Vijay Subramanian as Chief Transformation Officer of the company, effective April 7. Brigade Enterprises The company has signed a Joint Development Agreement for a residential project spread across 10 acres and 37 guntas, with a total development potential of around 0.37 million square feet. The gross development value (GDV) of the project is around Rs 225 crore. Bulk Deals Cyient HDFC MF acquired an additional 6.23 lakh shares in the IT company at an average price of Rs 1,099 per share, amounting to Rs 68.56 crore. However, NWBP, as the depository participant (DP) of First State Indian Subcontinent Fund A Sub Fund of FS INVTS ICVS, sold 6.79 lakh shares at an average price of Rs 1,099.72 per share, valued at Rs 74.74 crore. Genesys International Corporation Florida Retirement System sold 2.25 lakh shares in the company at an average price of Rs 547.13 per share. SME Listing on April 8 Infonative SolutionsSpinaroo Commercial Stocks in F&O ban BirlasoftHindustan CopperManappuram Finance"
03 Apr 2025,Gems & Jewellery: Can the sector keep its sparkle amid Trump's tariff blitz,https://www.moneycontrol.com/news/business/markets/gems-jewellery-can-the-sector-keep-its-sparkle-amid-trump-s-tariff-blitz-12983542.html,"With already slim margins of 5-8% and a heavy dependence on imported raw materials, the sector faces a double whammy of weaker rupee and costlier inputs. ",Major players like Titan and Kalyan Jewellers face heightened risks of order cancellations and shrinking margins,"The gems and jewellery sector finds itself caught in a cloud of uncertainty. Akshat Garg, AVP of Research at Choice Wealth helps in dissecting impact of the US tariffs on the gems and jewellery sector. ""The sector's reliance on the American market accounts for nearly 28% of exports (~$10 billion annually). A 26% tariff significantly erodes price competitiveness, especially against rivals like Thailand and Vietnam."" He says that the industry's margins are already running at a thin rate of 5 to 8%, and there is heavy dependence on imported raw materials wherein diamonds and gold constitute ~60% of costs. A weaker rupee further inflates input costs, compounding the pressure on profitability. Major players like Titan and Kalyan Jewellers face heightened risks of order cancellations and shrinking margins, particularly in the premium segment where U.S. consumers dominate demand. For market expert, Ambareesh Baliga, the concern is palpable. “Gems and jewellery exports are crucial,” he says. “Even if reciprocal tariffs soften the blow, the sentiment remains fragile.” It’s not just the numbers; it’s the unease among investors."" He also pointed out that most export-driven players are in the private domain, while public companies like Titan and Kalyan are more India-centric retail plays. Siddharth Bhamre, Head of Research at Asit C Mehta, takes a more balanced view. He believes the reaction may not be as harsh as some fear, but the immediate sentiment will likely be cautious. “People will tread carefully,” he admits. “Even if the impact turns out to be milder, the apprehension itself can weigh on stocks for a while,” he added in the context of the market having mostly priced in the immediate reaction. Siddharth Khemka, Head of Research at MOSL, says that it’s important to separate the retail-driven names from the export-heavy ones. “Not every company will be hit equally,” he explains. “Retail-centric brands like Titan and Kalyan Jewellers may fare better than those dependent on US exports.” Satwik Jain at Generational Capital paints a more layered picture. He believes that while large-cap names with global reach might feel some squeeze, mid-cap and smaller players—rooted in the domestic market—are likely to escape relatively unscathed. Take a look at Rajesh Exports and PC Jewellers in the midcap space while smallcap key names would be Thangamayil Jewellery and TBZ (Tribhovandas Bhimji Zaveri). “We’ve been through such uncertainty before,” he says. “Once things settle, quality names will probably attract buyers again. It’s just about waiting for the dust to clear,"" said market expert Kranti Bathini on an optimistic note. But for now, it’s a classic case of cautious optimism while investors with a discerning eye might still find a few sparkling opportunities amid the cautious mood."
21 Mar 2025,"Trade Spotlight: How should you trade Hindustan Aeronautics, InterGlobe Aviation, Welspun Corp, SBI Card, Gujarat Fluoro, JSW Steel, and others on March 21?",https://www.moneycontrol.com/news/business/markets/trade-spotlight-how-should-you-trade-hindustan-aeronautics-interglobe-aviation-welspun-corp-sbi-card-gujarat-fluoro-jsw-steel-and-others-on-march-21-12971104.html,The momentum is likely to sustain amid possible range-bound trading. Below are some trading ideas for the near term.,Top Stocks to Buy For Short Term,"The benchmark indices hit more than a five-week high on March 20, with the Nifty 50 rising sharply by 1.2 percent as bulls gained more strength. The market breadth was also positive, with 1,640 shares rising compared to 989 shares that corrected on the NSE. The momentum is likely to sustain amid possible range-bound trading. Below are some trading ideas for the near term: Mandar Bhojane, Equity Research Analyst at Choice Broking Mahanagar Gas | CMP: Rs 1,369.7  Mahanagar Gas is showing signs of a potential breakout from a consolidation pattern, typically a bullish reversal signal. The stock has been trading within a defined range for months, forming higher lows, indicating a gradual build-up of buying momentum. It is currently near the 100-day EMA (Exponential Moving Average), having taken strong support at this level, but remains below the 200-day EMA. A sustained move above the 200-day EMA could confirm a trend reversal and attract further bullish sentiment. On the upside, resistance is seen at Rs 1,460, with a breakout potentially pushing the stock toward Rs 1,580. Immediate support is at Rs 1,300, with a stop-loss at Rs 1,250 to manage risk. The RSI (Relative Strength Index) at 60.52 is trending upward, indicating strengthening buying momentum. Strategy: Buy Target: Rs 1,580 Stop-Loss: Rs 1,250 SBI Cards and Payment Services | CMP: Rs 856.85  SBI Card remains in a consolidation phase within a descending channel, indicating short-term range-bound movement. The stock has been forming higher lows, suggesting buying interest at lower levels while facing resistance near Rs 890. It is trading above key EMAs (20-day, 50-day, and 200-day), reflecting a strong trend. Recently, it took support at the 200-day EMA, reinforcing a long-term bullish outlook. Sustaining above these levels could strengthen its position for an upward breakout. On the upside, resistance is observed in the Rs 960 - Rs 1,040 range, with a breakout potentially pushing the stock toward Rs 960. Immediate support is at Rs 840, with a stop-loss at Rs 790 to manage risk. The RSI at 66.72 indicates moderate strength, suggesting room for further upside if buying interest increases. Strategy: Buy Target: Rs 960, Rs 1,040 Stop-Loss: Rs 790 Gujarat Fluorochemicals | CMP: Rs 4,004.2  Gujarat Fluorochemicals is exhibiting a bullish breakout from a consolidation phase after forming a double-bottom pattern, a strong reversal signal indicating potential upward momentum. The stock is trading above key exponential moving averages, signaling a shift in momentum toward bullish territory. The recent breakout above the Rs 3,850 resistance level suggests a change in sentiment, with increased buying pressure driving the stock higher. If the price sustains above this breakout level, further upside potential remains, with the next major resistance at Rs 4,200. A successful move above this level could push the stock toward a target of Rs 4,400. On the downside, immediate support is located at Rs 3,800. The RSI is currently at 66.62 and trending upward, reflecting growing buying momentum. Strategy: Buy Target: Rs 4,400 Stop-Loss: Rs 3,700 Chandan Taparia, Head Derivatives & Technicals, Wealth Management at Motilal Oswal Financial Services InterGlobe Aviation | CMP: Rs 5,086.75  InterGlobe Aviation (IndiGo) has given an ascending triangle breakout on the daily chart with a surge in volumes visible. The ADX (Average Directional Index) Line is headed up, which confirms the strength of the uptrend. Strategy: Buy Target: Rs 5,414 Stop-Loss: Rs 4,932 Hindustan Aeronautics | CMP: Rs 3,819  Hindustan Aeronautics has broken out of a Pole and Flag pattern on the daily chart with a surge in volumes visible. The RSI indicator is rising, which confirms the positive momentum. Strategy: Buy Target: Rs 4,039 Stop-Loss: Rs 3,712 JSW Steel | CMP: Rs 1,050.25  JSW Steel has broken out of a rising channel on the daily chart with higher-than-average traded volumes. The MACD (Moving Average Convergence Divergence) indicator is positively placed, which has bullish implications. Strategy: Buy Target: Rs 1,110 Stop-Loss: Rs 1,020 Om Mehra, Technical Analyst at Samco Securities Welspun Corp | CMP: Rs 872.1  Welspun Corp has given a decisive breakout after a prolonged consolidation phase, signaling renewed bullish momentum. The stock is trading firmly above all key moving averages, indicating underlying strength and the potential for trend continuation. A sustained move above Rs 888 could unlock further upside potential, reinforcing the bullish setup. On the downside, any dip towards the Rs 850 zone could offer a buying opportunity for accumulation. The stock is also holding above the daily Supertrend, further validating the positive structure. The RSI remains in a strong zone, hovering around 70, reflecting sustained buying interest. Additionally, robust volume participation confirms the strength of the breakout, increasing the probability of further upside. Strategy: Buy Target: Rs 960 Stop-Loss: Rs 825 Titan Company | CMP: Rs 3,193.1  Titan Company has shown a strong recovery from recent lows in the latest trading session. The stock has successfully broken above the Rs 3,120 resistance level, indicating renewed buying interest and a potential shift in momentum. The 20-day moving average is turning upward, suggesting the formation of a short-term uptrend. Additionally, the spike in trading volumes confirms strong participation from buyers, adding credibility to the rally. The RSI above 50 signals improving momentum, leaving room for further upside. Any dip towards the Rs 3,150 zone could offer a favourable entry opportunity. Strategy: Buy Target: Rs 3,380 Stop-Loss: Rs 3,030 JSW Infrastructure | CMP: Rs 295.7  JSW Infrastructure displayed notable strength in the last session, gaining 2.92%. The stock has successfully breached the key resistance zone of Rs 277-280, which had been a crucial hurdle for buyers. Now trading comfortably above the 100-day moving average, the price structure signals a continuation of bullish momentum. A strong volume surge over the past two sessions further validates buying interest, indicating heightened participation. The RSI stands at 69, reflecting sustained strength, while a bullish crossover in the daily MACD reinforces the positive outlook. Strategy: Buy Target: Rs 318 Stop-Loss: Rs 284"
20 Mar 2025,Senco Gold shares hit 5% upper circuit for third consecutive day as promoter raises stake,https://www.moneycontrol.com/news/business/markets/senco-gold-shares-hit-5-upper-circuit-for-third-consecutive-day-as-promoter-raises-stake-12970664.html,"In an exchange filing released on March 19, Senco Gold announced that its promoter Jai Hanuman Shri Siddhivinayak Trust has acquired 0.05 percent stake through the open market on March 18.",Senco Gold,"Senco Gold shares jumped 5 percent to remain locked in the upper circuit at Rs 275 apiece on March 20. This comes after the company announced that its promoter has bought 80,400 shares of the company. In an exchange filing released on March 19, Senco Gold announced that its promoter Jai Hanuman Shri Siddhivinayak Trust has acquired the equity shares representing 0.05 percent of the total paid up share capital of the company through the open market on March 18. The said acquisition has taken the promoter's stake in the company to 41.31 percent from its earlier 41.26 percent stake. The total stake held by all promoters and promoter group in the company increased to 64.22 percent from the earlier 64.17 percent following the transaction, as per data released by the company. Notably, Senco Gold shares have seen significant surge recently, being locked in the upper circuit for three consecutive sessions. The stock has rallied nearly 16 percent over the three days. This comes after a strong decline in share price which led to the stock hitting a 52-week low of Rs 227 on March 17. The shares have so far fallen over 51 percent in the last one year. Senco Gold's peer stocks also recorded strong gains on March 20. Kalyan Jewellers shares jumped over 2 percent to close at Rs 464 apiece, while those of Titan Company were up over 3 percent to close at Rs 3,183 apiece. P N Gadgil Jewellers shares however bucked the trend to close in the red with marginal losses at Rs 530 apiece. Notably, this comes as gold prices hit record highs, amid uncertainties over US President Donald Trump's tariffs."
