Date,Title,URL,Article Description,Article Text,Article Content
29 Aug 2025,"Garment, footwear shares rise on hopes that lower GST may spur demand; Trent, Relaxo among key gainers",https://www.moneycontrol.com/news/business/markets/garment-footwear-shares-rise-on-hopes-that-lower-gst-may-spur-demand-trent-relaxo-among-key-gainers-13499019.html,"The top GST panel is expected to recommend that readymade garments and footwear costing up to Rs 2,500 may attract 5 percent GST. ","GST rejig likely for readymade garments, footwear shares. ","Shares of textile and footwear companies were sharply higher in early trade on August 29, in anticipation of benefits from the proposed GST rate rationalisation, which will be taken up by the GST Council next week. News reports suggest that the Group of Ministers (GoM) on rate rationalisation may propose to the council to reduce GST on textile products such as glimped yarn, metallised yarn and rubber thread to 5 percent from the current 12 percent. The panel is also expected to recommend raising the price threshold for readymade garments attracting 5 percent GST to Rs 2,500 from Rs 1,000. Garments priced above Rs 2,500 could attract 18 percent GST compared to 12 percent at present, CNBC-TV18 reported citing people familiar with the developments. For footwear, GST on items priced above Rs 2,500 is likely to be increased to 18 percent from 12 percent. Anticipating these changes, shares of Trent were higher by over 3 percent, making it one of the top gainers on the Nifty 50 index. Siyaram Silk Mills gained 3.55 percent to touch an intraday high of Rs 630 on expectations of higher sales following a lower GST slab. Indiamart Intermesh and Avenue Supermarts also saw buying interest, rising up to a percent intraday. Among footwear stocks, Relaxo Footwears surged 9.34 percent while Khadim India advanced more than 10 percent. The buying comes amid recent declines in textile and leather shares following the imposition of a steep 50 percent tariff on Indian goods entering the United States."
29 Aug 2025,"Trent shares rise 2.35% in early trade, among top Nifty gainers",https://www.moneycontrol.com/news/business/stocks/trent-shares-rise-2-35-in-early-trade-among-top-nifty-gainers-alpha-article-13498956.html,"The stock has a neutral sentiment according to a Moneycontrol analysis as of August 22, 2025.",,"Shares of Trent were trading higher in Friday's session, with the stock price at Rs 5,358.50, a 2.35% increase from the previous close, as of 9:42 am. The stock is a constituent of the Nifty 50 index, and was among its top gainers. Financial Performance: Trent's consolidated financial performance shows consistent growth over the years. Here’s a summary of key financials: Quarterly Results:HeadingJun 2024Sep 2024Dec 2024Mar 2025Jun 2025RevenueRs 4,104.44 CroreRs 4,156.67 CroreRs 4,656.56 CroreRs 4,216.94 CroreRs 4,883.48 CroreNet ProfitRs 335.61 CroreRs 329.29 CroreRs 470.31 CroreRs 312.70 CroreRs 415.49 CroreEPS11.049.5313.998.9512.09The revenue for the quarter-ending June 2025 stood at Rs 4,883.48 Crore, increased by 19% compared to Rs 4,104.44 Crore in June 2024. The net profit for the quarter-ending June 2025 was Rs 415.49 Crore, up from Rs 335.61 Crore in June 2024. Annual Results:Heading20212022202320242025RevenueRs 2,592.96 CroreRs 4,498.02 CroreRs 8,242.02 CroreRs 12,375.11 CroreRs 17,134.61 CroreNet ProfitRs -109.77 CroreRs 29.46 CroreRs 310.22 CroreRs 1,353.89 CroreRs 1,447.91 CroreEPS-4.112.9812.5141.8243.51BVPS66.3267.7974.91115.40153.64ROE-6.314.4717.1336.5528.31Debt to Equity0.000.210.190.120.09The annual revenue increased from Rs 12,375.11 Crore in 2024 to Rs 17,134.61 Crore in 2025. Net profit also rose from Rs 1,353.89 Crore in 2024 to Rs 1,447.91 Crore in 2025. Cash Flow:Mar 2025Mar 2024Mar 2023Mar 2022Mar 2021Operating ActivitiesRs 1,660 CroreRs 1,348 CroreRs 594 CroreRs 58 CroreRs 373 CroreInvesting ActivitiesRs -923 CroreRs -508 CroreRs -102 CroreRs 56 CroreRs 15 CroreFinancing ActivitiesRs -693 CroreRs -629 CroreRs -491 CroreRs -107 CroreRs -371 CroreOthersRs 0 CroreRs 0 CroreRs 0 CroreRs 0 CroreRs 0 CroreNet Cash FlowRs 43 CroreRs 211 CroreRs 0 CroreRs 6 CroreRs 17 CroreBalance Sheet:Mar 2025Mar 2024Mar 2023Mar 2022Mar 2021Share CapitalRs 35 CroreRs 35 CroreRs 35 CroreRs 35 CroreRs 35 CroreReserves & SurplusRs 5,426 CroreRs 4,032 CroreRs 2,559 CroreRs 2,328 CroreRs 2,277 CroreCurrent LiabilitiesRs 2,010 CroreRs 1,541 CroreRs 1,093 CroreRs 653 CroreRs 751 CroreOther LiabilitiesRs 1,947 CroreRs 1,552 CroreRs 4,392 CroreRs 4,708 CroreRs 2,659 CroreTotal LiabilitiesRs 9,419 CroreRs 7,161 CroreRs 8,081 CroreRs 7,726 CroreRs 5,723 CroreFixed AssetsRs 4,047 CroreRs 2,646 CroreRs 4,601 CroreRs 4,764 CroreRs 3,134 CroreCurrent AssetsRs 3,673 CroreRs 3,109 CroreRs 2,377 CroreRs 1,783 CroreRs 1,403 CroreOther AssetsRs 1,698 CroreRs 1,405 CroreRs 1,102 CroreRs 1,178 CroreRs 1,185 CroreTotal AssetsRs 9,419 CroreRs 7,161 CroreRs 8,081 CroreRs 7,726 CroreRs 5,723 CroreContingent LiabilitiesRs 338 CroreRs 315 CroreRs 315 CroreRs 220 CroreRs 205 CroreFinancial Ratios:Mar 2025Mar 2024Mar 2023Mar 2022Mar 2021Basic EPS (Rs.)43.5141.8212.512.98-4.11Diluted Eps (Rs.)43.5141.8212.512.98-4.11Book Value [Excl. Reval Reserve]/Share (Rs.)153.64115.4074.9167.7966.32Dividend/Share (Rs.)5.003.202.201.700.60Face Value11111Gross Profit Margin (%)17.3717.8616.1916.6514.40Operating Margin (%)12.1412.4410.209.744.48Net Profit Margin (%)8.4510.943.760.65-4.23Return on Networth / Equity (%)28.3136.5517.134.47-6.31ROCE (%)28.0927.4012.036.192.33Return On Assets (%)16.4220.765.501.36-2.55Current Ratio (X)1.832.022.172.731.87Quick Ratio (X)0.810.990.931.401.30Debt to Equity (x)0.090.120.190.210.00Interest Coverage Ratios (X)21.486.933.612.461.50Asset Turnover Ratio (%)2.071.621.040.570.37Inventory Turnover Ratio (X)0.000.000.000.000.003 Yr CAGR Sales (%)95.18118.4653.7630.779.633 Yr CAGR Net Profit (%)601.06251.2050.80-47.400.04P/E (x)122.3994.40109.91428.02-182.74P/B (x)34.5734.5118.8319.1911.55EV/EBITDA (x)63.5263.5836.9961.1971.43P/S (x)11.0211.345.9310.0910.30Corporate Actions: Trent has announced several corporate actions including analyst/investor meetings and dividends. Dividends:On April 29, 2025, a final dividend of Rs 5.00 per share (500%) was announced, effective June 12, 2025.On April 29, 2024, a final dividend of Rs 3.20 per share (320%) was announced, effective May 22, 2024.On April 27, 2023, a final dividend of Rs 2.20 per share (220%) was announced, effective May 25, 2023.Bonus Issues:A bonus issue with a ratio of 1:1 was announced on September 21, 1996, with an ex-bonus date of October 22, 1996.A bonus issue with a ratio of 1:2 was announced on August 18, 1994, with a record date of December 15, 1994.A bonus issue with a ratio of 1:2 was announced on November 6, 1989, with an ex-bonus date of November 10, 1989.Rights Issues:A rights issue with a ratio of 4:9 was announced on June 14, 2010, with an ex-rights date of July 8, 2010.Stock Splits:A stock split was announced on June 28, 2016, with an ex-split date of September 12, 2016. The old face value was Rs 10, and the new face value is Rs 1.The stock has a neutral sentiment according to a Moneycontrol analysis as of August 22, 2025."
20 Aug 2025,Trent Intimates Shareholders to Furnish KYC Details,https://www.moneycontrol.com/news/business/markets/trent-intimates-shareholders-to-furnish-kyc-details-alpha-article-13472019.html,Trent Intimates Shareholders to Furnish KYC Details,,"Trent Limited has announced that its board of directors is requesting shareholders holding physical shares to furnish their Know Your Customer (KYC) details. This is to comply with regulatory requirements for updating shareholder information with MUFG Intime India Private Limited, the Registrar and Transfer Agent (RTA) of the company. The intimation aligns with Regulation 30 of the Securities and Exchange Board of India (SEBI) (Listing Obligations & Disclosure Requirements) Regulations, 2015, as amended, and applicable SEBI circulars. The prescribed forms for furnishing KYC details are available on Trent's website at https://trentlimited.com/pages/forms and on the RTA's website at https://web.in.mpms.mufg.com/KYC-downloads.html. MUFG Intime India Private Limited has sent a reminder to update KYC details pursuant to SEBI Master Circular No. SEBI/HO/MIRSD/MIRSD-PoD/P/CIR/2025/91 dated June 23, 2025, and SEBI Circular No. SEBI/HO/MIRSD/MIRSD-PoD-1/P/CIR/2024/81 dated June 10, 2024. The circulars mandate that all listed companies record PAN, Address with PIN code, Mobile Number, Bank Account details, and Specimen Signature of holders of physical securities. Security holders are requested to register their email ID to avail online services. Key points from the circulars include: Dividend/interest payments will be made only through electronic mode with effect from April 01, 2024, upon furnishing all the required details.If a security holder updates the required details after April 01, 2024, they will receive all dividends/interest declared during that period automatically. Shareholders are requested to submit the KYC Form and Form ISR-1, duly signed along with the required supporting documents. The formats for registering updation of KYC details viz. Forms ISR-1 & ISR-2 and SEBI circulars are available on the website as mentioned below: https://in.mpms.mufg.com Resources Downloads KYC Formats for KYC. Shareholders can submit the documents through the following modes: In Person Verification (IPV)In hard copy by furnishing self-attested photocopy(ies) of the relevant document, with date.With e-sign Shareholders are requested to comply with the above requirements at the earliest, which would ensure credit of dividend amount to their bank account in time by the Issuer Company. This is a computer generated letter and hence no signature is required. If you have already submitted the documents for updating KYC or have dematerialised your physical securities, please do not submit the documents again."
19 Aug 2025,Trent shares rise as it makes Gujarat debut with Burnt Toast store,https://www.moneycontrol.com/news/business/markets/trent-shares-in-focus-as-it-makes-gujarat-debut-with-burnt-toast-store-13465310.html,"Trent share price: Trent entered Gujarat with the launch of its first Burnt Toast store in Surat, promising affordable, trendy fashion for the city’s youth",Trent debuts Burnt Toast in Surat,"Shares of Trent rose by a percent to Rs 5,561 per share on August 19 after the company officially marked its entry into Gujarat with the launch of its first-ever store “Burnt Toast” in Surat. In its press release, Trent said, “Burnt Toast caters to a wide spectrum of preferences and budgets with trend-forward, affordable pieces crafted with care. With elevated comfort, trendy silhouettes, and a refined aesthetic, the collection reflects the global aspirations of today’s youth, ensuring there is something for every individual and every style.” Catch all the market action on our LIVE blog Located at Unity Corner, Plot No. 1, Umra South, City Light, the store is expected to redefine affordable fashion in the city. With youthful and fun apparel, Trent aims to connect with Surat’s vibrant audience. Set in the heart of Surat’s bustling City Light area, the store promises a high-energy retail experience. “Offering a wide range of apparel, accessories, and beauty products, Burnt Toast invites Surat’s youth to embrace personal style and set their own trends,” the company added. On the financial front, Trent reported a consolidated net profit of Rs 430 crore in the first quarter of the current financial year (Q1FY26), an increase of 9 percent from Rs 393 crore posted in the same quarter last year. Revenue from operations during April-June rose 19 percent to Rs 4,883 crore from Rs 4,104 crore in the year-ago period. The Tata Group company also reported a sharp rise in operating performance, with operating profit up 38 percent at Rs 847 crore against Rs 613 crore a year earlier. The operating profit margin improved by 240 basis points to 17.35 percent from 14.94 percent. Operating profit is also referred to as earnings before interest, taxes, depreciation and amortisation (EBITDA). As of June-end, Trent had a store network comprising 248 Westside outlets, 766 Zudio stores (including two in the UAE), and 29 stores across other lifestyle concepts. Despite the robust quarterly performance, shares of Trent have fallen over 21 percent so far this year, sharply underperforming the Nifty 50 index which has gained 2 percent during the same period."
19 Aug 2025,"Stocks to Watch Today: BlueStone Jewellery, Aditya Infotech, Vedanta, Hindustan Zinc, Marine Electricals, All Time Plastics, EIL in focus on 19 August",https://www.moneycontrol.com/news/business/markets/stocks-to-watch-today-bluestone-jewellery-aditya-infotech-vedanta-hindustan-zinc-marine-electricals-all-time-plastics-eil-in-focus-on-19-august-13465008.html,"Stocks to Watch, 19 August: Stocks like BlueStone Jewellery, Aditya Infotech, Vedanta, Hindustan Zinc, Marine Electricals, All Time Plastics, Engineers India, GNG Electronics, Seamec, and Goldiam International will be in focus on August 19.","Stocks to Watch Today, 19 August","Let's catch up on the latest news from the stock market. From significant investments to major deals, order wins, acquisitions, and fund raising here’s a quick look at which stocks will be in focus in today's trade: Results Today Aditya Infotech, GNG Electronics, and Vuenow Infratech will release their quarterly earnings on August 19. Stocks to Watch Reliance Industries Reliance Consumer Products, the FMCG subsidiary of Reliance Industries, has forayed into the healthy functional beverage space through the acquisition of a majority stake in a joint venture with Naturedge Beverages. Through this JV, Reliance Consumer Products aims to offer consumers a range of herbal-natural beverages. Vedanta The Board of Directors will meet on August 21 to consider the second interim dividend on equity shares, if any, for the financial year 2025–26. The record date for determining the entitlement of equity shareholders, if the dividend is declared, is fixed as August 27. Hindustan Zinc The Board has approved the setting up of a 10 MTPA tailings reprocessing plant as part of the company’s overall 2X growth plan (i.e., doubling capacity). The project involves a capital expenditure of up to Rs 3,823 crore, aiming to recover metal from tailing dumps. Trent Burnt Toast, the youth-focused fashion label from Trent, has made its debut in Gujarat with the launch of its first-ever store in Surat. Oil and Natural Gas Corporation ONGC Energy Centre Trust (OECT), the research and development arm of ONGC, has entered into a formal agreement with Engineers India (EIL) for the implementation of a Helium Recovery Demonstration Plant at ONGC’s Kuthalam gas collection station in Cauvery Asset, Tamil Nadu. Tata Steel The company’s subsidiary, Tata Steel Advanced Materials (TSAML), has approved the divestment of its entire equity stake (90%) and preference stake (100%) held in Ceramat (CPL) to Lionstead Applied Materials, a wholly owned subsidiary of Lionstead Ventures LLP. With this divestment, TSAML ceases to hold any securities in CPL, and consequently, CPL ceases to be a subsidiary of the company. Sandhar Technologies The company has executed a Share Subscription and Shareholders Agreement (SSSHA) with Clean Renewable Energy KK 1A, acquiring a 4.51% shareholding in the SPV (as per the current shareholding structure) for Rs 2.72 crore. Rainbow Children’s Medicare The company has completed the acquisition of a 76% equity stake and 100% of non-convertible redeemable preference shares (NCRPS) of Pratiksha Women & Child Care Hospital. Seamec The Board has announced the cessation of employment of Rakesh Ayri as Chief Executive Officer, effective August 19, due to non-performance, as evaluated. Nuvoco Vistas Corporation The Board has approved the issuance of non-convertible debentures (NCDs) of up to Rs 600 crore on a private placement basis, in one or more tranches. Enviro Infra Engineers The company has made an additional investment of Rs 25 crore by acquiring equity shares of its subsidiary, EIE Renewables. The investment was made via subscription to 2.5 crore equity shares at a face value of Rs 10 each, offered on a rights basis. Marine Electricals (India) The company has received an order worth Rs 17.36 crore from Allweiler India for the supply of control panels. The delivery will take place over a 36-month period. Oxygenta Pharmaceutical Vankineni Sai Sudhakar has resigned as Managing Director and Chief Financial Officer of the company, effective August 18. DRC Systems India The Board of Directors will meet on August 26 to consider the proposal for raising funds and to discuss other business items, if any. Goldiam International The company has approved the allotment of 61.22 lakh shares to eligible qualified institutional buyers, including Morgan Stanley, LC Pharos Multi Strategy Fund, Nova Global Opportunities Fund, and Saint Capital Fund, at an issue price of Rs 330 per share, amounting to Rs 202 crore. Bulk Deals All Time Plastics Vibhav Manish Chokhani, son of renowned financial expert and investor Manish Chokhani, has acquired 3.5 lakh shares (0.53% stake) in the company at Rs 287.11 per share. Sampann Utpadan India Davos International Fund sold 12.5 lakh shares (3.07% stake) in the company to Isquare Global PE Fund at Rs 32.96 per share. As of June 2025, Davos International Fund held a 4.87% stake in Sampann Utpadan. Kothari Petrochemicals BHK Trading LLP acquired 7.25 lakh shares (1.23% stake) in Kothari Petrochemicals from Arizona Globalservices at Rs 162.35 per share. Mainboard Listing on August 19 BlueStone Jewellery and Lifestyle SME Listing on August 19 Icodex Publishing Solutions Stocks Trade Ex-Dividend Power Grid Corporation of IndiaApollo Hospitals EnterpriseElixir CapitalIndustrial & Prudential Investment CompanyJammu & Kashmir BankNatco PharmaRefex IndustriesR K SwamyShyam Metalics and EnergySilver Touch TechnologiesSumedha Fiscal Services Stock Trades Ex-Date for Income Distribution (InvIT) National Highways Infra Trust Stocks in F&O Ban PG Electroplast,RBL Bank,Titagarh Rail Systems Stock Out of F&O ban PNB Housing Finance"
13 Aug 2025,"Trent to meet analysts, institutional investors on August 20 and 25",https://www.moneycontrol.com/news/business/markets/trent-to-meet-analysts-institutional-investors-on-august-20-and-25-alpha-article-13449142.html,"Trent to meet analysts, institutional investors on August 20 & 25",,"Trent is scheduled to hold meetings with analysts and institutional investors on August 20 and 25, 2025, according to a regulatory filing on August 13, 2025. The meetings are being held pursuant to Regulation 30 of the Securities and Exchange Board of India (Listing Obligations and Disclosure Requirements) Regulations, 2015. The schedule of meetings is as follows: Analyst and Institutional Investor MeetingsDateNames of the Analyst / Institutional InvestorType20th August 2025Antique Stock Broking Flagship Investor Conference25th August 2025Dalal Broacha Portfolio Managers Pvt LtdOne to One meeting The schedule of the meetings is subject to change due to exigencies on either side. The company also noted that no unpublished price sensitive information would be shared during the meetings. Krupa Anandpara, Company Secretary, has authorized the release of this information. Membership No.: A16536 The company's registered office is located at Bombay House, 24 Homi Mody Street, Mumbai 400 001. The company's corporate office is located at Trent House, G-Block, Plot No C-60, Beside CITI Bank, Bandra-Kurla Complex, Bandra (East), Mumbai 400 051. "
11 Aug 2025,Buy Trent; target of Rs 6480: Mirae Asset Sharekhan,https://www.moneycontrol.com/news/business/stocks/buy-trent-target-of-rs-6480-mirae-asset-sharekhan-13434528.html,"Mirae Asset Sharekhan is bullish on Trent has recommended buy rating on the stock with a target price of Rs 6480 in its research report dated August 08, 2025.",buy,"Mirae Asset Sharekhan's research report on Trent Trent’s Q1FY26 profitability beat estimates, with EBITDA margin rising by 223 bps y-o-y to 17.5% (versus 15.2% expected) and PAT growing 24% y-o-y to Rs. 423 crore (against Rs. 368 crore expected). Revenue grew by 20% y-o-y. Revenue growth was driven by store additions (37%/9% y-o-y net additions in Zudio/Westside, respectively) and a low single-digit life-for-like (LFL) growth in the fashion concepts. Gross margins of Westside and Zudio remained consistent. Trent added one Zudio store (net) in Q1, taking the count to 248 Westside stores across 86 cities and 766 Zudio stores across 235 cities at Q1FY26-end. Outlook Stock has corrected by 15% from recent highs and is trading at 49x/40x its FY26E/FY27E EV/EBITDA, respectively. We maintain a Buy with a revised SOTP-based PT of Rs. 6,480. For all recommendations report, click here Trent - 11082025 - khan"
11 Aug 2025,Trent shares rise 2.15% in morning trade on Nifty 50,https://www.moneycontrol.com/news/business/stocks/trent-shares-rise-2-15-in-morning-trade-on-nifty-50-alpha-article-13434396.html,"In summary, Trent's stock is currently trading at Rs 5,431.50, reflecting a 2.15% increase, while the company exhibits strong financial growth and has announced a dividend of Rs 5.00 per share.",,"Shares of Trent gained 2.15% to trade at Rs 5,431.50 in Monday's session. The stock is currently trading among the top gainers on the Nifty 50. This increase reflects a positive movement from its previous close. Here is a summary of Trent's financial performance: Consolidated Quarterly Financials (Rs. Crore)HeadingJun 2024Sep 2024Dec 2024Mar 2025Jun 2025RevenueRs 4,104.44 CroreRs 4,156.67 CroreRs 4,656.56 CroreRs 4,216.94 CroreRs 4,883.48 CroreNet ProfitRs 335.61 CroreRs 329.29 CroreRs 470.31 CroreRs 312.70 CroreRs 415.49 CroreEPS11.049.5313.998.9512.09"
07 Aug 2025,"Trent shares rise 2% after Q1 results, but brokerages flag slow revenue growth; should you buy, sell or hold?",https://www.moneycontrol.com/news/business/markets/trent-shares-rise-2-after-q1-results-but-brokerages-flag-slow-revenue-growth-should-you-buy-sell-or-hold-13411460.html,"Trent share price: Motilal Oswal retained its 'Buy' rating on the stock, but reduced its target price to Rs 6,400 apiece. ",Trent shares rise,"The shares of Trent gained nearly 2 percent in early morning trade on August 7 after the company's Q1 earnings boosted investor sentiment. The shares of the Tata Group company were trading at Rs 5,440 apiece. Trent Ltd, which operates the apparel stores Zudio and Westside, reported a net profit of Rs 423 crore for the April-June quarter of the financial year 2026. This marks a 24 percent on-year rise from the Rs 342 crore net profit reported in the year-ago period. The Tata Group company's revenue from operations meanwhile rose 20 percent on-year to Rs 4,781 crore in Q1 FY26, as against Rs 3,992 crore in Q1 FY25. The consolidated profit rose 9 percent year-on-year (YoY) to Rs 429.7 crore, excluding the exceptional items impact. The Operating EBIT margin for Q1 FY26 stood at 11.4 percent, as against 10.6 percent in Q1 FY25. Should you buy, sell or hold? Motilal Oswal retained its 'Buy' rating on the stock, but reduced its target price to Rs 6,400 apiece. This implies an upside potential of around 19.5 percent from the stock's previous closing price of Rs 5,356 apiece. The domestic brokerage noted that the company delivered a strong EBITDA growth of approximately 37 percent on-year, beating its estimate by around 17 percent, despite a continued deceleration in revenue growth and sharp decline in gross margin. ""The significant margin beat was led by effective cost control—employee expenses fell 7% YoY, while rental costs rose only 7% YoY, despite a 36% increase in retail area, reflecting the strength of Trent’s variable cost structure,"" Motilal Oswal said, while noting that its Star business underperformed with just 7 percent on-year revenue growth, flat like-for-like sales, and a 14 percent on-year drop in revenue per square feet. ""We continue to like Trent for its robust footprint additions, strong double digit growth, long runway for growth in Star (presence in just 10 cities), and potential scale-up of emerging categories (Beauty, Innerwear, Footwear, and LGDs). However, revenue growth acceleration remains a key trigger,"" it added. Bernstein has an 'Outperform' call on the stock, with a target price of Rs 6,500 apiece. This implies an upside potential of more than 21 percent from the stock's previous closing price. The international brokerage however, also highlighted the slowing growth in revenue and significant reduction in revenue per square feet, CNBC-TV18 reported. Citi kept an 'Buy' rating on the stock, but reduced its target price to Rs 7,150 apiece. This implies an upside potential of more than 33 percent from the stock's previous closing price. The international brokerage noted that while the revenue growth slowed down, it is still ahead of the other discretionary players, according to the note cited by the business channel. Nuvama Institutional Equities maintained its 'Hold' rating on the stock, but reduced its target price to Rs 5,850 apiece. This implies an upside potential of more than 9 percent from the stock’s previous closing price. The brokerage said that the Tata Group company delivered strong margin improvement despite lower productivity. Trent share price history: The shares of the company later pared some gains to trade nearly 1 percent higher at Rs 5,396.50 apiece. The stock has gained nearly 8 percent in the past five days, but dropped nearly 2 percent in the past one month. It currently has a P/E ratio of around 125. Also read: Our LIVE blog on stock market updates"
07 Aug 2025,"Stocks to Watch Today: Eternal, Hero MotoCorp, Trent, Bharat Forge, BHEL, Lumax Ind, Fortis Healthcare, Datamatics Global, Bajaj Holdings in focus on 7 August",https://www.moneycontrol.com/news/business/markets/stocks-to-watch-today-eternal-hero-motocorp-trent-bharat-forge-bhel-lumax-ind-fortis-healthcare-datamatics-global-bajaj-holdings-in-focus-on-7-august-13408876.html,"Stocks to Watch, 7 August: Stocks like Eternal, Hero MotoCorp, Trent, Bharat Forge, BHEL, Lumax Industries, Jindal Stainless, Fortis Healthcare, Datamatics Global, Bajaj Holdings, Cash Ur Drive Marketing, and Renol Polychem will be in focus on August 7.","Stocks to Watch Today, 7 August","Let's catch up on the latest news from the stock market. From significant investments to major deals, quarterly earnings, new listings and appointments, here’s a quick look at which stocks will be in focus in today's trade: Results Today Titan Company, Life Insurance Corporation of India, Hindustan Petroleum Corporation. Godrej Consumer Products, Biocon, Cummins India, Metropolis Healthcare, National Aluminium Company, Kalyan Jewellers India, Kalpataru Projects International, Aegis Logistics, Aegis Vopak Terminals, Apollo Tyres, Bajaj Electricals, Birlasoft, Data Patterns (India), Edelweiss Financial Services, Emcure Pharmaceuticals, General Insurance Corporation of India, Indigo Paints, CE Info Systems, Global Health, Medi Assist Healthcare Services, Page Industries, Ramco Cements, Shree Renuka Sugars, and Sai Life Sciences will release their quarterly earnings on August 7. Quarterly Earnings Hero MotoCorp Q1 (Standalone YoY) Profit rises 0.3% to Rs 1,125.7 crore Vs Rs 1,122.6 crore Revenue falls 5.6% to Rs 9,578.9 crore Vs Rs 10,143.7 crore Trent Q1 (Consolidated YoY) Profit grows 8.6% to Rs 424.7 crore Vs Rs 391.2 crore Revenue jumps 19% to Rs 4,883.5 crore Vs Rs 4,104.4 crore Fortis Healthcare Q1 (Consolidated YoY) Profit zooms 53.3% to Rs 266.8 crore Vs Rs 174 crore Revenue surges 16.6% to Rs 2,166.7 crore Vs Rs 1,858.9 crore Raymond Q1 (Consolidated YoY) Profit falls 8.8% to Rs 20.6 crore Vs Rs 22.6 crore Revenue jumps 16.6% to Rs 524.3 crore Vs Rs 449.8 crore Datamatics Global Services Q1 (Consolidated YoY) Profit grows 15.8% to Rs 50.4 crore Vs Rs 43.5 crore Revenue increases 18.7% to Rs 467.6 crore Vs Rs 394 crore Kirloskar Oil Engines Q1 (Consolidated YoY) Profit declines 10.9% to Rs 141.9 crore Vs Rs 159.3 crore Revenue rises 8.1% to Rs 1,763.8 crore Vs Rs 1,631.9 crore Bajaj Holdings & Investment Q1 (Consolidated YoY) Profit zooms 116.5% to Rs 3,486.5 crore Vs Rs 1,610.5 crore Revenue jumps 142.7% to Rs 324.7 crore Vs Rs 133.8 crore Prince Pipes and Fittings Q1 (Consolidated YoY) Profit sinks 80.5% to Rs 4.8 crore Vs Rs 24.7 crore Revenue drops 4% to Rs 580.4 crore Vs Rs 604.5 crore Housing & Urban Development Corporation Q1 (Consolidated YoY) Profit grows 13% to Rs 630.2 crore Vs Rs 557.8 crore Net interest income soars 32.6% to Rs 961 crore Vs Rs 724.6 crore Gujarat Narmada Valley Fertilizers & Chemicals Q1 (Consolidated YoY) Profit tanks 29.7% to Rs 83 crore Vs Rs 118 crore Revenue falls 20.8% to Rs 1,601 crore Vs Rs 2,021 crore Lumax Industries Q1 (Consolidated YoY) Profit grows 5.9% to Rs 36.2 crore Vs Rs 34.2 crore Revenue soars 20.5% to Rs 922.5 crore Vs Rs 765.8 crore Jindal Stainless Q1 (Consolidated YoY) Profit increases 10.2% to Rs 714.2 crore Vs Rs 648.1 crore Revenue rises 8.2% to Rs 10,207.1 crore Vs Rs 9,429.8 crore Raymond Lifestyle Q1 (Consolidated YoY) Loss narrows to Rs 19.8 crore Vs Rs 23.2 crore Revenue jumps 17.2% to Rs 1,430.4 crore Vs Rs 1,220.1 crore VIP Industries Q1 (Consolidated YoY) Loss stands at Rs 13.1 crore Vs profit of Rs 4.04 crore Revenue declines 12.1% to Rs 561.4 crore Vs Rs 638.9 crore Bharat Heavy Electricals Q1 (Consolidated YoY) Loss widens to Rs 455.5 crore Vs loss of Rs 211.4 crore Revenue rises 0.03% to Rs 5,486.9 crore Vs Rs 5,484.9 crore IRCON International Q1 (Consolidated YoY) Profit drops 26.5% to Rs 164.6 crore Vs Rs 224 crore Revenue falls 21.9% to Rs 1,786.3 crore Vs Rs 2,287.1 crore Sula Vineyards Q1 (Consolidated YoY) Profit sinks 86.7% to Rs 1.94 crore Vs Rs 14.6 crore Revenue declines 7.9% to Rs 118.3 crore Vs Rs 128.4 crore Stocks to Watch Eternal Alibaba-backed Antfin Singapore Holding Pte Ltd is likely to sell its entire stake in Eternal, the parent of Zomato, for Rs 5,375 crore through block deal, reported CNBC-Awaaz citing sources. The channel reported that Antfin will sell 18.84 crore shares of the delivery tech company and floor price has been fixed at Rs 285 apiece. Bharat Forge The company has entered into a Business Transfer Agreement (BTA) with its subsidiary, Kalyani Strategic Systems (KSSL), for the transfer of its defence business to KSSL for Rs 453.3 crore. Additionally, the company and KSSL have entered into an Intellectual Property Rights Licensing Agreement. Hindustan Copper The company has executed a Memorandum of Understanding (MoU) with GAIL (India) to jointly participate in copper and critical minerals block auctions, and to develop and operationalise blocks for exploration, mining, and processing of minerals. CreditAccess Grameen Following RBI approval, the microfinance institution has announced the appointment of Ganesh Narayanan as Managing Director and Chief Executive Officer (MD & CEO) for a period of five years. Udaya Kumar Hebbar has been appointed as Non-Executive (Nominee) Director, effective August 5. Bulk Deals Adani Energy Solutions Envestcom Holding RSC has offloaded a total of 2.19 crore shares in the Adani Group company (equivalent to a 1.83% stake) at Rs 790 per share, amounting to Rs 1,736.7 crore. Its shareholding in the company stood at 2.68% at the end of the June quarter. Tube Investments of India Motilal Oswal Mutual Fund has acquired an additional 10.7 lakh shares (equivalent to a 0.55% stake) at Rs 2,919.02 per share, amounting to Rs 312.3 crore. Laxmi India Finance BofA Securities Europe SA has offloaded 2.6 lakh shares in the MSME lender at Rs 125.01 per share. Spandana Sphoorty Financial ACM Global Fund VCC has acquired 1.38 lakh shares in the microfinance institution at Rs 9.95 per share. MVK Agro Food Product Wallfort PMS & Advisory Services LLP has sold 1.2 lakh shares in MVK at Rs 250.05 per share. However, Tushar Bherulal Tepan has purchased 84,000 shares at Rs 250.04 per share, and Nikesh Agro Farms and Infrastructure has acquired 99,600 shares at Rs 253.80 per share. Block Deals Bikaji Foods International Promoters Deepak Agarwal and Shiv Ratan Agarwal have sold 25 lakh shares (0.99% stake) in the company to institutional investors including ICICI Prudential Life Insurance Company, Tata Mutual Fund, HDFC Life Insurance Company, Aditya Birla Sun Life Mutual Fund, and Alphamine Absolute Return Fund at Rs 732 per share. SME Listing on August 7 Cash Ur Drive MarketingRenol Polychem Stocks Trade Ex-Dividend Karur Vysya BankPI IndustriesSharda CropchemSymphonyAvanti FeedsBayer CropScienceCCL Products (India)Chembond ChemicalsDhunseri InvestmentsDisa IndiaEsab IndiaLa Opala RGLinde IndiaLumax IndustriesLumax Auto TechnologiesMysore Petro ChemicalsNava Stock Trades Ex-Date for Bonus Murae Organisor Stock Trades Ex-Date for Income Distribution RITES Mindspace Business Parks REIT Stock in F&O Ban PNB Housing Finance"
06 Aug 2025,"Trent Q1 results: Net profit rises 24% to Rs 423 crore, beats estimates",https://www.moneycontrol.com/news/business/earnings/trent-q1-results-net-profit-rises-24-to-rs-423-crore-beats-estimates-13405452.html,"Trent Q1 results: Revenue rises 20% to Rs 4,781 crore","Trent Q1 results: Net profit rises 24% to Rs 423 crore, beats estimates","Trent Ltd, which operates the apparel stores Zudio and Westside, on August 6 reported 24 per cent jump in standalone net profit at Rs 423 crore for the quarter ended June 30, 2025. It reported net profit of Rs 342 crore in the year-ago period. The firm's revenue rose 20 per cent to Rs 4,781 crore in Q1FY26 as against Rs 3,992 crore in Q1FY25. Meanwhile, the consolidated profit rose 9 per cent year-on-year (YOY) to Rs 429.7 crore, excluding the exceptional items impact. The Operating EBIT margin for Q1FY26 was 11.4 per cent vs 10.6 per cent in Q1FY25. On a consolidated basis, total income rose nearly 19 per cent YOY to Rs 4,883.5 crore, and also rose 16 per cent sequentially. ""The growth in revenues including across comparative micro markets was healthy, notwithstanding early onset of monsoon and geopolitical disruptions. For the fashion portfolio the like for like growth in Q1FY26 was in low single digits. The change in revenue participation across our concepts remains broadly in line with our strategic plans,"" the company said in the press release. Trent operates retail stores under the brand name Westside, Zudio and Star. Shares of Trent settled at Rs 5,335 per share on the NSE, up 0.3 per cent. As of June 30, 2025, Trent’s retail footprint comprised 248 Westside stores, 766 Zudio outlets—including two in the UAE—and 29 stores across its other lifestyle concepts. ""As we pursue the above agenda, we are also adding presence in newer cities across tier 2 / 3 markets,"" the company said. Further, the company said that Westside.com together with its proposition on the Tata Neu platform continues to witness traction. In Q1FY26, online revenues grew by 35 per cent and contributed to over 6 per cent of Westside revenues."
05 Aug 2025,"Trent Q1 Preview: Weak demand, strong competition may impact profit growth",https://www.moneycontrol.com/news/business/earnings/trent-q1-preview-weak-demand-strong-competition-may-impact-profit-growth-13391710.html,"According to a poll of five brokerages, Trent may report a revenue growth of 20 percent year-on-year at Rs 4,793 crore in Q1FY26.",Zudio-parent Trent Ltd,"Zudio and Westside parent Trent Ltd. will share its earnings report for the first quarter of the current financial year on August 6, 2025. The Tata group major already reported 20 percent revenue growth in its business update amid a broad-based demand slowdown. According to a Moneycontrol poll of five brokerages, Trent is likely to report a revenue growth of 20 percent year-on-year at Rs 4,793 crore, higher from Rs 3,992 crore reported during the same quarter last year. Net profit is likely to come in at Rs 366 crore from Rs 342 crore from the corresponding quarter of the previous fiscal year, rising around 7 percent on-year.  The profit estimates of analysts polled by Moneycontrol are not in a narrow range, but they all predict a double-digit expansion in revenue for Trent following the apparel player's business update. The most optimistic estimate sees Trent’s profit rising 16 percent on-year, while the most pessimistic projection sees a rise of around one percent. What factors are impacting the earnings? The topline growth is likely to moderated amid rising competition from peers and weak demand sentiment, noted experts. In its Q1 business update, the firm's management reaffirmed their aspiration of 25 percent-plus growth for the coming few years, but the current run rate falls short of it. ""This forces us to re-evaluate the growth targets for the company and align the same with the current run rate. Underwhelming near-term growth prompts the downgrade to ‘hold’ as the current valuation is too demanding,"" the firm noted. Store Expansion: It is anticipated that Westside and Zudio will expand their presence by adding between 0 and 1 new stores during the first quarter of fiscal year 2026. ""Trent's store count of Westside/Zudio stand at 248/766, implying net addition of 0/1, which involved closure of 1/10 stores each of the formats individually,"" noted Nuvama Institutional Equities. Margins: Margins are likely to soften, as per brokerages, given the Trent's strategy to capture market share and increasing competition. Weak LFL growth: For the third consecutive quarter, Trent's like-for-like momentum is likely tomoderate to low-to-mid-single digit amidst preponement of Eid, rising competition and weak demand sentiment, said Equirus Capital. Nuvama added, ""We estimate LFL growth to be -4 percent. This would also be because of Trent's strategy of cannibalisation from newly opened stores near high-performing locations, a broader demand slowdown, geopolitical headwinds and the natural impact of a high comparative base."" What to look out for in the quarterly show? Analysts will closely monitor demand and the commentary on demand trends in urband areas and tier-3 towns. They will also pay attention to store expansion plans."
01 Aug 2025,Trent shares rise 2.07% in Friday's trading session,https://www.moneycontrol.com/news/business/stocks/trent-shares-rise-2-07-in-friday-s-trading-session-alpha-article-13365918.html,"Trent shares trading at Rs 5,122.00 showing a positive move in Friday's session.",,"Trent's stock showed a positive move in Friday's session, trading at Rs 5,122.00, a 2.07% increase from its previous close, at 10:42 am. This increase places Trent among the gainers on the Nifty 50. Here is a detailed look at Trent's recent financial performance:Financial YearRevenue (Rs. Crore)Net Profit (Rs. Crore)EPS (Rs.)Mar 20212,592.96-109.77-4.11Mar 20224,498.0229.462.98Mar 20238,242.02310.2212.51Mar 202412,375.111,353.8941.82Mar 202517,134.611,447.9143.51The revenue for the year ending March 2025 stood at Rs 17,134.61 Crore, compared to Rs 12,375.11 Crore in March 2024. Net profit for the year ending March 2025 was Rs 1,447.91 Crore, up from Rs 1,353.89 Crore in the previous year. The Earnings Per Share (EPS) increased from Rs 41.82 in March 2024 to Rs 43.51 in March 2025.QuarterRevenue (Rs. Crore)Net Profit (Rs. Crore)EPS (Rs.)Mar 20243,297.70670.1619.81Jun 20244,104.44335.6111.04Sep 20244,156.67329.299.53Dec 20244,656.56470.3113.99Mar 20254,216.94312.708.95The revenue for the quarter-ending March 2025 was Rs 4,216.94 Crore compared to Rs 3,297.70 Crore for the quarter-ending March 2024. The net profit for the quarter-ending March 2025 was Rs 312.70 Crore, a decrease from Rs 670.16 Crore for the quarter-ending March 2024. The EPS stood at Rs 8.95 for the quarter-ending March 2025, compared to Rs 19.81 for the quarter-ending March 2024. The company has announced a final dividend of Rs 5.00 per share, with an effective date of June 12, 2025. In addition, the Board of Directors is scheduled to meet on August 6, 2025, to consider and approve the unaudited standalone and consolidated financial results for the quarter ended June 30, 2025. Trent shares trading at Rs 5,122.00 showing a positive move in Friday's session."
24 Jul 2025,"Trent stock falls 2.5% as Goldman Sachs downgrades it to 'Neutral', extends decline to 3rd day",https://www.moneycontrol.com/news/business/markets/trent-stock-falls-2-5-as-goldman-sachs-downgrades-it-to-neutral-extends-decline-to-3rd-day-13318471.html,Trent shares price declined as Goldman Sachs downgraded the stock and slashed its price target.,"Trent stock falls 2.5% as Goldman Sachs downgrades it to 'Neutral', extends decline to 3rd day.","Shares of Trent Ltd fell for the third consecutive session on Thursday, declining 2.5 percent after global brokerage Goldman Sachs downgraded the stock and slashed its price target. With Thursday’s drop, the stock has lost nearly 3 percent over the past three trading sessions. According to a CNBC-TV18 report, Goldman Sachs downgraded Trent to ‘neutral’ from ‘buy’ and reduced its target price to Rs 5,500 per share from Rs 6,970 earlier—a cut of 21 percent. The brokerage noted that while Trent’s value fashion brand Zudio continues to grow faster than the broader apparel market, the pace of market share gains may be slower than previously anticipated. Trent, which operates Westside and Zudio stores, had earlier reported a 20 percent year-on-year rise in revenue for the quarter ended June in its business update. Revenue stood at Rs 5,061 crore, compared with Rs 4,228 crore in the same quarter last year. As of June 30, 2025, Trent’s store network comprised 248 Westside outlets, 766 Zudio stores—including two in the UAE—and 29 stores under other lifestyle formats. During the quarter, the company opened one Westside and 11 Zudio stores, while consolidating one Westside and 10 Zudio stores. Shares of Trent quoted at Rs 5,202.5 per share on the NSE, down 2.92 percent."
16 Jul 2025,Buy Trent; target of Rs 6650: Motilal Oswal,https://www.moneycontrol.com/news/business/stocks/buy-trent-target-of-rs-6650-motilal-oswal-13284461.html,"Motilal Oswal is bullish on Trent recommended buy rating on the stock with a target price of Rs 6650 in its research report dated July 15, 2025.",buy,"Motilal Oswal's research report on Trent Trent reported revenue growth of 40% YoY, aided by footprint expansion (29%/40% YoY store/area additions) and double-digit LFL (SPSF up 4% YoY). Trent added 16/220 net Westside/Zudio stores and consolidated four other format stores to cross 1,000+ stores across its fashion formats. However, Trent’s growth rate moderated in the past few quarters due to high base and contraction in LFL growth to a mid-single digit by 4QFY25. Despite ~70bp contraction in GM, reported/pre-IND AS 116 EBITDA margin expanded ~35bp/105bp YoY, aided by operating leverage, especially on employee and rental costs (2% YoY decline to ~INR179/sqft per month). Trent’s OCF rose to ~INR10b (vs. INR7.8b YoY), driven by strong profitability, while FCF moderated to INR1.9b (vs. INR4b in FY24) due to higher capex. The company also saw an improvement in its return profile in FY25, backed by higher profitability and asset turns. Outlook Adjusting the value of Star and Zara, the stock is trading at 77x Jun’27E PE for the standalone business (vs. ~90x LT average 1-year forward PE). We reiterate our BUY rating. For all recommendations report, click here Trent - 6072025 - moti"
15 Jul 2025,Trent Board Meeting on August 6 to Approve Q1 FY26 Unaudited Financial Results,https://www.moneycontrol.com/news/business/markets/trent-board-meeting-on-august-6-to-approve-q1-fy26-unaudited-financial-results-alpha-article-13279636.html,"Trent Limited is part of the Tata Group and operates Westside and Zudio chains of fashion retail stores, among other retail ventures.",Trent Board Meeting on August 6 to Approve Q1 FY26 Unaudited Financial Results,"Trent Limited has announced that a meeting of its Board of Directors will be held on Wednesday, August 6, 2025, to consider and approve the unaudited standalone and consolidated financial results for the quarter ended June 30, 2025. The announcement was made on July 15, 2025, following regulatory requirements.In compliance with the ‘Tata Code of Conduct for Prevention of Insider Trading’, the trading window for the company has been closed from Tuesday, June 24, 2025, and will remain closed until Friday, August 8, 2025 (both days inclusive).The notice of the board meeting is also available on the company's website.Details of the Board Meeting:Date: Wednesday, August 6, 2025Purpose: To consider and approve the unaudited standalone and consolidated financial results for the quarter ended June 30, 2025.Trading Window Closure:Start Date: Tuesday, June 24, 2025End Date: Friday, August 8, 2025About Trent Limited:Trent Limited is part of the Tata Group and operates Westside, a chain of fashion retail stores, among other retail ventures. "
10 Jul 2025,"FMCG volume growth seen soft, early monsoon dented demand for summer-related products, says Axis Securities",https://www.moneycontrol.com/news/business/markets/fmcg-volume-growth-seen-soft-early-monsoon-dented-demand-for-summer-related-products-says-axis-securities-13258136.html,"Consumer companies also face stiff regional competition, a rising trend of D2C brands and inventory pressures in trade channels, which has been worsened by a summer season sale that has been largely muted, the note said. ","Investors should also watch out for the effectiveness of recent price hikes, a crucial factor which will need to be monitored in the coming quarters.","The FMCG volume growth for the June quarter is expected to stay soft, as was the trend during the fourth quarter for the last fiscal, with rural India outperforming urban areas due to demand weakness, Axis Securities said in a note ahead of the earnings season, adding that early rains have hurt some of the summer season sales. Consumer companies also face stiff regional competition, a rising trend of D2C brands and inventory pressures in trade channels, which has been worsened by a summer season sale that has been largely muted, the note said. ""Summer-reliant categories such as beverages, ice cream, and talcum powder are likely to witness pressure this quarter,"" the note added, underscoring the impact of unseasonal rain and early monsoon. The note said investors can hope for a recovery in demand and consumer sentiment in the second half of the fiscal. ""Looking ahead, growth momentum is expected to be supported by monetary policy easing, income tax benefits, a healthy monsoon outlook, and government measures aimed at boosting disposable incomes, which could uplift consumer sentiment and drive demand recovery by H2FY26,"" said Axis Securities. Not just volumes, even margins could stay subdued during the June quarter earnings, owing to 'elevated raw material inventory costs and subdued operating leverage', however, easing input prices could provide margin relief from Q2FY26 onward, said the Axis note. In this context, the note has underscored Britannia and DOMS Industries to outperform peers in the FMCG pack in the June quarter earnings, while Trent and D-Mart could do well in the retail space. This is likely on account of a recovery in smaller towns which could help value retailers such as D-Mart while premium retailers like Trent and Ethos are expected to maintain growth momentum. Axis Securities said it expects Britannia to report 8% YoY revenue growth along with a 5% volume growth during the June quarter. Investors should also watch out for the effectiveness of recent price hikes, a crucial factor which will need to be monitored in the coming quarters."
08 Jul 2025,Trent share price falls 2.01% in morning trade,https://www.moneycontrol.com/news/business/stocks/trent-share-price-falls-2-01-in-morning-trade-alpha-article-13241325.html,"The stock's decline reflects broader market sentiment, with shares trading at Rs 5,388.50 as of 11:05 am.",,"Shares of Trent declined by 2.01% to Rs 5,388.50 in Tuesday's session, amid bearish investor sentiment. The stock's movement reflects a broad market trend as of 11:05 am. Financial Snapshot: Here's a look at Trent's key financials based on available data: Consolidated Quarterly Performance:HeadingMar 2024Jun 2024Sep 2024Dec 2024Mar 2025RevenueRs 3,297.70 CroreRs 4,104.44 CroreRs 4,156.67 CroreRs 4,656.56 CroreRs 4,216.94 CroreNet ProfitRs 670.16 CroreRs 335.61 CroreRs 329.29 CroreRs 470.31 CroreRs 312.70 CroreEPS19.8111.049.5313.998.95The quarterly revenue for Trent has fluctuated, with a recent figure of Rs 4,216.94 Crore for the quarter ending March 2025. The net profit for the same period stood at Rs 312.70 Crore, with an EPS of 8.95. Consolidated Yearly Performance:Heading20212022202320242025RevenueRs 2,592.96 CroreRs 4,498.02 CroreRs 8,242.02 CroreRs 12,375.11 CroreRs 17,134.61 CroreNet Profit-109.77 CroreRs 29.46 CroreRs 310.22 CroreRs 1,353.89 CroreRs 1,447.91 CroreEPS-4.112.9812.5141.8243.51BVPS66.3267.7974.91115.40153.64ROE-6.314.4717.1336.5528.31Debt to Equity0.000.210.190.120.09The yearly revenue has shown significant growth, reaching Rs 17,134.61 Crore in 2025 from Rs 2,592.96 Crore in 2021. The net profit has also increased substantially from a loss of Rs -109.77 Crore in 2021 to a profit of Rs 1,447.91 Crore in 2025. EPS has increased from Rs -4.11 in 2021 to Rs 43.51 in 2025.The debt to equity ratio has decreased from 0.21 in 2022 to 0.09 in 2025. Annual Income Statement:Mar 2025Mar 2024Mar 2023Mar 2022Mar 2021SalesRs 17,134 CroreRs 12,375 CroreRs 8,242 CroreRs 4,498 CroreRs 2,592 CroreOther IncomeRs 218 CroreRs 289 CroreRs 260 CroreRs 175 CroreRs 201 CroreTotal IncomeRs 17,353 CroreRs 12,664 CroreRs 8,502 CroreRs 4,673 CroreRs 2,794 CroreTotal ExpenditureRs 15,271 CroreRs 10,548 CroreRs 7,665 CroreRs 4,262 CroreRs 2,679 CroreEBITRs 2,081 CroreRs 2,116 CroreRs 837 CroreRs 410 CroreRs 115 CroreInterestRs 138 CroreRs 319 CroreRs 369 CroreRs 304 CroreRs 248 CroreTaxRs 495 CroreRs 443 CroreRs 158 CroreRs 76 CroreRs -23 CroreNet ProfitRs 1,447 CroreRs 1,353 CroreRs 310 CroreRs 29 CroreRs -109 CroreThe sales for Trent increased by approximately 38.45 percent from Rs 12,375 Crore in March 2024 to Rs 17,134 Crore in March 2025. The net profit also increased from Rs 1,353 Crore in March 2024 to Rs 1,447 Crore in March 2025. Quarterly Income Statement:Mar 2025Dec 2024Sep 2024Jun 2024Mar 2024SalesRs 4,216 CroreRs 4,656 CroreRs 4,156 CroreRs 4,104 CroreRs 3,297 CroreOther IncomeRs 74 CroreRs 59 CroreRs 47 CroreRs 45 CroreRs 76 CroreTotal IncomeRs 4,291 CroreRs 4,715 CroreRs 4,204 CroreRs 4,150 CroreRs 3,374 CroreTotal ExpenditureRs 3,836 CroreRs 4,059 CroreRs 3,710 CroreRs 3,673 CroreRs 2,464 CroreEBITRs 454 CroreRs 656 CroreRs 494 CroreRs 477 CroreRs 909 CroreInterestRs 37 CroreRs 36 CroreRs 33 CroreRs 31 CroreRs 32 CroreTaxRs 104 CroreRs 149 CroreRs 131 CroreRs 110 CroreRs 206 CroreNet ProfitRs 312 CroreRs 470 CroreRs 329 CroreRs 335 CroreRs 670 CroreThe sales for Trent increased by approximately 27.87 percent from Rs 3,297 Crore in March 2024 to Rs 4,216 Crore in March 2025. The net profit decreased from Rs 670 Crore in March 2024 to Rs 312 Crore in March 2025. Cash Flow:Mar 2025Mar 2024Mar 2023Mar 2022Mar 2021Operating ActivitiesRs 1,660 CroreRs 1,348 CroreRs 594 CroreRs 58 CroreRs 373 CroreInvesting ActivitiesRs -923 CroreRs -508 CroreRs -102 CroreRs 56 CroreRs 15 CroreFinancing ActivitiesRs -693 CroreRs -629 CroreRs -491 CroreRs -107 CroreRs -371 CroreOthersRs 0 CroreRs 0 CroreRs 0 CroreRs 0 CroreRs 0 CroreNet Cash FlowRs 43 CroreRs 211 CroreRs 0 CroreRs 6 CroreRs 17 CroreBalance Sheet:Mar 2025Mar 2024Mar 2023Mar 2022Mar 2021Share CapitalRs 35 CroreRs 35 CroreRs 35 CroreRs 35 CroreRs 35 CroreReserves & SurplusRs 5,426 CroreRs 4,032 CroreRs 2,559 CroreRs 2,328 CroreRs 2,277 CroreCurrent LiabilitiesRs 2,010 CroreRs 1,541 CroreRs 1,093 CroreRs 653 CroreRs 751 CroreOther LiabilitiesRs 1,947 CroreRs 1,552 CroreRs 4,392 CroreRs 4,708 CroreRs 2,659 CroreTotal LiabilitiesRs 9,419 CroreRs 7,161 CroreRs 8,081 CroreRs 7,726 CroreRs 5,723 CroreFixed AssetsRs 4,047 CroreRs 2,646 CroreRs 4,601 CroreRs 4,764 CroreRs 3,134 CroreCurrent AssetsRs 3,673 CroreRs 3,109 CroreRs 2,377 CroreRs 1,783 CroreRs 1,403 CroreOther AssetsRs 1,698 CroreRs 1,405 CroreRs 1,102 CroreRs 1,178 CroreRs 1,185 CroreTotal AssetsRs 9,419 CroreRs 7,161 CroreRs 8,081 CroreRs 7,726 CroreRs 5,723 CroreContingent LiabilitiesRs 338 CroreRs 315 CroreRs 315 CroreRs 220 CroreRs 205 CroreFinancial Ratios:Mar 2025Mar 2024Mar 2023Mar 2022Mar 2021Basic EPS (Rs.)43.5141.8212.512.98-4.11Diluted Eps (Rs.)43.5141.8212.512.98-4.11Book Value [Excl. Reval Reserve]/Share (Rs.)153.64115.4074.9167.7966.32Dividend/Share (Rs.)5.003.202.201.700.60Face Value11111Gross Profit Margin (%)17.3717.8616.1916.6514.40Operating Margin (%)12.1412.4410.209.744.48Net Profit Margin (%)8.4510.943.760.65-4.23Return on Networth / Equity (%)28.3136.5517.134.47-6.31ROCE (%)28.0927.4012.036.192.33Return On Assets (%)16.4220.765.501.36-2.55Current Ratio (X)1.832.022.172.731.87Quick Ratio (X)0.810.990.931.401.30Debt to Equity (x)0.090.120.190.210.00Interest Coverage Ratios (X)21.486.933.612.461.50Asset Turnover Ratio (%)2.071.621.040.570.37Inventory Turnover Ratio (X)0.000.000.000.000.003 Yr CAGR Sales (%)95.18118.4653.7630.779.633 Yr CAGR Net Profit (%)601.06251.2050.80-47.400.04P/E (x)122.3994.40109.91428.02-182.74P/B (x)34.5734.5118.8319.1911.55EV/EBITDA (x)63.5263.5836.9961.1971.43P/S (x)11.0211.345.9310.0910.30Corporate Actions: Trent Ltd. has seen several corporate actions. Recent announcements include clarifications on volume movement in the company's shares. The exchange sought clarification from Trent Ltd on July 7, 2025, regarding volume movement. Additionally, a certificate under Regulation 74(5) of the SEBI (DP) Regulations, 2018 was issued for the quarter ended June 30, 2025. Dividends: Trent has consistently issued dividends. A final dividend of Rs 5.00 per share (500%) was announced on April 29, 2025, with an effective date of June 12, 2025. Prior dividends include Rs 3.20 per share in 2024 and Rs 2.20 per share in 2023. Bonus & Splits: The company has a history of bonus issues, including a 1:1 bonus ratio announced on September 21, 1996. A stock split was announced on June 28, 2016, with an ex-split date of September 12, 2016. Rights: Trent has also issued rights, with the most recent being announced on June 14, 2010, in the ratio of 4:9. Moneycontrol analysis on 2025-07-04 indicates bearish sentiment on the stock. The stock's decline reflects broader market sentiment, with shares trading at Rs 5,388.50 as of 11:05 am."
04 Jul 2025,Gainers & Losers: 10 stocks that moved the most on July 4,https://www.moneycontrol.com/news/business/markets/gainers-losers-10-stocks-that-moved-the-most-on-july-4-3-13230855.html,"Sensex rose over 193 points (0.23 percent) to close at 83,433. Nifty meanwhile gained around 56 points (0.22 percent) to end the session at 25,461. ",Top Gainers & Losers today,"Indian stock markets witnessed significant volatility on July 4, as possible India-US trade deal and SEBI's order on Jane Street resulted in significant ups and downs in the benchmarks. Sensex rose over 193 points (0.23 percent) to close at 83,433. Nifty meanwhile gained around 56 points (0.22 percent) to end the session at 25,461. Broader markets however closed on a muted note, with midcap index closing marginally lower and smallcap slightly higher. Oil and realty stocks led gains, while metals dragged the market. Here are the stocks which moved the most today. Paras Defence: Paras Defence Defence stocks saw a significant surge on July 4 after the Defence Acquisition Council (DAC) approved capital acquisition proposals worth approximately Rs 1.05 lakh crore. Paras Defence shares jumped 10% to hit the upper circuit after adjusting to stock split. Marico: Marico FMCG player Marico Ltd's shares jumped 2% as its business update for the quarter ended June 30, 2025 impressed investors. ""During the quarter, the sector exhibited consistent demand patterns, marked by improving trends in rural markets and steady urban sentiment. We expect gradual improvement in the quarters ahead, supported by easing inflation, a favourable monsoon season and policy stimulus,"" said the FMCG player. Sapphire Foods: Sapphire Foods Sapphire Foods shares rallied over 9% intraday on July 4 after a report said that Yum! Brands, the American owner of popular food chains KFC and Pizza Hut, is in talks to facilitate the merger of its two franchisee partners in India, Devyani International Ltd (DIL) and Sapphire Foods. CreditAccess Grameen CreditAccess Grameen CreditAccess Grameen shares gained nearly 3%. The NBFC said that it has recorded its highest first quarter disbursement and strong business momentum in Q1 FY26. The company added nearly 2 lakh new borrowers during the quarter under review. Indraprastha Gas Limited (IGL): IGL Shares of Indraprastha Gas Limited (IGL) and Mahanagar Gas Ltd (MGL) rose up to 3.5% as the Petroleum and Natural Gas Regulatory Board has approved reforms to the Natural Gas Pipeline Tariff Regulations, 2025. PC Jeweller: PC Jeweller PC Jeweller share price jumped 20% after the company reported around 80 percent growth in revenue during the April-June quarter of this financial year on strong demand and said it will become debt free this fiscal. Nuvama Wealth Management: Nuvama Wealth Management is Jane Street's Indian trading partner SEBI has restrained Jane Street Group from accessing the local securities market, dealing a severe hit to the US trading firm that generated more than $2.3 billion in net revenue from equity derivatives in the South Asian nation last year. Nuvama Wealth Management is Jane Street's domestic trading partner. At close, shares of the firm tumbled 10.6% to Rs 7,310. Shares of Asia's oldest bourse BSE were quoting Rs 2,639, down 6.4 percent. Trent: Trent Zudio and Westside operator Trent Ltd shares sank over 11% in trade after posting its business update for the quarter ended June. For the first quarter of the current financial year, Trent posted a revenue of Rs 5,061 crore, around 20 percent higher on-year from Rs 4,228 crore reported in the same quarter last year. As of 30th June 2025, the value retailer's store portfolio included 248 Westside, 766 Zudio (including 2 in UAE) and 29 stores across other lifestyle concepts. It opened one Westside store and 11 Zudio stores, but consolidated one Westside and 10 Zudio stores during the quarter. Angel One: Angel One Angel One shares declined 6% after the brokerage reported a sharp drop in its gross client acquisition for June. According to the company’s exchange filing, gross client acquisition fell 41.5 percent year-on-year to 5.5 lakh in June. On a month-on-month basis, however, the number rose 9.3 percent. HDB Financial Services: HDB Financial Services After two days of recording notable gains since debuting on the stock markets, HDB Financial Services shares lost steam and traded in the red on July 4. The shares of the company dropped 2%. The newly-listed stock has now snapped a two-day gaining streak, during which it rallied 17 percent from its issue price. "
04 Jul 2025,"Sensex slips 400 pts from day's high, Nifty below 25,350: Trade deal jitters among key factors behind market decline",https://www.moneycontrol.com/news/business/markets/sensex-slips-400-pts-from-day-s-high-nifty-below-25-350-trade-deal-jitters-among-key-factors-behind-market-decline-13229598.html,"Markets turned cautious after US President Donald Trump said his administration would start issuing letters to trading partners detailing tariff rates, as part of the final phase of negotiations.","Sensex, Nifty see profit-booking in trade on July 4. ","The equity benchmarks Sensex and Nifty opened marginally higher on Friday, tracking gains in global markets and banking stocks, but later pared all early gains amid caution ahead of India’s anticipated trade agreement with the United States. Sensex rose 193.42 points or 0.23 percent to settle at 83,432.89. During the session, it hit an intra-day high of 83,477.86 and a low of 83,015.83, a swing of 462.03 points. The broader Nifty advanced 55.70 points or 0.22 percent to settle at 25,461. Among the laggards in early trade were Trent, Tata Steel, Tech Mahindra and Maruti. Key reasons for the market pullback 1) Trade deal uncertainty: Markets turned cautious after US President Donald Trump said his administration would start issuing letters to trading partners detailing tariff rates, as part of the final phase of negotiations. Trump stated that letters would be sent to 10-12 countries on Friday, with tariff ranges between 60-70 percent and 10-20 percent. These tariffs are scheduled to come into effect from August 1. While deals have been reached with the UK and Vietnam, and a temporary truce is in place with China, investors remained on the sidelines ahead of the July 9 deadline. ""Domestic equity markets have continued to consolidate this week after a sharp 15% rise in the last four month as investors remain watchful of a potential trade agreement,"" said Vinod Nair, head of research at Geojit Investments. Donald Trump says countries will have to start paying tariffs from August 1 2) Persistent FII selling: Foreign Institutional Investors (FIIs) sold equities worth Rs 1,481.19 crore on Thursday, according to exchange data. Continuous outflows by FIIs tend to put pressure on the domestic market and reflect risk aversion among global investors. 3) Jane Street barred by SEBI: Shares of capital market-related firms declined sharply after the Securities and Exchange Board of India (SEBI) barred US-based trading firm Jane Street from participating in the Indian equity markets. The move triggered concerns over regulatory scrutiny in the segment. ""While the order could stir some short-term unease, it's clearly case-specific and unlikely to trigger a broad foreign investor exit,"" said Kranthi Bathini, director - equity strategy at WealthMills Securities told Reuters. Technical outlook Anand James, Chief Market Strategist at Geojit Financial Services, said, “Though upswings evolved as expected, the 25,588 region acted as a resistance, leading to a quick pullback in buying interest. This has resulted in a retest of the previous day’s low, raising the possibility of the Nifty falling towards 25,300 — a target we had outlined at the beginning of the week.” He added that hourly indicators are currently oversold, suggesting chances of another upswing without slipping much below 25,377, the 10-day simple moving average. “If this level is breached, a move towards 25,000 cannot be ruled out,” James said."
04 Jul 2025,Trent shares settle 11% on lower-than-expected growth in Q1; Nuvama downgrades to 'hold',https://www.moneycontrol.com/news/business/markets/trent-shares-sink-7-on-lower-than-expected-growth-in-q1-nuvama-downgrades-to-hold-13229150.html,"Trent posted a revenue of Rs 5,061 crore in Q1 of FY2026, 20 percent higher YoY from Rs 4,228 crore reported in Q1 of FY2025.","Trent shares have traded flat over the past year, rising around two percent.","Zudio and Westside operator Trent Ltd shares sank over twelve percent in tradem on Friday, July 4, after posting its business update for the quarter ended June. For the first quarter of the current financial year, Trent posted a revenue of Rs 5,061 crore, around 20 percent higher on-year from Rs 4,228 crore reported in the same quarter last year. As of 30th June 2025, the value retailer's store portfolio included 248 Westside, 766 Zudio (including 2 in UAE) and 29 stores across other lifestyle concepts. It opened one Westside store and 11 Zudio stores, but consolidated one Westside and 10 Zudio stores during the quarter. In a note, Nuvama Institutional Equities said, ""Trent disappointed on near-term growth expectations in its core fashion business, which is expected to deliver ~20 percent growth in Q1FY26, sharply down from its five-year CAGR of 35 percent (FY20–25)."" The firm's management reaffirmed their aspiration of 25 percent-plus growth for the coming few years, but the current run rate falls short of it. ""This forces us to re-evaluate the growth targets for the company and align the same with the current run rate. Underwhelming near-term growth prompts the downgrade to ‘hold’ as the current valuation is too demanding."" As a result of the slowdown in growth, Nuvama downgraded the stock to 'hold', with a revised target price of Rs 5,884, down from Rs 6,627 earlier. On the flip side, Morgan Stanley has an 'overweight' rating on Trent with a target of Rs 6,359, citing its goal to grow revenue 10x from FY23 levels. It expects a 25–30 percent CAGR over the next five years. The company plans to add 250 stores annually and sees room for multiple players despite rising competition. At close, shares of the firm were quoting Rs 5,487, down 11.4 percent. Follow our market blog to catch all the live updates"
27 Jun 2025,Gainers & Losers: Top 10 stocks that moved the most on June 27,https://www.moneycontrol.com/news/business/markets/gainers-losers-top-10-stocks-that-moved-the-most-on-june-27-13192917.html,"Indian stock markets ended higher on June 27, with benchmark indices Sensex and Nifty rising over 0.35% each, and Nifty Bank hit a record high. ",Top gainers and losers,"Benchmark indices Nifty and Sensex recorded a higher close for a fourth session on June 27, with Nifty making a nine-month high and Nifty Bank closing at all-time high. Sensex closed 303.03 points or 0.36 percent higher at 84,058.90, while Varun Beverages ended the session 88.80 points or 0.35 percent higher at 25,637.80. Easing geopolitical tensions following the Israel-Iran ceasefire and optimism around a potential US-India trade deal have been key tailwinds for the rally. Here are the stocks that moved the most on June 27: IndusInd Bank IndusInd Bank shares sharply surged nearly 4 percent in trade on June 27, after CNBC-TV18 reported that Axis Bank's Rajiv Anand is a strong candidate for the CEO position. HDFC Bank's Rahul Shukla and Bajaj Finance's Anup Saha are also likely to be running for the role, the channel said, citing sources. Jio Financial Services Jio Financial Services shares rose over 4 percent intraday on Friday after the Securities and Exchange Board of India (SEBI) approved Jio BlackRock Broking to function as a stockbroker. Adani Enterprises Adani Enterprises shares closed over 2 percent higher, tracking gains in metal shares after White House Press Secretary said the July 9 deadline for reimposition of tariff on imports was 'not critical' and could be extended, but it is for the President to decide. Varun Beverages Varun Beverages shares rose 2 percent in trade, snapping a two-day losing streak after HSBC retained its buy rating and said the recent correction in the stock has been unwarranted. With a price target of Rs 670 per share, the international brokerage implies an upside potential of over 46 percent from the last closing price of Rs 458 per share on the NSE. State Bank of India (SBI) Shares of State Bank of India gained over a percent on June 27 after CLSA maintained an outperform rating on the lender, citing the bank's strong positioning in the coming quarters. With a target price of Rs 1,050 per share, the brokerage implies an upside potential of 32 percent from the last close of Rs 797 per share on the NSE. SBI has continued to gain market share for the fourth consecutive year, not only from PSU peers but also from some private sector banks. While deposit growth was modest, its CASA performance outpaced that of peers, CLSA said. Torrent Pharma Torrent Pharma shares rose 4 percent in trade after global brokerage JPMorgan upgraded the stock to ‘Overweight’, citing strong growth levers in the coming quarters. With a target price of Rs 3,800, JPMorgan implies an upside potential of 18 percent from the last closing price. The previous target price given by the brokerage was Rs 3,650. Akzo Nobel India Shares of paints major Akzo Nobel India rallied over six percent in early trade after JSW Paints agreed to acquire up to 74.76 percent stake in the company. JSW Paints signed agreements to acquire up to 74.76 percent stake in Akzo Nobel India from its parent company and affiliates for up to Rs 8,986 crore, subject to final adjustments, the company said in a filing. The deal will need approval from the Competition Commission of India and includes a mandatory open offer to public shareholders. Prime Focus Shares of Prime Focus rose sharply on Friday, rising as much as 20 percent in trade amid strong volumes, marking the third consecutive session of gains. In a large block deal during opening trade, around 15.1 million shares of Prime Focus were exchanged, contributing to the spike in volume. Zudio-parent Trent Zudio-parent Trent shares fell over a percent as investors may have resorted to profit booking at elevated levels in the stock that is trading at a P/E of 135x. Axis Bank Axis Bank shares closed in the red after a significant rise the previous day. However, the Nifty Bank index had hit a fresh lifetime high today, breaking its previous day's record."
23 Jun 2025,"Sensex rises 500 pts from day's low, Nifty near 25,000: 5 reasons behind sharp market reversal",https://www.moneycontrol.com/news/business/markets/sensex-rises-500-pts-from-day-s-low-nifty-near-25-000-3-reasons-behind-sharp-market-reversal-13163861.html,"Sensex, Nifty rebounded, as easing crude oil prices and stable global cues helped lift investor sentiment.","Sensex, Nifty staged a sharp recovery on Monday.","The benchmark equity indices staged a strong rebound on Monday after falling sharply in early trade, as easing crude oil prices, stable global cues and muted market volatility helped lift investor sentiment. The Sensex had crashed 931.41 points or 1.13 percent during the day but later pared most losses to recover nearly 500 points to trade at 81,931.32 at around 3 PM. The broader Nifty also declined to an intraday low of 24,824.85, down 287.55 points or 1.14 percent, before recovering above the 24,950 mark. Trent, Bharat Electronics, Hindalco Industries, Bajaj Finance and Adani Enterprises were among the major gainers, rising up to 4 percent. Here are five key factors that contributed to the sharp market reversal: 1) Cooling crude oil prices: Brent crude, which had surged to an intraday high of USD 77.66 per barrel amid geopolitical concerns, eased to USD 75.69 by 3 PM IST. The initial spike had raised worries over imported inflation, but the pullback in oil prices provided some relief to the markets. 2) India VIX retreats: India VIX, the benchmark index for measuring market volatility, eased to 14.06 levels, up 2.83 percent. The moderation in volatility was seen as a sign of reduced fear among market participants. 3) Positive global cues: Wall Street Futures reversed losses in late afternoon trade (India time), helping improve overall risk sentiment. Earlier, US markets had reacted negatively to US strikes on Iranian nuclear facilities. However, Asian markets, including Hong Kong’s Hang Seng and Shanghai Composite, were trading up to 1 percent higher. 4) Risk to domestic markets seen as limited:  The market analysts believe the fallout from US strikes on Iranian nuclear sites may not escalate further. ""Even though the US bombing of Iran’s three nuclear facilities has worsened the crisis in West Asia, the impact on the market is likely to be limited. The market assessment is that there are limits to what Iran can do against US and Israel,"" VK Vijayakumar, Chief Investment Strategist at Geojit Financial Services said. 5) Strait of Hormuz remains open: Despite Iran’s Parliament approving a proposal to close the Strait of Hormuz, the key sea route remained open as of Monday afternoon. ""Even though the possibility of the closure of Hormuz Strait is a threat, it is important to understand that this has always been only a threat and the Strait had never been closed. The fact is that the closure of Hormuz Strait will harm Iran and Iran’s friend China more than anyone else. The market construct continues to favour a ‘buy on dips’ strategy,"" Vijayakumar added."
23 Jun 2025,Trent Shares Rise Over 2% In Today's Trading Session,https://www.moneycontrol.com/news/business/stocks/trent-shares-rise-over-2-in-today-s-trading-session-alpha-article-13162815.html,"Trent shares have demonstrated positive momentum, supported by strong financial metrics and a bullish market outlook.",,"During today's trading session, Trent shares experienced a gain of 2.05%, reaching Rs 6,018.50. This increase reflects a positive shift in investor sentiment. The stock is a constituent of key indices, including the NIFTY 50 and NIFTY 100. According to Moneycontrol analysis as of June 18, 2025, a very bullish sentiment surrounds Trent.Financial Performance OverviewTrent's financial performance demonstrates consistent growth in revenue and net profit. The following sections provide a detailed review of the company's consolidated financials.Quarterly PerformanceTrent has shown steady revenue growth over the recent quarters. Key revenue figures are detailed below:QuarterRevenue (Rs Crores)Mar 20243,297.70Jun 20244,104.44Sep 20244,156.67Dec 20244,656.56Mar 20254,216.94The company's net profit has varied over the quarters, reflecting its operational dynamics. The net profit figures are as follows:QuarterNet Profit (Rs Crores)Mar 2024670.16Jun 2024335.61Sep 2024329.29Dec 2024470.31Mar 2025312.70Earnings per share (EPS) data provides insights into Trent's profitability on a per-share basis:QuarterEPS (Rs)Mar 202419.81Jun 202411.04Sep 20249.53Dec 202413.99Mar 20258.95Annual PerformanceTrent’s annual financial performance indicates growth across key metrics. The table summarizes the company's performance over the past five years.YearRevenue (Rs Crores)Net Profit (Rs Crores)EPS (Rs)BVPS (Rs)ROE (%)Debt to Equity20212,592.96-109.77-4.1166.32-6.310.0020224,498.0229.462.9867.794.470.2120238,242.02310.2212.5174.9117.130.19202412,375.111,353.8941.82115.4036.550.12202517,134.611,447.9143.51153.6428.310.09Cash Flow AnalysisTrent's cash flow from operating activities has been consistently positive, reflecting operational efficiency. The table details the cash flow activities.YearCash Flow from Operating Activities (Rs Crores)Cash Flow from Investing Activities (Rs Crores)Cash Flow from Financing Activities (Rs Crores)Net Cash Flow (Rs Crores)Mar 20251,660-923-69343Mar 20241,348-508-629211Mar 2023594-102-4910Mar 20225856-1076Mar 202137315-37117Balance Sheet SnapshotThe balance sheet data indicates a stable financial structure, characterized by increasing reserves. Key figures are summarized in the table:YearShare Capital (Rs Crores)Reserves & Surplus (Rs Crores)Current Liabilities (Rs Crores)Total Liabilities (Rs Crores)Fixed Assets (Rs Crores)Current Assets (Rs Crores)Total Assets (Rs Crores)Mar 2025355,4262,0109,4194,0473,6739,419Mar 2024354,0321,5417,1612,6463,1097,161Mar 2023352,5591,0938,0814,6012,3778,081Mar 2022352,3286537,7264,7641,7837,726Mar 2021352,2777515,7233,1341,4035,723Key Financial RatiosThe table presents key financial ratios providing insights into Trent's profitability, valuation, and leverage.RatioMar 2025Mar 2024Mar 2023Mar 2022Mar 2021Basic EPS (Rs.)43.5141.8212.512.98-4.11Book Value/Share (Rs.)153.64115.4074.9167.7966.32Dividend/Share (Rs.)5.003.202.201.700.60P/E (x)122.3994.40109.91428.02-182.74P/B (x)34.5734.5118.8319.1911.55Debt to Equity (x)0.090.120.190.210.00With a P/E ratio of 122.39 as of March 2025, Trent exhibits a significant market valuation relative to its earnings. Trent shares have demonstrated positive momentum, supported by strong financial metrics and a bullish market outlook."
20 Jun 2025,"Bulls charge on D-Street! Nifty tops 25,100, Sensex snaps 3-day losing streak amid broad-based buying",https://www.moneycontrol.com/news/business/markets/bulls-charge-on-d-street-nifty-tops-25-000-sensex-snaps-3-day-losing-streak-amid-broad-based-buying-13152565.html,"Nifty 50 and Sensex rallied over one percent each in trade on June 20, snapping a three-session losing streak as optimism returned to Dalal Street.","Bank Nifty topped the 56,000 level in trade on June 20. ","Bulls returned to Dalal Street, embarking on a broad-based buying spree to send the equity benchmarks Nifty 50 and Sensex rallying over one percent in trade on Friday, June 20, with heightened buying in the last hour of trade. As fears of further escalation in the Middle East ebbed, and foreign institutional investors resume buying in the cash markets, the Nifty 50 reclaimed the 25,000 mark, while the 30-share Sensex has rallied nearly 800 points, after snapping a three-session long losing streak. At close, the Sensex was up 1,046.30 points or 1.29 percent at 82,408.17, and the Nifty was up 319.15 points or 1.29 percent at 25,112.40. About 2366 shares advanced, 1427 shares declined, and 149 shares unchanged. The buying spree was extremely broad-based, with all sectors trading with solid gains. Auto, metal, and real estate stocks also jumped, with the Nifty Realty index soaring 1.7 percent in trade. Banking, financial services, and insurance stocks rallied as the Reserve Bank of India finalised the new project financing guidelines. The Bank Nifty index reclaimed the 56,000 mark, while the PSU bank index surged 1.4 percent. The broader markets also soared, rising in tandem with the frontlines. The Nifty Midcap 100 and the Nifty Smallcap 100 indices gained 1.3 percent and 1.1 percent, each, indicating participation across the market breath. Follow our market blog to catch all the live updates On June 19, the RBI released the final directions on project finance norms, asking lenders to maintain general provision of 1.25 percent on Commercial Real Estate (CRE), and 1 percent each on Commercial Real Estate-Residential Housing (CRE-RH) and other portfolio during the construction phase. The final directions are softer than those in the draft norms, posing as a positive for lenders. The May 2024 draft proposal suggested five percent standard assets provisioning for under-construction projects. The final regulations give lenders a much-needed respite. Further, the semi-annual Sensex rejig is slated to take place today, with PSU Bharat Electronics and retail giant Trent entering the 30-share headline index, while troubled private lender IndusInd Bank, along with FMCG major Nestle India slated to exit. According to technical analysts, the 24720-24,700 level on the Nifty 50 is identified as a critical support zone. A breach of this level may lead to an escalation in selling activity towards the 24,600-24,500 zone in the near term. Conversely, 24,900-25,000 represents a significant resistance point and until a decisive breakout occurs above this level, it is advisable to maintain a cautious position in elevated areas. ""Considering the current market conditions, it is advisable to exercise caution and refrain from adopting aggressive trades until a definitive market direction becomes evident. During this period, it is crucial to remain vigilant to geopolitical developments and adopt a stock-focused approach while implementing robust risk management practices,"" said Sameet Chavan, Head Research, Technical and Derivative - Angel One. ""Nifty moved up sharply after three days of consolidation, resuming its short-term rally. Moreover, the index has reclaimed the 21-day EMA, which could provide further momentum for an upward move. Support is now placed at 24,850, and the index remains a ‘buy on dips’ as long as it holds above this level. On the higher side, it may continue advancing towards 25,350 and beyond,"" said Rupak De, Senior Technical Analyst at LKP Securities."
20 Jun 2025,Buy Trent; target of Rs 6781: Sharekhan,https://www.moneycontrol.com/news/business/stocks/buy-trent-target-of-rs-6781-sharekhan-13151276.html,"Sharekhan is bullish on Trent has recommended buy rating on the stock with a target price of Rs 6781 in its research report dated June 19, 2025.",buy,"Sharekhan's research report on Trent Trent’s management indicated that its share in India’s fashion and lifestyle retail industry is currently in low-single digits. It is targeting a higher market share from micro markets and aspires to achieve a 25% revenue CAGR over the long term. LFL growth is likely to be muted in the near term but improve in the long term driven by a strong product portfolio and store fundamentals. The company is continuously focusing on removing inefficiencies and optimising store operations, which will lead to better margins and capital efficiency resulting in a better return profile at store level. Outlook We maintain a Buy rating with a revised SOTP-based PT of Rs. 6,781. Stock trades at 51x/42x its FY26E/FY27E EV/EBITDA, respectively. For all recommendations report, click here Trent - 20062025 - khan"
20 Jun 2025,"Trent, BEL to join 30-share Sensex today, Nestle India, IndusInd Bank excluded",https://www.moneycontrol.com/news/business/markets/trent-bel-to-join-30-share-sensex-today-nestle-india-indusind-bank-excluded-13150369.html,"Trent and Bharat Electronics will be included in the BSE Sensex, replacing Nestle India and IndusInd Bank, with the adjustment taking place on June 20.",InterGlobe Aviation and Shriram Finance will be added to Sensex 50.,"Shares of retail giant Trent Ltd. and PSU firm Bharat Electronics Ltd. (BEL) will  added to the 30-pack benchmark index Sensex on June 20. On the flip side, FMCG major Nestle India Ltd. and IndusInd Bank Ltd. are slated to be deleted from the index. The inclusion of Trent and BEL are likely to lead to inflows of $330 million and $378 million, respectively. On the flip side, the exclusion of Nestle India and IndusInd Bank will result in outflows of $230 million and $145 million, according to Nuvama Alternative & Quantitative Research.  ""Historically, Sensex inclusions tend to see intraday upmoves, supported by stronger volumes, and a similar trend could play out this time as well,"" said the research firm. Further, UltraTech Cement is the sole counter likely to see its weightage in the index rise, leading to inflows of $4 million. On the flip side, heavyweights such as HDFC Bank, Bharti Airtel, Reliance Industries, ICICI Bank, Infosys, Sun Pharma, L&T, ITC, TCS, Axis Bank, Kotak Mahindra Bank an SBI are likely to see their weightage reduce, leading to cumulative outflows of $249 million in passive flows. Follow our market blog to catch all the live updates The BSE 100 will see three additions, namely Dixon Technologies (India) Ltd, Coforge Ltd, and Indus Towers Ltd. These companies will replace Bharat Forge Ltd, Dabur India Ltd, and Siemens Ltd in the index. In the BSE Sensex 50, InterGlobe Aviation Ltd and Shriram Finance Ltd will be added, while Britannia Industries Ltd and Hero MotoCorp Ltd will be excluded. Correspondingly, Britannia, Dixon Technologies, Coforge, Hero MotoCorp, and Indus Towers will be added to the BSE Sensex Next 50 index. These additions will replace InterGlobe Aviation, Shriram Finance, Bharat Forge, Dabur India, and Siemens, which are being moved out."
19 Jun 2025,Buy Trent; target of Rs 6900: Motilal Oswal,https://www.moneycontrol.com/news/business/stocks/buy-trent-target-of-rs-6900-motilal-oswal-2-13144575.html,"Motilal Oswal is bullish on Trent recommended buy rating on the stock with a target price of Rs 6900 in its research report dated June 18, 2025.",buy,"Motilal Oswal's research report on Trent Despite robust growth over the past few years (6.5x revenue growth over FY19-25), management indicated that Trent’s share in India’s fashion and lifestyle retail industry remains in low-single digits. The company believes there is still a long runway for growth and aims to grow at 25%+ annually over the longer term through a multibrand, cluster-based approach to increase its market share in key micro-markets. Management is cognizant of the impact on return metrics of their cluster focus approach, but believes there is enough headroom to drive operating leverage in the business. The company remains bullish on the growth opportunity in the Star format, but will continue to grow sensibly while focusing on the right economics and improving its differentiation through a rising share of non-third-party brands (73% currently). Outlook We continue to like Trent for its superlative execution and long growth runway. Reiterate BUY with an unchanged TP of INR6,900. For all recommendations report, click here Trent - 19062025 - moti"
18 Jun 2025,"Trent stock jumps 2%, emerges as one of top Nifty gainers on bullish brokerage calls: Here's what analysts say",https://www.moneycontrol.com/news/business/markets/trent-stock-jumps-2-emerges-as-one-of-top-nifty-gainers-on-bullish-brokerage-calls-here-s-what-analysts-say-13138174.html,"Trent share price: Despite today's gains, Trent shares have dropped nearly 20 percent in the past six months. The stock however rose nearly 7 percent in the past one year.",Zudio-parent Trent,"Trent shares recorded notable gains on June 18 as investors welcomed bullish notes issued by brokerages for the stock. The shares of the company gained over 2 percent to hit an intraday high of Rs 5,740 apiece. Morgan Stanley maintained its 'Overweight' view on Trent shares, and kept a target price of Rs 6,359 apiece for the stock. This implies an upside potential of over 13 percent from the previous closing price of Rs 5,626 apiece. The international brokerage noted that the Tata Group-company's management remains confident of achieving 10x growth target, which was set in 2023, while balancing profitability. Estimates also model 10x revenue growth from FY23 to FY32, it added. Citi meanwhile maintained its 'Buy' call, with a target price of Rs 7,600 apiece, NDTV Profit reported. This implies a strong upside potential of over 35 percent from the stock's previous closing price. The company's plan to expand store count by 200 per year is possibly doable while ensuring quality, economics and location, the report quoted the brokerage as saying. It added that Trent's new stores reach very high throughput within 12-24 months of opening. Despite today's gains, Trent shares have dropped nearly 20 percent in the past six months. The stock however rose nearly 7 percent in the past one year. It is currently 31 percent lower than its 52-week high of Rs 8,345 apiece, and 27 percent higher than its 52-week low of Rs 4,488 apiece. Over 5 lakh shares of the company were involved in active trade today so far, according to data on the NSE seen at 1.38 pm. The stock has a P/E ratio of over 138. Also read: Our LIVE blog on stock market updates"
12 Jun 2025,"Trent Ltd Sets July 12 for 73rd AGM, E-voting Details Announced",https://www.moneycontrol.com/news/business/stocks/trent-ltd-sets-july-12-for-73rd-agm-e-voting-details-announced-alpha-article-13112543.html,"Trent Ltd Sets July 12 for 73rd AGM, E-voting Details Announced",," Trent Limited, a prominent entity in the Tata Group, has formally notified the stock exchanges regarding the publication of newspaper advertisements detailing its upcoming 73rd Annual General Meeting (AGM) and the associated remote e-voting process. The advertisements were published on Thursday, June 12, 2025, in leading newspapers including Business Standard (English), Free Press Journal (English), and Navshakti (Marathi), ensuring wide dissemination of information to its shareholders. The company's communication, dated June 12, 2025, and signed by Ms. Krupa Anandpara, Company Secretary, confirms compliance with Regulation 30 read with Schedule III Part A Para A of the Securities and Exchange Board of India (Listing Obligations and Disclosure Requirements) Regulations, 2015. The 73rd AGM is scheduled to be held on Friday, July 12, 2025, at 3:00 PM (IST) through Video Conferencing (VC) or Other Audio-Visual Means (OAVM), in line with the prevailing circulars issued by the Ministry of Corporate Affairs (MCA) and SEBI. This virtual format means there will be no physical attendance by members at a common venue.Key Dates for Trent Limited's 73rd AGM and E-votingParticularsDetails73rd Annual General Meeting (AGM) DateFriday, July 12, 2025AGM Time3:00 PM (IST)AGM ModeVideo Conferencing (VC) / Other Audio-Visual Means (OAVM)Cut-off Date for E-voting EligibilityFriday, July 5, 2025Remote E-voting Start Date & TimeMonday, July 8, 2025 (9:00 AM IST)Remote E-voting End Date & TimeThursday, July 11, 2025 (5:00 PM IST)E-voting AgencyNational Securities Depository Limited (NSDL)Availability of Notice & Annual ReportCompany website, Stock Exchange websites, NSDL websiteDetailed Overview of the 73rd AGMTrent Limited's 73rd AGM will be conducted entirely virtually, a measure adopted in adherence to regulatory guidelines aimed at ensuring shareholder participation while maintaining safety and convenience. The deemed venue for the AGM will be the company's registered office in Mumbai. Shareholders will be able to attend and participate in the proceedings electronically. The Notice of the AGM, along with the Annual Report for the financial year 2024-25, has been dispatched electronically to all members whose email addresses are registered with the company or its depository participants. For wider accessibility, these documents are also available on the company's official website (www.trentlimited.com), the websites of the stock exchanges (BSE Limited at www.bseindia.com and National Stock Exchange of India Limited at www.nseindia.com), and the website of the e-voting agency, NSDL (www.evoting.nsdl.com).Remote E-voting Facility and Shareholder EligibilityTo facilitate shareholder participation in decision-making, Trent Limited is providing a remote e-voting facility through National Securities Depository Limited (NSDL). Shareholders holding shares either in physical form or in dematerialized form as of the cut-off date, which is Friday, July 5, 2025, will be eligible to cast their votes electronically on the resolutions set forth in the AGM Notice. The remote e-voting window will commence on Monday, July 8, 2025, at 9:00 AM (IST) and will conclude on Thursday, July 11, 2025, at 5:00 PM (IST). It is important for shareholders to note that the remote e-voting module will be disabled by NSDL after this deadline, and votes cast through this facility cannot be altered subsequently. The detailed procedure for remote e-voting is outlined in the Notice of the AGM.Participation and Voting Instructions for ShareholdersShareholders have multiple avenues to exercise their voting rights. Those who have cast their vote through remote e-voting prior to the AGM can still attend the virtual meeting but will not be eligible to vote again during the AGM proceedings. For members who are attending the AGM via VC/OAVM and have not exercised their right to vote through remote e-voting, a facility for e-voting during the AGM will be made available. This ensures that all eligible shareholders have an opportunity to participate in the voting process. The company has also provided guidance for shareholders whose email addresses are not registered. Such members are encouraged to register or update their email addresses with the company or their respective depository participants by following the procedure detailed in the AGM Notice. This is crucial for receiving future communications, including User IDs and Passwords from NSDL for remote e-voting. Shareholders holding shares in physical form whose email IDs or mobile numbers are not registered can temporarily access the Notice of AGM and Annual Report from the aforementioned websites and can cast their vote through remote e-voting by following the instructions in the Notice.Regulatory Compliance and Shareholder CommunicationThe arrangements for the 73rd AGM and e-voting are in strict compliance with the circulars issued by the Ministry of Corporate Affairs (MCA) and the Securities and Exchange Board of India (SEBI). These regulations facilitate corporate governance practices, allowing companies to conduct AGMs virtually and provide electronic voting options, thereby ensuring wider shareholder participation irrespective of geographical location. Trent Limited's proactive communication through newspaper advertisements and electronic dispatch of AGM documents underscores its commitment to transparency and shareholder engagement. The company has also ensured that copies of the newspaper advertisements are available on its website, www.trentlimited.com, for easy reference.Contact Information for Shareholder QueriesShareholders who have any queries or require assistance concerning the e-voting process or other AGM-related matters can contact Ms. Krupa Anandpara, the Company Secretary. She can be reached via email at cosecretary@trent-tata.com or by phone at +91 22 6700 9000. This provides a direct channel for shareholders to seek clarifications and ensure they can effectively participate in the AGM.About Trent LimitedTrent Limited (CIN: L24240MH1952PLC008951) is part of the Tata Group, with its registered office located at Bombay House, 24 Homi Mody Street, Fort, Mumbai - 400 001. The company's corporate office is at Trent House, G-Block, Plot No C-60, Beside Citi Bank, Bandra-Kurla Complex, Bandra (East), Mumbai - 400 051. Trent Limited is listed on the National Stock Exchange of India Limited (Symbol: TRENT) and BSE Limited (Scrip Code: 500251). "
10 Jun 2025,"Trade Spotlight: How should you trade Oracle Financial, Praj Industries, Bank of India, Trent, NMDC, Zensar Technologies and others on June 10?",https://www.moneycontrol.com/news/business/markets/trade-spotlight-how-should-you-trade-oracle-financial-praj-industries-bank-of-india-trent-nmdc-zensar-technologies-and-others-on-june-10-13106733.html,"The trend is expected to remain in favour of the bulls, despite intermittent profit booking in the upcoming sessions. Below are some short-term trading ideas to consider.",Top Buy Ideas for Short Term,"Bulls maintained their control over Dalal Street, driving the Nifty 0.4 percent higher on June 9. The benchmark indices continued their upward momentum for the fourth consecutive day, supported by positive market breadth. Approximately 1,870 stocks witnessed buying interest, compared to 772 that declined on the NSE. The trend is expected to remain in favour of the bulls, despite intermittent profit booking in the upcoming sessions. Below are some short-term trading ideas to consider: Jigar S Patel, Senior Manager - Equity Research at Anand Rathi Route Mobile | CMP: Rs 1,044.5  In the recent trading session, Route Mobile broke out after nearly a month of consolidation, accompanied by a significant surge in volume—indicating strong accumulation. Notably, this consolidation phase occurred within the R3–S3 zone of the monthly Camarilla pivots, establishing an Inside Value relationship. This setup forms when the current month’s pivots are nested within the previous month’s range, often signaling a potential breakout with strong directional bias. Adding to the bullish case, the daily RSI has consistently held above the 40 level and now stands at 68, reflecting strengthening momentum. Traders can buy the stock in the Rs 1,050–1,030 zone. Strategy: Buy Target: Rs 1,150 Stop-Loss: Rs 985 Oracle Financial Services Software | CMP: Rs 9,161.5  Oracle Financial has recently broken out above the Rs 8,750 mark and managed a strong close above it, indicating growing bullish strength. A notable technical aspect is the formation of an Inside Value relationship between the monthly Camarilla R3 and S3 pivots, which often precedes sharp directional moves. Additionally, the daily RSI has consistently held above 50 during the recent consolidation phase, supporting sustained momentum and reinforcing the potential for a continued uptrend. Traders may buy the stock in the Rs 9,180–9,080 zone. Strategy: Buy Target: Rs 9,800 Stop-Loss: Rs 8,795 Praj Industries | CMP: Rs 532.6  Praj Industries has recently completed a Bullish Dragon pattern, signaling the potential for a strong upward move. This is complemented by a higher overlapping value relationship on the monthly Camarilla pivots, with a decisive close above the R3 level—a clear indicator of emerging bullish momentum. On the momentum front, the daily RSI has broken out after a prolonged consolidation between the 40–50 zone and now stands near 67, reinforcing the positive bias. Traders may buy the stock in the Rs 535–525 zone. Strategy: Buy Target: Rs 650 Stop-Loss Rs 470 Jay Thakkar, Vice President & Head of Derivatives and Quant Research at ICICI Securities Power Finance Corporation Futures | CMP: Rs 431  PFC Futures has broken out from a sideways consolidation. This breakout is supported by significant Put additions between Rs 400 to Rs 420, which now act as a crucial support range. Simultaneously, Call unwinding in these strikes adds further bullish implications. The stock had previously witnessed correction due to long unwinding, but the recent uptrend is seeing long additions—a positive sign. So buy PFC Futures in the Rs 432–428 range. Strategy: Buy Target: Rs 450, Rs 460 Stop-Loss: Rs 418 Bank of India Futures | CMP: Rs 129.31  Bank of India has witnessed long additions recently following a breakout from multiple swing resistances. The momentum across the Banking and Financial sector has turned positive after the recent monetary policy, enhancing the probability of further upside. Options data suggests minimal Call writing at higher levels, with the Rs 130 strike having the highest Call open interest. A breakout above this level could trigger strong momentum. On the downside, Rs 120 serves as immediate support, backed by the highest Put OI. The stock is trading above its 20-day VWAP and maximum pain level, both supporting a bullish view. So, buy Bank of India Futures in the Rs 130–127 range. Strategy: Buy Target: Rs 145, Rs 155 Stop-Loss: Rs 119 Trent Futures | CMP: Rs 5,913.5  Trent has seen short covering during the recent rally and has broken out from its consolidation range, indicating positive near-term outlook. Significant Put additions from Rs 5,500 to Rs 5,800 and Call unwinding further suggest growing bullish strength. There’s a minor hurdle at Rs 6,000, with active Call writers. However, a move beyond this level may trigger accelerated upside. So, buy Trent Futures in the RS 5,900–5,940 range. Strategy: Buy Target: Rs 6,200, Rs 6,300 Stop-Loss: Rs 5,780 Vidnyan S Sawant, Head of Research at GEPL Capital Time Technolopast | CMP: Rs 440  Time Technoplast has signaled a strong bullish shift across multiple timeframes. On the monthly chart, the stock has been in a steady uptrend since 2020, and the May 2025 candle confirms a bullish mean reversion from the 20-month EMA. On the weekly chart, it has broken out from a downward-sloping channel, accompanied by a bullish candlestick and volume surge above the 20-week average—indicating strong participation. The MACD has triggered its first bullish crossover since January 2025, providing further momentum confirmation. Strategy: Buy Target: Rs 504 Stop-Loss: Rs 412 Zensar Technologies | CMP: Rs 854.5  Zensar Technologies shows a robust structural shift on higher timeframes, indicating a clear bullish reversal. The stock recently exhibited a bullish polarity shift, taking support from a rising trendline originating from the September 2021 swing high, which held firmly in April 2025. This was followed by a strong follow-through close, reflecting improving sentiment. On the weekly chart, the stock is trading well above its 12-, 26-, and 50-week EMAs, while the MACD remains in buy mode—reinforcing the bullish momentum and suggesting further upside potential. Strategy: Buy Target: Rs 1,000 Stop-Loss: Rs 795 Balrampur Chini Mills | CMP: Rs 616.15 Balrampur Chini Mills is displaying a strong long-term bullish structure, supported by consistent higher bottom formations on the monthly chart — a clear sign of trend strength. The stock is currently on the verge of breaking out of an inverted head and shoulders pattern, a classic bullish continuation setup. On the momentum front, the weekly MACD remains above the zero line, indicating ongoing momentum acceleration. Additionally, the stock is well-supported above its 12-, 26-, 50-, and 100-day EMAs, further reinforcing the prevailing bullish sentiment. Strategy: Buy Target: Rs 708 Stop-Loss: Rs 579 NMDC | CMP: Rs 74  NMDC has recently broken out of a flag pattern on the monthly chart, followed by strong follow-through buying in the current month, reinforcing bullish intent. On the weekly chart, the stock has cleared a three-week high, supported by a positive Supertrend signal and sustained price action.The MACD remains in buy mode, indicating continued momentum strength and increasing the likelihood of further upside. Strategy: Buy Target: Rs 85 Stop-Loss: Rs 69"
09 Jun 2025,"Trade Spotlight: How should you trade Persistent Systems, Glenmark Pharma, Eternal, Jindal Stainless, L&T Finance, United Spirits and others on June 9?",https://www.moneycontrol.com/news/business/markets/trade-spotlight-how-should-you-trade-persistent-systems-glenmark-pharma-eternal-jindal-stainless-l-t-finance-united-spirits-and-others-on-june-9-13104495.html,"The momentum is expected to sustain in the upcoming session, though some profit booking at higher levels cannot be ruled out. Below are some short-term trading ideas to consider.",Top Buy Ideas,"The benchmark indices extended their northward journey for the third straight session, rising 1 percent on June 6, after the RBI surprised the street with its move. Market breadth favoured the bulls, as about 1,459 shares advanced compared to 1,132 declining shares on the NSE. The momentum is expected to sustain in the upcoming session, though some profit booking at higher levels cannot be ruled out. Below are some short-term trading ideas to consider: Rajesh Palviya, Senior Vice President Research (Head Technical Derivatives) at Axis Securities Persistent Systems | CMP: Rs 5,676.5  On the daily chart, Persistent Systems has experienced a trend reversal, forming a series of higher tops and bottoms. Additionally, it has surpassed the past three weeks’ down-sloping trendline resistance at Rs 5,630, indicating a positive bias. The stock is currently sustaining above its 20-, 50-, 100-, and 200-day SMAs, reaffirming bullish sentiment. Both the daily and weekly strength indicators (RSI) show rising strength. Investors should consider buying, holding, and accumulating this stock. Strategy: Buy Target: Rs 6,000, Rs 6,200 Stop-Loss: Rs 5,550 NMDC | CMP: Rs 72.5  On the weekly chart, NMDC has surpassed its past one-year down-sloping trendline resistance on a closing basis. The stock is trading well above its 20-, 50-, 100-, and 200-day SMAs, all of which are inching upward in line with rising prices—further confirming bullish sentiment. The weekly Bollinger Bands buy signal indicates increased momentum, while both the daily and weekly RSI remain in positive terrain. Investors should consider buying, holding, and accumulating this stock. Strategy: Buy Target: Rs 80, Rs 85 Stop-Loss: Rs 70 Glenmark Pharma | CMP: Rs 1,590.2  Glenmark Pharma has decisively broken out above the 6–8 weeks’ down-sloping trendline resistance at Rs 1,500 on the weekly chart, confirming a trend reversal. Over the past couple of weeks, strong rising volumes have signified increased participation. Both the daily and weekly Bollinger Bands buy signals confirm momentum. The stock is currently sustaining above its 20-, 50-, 100-, and 200-day SMAs, further supporting bullish sentiment. The daily and weekly RSI indicate rising strength. Investors should consider buying, holding, and accumulating this stock. Strategy: Buy Target: Rs 1,670, Rs 1,790 Stop-Loss: Rs 1,540 Osho Krishan, Chief Manager - Technical & Derivative Research at Angel One Eternal | CMP: Rs 261.85  Eternal has shown impressive growth, surging nearly 10 percent in the past trading week. This surge was accompanied by key technical developments, starting with a consolidation breakout surpassing the 200-day SMA, suggesting renewed market interest and a possible trend reversal. Additionally, the MACD line has shown a positive crossover near the zero line, adding a bullish undertone. These indicators suggest that Eternal may be entering a period of sustained growth. Hence, we recommend buying Eternal on dips in the Rs 250–245 range. Strategy: Buy Target: Rs 270, Rs 275 Stop-Loss: Rs 232 Jindal Stainless | CMP: Rs 694.70  Jindal Stainless has posted a strong move following a consolidation phase and is now positioned above all significant EMAs, including the 200-day SMA. The recent buying interest has been supported by increased volumes and positive developments. Furthermore, a sloping trendline breakout on the daily chart enhances the bullish outlook. The stock has also moved above a crucial neckline zone, now expected to act as a support level. Hence, we recommend buying Jindal Stainless on dips in the Rs 690–680 range. Strategy: Buy Target: Rs 750, Rs 760 Stop-Loss: Rs 640 Trent | CMP: Rs 5,777  Trent has experienced a gradual resurgence over recent trading weeks, culminating in a strong weekly close. The counter is now trading above all its short-term EMAs on the daily time frame after a prolonged period, indicating inherent strength. It has also witnessed a breakout from its consolidation phase, backed by a positive 14-day RSI crossover, further strengthening its bullish stance. Hence, we recommend buying Trent around Rs 5,750. Strategy: Buy Target: Rs 6,240, Rs 6,260 Stop-Loss: Rs 5,440 Anshul Jain, Head of Research at Lakshmishree Investments L&T Finance | CMP: Rs 189.79  L&T Finance has broken out of a massive 401-week-long cup and handle pattern on the weekly chart, supported by a robust structural setup and institutional accumulation. Although breakout volumes aren’t extremely large, they are above average, supporting the sustainability of the move. Immediate resistance lies at the swing high of Rs 189. A move above Rs 190 will likely trigger fresh momentum, pushing the stock towards Rs 240 in the coming weeks as the bullish trend unfolds. Strategy: Buy Target: Rs 240 Stop-Loss: Rs 170 United Spirits | CMP: Rs 1,593.4  After a 26 percent rally in seven weeks, United Spirits has entered a seven-week consolidation phase, forming a bullish flag pattern on the weekly chart. A breakout above Rs 1,610 is expected to trigger fresh momentum, potentially propelling the stock towards Rs 1,800—a new all-time high. The moving average catch-up is nearly complete, making the stock ripe for a breakout. The structure remains bullish, with the flag formation acting as a launchpad for the next upmove. Strategy: Buy Target: Rs 1,800 Stop-Loss: Rs 1,540 Deepak Fertilisers and Petrochemicals Corporation| CMP: Rs 1,544.6  Deepak Fertilisers has broken out of its swing structure and is showing strong follow-through momentum. The stock, along with the broader sector, is attracting fresh fund flows. Among its peers, Deepak Fertilisers demonstrates the highest relative strength. The breakout is holding firm and is setting the stage for a major upward move. A minor moving average catch-up on the daily chart is awaited, after which the stock is likely to resume its bullish trajectory toward higher levels. Strategy: Buy Target: Rs 1,700 Stop-Loss: Rs 1,490"
04 Jun 2025,Trent share price declines by 0.86% in today's session,https://www.moneycontrol.com/news/business/stocks/trent-share-price-declines-by-0-86-in-today-s-session-alpha-article-13094699.html,"With a current price of Rs 5542.00, Trent's stock performance reflects a mix of quarterly financial results and positive market sentiment.",,"In today's trading session, the share price of Trent experienced a decline of 0.86%, reaching a price of Rs 5542.00. This movement places Trent among the NIFTY 50 STOCKS that were trading in the red today. Financial Performance Snapshot A review of Trent's consolidated financial performance provides insights into its recent financial dynamics. Revenue Trends: Over the last few quarters, Trent has demonstrated consistent revenue generation:Mar 2024: Rs 3,297.70 CrJun 2024: Rs 4,104.44 CrSep 2024: Rs 4,156.67 CrDec 2024: Rs 4,656.56 CrMar 2025: Rs 4,216.94 CrNet Profit: The company's net profit has shown variability across the quarters:Mar 2024: Rs 670.16 CrJun 2024: Rs 335.61 CrSep 2024: Rs 329.29 CrDec 2024: Rs 470.31 CrMar 2025: Rs 312.70 CrEarnings Per Share (EPS): The EPS figures reflect these profit trends:Mar 2024: Rs 19.81Jun 2024: Rs 11.04Sep 2024: Rs 9.53Dec 2024: Rs 13.99Mar 2025: Rs 8.95Annual Financial Highlights: A broader look at Trent's annual performance reveals sustained growth:Revenue: Increased from Rs 2,592.96 Cr in 2021 to Rs 17,134.61 Cr in 2025.Net Profit: Rose from a loss of Rs -109.77 Cr in 2021 to a profit of Rs 1,447.91 Cr in 2025.EPS: Improved from Rs -4.11 in 2021 to Rs 43.51 in 2025.BVPS: Increased consistently from Rs 66.32 in 2021 to Rs 153.64 in 2025.ROE: Showed substantial growth, reaching 28.31% in 2025.Debt to Equity: Maintained at a low level, standing at 0.09 in 2025.Cash Flow: The company's cash flow trends indicate solid operational efficiency:Cash Flow from Operating Activities: Increased from Rs 373 Cr in 2021 to Rs 1,660 Cr in 2025.Balance Sheet: Key balance sheet figures as of March 2025 include:Share Capital: Rs 35 CrReserves & Surplus: Rs 5,426 CrTotal Liabilities: Rs 9,419 CrTotal Assets: Rs 9,419 CrKey Financial Ratios: Analyzing the financial ratios provides additional context:Basic EPS: Rs 43.51 in Mar 2025.Book Value per Share: Rs 153.64 in Mar 2025.Debt to Equity: 0.09 in Mar 2025.Valuation: Valuation metrics as of March 2025 show:P/E Ratio: 122.39P/B Ratio: 34.57P/S Ratio: 11.02Moneycontrol's sentiment analysis indicates a bullish outlook for Trent as of June 4, 2025. With a current price of Rs 5542.00, Trent's stock performance reflects a mix of quarterly financial results and positive market sentiment."
29 May 2025,"Trade Spotlight: How should you trade Jindal Stainless, Cummins India, DLF, Trent, Oil India, Paytm and others on May 30?",https://www.moneycontrol.com/news/business/markets/trade-spotlight-how-should-you-trade-jindal-stainless-cummins-india-dlf-trent-oil-india-paytm-and-others-on-may-30-13066910.html,The market decisively needs to break the trading range of the May 15 session to establish a firm direction. Below are some short-term trading ideas to consider.,Top Buy Ideas For Short Term,"The benchmark indices rebounded after a two-day correction, with the Nifty 50 rising 81 points on May 29. Market breadth was slightly in favour of the bulls, as about 1,334 shares advanced compared to 1,243 shares that declined on the NSE. The market decisively needs to break the trading range of the May 15 session to establish a firm direction. Below are some short-term trading ideas to consider: Mandar Bhojane, Equity Research Analyst at Choice Broking Jindal Stainless | CMP: Rs 669.2  Jindal Stainless has recently witnessed a breakout from its daily range as well as a falling trendline, supported by strong volumes—signaling a bullish reversal. The stock is currently trading above the breakout zone, and if it manages to sustain above Rs 670, it is poised for a fresh upward move. A successful follow-through could open the door for near-term targets of Rs 740 and Rs 750. On the downside, the Rs 650 level will act as strong support, and any dip toward this zone can be viewed as a buying opportunity. Technically, the stock is trading above all key exponential moving averages (20, 50, 100, and 200 EMA), indicating strong trend alignment. Moreover, price consolidation just below the breakout level before the move suggests healthy accumulation and confirms bullish strength. Momentum indicators further support the positive outlook. The RSI is at 66.35, highlighting strong momentum, while the Stochastic RSI has given a positive crossover—reinforcing the bullish bias. For prudent risk management, traders may consider placing a stop-loss at Rs 635 to protect against any unexpected downside. Strategy: Buy Target: Rs 740, Rs 750 Stop-Loss: Rs 635 Brigade Enterprises | CMP: Rs 1,108.6 Brigade Enterprises has recently broken out of a falling trendline while simultaneously taking support at the 200 EMA — indicating a strong trend reversal setup. The stock has formed a bullish candle with significant volume, highlighting strong buying interest and confirming the breakout's credibility. If the price manages to close above Rs 1,110, it could trigger a fresh upward move toward targets of Rs 1,230 and Rs 1,240 in the near term. On the downside, Rs 1,085 — aligned with the 200 EMA — will act as immediate support. Any dip toward this level can be considered a buying opportunity for traders looking to enter on retracements. The overall structure suggests a healthy pullback followed by a continuation of the uptrend. Momentum indicators further validate the bullish outlook. The Relative Strength Index (RSI) stands at 61.85, indicating positive momentum with room for further upside. The Stochastic RSI has shown a positive crossover, signaling a potential continuation of the bullish trend. For prudent risk management, a stop-loss at Rs 1,050 is advised. Strategy: Buy Target: Rs 1,230, Rs 1,240 Stop-Loss: Rs 1,050 Chandan Taparia, Head Derivatives & Technicals, Wealth Management at Motilal Oswal Financial Services Cummins India | CMP: Rs 3,169.4  Cummins India has given a breakout from a consolidation zone, marked by a massive bullish candle accompanied by a sharp surge in volume, which validates the breakout strength. The stock has moved above its 200-day exponential moving average (200 DEMA), a critical long-term trend indicator, indicating a potential trend reversal. Additionally, the RSI is on a rising trajectory, reflecting strengthening bullish momentum and supporting the continuation of the upward move. Strategy: Buy Target: Rs 3,355 Stop-Loss: Rs 3,075 DLF | CMP: Rs 793.75  DLF has formed a bullish flag and pole pattern on the daily chart, which is a classical continuation pattern indicating a pause and strength within an ongoing uptrend. The consolidation within the flag was narrow and orderly, and the price is now poised for a fresh breakout above the flag resistance. Furthermore, the stock is on the verge of a golden crossover, where the 50-day moving average is about to cross above the 200-day moving average — a long-term bullish signal that could attract further buying interest. Also, the ADX (Average Directional Index) line is rising, indicating that the current uptrend has strong momentum and is likely to sustain, making it an ideal time to ride the trend. Strategy: Buy Target: Rs 844 Stop-Loss: Rs 770 Om Mehra, Technical Research Analyst at Samco Securities Trent | CMP: Rs 5,657  Trent has been steadily gaining strength, following the path of higher highs and higher lows, which reflects a progressive uptrend. The stock is inching closer to a breakout from its recent congestion zone. The price action remains well-supported above the 20-day and 50-day SMAs, and the Supertrend indicator has flipped into buy mode, indicating renewed bullish alignment. The rising slope of the RSI at 60 suggests strengthening momentum without signs of exhaustion. Volume remains stable and is gradually rising. A move beyond Rs 5,700 may unlock further upside, potentially retesting previous swing highs and marking a continuation of the ongoing up-move. Hence, based on the above technical structure, one can initiate a long position in Trent at the CMP of Rs 5,657 for an upside target of Rs 6,080. The stop-loss can be placed at Rs 5,470. Strategy: Buy Target: Rs 6,080 Stop-Loss: Rs 5,470 Oil India | CMP: Rs 444.25  Oil India has witnessed a strong breakout above a rising trendline and key resistance zone around Rs 436, supported by a wide bullish candle. This breakout comes after a steady sequence of higher highs and higher lows, indicating accumulation and strong price strength. The stock is now trading firmly above its 20- and 50-EMA, with volume expanding notably on the breakout day, confirming participation. The RSI stands at 69, and its strong upward slope reflects sustained momentum. The MACD has shown a bullish crossover, with the fast line comfortably above the signal line and the histogram expanding on the positive side, suggesting a continuation of the bullish phase. Hence, based on the above technical structure, one can initiate a long position in Oil India at the CMP of Rs 444.25. Strategy: Buy Target: Rs 477 Stop-Loss: Rs 429 One 97 Communications | CMP: Rs 877.1 Image 8 One 97 Communications (Paytm) has broken out of a short-term consolidation pattern after forming a bullish candle and closing near the day’s high. The breakout comes from a falling trendline resistance that had held for several sessions, and the move was supported by healthy volume, indicating fresh buying interest. The price is now trading above the 20- and 50-EMA, reaffirming the strength. The RSI stands at 55 and has turned upward after consolidating near the median line, reflecting improving momentum. The MACD is on the verge of a positive crossover, with the histogram gradually turning green. A double bottom formation provides additional confirmation of a bullish outlook. Hence, based on the above technical structure, one can initiate a long position in Paytm at the CMP of Rs 877.10. Strategy: Buy Target: Rs 918 Stop-Loss: Rs 848"
23 May 2025,"Stocks to Watch Today: ITC, Sun Pharma, IndusInd Bank, Honasa Consumer, MTAR Tech, Metro Brands, Power Mech, Bharat Electronics in focus on 23 May",https://www.moneycontrol.com/news/business/markets/stocks-to-watch-today-itc-sun-pharma-indusind-bank-honasa-consumer-mtar-tech-metro-brands-power-mech-bharat-electronics-in-focus-on-23-may-13041457.html,"Stocks to Watch, 23 May: Stocks like TD Power Systems, MITCON Consultancy & Engineering Services, Trent, Bharat Electronics, Nestle India, IndusInd Bank, Power Mech Projects,Metro Brands, MTAR Technologies, Honasa Consumer, Sun Pharmaceutical Industries, and ITC will be in focus on May 23.","Stocks to Watch Today, May 23","Let's catch up on the latest news from the stock market. From significant investments to major deals, quarterly earnings, and fund raising, here’s a quick look at which stocks will be in focus in today's trade: Results Today JSW Steel, Ashok Leyland, Glenmark Pharmaceuticals, Aditya Birla Fashion and Retail, Afcons Infrastructure, Apollo Micro Systems, Ashoka Buildcon, Balkrishna Industries, BEML, Cello World, Concord Drugs, Exicom Tele-Systems, Finolex Industries, Narayana Hrudayalaya, Transrail Lighting, and West Coast Paper Mills will release their quarterly earnings on May 23. Results on May 24 NTPC, Allcargo Logistics, Chambal Breweries & Distilleries, HealthCare Global Enterprises, IFGL Refractories, Indigo Paints, Jagran Prakashan, JK Cement, Kolte-Patil Developers, and Rainbow Children's Medicare will announce their March quarter earnings on May 24. Quarterly Earnings ITC Q4 (Standalone YoY) Profit from continuing operations rises 0.8% to Rs 4,874.7 crore Vs Rs 4,837.5 crore Profit (including discontinued operations) zooms to Rs 19,561.6 crore Vs Rs 5,020.2 crore Exceptional gains stand at Rs 15,179.4 crore Vs loss at Rs 12.2 crore Revenue grows 9.6% to Rs 17,248.2 crore Vs Rs 15,733.6 crore EBITDA increases 2.5% to Rs 5,986.4 crore Vs Rs 5,841.5 crore EBITDA margin drops to 34.7% Vs 37.1% Board recommends final dividend of Rs 7.85 per share Sun Pharmaceutical Industries Q4 (Consolidated YoY) Profit sinks 19% to Rs 2,153.9 crore Vs Rs 2,658.7 crore Revenue rises 8.1% to Rs 12,958.8 crore Vs Rs 11,982.9 crore Exceptional loss stands at Rs 361.7 crore Vs loss of Rs 101.64 crore Tax expenses spike 634.4% to Rs 1,093.7 crore Vs Rs 148.9 crore Board announces final dividend of Rs 5.50 per share Board approves appointment of Vidhi Shanghvi as a Whole-time Director Honasa Consumer Q4 (Consolidated YoY) Profit falls 18% to Rs 25 crore Vs Rs 30.5 crore Revenue jumps 13.3% to Rs 533.6 crore Vs Rs 471.1 crore MTAR Technologies Q4 (Consolidated YoY) Profit spikes 181.7% to Rs 13.7 crore Vs Rs 4.87 crore Revenue grows 28.1% to Rs 183.1 crore Vs Rs 143 crore Metro Brands Q4 (Consolidated YoY) Profit sinks 38.7% to Rs 95.3 crore Vs Rs 155.6 crore Revenue rises 10.3% to Rs 642.8 crore Vs Rs 583 crore Tax expenses at Rs 30.87 crore Vs tax writeback at Rs 50.8 crore Power Mech Projects Q4 (Consolidated YoY) Profit zooms 53.8% to Rs 129.8 crore Vs Rs 84.4 crore Revenue jumps 42.4% to Rs 1,853.3 crore Vs Rs 1,301.5 crore Grasim Industries Q4 (Standalone YoY) Loss narrows to Rs 288 crore Vs loss of Rs 440.9 crore Revenue surges 31.9% to Rs 8,925.8 crore Vs Rs 6,767.5 crore Board recommends dividend of Rs 10 per share Container Corporation of India Q4 (Consolidated YoY) Profit falls 1.6% to Rs 298.5 crore Vs Rs 303.3 crore Revenue declines 1.6% to Rs 2,287.8 crore Vs Rs 2,325.1 crore Board approves bonus issue of 1 share for every 4 equity shares held Gujarat State Petronet Q4 (Consolidated YoY) Profit plunges 53.6% to Rs 220.3 crore Vs Rs 475 crore Revenue drops 4.6% to Rs 4,477.5 crore Vs Rs 4,691.9 crore Ramco Cements Q4 (Standalone YoY) Profit sinks 74.5% to Rs 31 crore Vs Rs 121.4 crore Revenue slips 10.5% to Rs 2,392 crore Vs Rs 2,673.3 crore HFCL Q4 (Consolidated YoY) Loss stands at Rs 81.4 crore Vs profit of Rs 110 crore Revenue plunges 39.6% to Rs 800.7 crore Vs Rs 1,326.1 crore Udaipur Cement Works Q4 (YoY) Profit zooms 114.5% to Rs 39.6 crore Vs Rs 18.5 crore Revenue grows 39% to Rs 484.2 crore Vs Rs 348.4 crore Kirloskar Industries Q4 (Consolidated YoY) Profit falls 23.6% to Rs 46.8 crore Vs Rs 61.2 crore Revenue rises 1.1% to Rs 1,747.8 crore Vs Rs 1,728.6 crore Singer India Q4 (YoY) Profit zooms 73.8% to Rs 4.05 crore Vs Rs 2.33 crore Revenue grows 7.2% to Rs 121.7 crore Vs Rs 113.5 crore Hubtown Q4 (Consolidated YoY) Profit at Rs 3.53 crore Vs loss at Rs 88.6 crore Revenue falls 8.5% to Rs 96.8 crore Vs Rs 105.8 crore GMR Airports Q4 (Consolidated YoY) Loss widens to Rs 252.7 crore Vs Rs 167.6 crore Revenue jumps 17% to Rs 2,863.3 crore Vs Rs 2,446.8 crore Stocks to Watch Stocks to be added in BSE Sensex Asia Index has decided to add Trent, and Bharat Electronics in the BSE Sensex effective June 23. However, Nestle India, and IndusInd Bank will be dropped from the BSE Sensex. Further, IDFC First Bank will replace Canara Bank in the BSE Bankex, while in the BSE Sensex Next 50 index, Britannia Industries, Dixon Technologies, Coforge, Hero MotoCorp and Indus Towers will be replacing InterGlobe Aviation, Shriram Finance, Bharat Forge, Dabur India, and Siemens. Lumax Auto Technologies The company has completed the acquisition of the remaining 25% shareholding in IAC International Automotive India. As a result, IAC India has become a wholly owned material subsidiary of the company. Indus Towers The company has entered into an agreement to acquire a 26% stake in JSW Green Energy Eight, a special purpose vehicle, for the procurement of renewable energy from a solar PV plant. CG Power and Industrial Solutions Gaurav Makhija has been re-designated as Vice President – Switchgear & EPD Division, effective May 22. Bajaj Auto The company’s subsidiary, Bajaj Auto International Holdings BV (BAIH BV), has entered into a loan agreement with Standard Chartered Bank for a loan of 100 million euros (equivalent to Rs 971.20 crore). Ola Electric Mobility The Board has approved fundraising of up to Rs 1,700 crore through term loans, working capital facilities, and the issuance of non-convertible debentures or other eligible debt securities in one or more tranches on a private placement basis. TVS Motor Company The company has signed a Memorandum of Understanding (MoU) with OOR Cabs to supply 500 TVS King EV MAX electric three-wheelers during the financial year 2025–26 in Tamil Nadu. Tata Steel The company has inaugurated the expanded Tata Steel Kalinganagar (TSK) plant, increasing its crude steel capacity from 3 MTPA to 8 MTPA (million tonnes per annum). Hindustan Copper The Board will meet on May 27 to consider raising up to Rs 500 crore through the issuance of non-convertible debentures or bonds on a private placement basis. Mahindra Lifespace Developers Jitesh Donga has resigned from his position as Chief of Design, effective June 30. Adani Ports and Special Economic Zone The Board has approved the issuance of non-convertible debentures worth up to Rs 6,000 crore in one or more tranches on a private placement basis. The funds will be used for capital expenditure, refinancing of existing debt, and general corporate purposes. Veedol Corporation Promoter Andrew Yule & Company has decided to withdraw the offer-for-sale (OFS) issue of Veedol Corporation. The promoter had proposed to sell up to 3.48 lakh equity shares (a 2 percent stake) in Veedol Corporation on May 23 and May 26, through a designated window of the BSE and the National Stock Exchange of India (NSE). Hexaware Technologies Global IT services and solutions provider Hexaware Technologies has opened a new office in Chicago to accelerate delivery solutions. Bulk Deals MITCON Consultancy & Engineering Services Investor Mukul Mahavir Agrawal sold 1,31,193 equity shares of the company at an average price of Rs 80.52 per share. TD Power Systems Goldman Sachs Funds - Goldman Sachs India Equity Portfolio bought additional 10.93 lakh shares in the company at an average price of Rs 460 per share. Blend Fund 2 acquired 13.04 lakh shares at same price. However, promoters - Hitoshi Matsuo sold 21 lakh shares in the company at an average price of Rs 460.09 per share, Nikhil Kumar offloaded 45 lakh shares at an average price of Rs 460.95 per share, and Saphire Finman Services LLP sold 33 lakh shares at an average price of Rs 461.41 per share. Lavanya Sankaran also sold 16 lakh shares at an average price of Rs 463.28 per share. Stocks Trade Ex-Dividend LTIMindtreeCMS Info SystemsHavells IndiaHimadri Speciality ChemicalKeystone RealtorsSula Vineyards Stock Trades Ex-Date for Income Distribution (InvIT) Interise Trust Stock Trades Ex-Date for Buyback Dhampur Sugar Mills Stocks Trade Ex-Date for Rights Mahindra Lifespace DevelopersHimalaya Food InternationalPurple FinanceSEPC Stock Trades Ex-Date for Resolution Plan -Suspension Viksit Engineering Stocks in F&O ban Dixon TechnologiesManappuram FinanceRBL BankTitagarh Rail Systems"
16 May 2025,Buy Trent; target of Rs 6609: Sharekhan,https://www.moneycontrol.com/news/business/stocks/buy-trent-target-of-rs-6609-sharekhan-13029004.html,"Sharekhan is bullish on Trent has recommended buy rating on the stock with a target price of Rs 6609 in its research report dated May 12, 2025.",BUY,"Sharekhan's research report on Trent Trent’s Q4FY25 performance was beat our expectation on all fronts with standalone revenue/adjusted PAT rising 29%/21% y-o-y, respectively and EBITDA margin rising by 101 bps y-o-y to 16% (versus 14.8% expected). Revenue growth was driven by store additions (~29% y-o-y net additions) and a mid single-digit life-for-like (LFL) growth in the fashion concepts. Gross margins of Westside and Zudio remained consistent. Trent added 10 Westside and 130 Zudio stores (net) in Q4 taking the count to 248 Westside stores across 86 cities and 765 Zudio stores across 235 cities at FY25-end. Stock has corrected by 26% from recent highs and is trading at 48x/39x its FY26E/FY27E EV/EBITDA, respectively. Outlook We maintain Buy with an unchanged SOTP-based PT of Rs. 6,609. For all recommendations report, click here Trent - 16052025 - khan"
01 May 2025,Buy Trent; target of Rs 6900: Motilal Oswal,https://www.moneycontrol.com/news/business/stocks/buy-trent-target-of-rs-6900-motilal-oswal-13009956.html,"Motilal Oswal is bullish on Trent recommended buy rating on the stock with a target price of Rs 6900 in its research report dated April 29, 2025.",Buy,"Motilal Oswal's research report on Trent Trent’s 4QFY25 revenue growth moderated to ~29% YoY (vs. 37% YoY in 3Q), as SSSG came down to a mid-single digit in 4Q (vs. high-single digit in 3Q and double digits in 2Q). However, store additions remained robust, with net store additions of 13/130 in WestSide/Zudio (up ~29% YoY). Gross margin contracted ~265bp YoY, likely due to higher discounts and rising salience of Zudio in the revenue mix. Despite weaker gross margin, Trent delivered ~11% EBITDA beat, driven by superior cost controls (employee/occupancy costs up 3%/7% YoY). Star growth also moderated with a modest ~2% LFL. Our FY26-27 estimates are broadly unchanged. We build in FY25-27E CAGR of ~25-26% in standalone revenue/EBITDA/PAT, driven by continuation of robust area additions in Zudio. Outlook We assign 55x Mar’27E EV/EBITDA to the standalone business (Westside and Zudio; a premium over our Retail Universe, given TRENT’s superlative growth), 2.5x FY27E EV/sales to Star JV, and ~7x EV/EBITDA to Zara JV to arrive at our TP of INR 6,900. Adjusting the value of Star and Zara, the stock is trading at 73x FY27E PE for the standalone business (vs. ~90x LT average 1-year forward PE). We reiterate our BUY rating. For all recommendations report, click here Trent - 01052025 - May"
29 Apr 2025,"Trent Q4 net profit declines 46% to Rs 350 cr, revenue up 29%",https://www.moneycontrol.com/news/business/earnings/trent-net-profit-declines-46-to-rs-350-cr-in-march-quarter-revenue-up-29-13008260.html,"Standalone revenue from operations rose 29 per cent to Rs 4,203.14 crore up from Rs 3,260.2 crore. However, on a sequential basis, revenue declined  8 per cent. ","Trent net profit declines 46% to Rs 350 cr in March quarter, revenue up 29%.","Trent Ltd on Tuesday reported a decline in standalone net profit to Rs 350 crore for the fourth quarter ended March 2025, beating estimates. The Tata Group retail firm had posted a net profit of Rs 654 crore a year ago, Trent Ltd said in a regulatory filing. Net profit in the previous year had benefited from an exceptional gain of Rs 543 crore arising from a reassessment of lease terms. A Moneycontrol poll of six brokerges expected the company to report net profit of  Rs 344 crore. Consolidated profit rose 40 per cent to Rs 416 crore, excluding the exceptional items impact. The Operating EBIT margin for Q4FY25 was 9.3 per cent vs  8.3 per cent in Q4FY24. Standalone revenue from operations rose 29 per cent to Rs 4,203.14 crore up from Rs 3,260.2 crore. However, on a sequential basis, revenue declined  8 per cent. On a consolidated basis, total income rose 27.2 per cent YOY to Rs 4,291.3 crore, but declined 9 per cent from Rs 4,710.2 crore reported in the the December quarter, signalling a cooling fast fashion market from a high base seen post pandemic. A poll of six brokerages had expected the Zudio parent to report a revenue growth of 34 percent year-on-year at Rs 4,275 crore. Trent Ltd operates retail stores under the brand name Westside, Zudio and Star. Shares of Trent settled at Rs 5,510 per share on the NSE, up 5.77 percent. The Tata-group company has reported its slowest growth since FY21 in the January-March quarter, joining a growing list of global and Indian apparel brands — including Uniqlo, H&M, and Lifestyle — that are now grappling with a sharp deceleration in revenue growth, a reversal from the boom seen in the immediate aftermath of the pandemic. While Trent has consistently outpaced peers in revenue growth and store expansion, analysts now say that the broader macro pressures are catching up, particularly in metros and Tier-1 cities, where demand is stagnant amid inflationary pressures and slow income growth. In Q4FY25, Trent’s fashion portfolio recorded mid-single-digit like-for-like growth, while full-year growth was in double digits. The company said it will increase presence in metro/ Tier 1 cities to drive material reach and share of revenues across key markets. ""We are evolving the quality of our store portfolio and we are consciously increasing the density of our presence in such markets. Given the business model choices and the intent to drive share of revenue in key markets, we believe, it would be appropriate to pursue revenue growth across comparative micro markets vis-à-vis just the performance of comparative stores,"" the company added. As of March 31, 2025, Trent’s retail footprint comprised 248 Westside stores, 765 Zudio outlets—including two in the UAE—and 30 stores across its other lifestyle concepts. The company said it added presence across 64 cities/towns including many in Tier 2 and Tier 3 locations in FY25.  ""The traction from customers has been encouraging given the growing awareness of our brands across markets. We believe this play out augurs well as an indicator as we pursue the next phase of our growth,"" the company said. Trent's  full year total income rose 39 per cent YOY  to Rs 16,997.5 crore in FY25. ""In FY25, we built on the agenda of strongly growing our reach and becoming more accessible to our customers. Given the seasonality of the business, nature of the real estate market and our approach to inventory management, the full year performance is more representative with respect to revenues, operating profitability and network expansion vis-à-vis any individual quarter,"" said chairman, Noel Tata."
28 Apr 2025,"Trent Q4 Preview: Revenue to see strong growth, margins may feel pressure from weak mix, extended sale",https://www.moneycontrol.com/news/business/earnings/trent-q4-preview-revenue-to-see-strong-growth-margins-may-feel-pressure-from-weak-mix-extended-sale-13006712.html,"Trent's total sales is likely to come in at Rs 4,275 crore for the three months ended March, jumping 34 percent on-year.",Value retailers may to see double-digit growth over premium lifestyle fashion players. ,"Zudio and Westside parent Trent Ltd. will share its earnings report for the fourth quarter of the previous financial year on April 29, 2025. The Tata group major is likely to report industry-leading revenue growth, maintaining its momentum in performance, as value fashion remains an outlier amid a muted consumption environment. According to a Moneycontrol poll of six brokerages, Trent is likely to report a revenue growth of 34 percent year-on-year at Rs 4,275 crore, higher from Rs 3,187 crore reported during the same quarter last year. Net profit is likely to come in at Rs 344 crore from Rs 654.3 crore from the corresponding quarter of the previous fiscal year, slipping 47 percent on-year. However, the March 2024 profit was a result of an exceptional one-time gain. Without the exceptional item included in the bottom-line, Motilal Oswal believes that the net profit is likely to grow a modest eight percent.  While the earnings estimates of analysts polled by Moneycontrol are not in a narrow range, they all predict a sharp fall in net profit, while estimating a healthy double-digit expansion in revenue for Trent. The most optimistic estimate sees Trent’s revenue rising 39 percent on-year, while the most pessimistic projection sees a rise of around 28 percent. What factors are impacting the earnings? The topline is expected to surge as a result of retail expansion in Zudio and healthy store productivity levels, noted experts. Store Expansion: Healthy revenue growth is expected to continue due to store expansion. It is anticipated that Westside and Zudio will expand their presence by adding between 10 and 122 new stores during the fourth quarter of fiscal year 2025. Compared to H1, Trent is likely to report a significant increase in store additions in H2. Margins Impacted: Nuvama Institutional Equities anticipates some gross margin softness due to product mix and an extended End-of-Season Sale (EOSS), a first for Trent. Lower productivity isalso expected to impact EBITDA margin. Value Fashion: As consumers tighten their belts, the demand for premium lifestyle fashion has gone down, while value retailers are likely to see double-digit growth. A contrasting trend emerged, as premium players are expected to deliver subdued performance due to weak demand environment. As a result, this will lead to healthy SSSG or same-store-sales-growth for Trent, along with strong footprint additions, said Elara Capital. On the flip side, Nuvama Institutional Equities believes that Trent appears to have been impacted by demand slowdown and competition. What to look out for in the quarterly show? Analysts will closely monitor demand and the commentary on demand trends in urband areas and tier-3 towns. They will also pay attention to store expansion plans."
25 Apr 2025,"Sensex falls 500 pts, Nifty below 24,100: Escalating Indo-Pak tensions among key factors to spook markets",https://www.moneycontrol.com/news/business/markets/sensex-crashes-1-000-pts-nifty-below-24-000-escalating-indo-pak-tensions-among-key-factors-to-spook-markets-13004044.html,12 out of 13 sectors are trading in red; broader markets fell over 2% on April 25,"Sensex, Nifty declined on Friday on Indo-Pak clash fears. ","Sensex and Nifty extended losses for second day on Friday to fall 0.8 percent, dragged down by broad-based sector losses and geopolitical tensions along the India-Pakistan Line of Control (LoC) after the deadly terror attack in Kashmir that killed 26 people. The equity benchmark indices Sensex and Nifty opened with gains in early trade on April 25 amid continuous foreign fund inflows and a rally in global markets, but failed to carry forward the winning momentum and got dragged lower, led by Axis Bank. The 30-share BSE benchmark gauge climbed 329.23 points to 80,130.66 in early trade. The NSE Nifty rallied 118.75 points to 24,365.45. However, later both the benchmark indices gave up early gains and were trading much lower. At one point, Sensex was down nearly 1,200 points and Nifty went below 23,850. However, later the indices posted a minor recovery. At 13:38 pm, the Sensex was down 480.93 points or 0.6 percent at 79,320.50, and the Nifty was down 168.65 points or 0.7 percent at 24,078.05. About 492 shares advanced, 2,918 shares declined, and 93 shares unchanged. Nifty, thus, reclaimed its 200-DMA level of 24,052. Axis Bank, Adani Enterprises, Adani Ports and Special Economic Zone, Jio Financial Services and Trent led losses, falling up to 6 percent intraday. Here are key possible factors behind the market decline today 1) Rising geopolitical tensions: Markets remained jittery amid rising tensions along the Line of Control (LoC) following reports of retaliatory action by the Indian Army against Pakistani firing on Indian posts in Jammu and Kashmir on Thursday night. The developments came just days after the deadly terror attack in Kashmir’s Pahalgam on April 22, which left 26 people dead, mostly tourists. Traders said signs of further escalation, including New Delhi's decision to suspend the Indus Water Treaty and downgrade diplomatic ties, are likely to weigh on market confidence in the near term. 2) Sluggish Q4 earnings: Fourth-quarter earnings reports indicate that a sustained recovery in earnings growth remains uncertain. A review of financial statements shows a deceleration in operating profit growth for the quarter ended March 31, primarily due to sluggish sales and subdued demand. An analysis by Moneycontrol of 111 companies (excluding energy, banking, insurance, and financial services) with consistent data over the past 10 quarters reveals that operating profit grew just 6 percent year-on-year—the slowest in five quarters and the seventh consecutive quarter seeing single-digit growth. Early trends show sluggish Q4 earnings growth, persistent cost pressures 3) Profit-Booking After Recent Rally: Profit-booking was seen on Friday, following a sharp run-up in the markets over the past several sessions. On Thursday, the markets had snapped a seven-day winning streak. Stock Market LIVE Updates 4) Banking Stocks Drag: The Nifty Bank index fell nearly 1.6 percent. Axis Bank shares declined over 3.5 percent after the private sector lender reported a slight drop in net profit for the March quarter to Rs 7,117 crore, compared to Rs 7,130 crore a year ago. Eleven out of the twelve Nifty Bank constituents ended in the red. IndusInd Bank was the lone gainer, trading marginally higher."
22 Apr 2025,"Consumption to rebound in FY26 on tax boost, income stimulus; upgrade HUL, ITC: UBS",https://www.moneycontrol.com/news/business/markets/consumption-to-rebound-in-fy26-on-tax-boost-income-stimulus-prefer-dmart-trent-ubs-13000619.html,"UBS said the current fiscal year could result in a broad-based earnings recovery for the consumer sector, with overall growth of 13 percent. ","Over the past six months, the Nifty FMCG index has fallen around 5.5 percent in trade. ","The consumer sector seems poised for a rebound, noted international brokerage UBS, as several factors are aligning favorably. After a tepid FY2025, the current fiscal year could result in a broad-based earnings recovery for the sector, with overall growth of 13 percent. The potential income stimulus from the lower taxes, coupled with the upcoming eighth pay commission over the next three years could spur a demand revival in a series of categories and add an extended earnings growth phase. The valuations for the FMCG sector have corrected significantly, amid the broad-based sell-off in the sector. Valuations have moderated by around 35 percent since October, added the brokerage. Further, the sector offers a defensive tilt to investors, in a market that could continue to have low risk tolerance amid global uncertainties. The sector could also continue to benefit if risk appetite returns. UBS prefers value retailers Avenue Supermarts and Trent as income stimulus plays, as a result of their resilient value-driven retail model. Further, FMCG players Colgate-Palmolive and Britannia Industries are at an inflection points, as earnings growth revival could be likely be next year. The brokerage also sees appealing value in ITC, after the stock has corrected around 12 percent over the past six months on taxation fears. Out of all the consumption-themed plays, UBS least prefers Asian Paints, as a disruption cycle brings uncertainty, and Dabur India, as the Chyawanprash-maker has 'portfolio issues.' Furthermore, UBS noted that Dominoes-operator Jubilant Foodworks has priced in a rebound for same store sales growth (SSSG). UBS has made a series of rating changes across the FMCG space. Hindustan Unilever, ITC, Trent, and Colgate-Palmolive received upgrades to ‘buy’, while Jubilant FoodWorks, Dabur India, and Asian Paints saw downgrades to ‘sell’.  While UBS adjusted target prices across the board, the most prominent hikes were seen for Trent and Colgate-Palmolive. Avenue Supermarts, Godrej Consumer Products, and Britannia retained their ‘buy’ ratings, while Titan remained at ‘neutral’. Over the past six months, the consumer staples gauge, the Nifty FMCG index, has cracked around 5.5 percent. In comparison, the Nifty 50 index has slipped around a percent during the same time."
07 Apr 2025,India VIX surges 65% as global trade war fears rattle stock markets,https://www.moneycontrol.com/news/business/markets/india-vix-surges-57-as-global-trade-war-fears-rattle-stock-markets-12986929.html,India Vix witnessed one of the steepest rises on Monday as investors brace for high volatility amid global trade war fears.  ,India's volatility index or the or the fear gauge surged to 57 percent on Monday to 21.66,"India's volatility index or the fear gauge surged to 65 percent on Monday to 22.78 on heightened fears of global trade war after US President Donald Trump's reciprocal tariffs and retaliation from China. India Vix spiked to nearly 66.98 percent intraday to 22.84, one of the sharpest single-day rises in recent years. The surge in volatility was seen as the benchmark indices opened sharply lower, mirroring the global risk-off sentiment triggered by escalating trade tensions and recession fears in the U.S. The Sensex crashed over 3,900 points, while the Nifty fell below the 22,000 mark in early trade, weighed down by broad-based selling. All the Nifty sectoral indices were trading deep in red, with Auto, IT, Metal, banking among the major laggards. All the Nifty 50 stock were also in the red led by Trent, Tata Steel, Shriram Finance, JSW Steel and Tata Motors. V K Vijayakumar, Chief Investment Strategist at Geojit Financial Services, said, ""Markets are going through extreme volatility driven by deep uncertainty. No one knows how this tariff turmoil will evolve, and that is keeping investors on edge globally."" The situation was no different elsewhere as trade war fears gripped the investors globally. In Asian markets, Hong Kong's Hang Seng tanked nearly 11 percent, Tokyo's Nikkei 225 plunged nearly 7 percent, Shanghai SSE Composite index dropped over 6 percent and South Korea's Kospi index sank 5 percent. US markets ended sharply lower on Friday. The S&P 500 plummeted 5.97 percent, Nasdaq composite slumped 5.82 percent and the Dow tumbled 5.50 percent on Friday."
07 Apr 2025,"Trent shares crash 18% on weak Q4 business update, see biggest single-day fall since March 2020",https://www.moneycontrol.com/news/business/markets/trent-shares-crash-18-on-weak-q4-business-update-biggest-single-day-fall-since-march-2020-12986834.html,Trent share price: High valuations and weak market sentiment also had a bearing on the stock performance on April 7,"Trent shares crash 18% on weak Q4 business update, biggest single-day fall since March 2020","Shares of Trent Ltd tanked 18% on April 7 after the promoter of Zudio and Westside apparel chains announced a weak Q4 business update. The Tata Group company reported revenue growth of 28% in March quarter at Rs 4,334 crore as against Rs 3,381 crore in the year-ago period. This is much lower than company's five-year CAGR revenue at 36%. The Q4 revenue was also lower than FY25's revenue growth at 39% at Rs 17,624 crore. At 10:18 am on April 7, Trent shares on NSE were trading 18% lower at Rs 4,517 apiece. This is the biggest single-day fall for the stock since March 2020. High valuations and weak market sentiment also had a bearing on the stock performance on April 7. Despite today's fall, the stock is trading at 83X PE. Its 52-week high is Rs 8,345 and 52-week low is Rs 3,895. The market capitalisation of the stock is Rs 1.6 lakh crore. Trent added 132 Zudio stores and 13 Westside stores in the March quarter. ""In our view, after delivering strong double-digit like-for-like growth ... the high base effect is beginning to moderate Trent's growth momentum,"" said Abhijeet Kundu, equity analyst at Antique Stockbroking, in a note, reported Reuters. While Trent did not provide same-store sales growth metrics, analysts at Motilal Oswal suggest it likely moderated from high single-digit percentage in the third quarter. However, most new stores were added in the fourth quarter, the sales impact of which would become more evident starting from the first quarter of fiscal year 2026, Antique Stockbroking's Kundu said. Trent's quarterly revenue grew at a breakneck pace in fiscal years 2023 and 2024 as the retailer tapped into growing appetite of young shoppers, who regularly refresh their wardrobes with affordable but trendy designs. The stock more than doubled in value in 2023 and again in 2024. However, with sales momentum faltering, Trent has fallen about 36% in 2025, making it the worst-performing stock on the blue-chip Nifty 50 index. With inputs from Reuters "
02 Apr 2025,"Trade Spotlight: How should you trade ICICI Prudential Life, Bikaji Foods, Karur Vysya Bank, Godawari Power, Trent, and others on April 2?",https://www.moneycontrol.com/news/business/markets/trade-spotlight-how-should-you-trade-icici-prudential-life-bikaji-foods-karur-vysya-bank-godawari-power-trent-and-others-on-april-2-12982080.html,The market is expected to be range-bound in the upcoming session. Below are some trading ideas for the near term.,Experts Select Top Buy Ideas,"The benchmark indices were under severe pressure on April 1, falling 1.5 percent on the Nifty 50, extending losses for the second consecutive session. However, the breadth was in favour of the bulls, with 1,773 shares gaining compared to 845 shares that corrected on the NSE. The market is expected to be range-bound in the upcoming session. Below are some trading ideas for the near term: Amol Athawale, VP-Technical Research, Kotak Securities Canara Bank | CMP: Rs 90  After the remarkable up move, Canara Bank is taking a breather in the last few sessions. The consolidation within a rangebound structure suggests a bullish continuation chart formation. Moreover, the stock comfortably closed above its short-term moving average. Therefore, the stock is likely to resume its uptrend from the current levels. Strategy: Buy Target: Rs 97 Stop-Loss: Rs 87 ICICI Prudential Life Insurance | CMP: Rs 569  After the recent selloff from the higher levels, the downward momentum has halted. On daily charts, ICICI Prudential Life Insurance has found support and reversed its trend from an important retracement zone, accompanied by decent volume activity. This formation suggests further bullish movement from the current levels in the coming horizon. Strategy: Buy Target: Rs 610 Stop-Loss: Rs 550 Bikaji Foods International | CMP: Rs 692  Following a decline from the higher levels, Bikaji Foods International rebounded from its demand zone and witnessed a steady recovery from lower levels. Additionally, on the daily charts, the stock has given a breakout from its sloping channel formation. The gradual upward moves suggest the start of a new bullish trend from the current levels. Strategy: Buy Target: Rs 740 Stop-Loss: Rs 665 Vinay Rajani, Senior Technical & Derivative Analyst at HDFC Securities Karur Vysya Bank | CMP: Rs 214.09  Karur Vysya Bank has reclaimed its level above both the 50-day and 200-day EMAs. During the week ended March 21, 2025, the stock formed a bullish ""Engulfing"" candlestick pattern on the weekly charts. The stock price has been rising along with healthy volumes. Strategy: Buy Target: Rs 249 Stop-Loss: Rs 183 Godawari Power & Ispat | CMP: Rs 189.45  The price of Godawari Power & Ispat has broken out from a bullish Inverted Head and Shoulders pattern on the daily chart. The stock price has been rising with an increase in volumes and is positioned above all important moving averages, indicating a bullish trend across all time frames. RSI (Relative Strength Index) and MACD (Moving Average Convergence Divergence) have turned bullish on the daily charts. The metal sector has regained its bullish momentum, which is likely to continue. Strategy: Buy Target: Rs 215 Stop-Loss: Rs 176 Torrent Power | CMP: Rs 1,500.3  Torrent Power has been forming a bullish ""Flag"" pattern on the daily chart and is on the verge of breaking out from it. The primary trend has been bullish, with higher tops and higher bottoms on the daily chart. The stock has been bullish, being placed above short to medium-term moving averages. The power sector has been in a bullish momentum phase on short to medium-term charts. Strategy: Buy Target: Rs 1,650 Stop-Loss: Rs 1,391 Ashish Kyal, CMT, Founder and CEO of Waves Strategy Advisors JK Cement | CMP: Rs 4,932.4  JK Cement has been trading between its upward sloping trendline for more than two years. Recently, prices found support at this trendline and reversed to the upside. Prices have gained more than 20% since March 17, which indicates strength in the ongoing trend. Additionally, for the past three consecutive trading sessions, prices have managed to protect their prior day’s low, suggesting that bulls are still in control of the trend. Moreover, prices have closed above its swing high near Rs 5,000, and with follow-up buying, we can expect prices to reach new fresh highs. The ADX (Average Directional Index) reading of 29 suggests positive momentum to continue in the asset. In summary, the current trend for JK Cement is positive. A break above the Rs 5,000 level can lead to a trending move towards Rs 5,180, followed by Rs 5,410. On the downside, Rs 4,830 is the nearest support to watch out for. Strategy: Buy Target: Rs 5,180, Rs 5,410 Stop-Loss: Rs 4,830 Trent | CMP: Rs 5,576.75  In the previous session, Trent managed to gain 4.7% despite major indices falling, which is a strong bullish sign. Moreover, the price has completed its journey towards the upper Bollinger Bands after reversing from the lower bands and is now breaking above the upper bands, giving strong positive confirmation that the daily trend is in favour of the bulls. The RSI at 61 levels gives prices the space to trend further. In summary, the current trend for Trent is bullish. A break above Rs 5,620 can lead to a trading move towards Rs 5,850 or higher. On the downside, Rs 5,400 is the nearest support. Strategy: Buy Target: Rs 5,850 Stop-Loss: Rs 5,400 Authum Investment & Infrastucture | CMP: Rs 1,778.5  Over the past three sessions, Authum Investment prices have protected their prior day’s low on a closing basis, which suggests that the daily bias is likely to remain on the side of the bulls. Currently, prices are witnessing a rounding bottom pattern on the daily chart. A break above Rs 1,800 can lead to a trending move towards the neckline at Rs 1,860 and higher. Additionally, the MACD has recently witnessed a bullish crossover and has breached above its zero line, further supporting the bullish stance. In summary, the current trend for Authum Investment is bullish. A break above Rs 1,800 can lead to a trending move towards Rs 1,860, followed by Rs 1,950. On the downside, Rs 1,740 is the nearest support. Strategy: Buy Target: Rs 1,860, Rs 1,950 Stop-Loss: Rs 1,740"
01 Apr 2025,"Trent shares rise 5% in weak market as the retail giant's store count crosses 1,000",https://www.moneycontrol.com/news/business/markets/trent-shares-rise-5-as-the-retail-giant-s-store-count-crosses-1-000-12981552.html,"Trent shares rose over 5 percent in an otherwise weak market on Tuesday after the company announced crossing 1,000 store count.","Trent shares rise 5% as the retail giant's store count crosses 1,000","Trent shares rose over 5 percent in an otherwise weak market on Tuesday after the company informed the shareholders through an exchange filing on crossing 1,000 store count. Shares of Tata Group retail firm Trent touched an intraday high of Rs 5,614.95 per share on the NSE, up 5.44 percent. Later, it trimmed some of its gains to trade at Rs 5,573.9 apiece, up 4.67 percent. In an exchange filling, the company said, ""the Company has now crossed an operating portfolio of over 1000 large-box fashion stores (including 248 Westside and 757 Zudio stores)."" ""The Westside and Zudio brands have to date served over 100 million customers across 230 cities,"" it added. A week back, global broking house Macquarie initiated coverage on Trent with an 'outperform' tag, believing that the fashion retailer's growth has long legs. The brokerage issued a share price target of Rs 7,000 per share. Macquarie initiates coverage on Trent with 'outperform' tag, believes stock can rally 32% The brokerage noted that compared to peers, Trent leads the pack on key metrics, such as growth, return profile and inventory turns. Earlier in February, Goldman Sachs said the recent weakness is a buying opportunity, maintaining a ‘Buy’ rating with an Rs 8,300 price target. The brokerage expects Zudio to gain market share, downplaying competitive risks."
27 Mar 2025,"Macquarie initiates coverage on Trent with 'outperform' tag, believes stock can rally 32%",https://www.moneycontrol.com/news/business/markets/macquarie-initiates-coverage-on-trent-with-outperform-tag-believes-stock-can-rally-32-12977107.html,"Macquarie said noted that compared to peers, Trent leads the pack on key metrics, such as growth, return profile and inventory turns.","On March 26, Westside announced it opened three more stores in multiple cities, taking its total store count to 244. ","Global broking house Macquarie initiated coverage on Tata Group player Trent Ltd. with an 'outperform' tag, believing that the fashion retailer's growth has long legs. The brokerage issued a share price target of Rs 7,000 per share, which indicates an upside of around 32 percent from the previous session's closing price. At 9.18 am, shares of Trent were trading at Rs 5,379.25, higher by 1 percent on the NSE. The brokerage noted that compared to peers, Trent leads the pack on key metrics, such as growth, return profile and inventory turns. This trend is likely to sustain, as Trent's integrated back-end allowed faster fashion forward drops. The addition of new stores, especially through the franchisee route, aids Trent's return profile. Follow our live blog to catch all the market updates Trent has Asia's best retailing metrics, and the firm is a play on India's rising discretionary expenditure in the fashion segment. On March 26, Trent announced that its brand Westside has opened three more stores in multiple cities, taking its total store count to 244. In three separate exchange filings, Trent announced the inauguration of three new Westside stores in Jodhpur, Jaipur and Chennai. Further, on March 10, Kotak Institutional Equities shared a contrasting view. The brokerage maintained a ‘Reduce’ rating and set a price target of Rs 5,150, dampening investor sentiment. Kotak flagged concerns over Trent’s revenue throughput, citing the impact of densely located new stores of Westside and Zudio. The brokerage revised its estimates downward, trimming FY26-27 earnings per share by 1-5 percent. The stock has been volatile amid reports of Reliance Retail relaunching Shein in India, sparking concerns over competition for Zudio and Aditya Birla Fashion. However, last month, Goldman Sachs said the recent weakness is a buying opportunity, maintaining a ‘Buy’ rating with an Rs 8,300 price target. The brokerage expects Zudio to gain market share, downplaying competitive risks."
26 Mar 2025,Trent shares surge 3% after Westside expands store count to 244 with 3 new additions,https://www.moneycontrol.com/news/business/markets/trent-shares-surge-3-after-westside-expands-store-count-to-244-with-3-new-additions-12976241.html,The store portfolio of Westside has strongly surged from the 238 units it had reported at the end of the December quarter of the current financial year. ,"Trent announced the inauguration of three new Westside stores in Jodhpur, Jaipur and Chennai","Trent shares surged over 3 percent on March 26 after the company announced that its brand Westside has opened three more stores in multiple cities, taking its total store count to 244. The shares of the Tata Group company were trading at Rs 5,360 per share in the afternoon, extending gains for the second consecutive session. In three separate exchange filings, Trent announced the inauguration of three new Westside stores in Jodhpur, Jaipur and Chennai. The 242nd store which was opened in Rajasthan's Jaipur is spread across 31,641 sq ft of land, while the 243rd store inaugurated in Jodhpur spans across 25,602 sq ft of land. The 244th store which was launched in Chennai spreads across 26,000 sq ft. ""The new store seamlessly embodies the brand's vision of delivering an extraordinary retail experience, providing customers with contemporary and modern fashion trends at an exceptional value. It is committed to offering a seamless shopping experience, with meticulously arranged and clutter-free displays that highlight the newest fashions. With distinctive style, the brand embraces innovation and refreshes their collection every three weeks on Friday,"" Westside said about each of the new stores. Notably, the store portfolio of Westside has strongly surged from the 238 units it had reported at the end of the December quarter of the current financial year. While announcing its Q3 results in February, the company said it had added 14 Westside and 62 Zudio stores (including 1 in Dubai) across 46 cities. At the end of the reported quarter, the total store count for Zudio stood at 635. Also read: Trent Q3 net profit rises 34% to Rs 497 crore, in line with estimates"
05 Mar 2025,Buy Trent; target of Rs 5800: Geojit Financial Services,https://www.moneycontrol.com/news/business/stocks/buy-trent-target-of-rs-5800-geojit-financial-services-12956962.html,"Geojit Financial Services is bullish on Trent has recommended buy rating on the stock with a target price of Rs 5800 in its research report dated March 05, 2025.",BUY,"Geojit Financial Services research report on Trent Trent Ltd., a subsidiary of the Tata Group, manages a diverse portfolio of retail brands across the Fashion, Lifestyle, and Food & Grocery sectors. Key brands include Westside, Zudio, Star, Booker Wholesale, along with other brands such as Utsa and SAMOH. In the third quarter, Trent expanded its footprint by adding 12 Westside stores and 58 Zudio stores, bringing the total number of stores to 238 and 635, respectively. Revenue grew at 37% YoY to Rs.4,535cr in Q3FY25, led by high single-digit LFL (Like - for-Like) growth across fashion concepts, strong store additions in Zudio & Westside, and traction in emerging categories like BPC, innerwear & footwear. EBITDA margins declined by 30bps YoY to 18.5% in Q3FY25 due to a change in format mix and aggressive store additions. PAT stood at Rs.469cr, up by 37%YoY. The grocery retail business ‘Star’ (74 stores currently) grew 25% YoY in Q3FY25, driven by 10% LFL performance and strong volume metrics. Operating performance improved, driven by staples, fresh & general merchandise, and a 5% YoY increase in own brand contribution. Revenue/EBITDA/PAT are expected to grow at a CAGR of 36%/38%/42%, respectively, over FY24-26E. Rapid store expansions, traction in the grocery business, a foray into new categories like the affordable beauty segment, a fast growing lab-grown diamond category, and global store additions are the key growth catalysts ahead. As per Bloomberg consensus, the stock is currently trading at a 1 yr fwd. P/E of 86x, which is lower compared to its 3-year average of 97x and 5-year average of 118.6x. Outlook The stock has now approached a key support level on the multi-timeframe chart from a mid-term perspective. Hence, a bottom-fishing strategy can be utilized to accumulate the stock for a price target of around Rs. 5,800. For all recommendations report, click here Trent - 05032025 - geo"
